t_s,x_m,y_m,z_m,vx_ms,vy_ms,vz_ms,alt_m,d_moon_m,moon_x_m,moon_y_m,moon_z_m,phase
466.93493315793165,2.6428556585720163e6,-5.238101113522264e6,2.9656312173915394e6,7121.724390217459,2925.902576197497,-1171.7686000307626,200222.69077051152,3.788634552639001e8,-5.759296085103088e7,-3.360816388462752e8,1.7746983656614292e8,0
551.8108892598457,3.2329573824584386e6,-4.963733202257892e6,2.8513701740276823e6,6771.608903309698,3533.7893257712017,-1518.3805394146743,200167.4277849216,3.792489469298226e8,-5.750720625500836e7,-3.3609108708350563e8,1.7747975211773142e8,0
636.6923125832236,3.79045027368261e6,-4.639223173072859e6,2.708308251227911e6,6353.140265097263,4105.95394977033,-1849.6379840727845,200066.35778816603,3.7968672223430485e8,-5.742144319987328e7,-3.361005187745092e8,1.77489659249066e8,0
721.579551591442,4.309704843513954e6,-4.267843367426377e6,2.5378876400566725e6,5870.550254685718,4636.619245615002,-2162.1958307163004,199932.4077161206,3.8017221306144124e8,-5.733567133733577e7,-3.361099339541037e8,1.7749955799850637e8,0
806.4728960391394,4.785476701249275e6,-3.853339522281113e6,2.3418267975881062e6,5328.717943547863,5120.428131613131,-2452.898386511917,199780.32045443263,3.807003711779368e8,-5.72498903783833e7,-3.361193326503318e8,1.7750944839742678e8,0
891.3725740375003,5.212959551188539e6,-3.3998931248374716e6,2.1221031924836766e6,4733.120189249852,5552.497679645558,-2718.8112147099905,199625.96948004328,3.812657258871299e8,-5.716410009625655e7,-3.361287148841965e8,1.775193304699062e8,0
976.278749741664,5.587833805719625e6,-2.912079355593318e6,1.880933431158772e6,4089.776110567652,5928.468319593405,-2957.250723377392,199485.6225839574,3.8186244559330285e8,-5.707830032879703e7,-3.3613808066946805e8,1.775292042324921e8,0
1061.1915216839614,5.906310320426431e6,-2.394821037663356e6,1.6207509614110952e6,3405.1861135389436,6244.547722818593,-3165.8112001949667,199375.18502016645,3.8248440238566303e8,-5.699249098014267e7,-3.3614743001256573e8,1.775390696940411e8,0
1146.1109217701594,6.1651688049088735e6,-1.8533390513556404e6,1.3441815751577658e6,2686.266091939571,6497.548927193168,-3342.3890229117656,199309.45357526653,3.831252387534862e8,-5.6906672021753505e7,-3.361567629125138e8,1.7754892685563773e8,0
1231.0369149491892,6.361790515472882e6,-1.2930997096739889e6,1.0540169546052176e6,1940.2774730087028,6684.92232554733,-3485.203804305982,199301.4129300639,3.8377843556440955e8,-5.6820843492756836e7,-3.3616607936097234e8,1.7755877571059144e8,0
1315.9693995599998,6.494184892535501e6,-719759.6222845761,753186.5265089516,1174.7538195516913,6804.781202321088,-3592.816262060527,199361.60424369667,3.844373804740858e8,-5.6735005499608226e7,-3.3617537934234345e8,1.775686162445126e8,0
1400.9082083523135,6.56100986596522e6,-139108.6021833936,444727.90694049944,397.42473248407464,6855.920568987092,-3664.14263747676,199497.59314778168,3.8509543598443955e8,-5.6649158215071104e7,-3.361846628339495e8,1.7757844843546632e8,0
1485.853110171202,6.5615856150618605e6,442988.8094950813,131756.23395994524,-383.8621768139153,6837.829116773056,-3698.4655220668324,199713.56037423853,3.8574600642650163e8,-5.656330187652524e7,-3.361939298062839e8,1.7758827225420213e8,0
1570.8038122886476,6.49590163585131e6,1.0206526096508523e6,-182567.30238737998,-1161.2204574622313,6750.694174653694,-3695.44098741831,200010.0332052745,3.8638260320917505e8,-5.647743678362076e7,-3.3620318022332835e8,1.775980876644575e8,0
1655.7599633586537,6.364617036166925e6,1.5880467900416302e6,-495067.41442517616,-1926.804336896168,6595.399630805941,-3655.1019509441157,200383.7700409796,3.869989077444424e8,-5.639156329530152e7,-3.3621241404293734e8,1.776078946233317e8,0
1740.7211569661108,6.1690540479183e6,2.139438381107973e6,-802586.8315565848,-2672.8877873840916,6373.516846035122,-3577.85774784525,200827.8038967019,3.875888315298112e8,-5.630568182622747e7,-3.362216312172811e8,1.7761769308172622e8,0
1825.6869357335534,5.911184815291313e6,2.669255482061946e6,-1.102018248990874e6,-3391.9423492856367,6087.2886574040085,-3464.4899174544603,201331.643874418,3.8814657293801427e8,-5.621979284263238e7,-3.362308316933462e8,1.7762748298484743e8,0
1910.6567959442439,5.593611586646472e6,3.172143685659252e6,-1.3903357851794444e6,-4076.7129330103894,5739.606638769349,-3316.144249732989,201881.62692474574,3.886666703302367e8,-5.613389685765869e7,-3.3624001541348624e8,1.7763726427276543e8,0
1995.630192634736,5.219540505843159e6,3.643020321432562e6,-1.6646256270805597e6,-4720.290843100538,5333.981851512891,-3134.319174705215,202461.4058503369,3.891440511710407e8,-5.604799442621681e7,-3.3624918231601787e8,1.776470368810248e8,0
2080.6065451052673,4.792749264874604e6,4.077125962600308e6,-1.9221155501688963e6,-5316.183296607138,4874.509382834372,-2920.8506136940305,203052.55379490182,3.8957407687966204e8,-5.5962086139420845e7,-3.3625833233585525e8,1.7765680074129903e8,0
2165.585242792056,4.317548943322797e6,4.470072669187914e6,-2.160203011210601e6,-5858.378743640708,4365.827029972097,-2677.8934460330242,203635.26066921465,3.8995258320283246e8,-5.587617261865739e7,-3.3626746540517664e8,1.77666555782084e8,0
2250.5656514418793,3.798740420525473e6,4.817888472843833e6,-2.3764815261353347e6,-6341.407340280177,3813.0685460861087,-2407.899778165298,204189.09328379482,3.902759159384555e8,-5.5790254509347446e7,-3.36276581454117e8,1.776763019294213e8,0
2335.5471195262257,3.241565802811224e6,5.117057647068656e6,-2.568765062713315e6,-6760.395972496343,3221.811916770373,-2113.5942333951507,204693.78851904348,3.905409618773451e8,-5.570433247446479e7,-3.3628568041147757e8,1.77686039107646e8,0
2420.52898482987,2.65165536006658e6,5.364556349704265e6,-2.7351101980097364e6,-7111.117283917049,2598.0231847835867,-1797.9465097587738,205130.04773150478,3.907451748621032e8,-5.561840718787672e7,-3.36294762205447e8,1.7769576724014956e8,0
2505.51058114696,2.0349705126630228e6,5.557883272092979e6,-2.8738358135277545e6,-7390.03221961858,1947.9963841747099,-1464.1414802640275,205480.3007690236,3.908865968885488e8,-5.5532479327574834e7,-3.3630382676432616e8,1.77705486250151e8,0
2590.491245016632,1.3977434508630289e6,5.695084980800013e6,-2.983540126317878e6,-7594.3256621199525,1278.2901831434751,-1115.5471338789498,205729.40938998386,3.909638741965635e8,-5.544654956886427e7,-3.36312874017248e8,1.777151960614685e8,0
2675.470322429785,746414.0037787287,5.774775692633464e6,-3.0631148818497546e6,-7721.934803797034,595.6618673775096,-755.6806769077515,205865.28244890552,3.909762683145804e8,-5.536061857758099e7,-3.363219038948872e8,1.7772489659928307e8,0
2760.447175438995,87564.40338345373,5.796151281290576e6,-3.111756563809142e6,-7771.569971403534,-93.00067804760823,-388.17313258871917,205879.37878314126,3.909236620360679e8,-5.527468700340551e7,-3.363309163301511e8,1.77734587790887e8,0
2845.4211886045764,-572147.3893379769,5.758997373669548e6,-3.128974506873223e6,-7742.727692639307,-780.748310076678,-16.732791712179946,205767.07815125212,3.9080656031821173e8,-5.5188755473341115e7,-3.363399112588445e8,1.777442695664094e8,0
2930.3917752115,-1.226055114501055e6,5.663691455050999e6,-3.1145958305885587e6,-7635.695871072013,-1460.6406007185712,354.8921213545943,205527.90565551724,3.906260861035512e8,-5.510282458542251e7,-3.363488886203038e8,1.7775394185951164e8,0
3015.3583831943074,-1.867551710801431e6,5.511198964294762e6,-3.0687671453717356e6,-7451.551013503841,-2125.8157431499953,722.9511947514295,205165.60064545926,3.9038397107558864e8,-5.5016894902718544e7,-3.3635784835799176e8,1.7776360460804534e8,0
3100.3205007101437,-2.4901561914521046e6,5.303063422232422e6,-2.9919530150090135e6,-7192.147532371598,-2769.559692134445,1083.7296103171016,204688.02695853543,3.9008254137039036e8,-5.4930966947689645e7,-3.363667904200483e8,1.7777325775466675e8,0
3185.2776613036995,-3.0875792169020916e6,5.041390697883232e6,-2.8849311934804623e6,-6860.099224253642,-3385.3738466100885,1433.585582010851,204106.92732103728,3.897246982789269e8,-5.48450411969571e7,-3.363757147597919e8,1.777829012474012e8,0
3270.229448612041,-3.653786697035219e6,4.728827577312211e6,-2.74878468711042e6,-6458.753103300315,-3967.040595645814,1768.987076478166,203437.530617808,3.8931389399033636e8,-5.475911807653645e7,-3.3638462133616656e8,1.777925350401523e8,0
3293.8236725396305,-3.8047329516937416e6,4.633396477008945e6,-2.705980427477155e6,-6339.75583556797,-4124.496899442258,1860.3635068533615,203238.3261235254,3.8919091829770446e8,-5.473525358084677e7,-3.363870919670644e8,1.777952090844469e8,1
3294.3236725396305,-3.8079032254075026e6,4.631332726254926e6,-2.7050494602239802e6,-6341.33954827028,-4130.507017686224,1863.5059605422402,203234.04833973572,3.891882693146554e8,-5.473474785101217e7,-3.3638714430939835e8,1.7779526574420965e8,1
3294.8236725396305,-3.811074291772259e6,4.629265969088654e6,-2.704116921061163e6,-6342.926442457534,-4136.522551565046,1866.6511469339746,203229.771619251,3.8918561689291805e8,-5.473424212108062e7,-3.363871966511366e8,1.777953224036575e8,1
3295.3236725396305,-3.8142461523831226e6,4.627196202797636e6,-2.703182808620083e6,-6344.51653562407,-4142.543519798319,1869.7990751080463,203225.49906254,3.8918296102928156e8,-5.473373639105214e7,-3.36387248992279e8,1.7779537906279048e8,1
3295.8236725396305,-3.8174188088439777e6,4.625123424659994e6,-2.7022471215275703e6,-6346.1098453629365,-4148.569941206025,1872.9497541923536,203221.23377951048,3.891803017205236e8,-5.473323066092672e7,-3.363873013328256e8,1.7779543572160852e8,1
3296.3236725396305,-3.820592262767529e6,4.623047631944415e6,-2.701309858405877e6,-6347.706389366569,-4154.601834709252,1876.103193363557,203216.97888955008,3.891776389634107e8,-5.473272493070435e7,-3.363873536727764e8,1.7779549238011166e8,1
3296.8236725396305,-3.823766515775353e6,4.620968821910099e6,-2.7003710178726553e6,-6349.306185427462,-4160.639219330917,1879.25940184743,203212.7375215534,3.8917497275469744e8,-5.473221920038504e7,-3.363874060121314e8,1.777955490382999e8,1
3297.3236725396305,-3.8269415694979476e6,4.618886991806711e6,-2.699430598540932e6,-6350.909251438857,-4166.682114196487,1882.4183889192097,203208.5128139807,3.891723030911271e8,-5.473171346996879e7,-3.3638745835089064e8,1.7779560569617322e8,1
3297.8236725396305,-3.8301174255747823e6,4.616802138874325e6,-2.698488599019084e6,-6352.515605395429,-4172.73053853472,1885.5801639039548,203204.30791488476,3.89169629969431e8,-5.473120773945559e7,-3.36387510689054e8,1.7779566235373163e8,1
3298.3236725396305,-3.8332940856543495e6,4.614714260343377e6,-2.6975450179108134e6,-6354.125265393982,-4178.784511678398,1888.7447361769016,203200.12598195672,3.891669533863288e8,-5.473070200884548e7,-3.3638756302662164e8,1.7779571901097515e8,1
3298.8236725396305,-3.836471551394216e6,4.612623353434607e6,-2.6965998538151216e6,-6355.73824963415,-4184.844053065079,1891.9121151638276,203195.9701825725,3.891642733385286e8,-5.4730196278138414e7,-3.3638761536359346e8,1.7779577566790378e8,1
3299.3236725396305,-3.8396498244610736e6,4.610529415359015e6,-2.6956531053262847e6,-6357.354576419104,-4190.909182237843,1895.0823103414157,203191.84369382542,3.8916158982272595e8,-5.472969054733442e7,-3.363876676999695e8,1.7779583232451746e8,1
3299.8236725396305,-3.842828906530793e6,4.608432443317798e6,-2.694704771033827e6,-6358.974264156264,-4196.979918846059,1898.2553312376222,203187.74970257375,3.891589028356053e8,-5.4729184816433474e7,-3.3638772003574973e8,1.7779588898081627e8,1
3300.3236725396305,-3.846008799288473e6,4.6063324345023045e6,-2.6937548495224975e6,-6360.59733135802,-4203.056282646145,1901.4311874320479,203183.69140548352,3.891562123738387e8,-5.472867908543561e7,-3.363877723709342e8,1.7779594563680017e8,1
3300.8236725396305,-3.849189504428497e6,4.604229386093977e6,-2.6928033393722405e6,-6362.223796642454,-4209.13829350234,1904.609888556313,203179.67200906482,3.891535184340859e8,-5.472817335434081e7,-3.3638782470552284e8,1.777960022924692e8,1
3301.3236725396305,-3.8523710236545824e6,4.602123295264298e6,-2.6918502391581726e6,-6363.853678734074,-4215.22597138749,1907.791444294435,203175.69472972024,3.891508210129947e8,-5.4727667623149075e7,-3.363878770395157e8,1.7779605894782326e8,1
3301.8236725396305,-3.8555533586798366e6,4.600014159174738e6,-2.6908955474505546e6,-6365.486996464549,-4221.319336383826,1910.975864383209,203171.76279378776,3.891481201072008e8,-5.47271618918604e7,-3.3638792937291265e8,1.7779611560286248e8,1
3302.3236725396305,-3.858736511226809e6,4.597901974976698e6,-2.6899392628147663e6,-6367.123768773456,-4227.418408683763,1914.1631586125925,203167.87943757884,3.891454157133277e8,-5.472665616047481e7,-3.363879817057139e8,1.7779617225758675e8,1
3302.8236725396305,-3.861920483027547e6,4.595786739811454e6,-2.6889813838112783e6,-6368.764014709028,-4233.523208590695,1917.3533368260935,203164.04790742788,3.891427078279863e8,-5.4726150428992294e7,-3.363880340379194e8,1.7779622891199613e8,1
3303.3236725396305,-3.865105275823648e6,4.593668450810105e6,-2.688021908995627e6,-6370.407753428912,-4239.633756519804,1920.5464089211612,203160.27145973034,3.89139996447775e8,-5.472564469741283e7,-3.36388086369529e8,1.7779628556609058e8,1
3303.8236725396305,-3.868290891366317e6,4.591547105093511e6,-2.6870608369183852e6,-6372.055004200931,-4245.750072998876,1923.7423848495812,203156.55336098932,3.8913728156928027e8,-5.472513896573644e7,-3.363881387005429e8,1.7779634221987015e8,1
3304.3236725396305,-3.8714773314164197e6,4.5894226997722415e6,-2.686098166125138e6,-6373.705786403856,-4251.872178669119,1926.9412746178732,203152.89688785933,3.8913456318907535e8,-5.472463323396313e7,-3.36388191030961e8,1.777963988733348e8,1
3304.8236725396305,-3.87466459774454e6,4.587295231946518e6,-2.685133895156451e6,-6375.36011952818,-4258.000094285994,1930.143088287693,203149.30532719474,3.8913184130372137e8,-5.47241275020929e7,-3.3638824336078316e8,1.7779645552648452e8,1
3305.3236725396305,-3.877852692131034e6,4.585164698706154e6,-2.6841680225478476e6,-6377.018023176903,-4264.133840720047,1933.3478359762373,203145.7819760833,3.891291159097666e8,-5.472362177012574e7,-3.3638829569000965e8,1.7779651217931938e8,1
3305.8236725396305,-3.8810416163660893e6,4.583031097130498e6,-2.683200546829777e6,-6378.679517066323,-4270.273438957758,1936.5555278566528,203142.3301419057,3.8912638700374657e8,-5.472311603806166e7,-3.3638834801864034e8,1.7779656883183932e8,1
3306.3236725396305,-3.8842313722497784e6,4.580894424288379e6,-2.6822314665275877e6,-6380.34462102683,-4276.418910102385,1939.7661741584488,203138.9531423673,3.891236545821839e8,-5.472261030590065e7,-3.363884003466752e8,1.7779662548404437e8,1
3306.8236725396305,-3.8874219615921183e6,4.5787546772380425e6,-2.681260780161501e6,-6382.013355003716,-4282.570275374827,1942.9797851679132,203135.65430555027,3.8912091864158833e8,-5.472210457364272e7,-3.363884526741143e8,1.7779668213593447e8,1
3307.3236725396305,-3.8906133862131275e6,4.576611853027094e6,-2.6802884862465784e6,-6383.685739057979,-4288.72755611449,1946.1963712285321,203132.4369699629,3.891181791784568e8,-5.472159884128786e7,-3.3638850500095755e8,1.777967387875097e8,1
3307.8236725396305,-3.8938056479428844e6,4.574465948692441e6,-2.679314583292697e6,-6385.361793367144,-4294.890773780155,1949.415942741414,203129.30448457785,3.8911543618927294e8,-5.4721093108836085e7,-3.36388557327205e8,1.7779679543877003e8,1
3308.3236725396305,-3.8969987486215853e6,4.57231696126023e6,-2.6783390698045185e6,-6387.041538226092,-4301.059949950866,1952.6385101657165,203126.26020888332,3.8911268967050755e8,-5.472058737628739e7,-3.363886096528567e8,1.7779685208971542e8,1
3308.8236725396305,-3.9001926900996035e6,4.57016488774579e6,-2.6773619442814603e6,-6388.724994047887,-4307.235106326817,1955.864084019078,203123.307512925,3.891099396186179e8,-5.4720081643641785e7,-3.3638866197791255e8,1.777969087403459e8,1
3309.3236725396305,-3.903387474237548e6,4.568009725153566e6,-2.6763832052176655e6,-6390.412181364619,-4313.416264730247,1959.0926748780528,203120.449777361,3.891071860300484e8,-5.471957591089926e7,-3.3638871430237263e8,1.777969653906615e8,1
3309.8236725396305,-3.906583102906325e6,4.565851470477065e6,-2.6754028511019754e6,-6392.103120828252,-4319.6034471063485,1962.3242933785496,203117.69039350282,3.8910442890122974e8,-5.47190701780598e7,-3.3638876662623686e8,1.777970220406622e8,1
3310.3236725396305,-3.9097795779871955e6,4.563690120698787e6,-2.674420880417898e6,-6393.797833211477,-4325.796675524179,1965.5589502162754,203115.03276335914,3.891016682285794e8,-5.4718564445123434e7,-3.363888189495053e8,1.7779707869034797e8,1
3310.8236725396305,-3.912976901371838e6,4.561525672790169e6,-2.6734372916435776e6,-6395.496339408576,-4331.995972177582,1968.7966561471817,203112.4802996954,3.8909890400850147e8,-5.4718058712090164e7,-3.3638887127217805e8,1.7779713533971885e8,1
3311.3236725396305,-3.9161750749624083e6,4.559358123711518e6,-2.6724520832517664e6,-6397.198660436292,-4338.201359386122,1972.0374219879159,203110.03642607015,3.8909613623738617e8,-5.471755297895996e7,-3.36388923594255e8,1.777971919887748e8,1
3311.8236725396305,-3.919374100671602e6,4.557187470411951e6,-2.671465253709792e6,-6398.904817434705,-4344.412859596016,1975.281258616276,203107.70457689278,3.890933649116102e8,-5.471704724573286e7,-3.36388975915736e8,1.7779724863751584e8,1
3312.3236725396305,-3.9225739804227147e6,4.555013709829328e6,-2.670476801479529e6,-6400.614831668121,-4350.630495381084,1978.5281769716707,203105.48819745798,3.8909059002753663e8,-5.471654151240884e7,-3.3638902823662126e8,1.7779730528594202e8,1
3312.8236725396305,-3.9257747161497064e6,4.552836838890191e6,-2.669486725017366e6,-6402.3287245259635,-4356.854289443706,1981.778188055582,203103.39074401557,3.890878115815148e8,-5.47160357789879e7,-3.363890805569108e8,1.7779736193405324e8,1
3313.3236725396305,-3.928976309797263e6,4.5506568545097e6,-2.6684950227741753e6,-6404.046517523675,-4363.0842646157835,1985.0313029320328,203101.41568380222,3.8908502956987983e8,-5.471553004547007e7,-3.363891328766045e8,1.7779741858184958e8,1
3313.8236725396305,-3.9321787633208595e6,4.5484737535915645e6,-2.667501693195281e6,-6405.768232303629,-4369.320443859713,1988.28753272806,203099.56649509538,3.890822439889531e8,-5.47150243118553e7,-3.363891851957023e8,1.77797475229331e8,1
3314.3236725396305,-3.9353820786868245e6,4.5462875330279805e6,-2.666506734720429e6,-6407.493890636044,-4375.56285026937,1991.5468886341891,203097.84666726924,3.890794548350422e8,-5.471451857814364e7,-3.363892375142044e8,1.777975318764975e8,1
3314.8236725396305,-3.9385862578724036e6,4.544098189699564e6,-2.665510145783753e6,-6409.223514419914,-4381.8115070710965,1994.8093819049163,203096.2597008366,3.890766621044402e8,-5.471401284433508e7,-3.3638928983211076e8,1.777975885233491e8,1
3315.3236725396305,-3.9417913028658237e6,4.541905720475285e6,-2.664511924813744e6,-6410.957125683941,-4388.066437624704,1998.0750238591922,203094.80910750292,3.89073865793426e8,-5.47135071104296e7,-3.363893421494213e8,1.777976451698858e8,1
3315.8236725396305,-3.9449972156663598e6,4.5397101222124e6,-2.6635120702332165e6,-6412.694746587476,-4394.327665424482,2001.3438258809124,203093.49841022212,3.8907106589826447e8,-5.4713001376427226e7,-3.363893944661359e8,1.777977018161076e8,1
3316.3236725396305,-3.9482039982843986e6,4.537511391756383e6,-2.6625105804592776e6,-6414.4363994214755,-4400.595214100214,2004.6157994194107,203092.33114323393,3.8906826241520584e8,-5.471249564232793e7,-3.3638944678225476e8,1.777977584620145e8,1
3316.8236725396305,-3.9514116527415058e6,4.535309525940861e6,-2.6615074539032923e6,-6416.182106609455,-4406.86910741821,2007.8909559899578,203091.31085213274,3.890654553404862e8,-5.471198990813174e7,-3.363894990977779e8,1.7779781510760644e8,1
3317.3236725396305,-3.954620181070492e6,4.533104521587541e6,-2.660502688970852e6,-6417.931890708465,-4413.149369282337,2011.1693071742645,203090.44109390303,3.890626446703269e8,-5.471148417383864e7,-3.363895514127052e8,1.7779787175288352e8,1
3317.8236725396305,-3.9578295853154804e6,4.530896375506148e6,-2.659496284061741e6,-6419.6857744100635,-4419.436023735073,2014.4508646209902,203089.72543698363,3.8905983040093464e8,-5.471097843944863e7,-3.363896037270367e8,1.777979283978457e8,1
3318.3236725396305,-3.961039867531973e6,4.528685084494346e6,-2.6584882375699016e6,-6421.443780541304,-4425.72909495856,2017.7356400462536,203089.1674613161,3.890570125285015e8,-5.4710472704961725e7,-3.363896560407724e8,1.7779798504249293e8,1
3318.8236725396305,-3.9642510297869197e6,4.526470645337675e6,-2.6574785478834016e6,-6423.205932065731,-4432.028607275671,2021.0236452341521,203088.7707583923,3.890541910492047e8,-5.470996697037792e7,-3.363897083539122e8,1.7779804168682525e8,1
3319.3236725396305,-3.967463074158787e6,4.524253054809478e6,-2.656467213384399e6,-6424.972252084386,-4438.334585151083,2024.3148920372826,203088.53893131297,3.890513659592068e8,-5.4709461235697225e7,-3.363897606664563e8,1.777980983308427e8,1
3319.8236725396305,-3.9706760027376255e6,4.52203230967083e6,-2.6554542324491087e6,-6426.74276383682,-4444.647053192371,2027.6093923772685,203088.47559484374,3.890485372546553e8,-5.4708955500919625e7,-3.363898129784046e8,1.777981549745452e8,1
3320.3236725396305,-3.9738898176251417e6,4.519808406670467e6,-2.6544396034477674e6,-6428.517490702117,-4450.966036151096,2030.9071582452923,203088.58437546063,3.8904570493168247e8,-5.4708449766045116e7,-3.363898652897571e8,1.7779821161793283e8,1
3320.8236725396305,-3.9771045209347657e6,4.517581342544711e6,-2.653423324744599e6,-6430.296456199927,-4457.291558923918,2034.2082017026314,203088.86891140696,3.8904286898640573e8,-5.470794403107373e7,-3.363899176005138e8,1.7779826826100555e8,1
3321.3236725396305,-3.980320114791723e6,4.515351114017401e6,-2.6524053946977784e6,-6432.079683991507,-4463.6236465537095,2037.5125348812012,203089.3328527566,3.890400294149269e8,-5.470743829600543e7,-3.363899699106747e8,1.7779832490376332e8,1
3321.8236725396305,-3.983536601333106e6,4.513117717799817e6,-2.6513858116593976e6,-6433.867197880776,-4469.962324230683,2040.8201699841009,203089.9798614541,3.890371862133327e8,-5.4706932560840234e7,-3.363900222202397e8,1.777983815462062e8,1
3322.3236725396305,-3.986753982707944e6,4.510881150590607e6,-2.6503645739754285e6,-6435.659021815371,-4476.3076172935325,2044.1311192861665,203090.81361138076,3.890343393776948e8,-5.4706426825578146e7,-3.36390074529209e8,1.7779843818833417e8,1
3322.8236725396305,-3.9899722610772764e6,4.508641409075712e6,-2.6493416799856876e6,-6437.455179887723,-4482.659551230578,2047.4453951345276,203091.83778840583,3.890314889040688e8,-5.470592109021916e7,-3.363901268375825e8,1.7779849483014727e8,1
3323.3236725396305,-3.9931914386142264e6,4.506398489928291e6,-2.6483171280238e6,-6439.255696336138,-4489.018151680926,2050.7630099491707,203093.0560904378,3.8902863478849506e8,-5.470541535476329e7,-3.3639017914536023e8,1.777985514716454e8,1
3323.8236725396305,-3.996411517504072e6,4.504152389808647e6,-2.6472909164171624e6,-6441.060595545885,-4495.383444435645,2054.083976223506,203094.47222749423,3.890257770269979e8,-5.470490961921053e7,-3.3639023145254207e8,1.7779860811282864e8,1
3324.3236725396305,-3.9996324999443204e6,4.5019031053641485e6,-2.6462630434869057e6,-6442.869902050302,-4501.75545543894,2057.4083065249415,203096.08992174082,3.890229156155864e8,-5.4704403883560866e7,-3.3639028375912815e8,1.7779866475369698e8,1
3324.8236725396305,-4.002854388144784e6,4.499650633229151e6,-2.6452335075478596e6,-6444.683640531904,-4508.13421078935,2060.7360134954615,203097.91290756594,3.8902005055025345e8,-5.470389814781431e7,-3.363903360651185e8,1.7779872139425042e8,1
3325.3236725396305,-4.006077184327653e6,4.497394970024927e6,-2.644202306908513e6,-6446.5018358235075,-4514.519736740949,2064.067109852211,203099.94493162166,3.890171818269759e8,-5.470339241197088e7,-3.363903883705129e8,1.7779877803448895e8,1
3325.8236725396305,-4.009300890727572e6,4.495136112359577e6,-2.643169439870978e6,-6448.324512909363,-4520.912059704568,2067.401608388086,203102.18975288793,3.890143094417148e8,-5.4702886676030554e7,-3.3639044067531157e8,1.7779883467441255e8,1
3326.3236725396305,-4.0125255095917163e6,4.49287405682796e6,-2.6421349047309505e6,-6450.151696926298,-4527.311206249013,2070.7395219723276,203104.65114274155,3.8901143339041483e8,-5.470238093999334e7,-3.363904929795144e8,1.777988913140212e8,1
3326.8236725396305,-4.0157510431798673e6,4.490608800011611e6,-2.6410986997776735e6,-6451.983413164871,-4533.717203102311,2074.0808635511244,203107.33288498968,3.890085536690046e8,-5.470187520385925e7,-3.363905452831215e8,1.7779894795331502e8,1
3327.3236725396305,-4.0189774937644913e6,4.488340338478659e6,-2.640060823293897e6,-6453.819687070537,-4540.1300771529595,2077.425646148218,203110.23877595644,3.890056702733962e8,-5.4701369467628255e7,-3.3639059758613276e8,1.777990045922939e8,1
3327.8236725396305,-4.022204863630815e6,4.486068668783751e6,-2.639021273555839e6,-6455.6605442448235,-4546.549855451187,2080.7738828655183,203113.3726245202,3.8900278319948536e8,-5.4700863731300384e7,-3.3639064988854825e8,1.7779906123095787e8,1
3328.3236725396305,-4.025433155076906e6,4.483793787467966e6,-2.637980048833148e6,-6457.506010446517,-4552.97656521023,2084.1255868837193,203116.73825218529,3.889998924431514e8,-5.470035799487563e7,-3.3639070219036794e8,1.7779911786930692e8,1
3328.8236725396305,-4.028662370413751e6,4.481515691058735e6,-2.636937147388862e6,-6459.356111592865,-4559.410233807619,2087.480771462925,203120.33949313778,3.889969980002568e8,-5.4699852258354e7,-3.363907544915918e8,1.7779917450734103e8,1
3329.3236725396305,-4.0318925119653344e6,4.479234376069762e6,-2.6358925674793688e6,-6461.21087376078,-4565.850888786481,2090.83944994328,203124.18019430712,3.889940998666472e8,-5.469934652173548e7,-3.363908067922198e8,1.7779923114506024e8,1
3329.8236725396305,-4.0351235820687204e6,4.476949839000935e6,-2.6348463073543655e6,-6463.070323188063,-4572.298557856847,2094.201635745607,203128.26421542652,3.8899119803815174e8,-5.4698840785020076e7,-3.363908590922521e8,1.777992877824646e8,1
3330.3236725396305,-4.0383555830741315e6,4.474662076338245e6,-2.6337983652568194e6,-6464.934486274643,-4578.753268896981,2097.567342372047,203132.59542909265,3.8898829251058245e8,-5.4698335048207805e7,-3.363909113916885e8,1.77799344419554e8,1
3330.8236725396305,-4.0415885173450313e6,4.472371084553703e6,-2.6327487394229257e6,-6466.803389583811,-4585.215049954716,2100.936583406712,203137.17772082705,3.8898538327973425e8,-5.469782931129864e7,-3.363909636905292e8,1.777994010563285e8,1
3331.3236725396305,-4.044822387258206e6,4.470076860105252e6,-2.6316974280820675e6,-6468.677059843485,-4591.683929248804,2104.309372516338,203142.01498914137,3.889824703413849e8,-5.469732357429261e7,-3.3639101598877406e8,1.7779945769278806e8,1
3331.8236725396305,-4.0480571952038477e6,4.467779399436683e6,-2.6306444294567727e6,-6470.555523947477,-4598.159935170282,2107.685723450948,203147.11114559788,3.8897955369129485e8,-5.469681783718968e7,-3.36391068286423e8,1.7779951432893273e8,1
3332.3236725396305,-4.0512929435856366e6,4.4654786989775505e6,-2.629589741762674e6,-6472.438808956771,-4604.643096283846,2111.065650044519,203152.4701148672,3.889766333252076e8,-5.469631209998989e7,-3.3639112058347636e8,1.777995709647625e8,1
3332.8236725396305,-4.054529634820826e6,4.463174755143079e6,-2.6285333632084657e6,-6474.32694210082,-4611.133441329245,2114.4491662156584,203158.09583480656,3.889737092388486e8,-5.469580636269321e7,-3.363911728799338e8,1.7779962760027736e8,1
3333.3236725396305,-4.0577672713403255e6,4.4608675643340815e6,-2.627475291995862e6,-6476.219950778849,-4617.630999222685,2117.8362859682848,203163.99225650355,3.889707814279261e8,-5.469530062529967e7,-3.3639122517579544e8,1.777996842354773e8,1
3333.8236725396305,-4.0610058555887877e6,4.458557122936867e6,-2.626415526319553e6,-6478.117862561178,-4624.135799058245,2121.2270233923155,203170.1633443553,3.889678498881304e8,-5.469479488780925e7,-3.363912774710612e8,1.7779974087036234e8,1
3334.3236725396305,-4.064245390024693e6,4.456243427323155e6,-2.6253540643671625e6,-6480.020705190549,-4630.647870109307,2124.6213926643627,203176.61307612062,3.889649146151345e8,-5.4694289150221966e7,-3.363913297657313e8,1.7779979750493246e8,1
3334.8236725396305,-4.0674858771204376e6,4.453926473849981e6,-2.624290904319204e6,-6481.928506583471,-4637.1672418300095,2128.0194080484343,203183.3454430001,3.8896197560459274e8,-5.46937834125378e7,-3.363913820598055e8,1.7779985413918766e8,1
3335.3236725396305,-4.070727319362418e6,4.451606258859609e6,-2.623226044349037e6,-6483.841294831579,-4643.6939438567,2131.4210838966433,203190.36444968916,3.889590328521422e8,-5.469327767475677e7,-3.3639143435328394e8,1.7779991077312797e8,1
3335.8236725396305,-4.0739697192511214e6,4.449282778679439e6,-2.6221594826228237e6,-6485.759098203004,-4650.228006009413,2134.8264346499222,203197.6741144508,3.889560863534012e8,-5.469277193687885e7,-3.3639148664616656e8,1.7779996740675333e8,1
3336.3236725396305,-4.0772130793012143e6,4.446956029621913e6,-2.621091217299482e6,-6487.681945143757,-4656.769458293361,2138.2354748387475,203205.2784691723,3.889531361039703e8,-5.469226619890407e7,-3.363915389384533e8,1.7780002404006377e8,1
3336.8236725396305,-4.08045740204163e6,4.444626007984427e6,-2.6200212465306427e6,-6489.609864279125,-4663.318330900435,2141.6482190838688,203213.18155944347,3.889501820994315e8,-5.469176046083243e7,-3.363915912301444e8,1.778000806730593e8,1
3337.3236725396305,-4.083702690015659e6,4.442292710049231e6,-2.618949568460604e6,-6491.542884415085,-4669.874654210728,2145.0646820970464,203221.38744462095,3.889472243353483e8,-5.469125472266392e7,-3.363916435212396e8,1.7780013730573997e8,1
3337.8236725396305,-4.086948945781042e6,4.439956132083339e6,-2.6178761812262847e6,-6493.481034539727,-4676.438458794064,2148.484878681795,203229.90019788593,3.889442628072658e8,-5.469074898439854e7,-3.36391695811739e8,1.778001939381057e8,1
3338.3236725396305,-4.090196171910058e6,4.437616270338432e6,-2.6168010829571784e6,-6495.424343824695,-4683.00977541155,2151.9088237341375,203238.72390633263,3.8894129751071006e8,-5.469024324603629e7,-3.363917481016426e8,1.778002505701565e8,1
3338.8236725396305,-4.0934443709896184e6,4.435273121050764e6,-2.615724271775308e6,-6497.372841626639,-4689.588635017144,2155.3365322433624,203247.8626710102,3.889383284411888e8,-5.468973750757717e7,-3.3639180039095044e8,1.778003072018924e8,1
3339.3236725396305,-4.0966935456213597e6,4.43292668044106e6,-2.6146457457951787e6,-6499.326557488681,-4696.17506875923,2158.768019292793,203257.320607014,3.889353555941903e8,-5.46892317690212e7,-3.363918526796624e8,1.778003638333134e8,1
3339.8236725396305,-4.099943698421737e6,4.430576944714425e6,-2.6135655031237295e6,-6501.285521141904,-4702.76910798222,2162.2033000605607,203267.1018435452,3.889323789651841e8,-5.468872603036835e7,-3.3639190496777856e8,1.7780042046441948e8,1
3340.3236725396305,-4.103194832022119e6,4.428223910060242e6,-2.6124835418602866e6,-6503.24976250684,-4709.37078422816,2165.6423898203893,203277.2105239872,3.889293985496206e8,-5.468822029161866e7,-3.3639195725529903e8,1.7780047709521067e8,1
3340.8236725396305,-4.10644694906888e6,4.425867572652071e6,-2.611399860096516e6,-6505.21931169499,-4715.980129238367,2169.0853039423846,203287.65080596227,3.889264143429307e8,-5.468771455277208e7,-3.363920095422236e8,1.7780053372568688e8,1
3341.3236725396305,-4.1097000522235003e6,4.423507928647554e6,-2.6103144559163735e6,-6507.194199010347,-4722.597174955067,2172.532057893832,203298.42686141934,3.889234263405261e8,-5.468720881382868e7,-3.363920618285523e8,1.7780059035584822e8,1
3341.8236725396305,-4.11295414416266e6,4.421144974188308e6,-2.609227327396057e6,-6509.174454950938,-4729.221953523062,2175.9826672400063,203309.54287669156,3.8892043453779876e8,-5.4686703074788384e7,-3.363921141142853e8,1.7780064698569465e8,1
3342.3236725396305,-4.1162092275783364e6,4.418778705399832e6,-2.6081384726039576e6,-6511.160110210382,-4735.854497291407,2179.4371476449833,203321.00305258296,3.8891743893012106e8,-5.4686197335651234e7,-3.3639216639942247e8,1.7780070361522615e8,1
3342.8236725396305,-4.1194653051779037e6,4.416409118391393e6,-2.607047889600609e6,-6513.1511956794675,-4742.494838815103,2182.8955148724644,203332.81160442438,3.8891443951284575e8,-5.468569159641724e7,-3.3639221868396384e8,1.7780076024444276e8,1
3343.3236725396305,-4.122722379684231e6,4.414036209255932e6,-2.605955576438638e6,-6515.147742447735,-4749.1430108568165,2186.3577847866086,203344.97276216,3.8891143628130525e8,-5.468518585708638e7,-3.3639227096790934e8,1.7780081687334442e8,1
3343.8236725396305,-4.1259804538357817e6,4.411659974069956e6,-2.604861531162714e6,-6517.1497818050875,-4755.7990463886035,2189.823973352872,203357.4907704126,3.8890842923081255e8,-5.468468011765867e7,-3.3639232325125915e8,1.778008735019312e8,1
3344.3236725396305,-4.1292395303867147e6,4.4092804088934325e6,-2.603765751809499e6,-6519.1573452434095,-4762.462978593661,2193.294096638856,203370.36988856178,3.889054183566599e8,-5.46841743781341e7,-3.363923755340131e8,1.7780093013020307e8,1
3344.8236725396305,-4.1324996121069863e6,4.406897509769686e6,-2.6026682364075943e6,-6521.170464458205,-4769.134840868095,2196.7681708151654,203383.61439081375,3.889024036541196e8,-5.468366863851267e7,-3.363924278161713e8,1.7780098675816002e8,1
3345.3236725396305,-4.135760701782451e6,4.404511272725286e6,-2.6015689829774904e6,-6523.189171350254,-4775.814666822699,2200.2462121562744,203397.22856628522,3.888993851184432e8,-5.468316289879439e7,-3.3639248009773356e8,1.7780104338580203e8,1
3345.8236725396305,-4.1390228022149657e6,4.402121693769947e6,-2.6004679895315147e6,-6525.2134980272795,-4782.502490284763,2203.7282370414014,203411.21671907324,3.8889636274486214e8,-5.468265715897926e7,-3.363925323787001e8,1.7780110001312914e8,1
3346.3236725396305,-4.1422859162224936e6,4.399728768896411e6,-2.599365254073778e6,-6527.243476805642,-4789.198345299889,2207.214261955393,203425.58316832688,3.8889333652858686e8,-5.468215141906728e7,-3.3639258465907085e8,1.7780115664014134e8,1
3346.8236725396305,-4.145550046639208e6,4.397332494080345e6,-2.598260774600123e6,-6529.279140212039,-4795.902266133838,2210.7043034896174,203440.33224832825,3.88890306464807e8,-5.468164567905845e7,-3.363926369388458e8,1.778012132668386e8,1
3347.3236725396305,-4.148815196315599e6,4.394932865280228e6,-2.5971545490980693e6,-6531.320520985231,-4802.614287274379,2214.1983783428677,203455.46830858383,3.8888727254869115e8,-5.468113993895276e7,-3.3639268921802485e8,1.77801269893221e8,1
3347.8236725396305,-4.1520813681185786e6,4.392529878437236e6,-2.59604657554676e6,-6533.367652077783,-4809.334443433178,2217.696503322272,203470.99571386818,3.888842347753872e8,-5.468063419875023e7,-3.3639274149660826e8,1.7780132651928845e8,1
3348.3236725396305,-4.1553485649315896e6,4.390123529475137e6,-2.5949368519169074e6,-6535.420566657819,-4816.062769547689,2221.1986953442156,203486.91884433664,3.888811931400214e8,-5.468012845845085e7,-3.3639279377459574e8,1.7780138314504096e8,1
3348.8236725396305,-4.1586167896547136e6,4.38771381430017e6,-2.593825376170738e6,-6537.479298110805,-4822.799300783072,2224.704971435273,203503.24209558778,3.888781476376987e8,-5.467962271805462e7,-3.3639284605198747e8,1.778014397704786e8,1
3349.3236725396305,-4.1618860452047787e6,4.385300728800937e6,-2.5927121462619384e6,-6539.543880041337,-4829.544072534133,2228.215348733146,203519.96987874154,3.888750982635026e8,-5.467911697756155e7,-3.363928983287833e8,1.778014963956013e8,1
3349.8236725396305,-4.1651563345154705e6,4.382884268848281e6,-2.5915971601355965e6,-6541.614346274958,-4836.297120427281,2231.7298444876174,203537.1066205306,3.888720450124951e8,-5.4678611236971624e7,-3.363929506049834e8,1.7780155302040908e8,1
3350.3236725396305,-4.168427660537444e6,4.380464430295178e6,-2.5904804157281485e6,-6543.690730859992,-4843.058480322505,2235.248476061508,203554.65676336456,3.8886898787971616e8,-5.467810549628485e7,-3.363930028805877e8,1.77801609644902e8,1
3350.8236725396305,-4.171700026238433e6,4.378041208976611e6,-2.5893619109673197e6,-6545.773068069392,-4849.828188315373,2238.77126093165,203572.62476543058,3.888659268601839e8,-5.467759975550126e7,-3.3639305515559614e8,1.7780166626907992e8,1
3351.3236725396305,-4.1749734346033656e6,4.375614600709459e6,-2.5882416437720694e6,-6547.861392402611,-4856.6062807390545,2242.2982166898655,203591.0151007548,3.888628619488943e8,-5.46770940146208e7,-3.363931074300088e8,1.77801722892943e8,1
3351.8236725396305,-4.178247888634476e6,4.373184601292373e6,-2.5871196120525314e6,-6549.955738587494,-4863.392794166359,2245.829361043959,203609.8322593011,3.8885979314082146e8,-5.467658827364351e7,-3.363931597038257e8,1.7780177951649112e8,1
3352.3236725396305,-4.1815233913514195e6,4.370751206505657e6,-2.585995813709956e6,-6552.056141582186,-4870.187765411799,2249.364711818719,203629.08074704744,3.8885672043091637e8,-5.467608253256937e7,-3.363932119770468e8,1.7780183613972434e8,1
3352.8236725396305,-4.18479994579139e6,4.368314412111149e6,-2.584870246636653e6,-6554.162636577061,-4876.991231533677,2252.9042869569294,203648.7650860697,3.888536438141083e8,-5.4675576791398406e7,-3.36393264249672e8,1.7780189276264265e8,1
3353.3236725396305,-4.188077555009233e6,4.3658742138520945e6,-2.5837429087159294e6,-6556.275258996675,-4883.8032298361895,2256.448104520392,203668.8898146227,3.8885056328530335e8,-5.467507105013058e7,-3.363933165217014e8,1.7780194938524604e8,1
3353.8236725396305,-4.191356222077566e6,4.363430607453026e6,-2.582613797822032e6,-6558.394044501734,-4890.623797871559,2259.9961826909616,203689.45948723797,3.88847478839385e8,-5.4674565308765925e7,-3.3639336879313505e8,1.778020060075345e8,1
3354.3236725396305,-4.194635950086897e6,4.360983588619635e6,-2.5814829118200876e6,-6560.519028991087,-4897.452973442182,2263.54853977159,203710.4786747871,3.888443904712137e8,-5.467405956730444e7,-3.3639342106397295e8,1.7780206262950805e8,1
3354.8236725396305,-4.197916742145743e6,4.358533153038654e6,-2.580350248566039e6,-6562.650248603735,-4904.290794602808,2267.105194187382,203731.95196458977,3.8884129817562675e8,-5.467355382574612e7,-3.363934733342149e8,1.7780211925116667e8,1
3355.3236725396305,-4.201198601380751e6,4.3560792963777175e6,-2.579215805906587e6,-6564.787739720869,-4911.137299662733,2270.666164486662,203753.88396049011,3.8883820194743824e8,-5.4673048084090956e7,-3.363935256038612e8,1.778021758725104e8,1
3355.8236725396305,-4.204481530936818e6,4.353622014285248e6,-2.5780795816791267e6,-6566.9315389679205,-4917.992527188026,2274.231469342055,203776.27928294614,3.888351017814387e8,-5.467254234233896e7,-3.363935778729115e8,1.778022324935392e8,1
3356.3236725396305,-4.207765533977217e6,4.3511613023903165e6,-2.5769415737116863e6,-6569.081683216643,-4924.856516003769,2277.801127551573,203799.1425691126,3.888319976723953e8,-5.467203660049012e7,-3.363936301413662e8,1.778022891142531e8,1
3356.8236725396305,-4.211050613683719e6,4.348697156302516e6,-2.5758017798228627e6,-6571.238209587208,-4931.729305196331,2281.3751580397206,203822.47847293876,3.8882888961505115e8,-5.4671530858544454e7,-3.363936824092249e8,1.7780234573465207e8,1
3357.3236725396305,-4.214336773256717e6,4.346229571611834e6,-2.574660197821759e6,-6573.401155450328,-4938.610934115659,2284.9535798586076,203846.2916652523,3.888257776041257e8,-5.467102511650196e7,-3.363937346764879e8,1.778024023547361e8,1
3357.8236725396305,-4.217624015915354e6,4.343758543888512e6,-2.57351682550792e6,-6575.570558429399,-4945.501442377599,2288.5364121890743,203870.58683385234,3.888226616343144e8,-5.467051937436264e7,-3.3639378694315517e8,1.7780245897450528e8,1
3358.3236725396305,-4.220912344897645e6,4.34128406868292e6,-2.572371660671267e6,-6577.74645640267,-4952.400869866239,2292.12367434183,203895.3686835952,3.88819541700288e8,-5.467001363212649e7,-3.3639383920922655e8,1.7780251559395948e8,1
3358.8236725396305,-4.22420176346061e6,4.338806141525418e6,-2.571224701092035e6,-6579.928887505432,-4959.309256736277,2295.715385758604,203920.6419364903,3.8881641779669327e8,-5.46695078897935e7,-3.3639389147470206e8,1.778025722130988e8,1
3359.3236725396305,-4.227492274880403e6,4.336324757926218e6,-2.570075944540703e6,-6582.11789013223,-4966.226643415418,2299.3115660133085,203946.41133179236,3.888132899181523e8,-5.4669002147363685e7,-3.363939437395818e8,1.778026288319232e8,1
3359.8236725396305,-4.230783882452438e6,4.333839913375253e6,-2.5689253887779317e6,-6584.313502939107,-4973.153070606792,2302.9122348132137,203972.6816260917,3.8881015805926245e8,-5.4668496404837035e7,-3.363939960038658e8,1.7780268545043263e8,1
3360.3236725396305,-4.234076589491524e6,4.331351603342031e6,-2.567773031554493e6,-6586.515764845859,-4980.088579291407,2306.517412000137,203999.45759341028,3.888070222145963e8,-5.4667990662213564e7,-3.363940482675539e8,1.778027420686272e8,1
3360.8236725396305,-4.237370399331996e6,4.328859823275504e6,-2.566618870611205e6,-6588.724715038326,-4987.033210730617,2310.127117551644,204026.7440252928,3.88803882378701e8,-5.466748491949327e7,-3.3639410053064626e8,1.7780279868650684e8,1
3361.3236725396305,-4.24066531532785e6,4.326364568603919e6,-2.565462903678863e6,-6590.940392970704,-4993.987006468627,2313.7413715822636,204054.5457309056,3.8880073854609877e8,-5.466697917667615e7,-3.3639415279314274e8,1.7780285530407155e8,1
3361.8236725396305,-4.243961340852876e6,4.323865834734682e6,-2.564305128478169e6,-6593.162838367877,-5000.950008335025,2317.3601943447156,204082.8675371306,3.8879759071128637e8,-5.466647343376221e7,-3.3639420505504346e8,1.7780291192132133e8,1
3362.3236725396305,-4.247258479300794e6,4.321363617054212e6,-2.5631455427196654e6,-6595.392091227784,-5007.922258447331,2320.983606231154,204111.7142886622,3.887944388687351e8,-5.466596769075145e7,-3.3639425731634843e8,1.7780296853825623e8,1
3362.8236725396305,-4.250556734085392e6,4.318857910927795e6,-2.561984144103663e6,-6597.628191823804,-5014.903799213588,2324.6116277744204,204141.09084809944,3.887912830128899e8,-5.466546194764385e7,-3.363943095770575e8,1.7780302515487617e8,1
3363.3236725396305,-4.253856108640664e6,4.316348711699441e6,-2.5608209303201702e6,-6599.871180707172,-5021.894673334974,2328.2442796493137,204171.00209605414,3.887881231381707e8,-5.466495620443945e7,-3.3639436183717084e8,1.7780308177118126e8,1
3363.8236725396305,-4.257156606420951e6,4.313836014691737e6,-2.559655899048823e6,-6602.121098709419,-5028.894923808443,2331.881582673874,204201.45293124206,3.8878495923897034e8,-5.4664450461138204e7,-3.363944140966882e8,1.7780313838717136e8,1
3364.3236725396305,-4.260458230901077e6,4.311319815205693e6,-2.5584890479588117e6,-6604.377986944839,-5035.9045939294,2335.523557810681,204232.4482705826,3.887817913096562e8,-5.4663944717740156e7,-3.3639446635560995e8,1.7780319500284657e8,1
3364.8236725396305,-4.263760985576499e6,4.308800108520602e6,-2.55732037470881e6,-6606.641886812984,-5042.923727294399,2339.170226168163,204263.99304930307,3.8877861934456855e8,-5.466343897424528e7,-3.3639451861393577e8,1.778032516182069e8,1
3365.3236725396305,-4.267064873963442e6,4.306276889893877e6,-2.5561498769468986e6,-6608.912840001187,-5049.9523678038795,2342.8216090019273,204296.09222103562,3.8877544333802134e8,-5.46629332306536e7,-3.3639457087166584e8,1.7780330823325226e8,1
3365.8236725396305,-4.270369899599047e6,4.303750154560909e6,-2.5549775523104956e6,-6611.19088848711,-5056.990559664923,2346.4777277160993,204328.75075792428,3.8877226328430146e8,-5.46624274869651e7,-3.363946231288001e8,1.778033648479827e8,1
3366.3236725396305,-4.273676066041521e6,4.301219897734904e6,-2.553803398426278e6,-6613.476074541327,-5064.038347394052,2350.13860386468,204361.97365071997,3.887690791776689e8,-5.4661921743179776e7,-3.3639467538533854e8,1.7780342146239826e8,1
3366.8236725396305,-4.2769833768702755e6,4.298686114606734e6,-2.552627412910109e6,-6615.7684407299275,-5071.09577582005,2353.8042591529183,204395.7659088904,3.887658910123564e8,-5.4661415999297634e7,-3.363947276412812e8,1.7780347807649887e8,1
3367.3236725396305,-4.280291835686082e6,4.296148800344779e6,-2.55144959336696e6,-6618.0680299171545,-5078.162890086822,2357.4747154386973,204430.1325607216,3.887626987825691e8,-5.4660910255318694e7,-3.3639477989662796e8,1.7780353469028458e8,1
3367.8236725396305,-4.283601446111218e6,4.293607950094766e6,-2.5502699373908364e6,-6620.374885268069,-5085.23973565628,2361.1499947339385,204465.07865342498,3.887595024824849e8,-5.466040451124293e7,-3.3639483215137905e8,1.7780359130375534e8,1
3368.3236725396305,-4.28691221178962e6,4.291063558979611e6,-2.549088442564698e6,-6622.689050251248,-5092.326358311264,2364.8301192060185,204500.60925323982,3.8875630210625345e8,-5.465989876707035e7,-3.3639488440553427e8,1.7780364791691124e8,1
3368.8236725396305,-4.290224136387035e6,4.288515622099258e6,-2.5479051064603813e6,-6625.010568641509,-5099.422804158501,2368.515111179207,204536.72944554407,3.8875309764799654e8,-5.465939302280096e7,-3.363949366590936e8,1.7780370452975217e8,1
3369.3236725396305,-4.293537223591175e6,4.285964134530517e6,-2.546719926638522e6,-6627.339484522668,-5106.5291196315875,2372.2049931361153,204573.44433495682,3.8874988910180783e8,-5.465888727843477e7,-3.3639498891205716e8,1.7780376114227816e8,1
3369.8236725396305,-4.29685147711187e6,4.283409091326898e6,-2.545532900648475e6,-6629.675842290326,-5113.645351494016,2375.899787719166,204610.7590454556,3.887466764617527e8,-5.4658381533971764e7,-3.3639504116442496e8,1.778038177544893e8,1
3370.3236725396305,-4.300166900681229e6,4.280850487518445e6,-2.5443440260282326e6,-6632.019686654689,-5120.771546842227,2379.5995177320765,204648.67872047145,3.887434597218676e8,-5.465787578941195e7,-3.3639509341619694e8,1.778038743663855e8,1
3370.8236725396305,-4.303483498053794e6,4.2782883181115715e6,-2.543153300304345e6,-6634.371062643421,-5127.907753108704,2383.3042061413607,204687.2085230155,3.887402388761605e8,-5.465737004475531e7,-3.363951456673731e8,1.7780393097796676e8,1
3371.3236725396305,-4.306801273006699e6,4.27572257808889e6,-2.541960720991838e6,-6636.730015604525,-5135.0540180651005,2387.013876077848,204726.35363578144,3.887370139186099e8,-5.465686430000189e7,-3.3639519791795343e8,1.778039875892331e8,1
3371.8236725396305,-4.310120229339836e6,4.273153262409042e6,-2.540766285594131e6,-6639.0965912092615,-5142.210389825398,2390.7285508382192,204766.11926125176,3.887337848431656e8,-5.4656358555151656e7,-3.36395250167938e8,1.7780404420018455e8,1
3372.3236725396305,-4.313440370876012e6,4.270580366006523e6,-2.539569991602953e6,-6641.470835455099,-5149.376916849113,2394.448253886561,204806.5106218271,3.8873055164374745e8,-5.465585281020462e7,-3.363953024173267e8,1.7780410081082103e8,1
3372.8236725396305,-4.316761701461117e6,4.268003883791517e6,-2.5383718364982586e6,-6643.852794668697,-5156.553647944524,2398.173008855937,204847.532959925,3.887273143142463e8,-5.4655347065160766e7,-3.363953546661196e8,1.778041574211426e8,1
3373.3236725396305,-4.320084224964283e6,4.26542381064971e6,-2.537171817748144e6,-6646.242515508923,-5163.740632271952,2401.9028395499786,204889.1915380964,3.887240728485225e8,-5.465484132002012e7,-3.363954069143167e8,1.7780421403114933e8,1
3373.8236725396305,-4.323407945278061e6,4.262840141442123e6,-2.5359699328087596e6,-6648.640044969908,-5170.937919347069,2405.6377699444924,204931.49163915217,3.887208272404066e8,-5.465433557478266e7,-3.36395459161918e8,1.7780427064084107e8,1
3374.3236725396305,-4.326732866318577e6,4.260252871004928e6,-2.5347661791242254e6,-6651.04543038413,-5178.145559044248,2409.377824189089,204974.4385662675,3.887175774836988e8,-5.465382982944841e7,-3.3639551140892345e8,1.7780432725021788e8,1
3374.8236725396305,-4.330058992025713e6,4.257661994149271e6,-2.5335605541265425e6,-6653.458719425543,-5185.363601599955,2413.123026608828,205018.0376431076,3.887143235721689e8,-5.465332408401735e7,-3.363955636553331e8,1.7780438385927978e8,1
3375.3236725396305,-4.333386326363274e6,4.255067505661087e6,-2.532353055235505e6,-6655.879960112733,-5192.592097616169,2416.873401705882,205062.29421394132,3.88711065499556e8,-5.46528183384895e7,-3.36395615901147e8,1.778044404680268e8,1
3375.8236725396305,-4.336714873319158e6,4.252469400300919e6,-2.5311436798586114e6,-6658.309200812116,-5199.831098063861,2420.628974161225,205107.21364376228,3.88707803259568e8,-5.465231259286485e7,-3.3639566814636505e8,1.7780449707645887e8,1
3376.3236725396305,-4.340044636905538e6,4.249867672803731e6,-2.529932425390975e6,-6660.74649024117,-5207.080654286496,2424.3897688363345,205152.80131841265,3.887045368458817e8,-5.46518068471434e7,-3.363957203909873e8,1.77804553684576e8,1
3376.8236725396305,-4.34337562115903e6,4.247262317878719e6,-2.5287192892152327e6,-6663.1918774717105,-5214.340818003586,2428.155810774916,205199.0626446968,3.887012662521426e8,-5.465130110132515e7,-3.363957726350137e8,1.7780461029237825e8,1
3377.3236725396305,-4.346707830140878e6,4.24465333020913e6,-2.527504268701453e6,-6665.645411933193,-5221.611641314283,2431.9271252046497,205246.00305051263,3.8869799147196454e8,-5.465079535541009e7,-3.363958248784443e8,1.7780466689986554e8,1
3377.8236725396305,-4.350041267937131e6,4.242040704452062e6,-2.5262873612070456e6,-6668.1071434160685,-5228.893176701012,2435.703737538954,205293.62798497267,3.886947124989293e8,-5.465028960939826e7,-3.363958771212791e8,1.7780472350703794e8,1
3378.3236725396305,-4.353375938658821e6,4.239424435238275e6,-2.525068564076665e6,-6670.5771220751685,-5236.185477033148,2439.4856733787747,205341.94291851856,3.886914293265869e8,-5.464978386328963e7,-3.363959293635181e8,1.778047801138954e8,1
3378.8236725396305,-4.356711846442154e6,4.236804517171998e6,-2.523847874642119e6,-6673.055398433132,-5243.488595570741,2443.2729585143893,205390.9533430664,3.886881419484547e8,-5.4649278117084205e7,-3.363959816051613e8,1.7780483672043794e8,1
3379.3236725396305,-4.360048995448684e6,4.234180944830731e6,-2.5226252902222723e6,-6675.542023383872,-5250.8025859682775,2447.06561892724,205440.66477211472,3.886848503580175e8,-5.4648772370781966e7,-3.363960338462087e8,1.7780489332666558e8,1
3379.8236725396305,-4.363387389865512e6,4.231553712765047e6,-2.521400808122951e6,-6678.037048196092,-5258.127502278491,2450.8636807917815,205491.08274088427,3.8868155454872745e8,-5.4648266624382965e7,-3.363960860866602e8,1.7780494993257827e8,1
3380.3236725396305,-4.366727033905462e6,4.228922815498394e6,-2.520174425636845e6,-6680.540524516826,-5265.463398956223,2454.667170477356,205542.2128064381,3.886782545140036e8,-5.464776087788717e7,-3.36396138326516e8,1.7780500653817606e8,1
3380.8236725396305,-4.370067931807282e6,4.226288247526889e6,-2.5189461400434105e6,-6683.05250437504,-5272.810330862318,2458.4761145500893,205594.06054782216,3.886749502472315e8,-5.464725513129457e7,-3.3639619056577593e8,1.7780506314345893e8,1
3381.3236725396305,-4.373410087835827e6,4.223650003319117e6,-2.517715948608771e6,-6685.573040185265,-5280.168353267577,2462.2905397748063,205646.63156618364,3.8867164174176323e8,-5.4646749384605184e7,-3.3639624280444e8,1.7780511974842688e8,1
3381.8236725396305,-4.376753506282258e6,4.221008077315927e6,-2.5164838485856177e6,-6688.102184751276,-5287.537521856752,2466.110473116976,205699.93148491438,3.886683289909172e8,-5.4646243637819014e7,-3.3639629504250836e8,1.778051763530799e8,1
3382.3236725396305,-4.380098191464235e6,4.218362463930216e6,-2.515249837213108e6,-6690.639991269814,-5294.917892732594,2469.935941744675,205753.96594977472,3.886650119879775e8,-5.464573789093606e7,-3.3639634727998084e8,1.7780523295741796e8,1
3382.8236725396305,-4.383444147726117e6,4.215713157546728e6,-2.514013911716765e6,-6693.186513334358,-5302.309522419939,2473.7669730305747,205808.74062903598,3.886616907261942e8,-5.464523214395631e7,-3.363963995168575e8,1.7780528956144115e8,1
3383.3236725396305,-4.386791379439157e6,4.213060152521838e6,-2.5127760693083727e6,-6695.741804938934,-5309.712467869859,2477.6035945539566,205864.2612136118,3.886583651987825e8,-5.464472639687978e7,-3.3639645175313836e8,1.778053461651494e8,1
3383.8236725396305,-4.39013989100171e6,4.210403443183337e6,-2.511536307185875e6,-6698.305920481978,-5317.126786463852,2481.445834102748,205920.53341719508,3.8865503539892304e8,-5.464422064970647e7,-3.363965039888235e8,1.7780540276854274e8,1
3384.3236725396305,-4.393489686839428e6,4.207743023830217e6,-2.5102946225332674e6,-6700.87891477024,-5324.5525360180845,2485.2937196755843,205977.5629763957,3.886517013197609e8,-5.4643714902436376e7,-3.363965562239128e8,1.7780545937162113e8,1
3384.8236725396305,-4.3968407714054715e6,4.205078888732453e6,-2.509051012520495e6,-6703.460843022737,-5331.989774787692,2489.1472794838965,206035.35565088224,3.8864836295440626e8,-5.46432091550695e7,-3.3639660845840615e8,1.7780551597438464e8,1
3385.3236725396305,-4.400193149180714e6,4.202411032130781e6,-2.5078054743033415e6,-6706.051760874757,-5339.438561471124,2493.006541954024,206093.917223515,3.8864502029593354e8,-5.464270340760582e7,-3.3639666069230384e8,1.7780557257683322e8,1
3385.8236725396305,-4.403546824673953e6,4.199739448236475e6,-2.506558005023325e6,-6708.651724381905,-5346.898955214548,2496.8715357293536,206153.25350050256,3.88641673337381e8,-5.4642197660045385e7,-3.363967129256056e8,1.7780562917896685e8,1
3386.3236725396305,-4.406901802422116e6,4.197064131231125e6,-2.505308601807586e6,-6711.26079002421,-5354.371015616306,2500.742289672483,206213.37031152286,3.8863832207175094e8,-5.464169191238815e7,-3.3639676515831155e8,1.7780568578078553e8,1
3386.8236725396305,-4.410258086990481e6,4.194385075266409e6,-2.504057261768779e6,-6713.879014710266,-5361.854802731425,2504.6188328674148,206274.27350989077,3.886349664920094e8,-5.464118616463416e7,-3.363968173904218e8,1.7780574238228938e8,1
3387.3236725396305,-4.4136156829728875e6,4.1917022744638585e6,-2.50280398200496e6,-6716.506455781441,-5369.350377076183,2508.5011946217737,206335.9689726811,3.88631606591085e8,-5.464068041678337e7,-3.3639686962193614e8,1.7780579898347825e8,1
3387.8236725396305,-4.416974594991954e6,4.189015722914634e6,-2.501548759599476e6,-6719.143171016123,-5376.857799632733,2512.3894044690537,206398.4626008952,3.8862824236187017e8,-5.464017466883581e7,-3.363969218528547e8,1.778058555843522e8,1
3388.3236725396305,-4.420334827699298e6,4.186325414679285e6,-2.50029159162085e6,-6721.78921863403,-5384.377131853786,2516.283492170892,206461.7603195915,3.886248737972194e8,-5.463966892079147e7,-3.3639697408317745e8,1.778059121849112e8,1
3388.8236725396305,-4.42369638577576e6,4.183631343787518e6,-2.4990324751226655e6,-6724.444657300564,-5391.908435667346,2520.18348771937,206525.8680780474,3.8862150088994986e8,-5.463916317265036e7,-3.3639702631290436e8,1.7780596878515533e8,1
3389.3236725396305,-4.427059273931623e6,4.180933504237954e6,-2.4977714071434536e6,-6727.109546131231,-5399.451773481512,2524.0894213393485,206590.79184990283,3.886181236328409e8,-5.463865742441248e7,-3.363970785420355e8,1.778060253850845e8,1
3389.8236725396305,-4.430423496906844e6,4.1782318899978907e6,-2.4965083847065726e6,-6729.783944696096,-5407.007208189333,2528.0013234908242,206656.53763331473,3.886147420186334e8,-5.463815167607782e7,-3.363971307705708e8,1.7780608198469877e8,1
3390.3236725396305,-4.433789059471277e6,4.1755264950030553e6,-2.495243404820093e6,-6732.467913024319,-5414.574803173729,2531.9192248713216,206723.11145110708,3.8861135604003006e8,-5.463764592764639e7,-3.3639718299851036e8,1.778061385839981e8,1
3390.8236725396305,-4.437155966424908e6,4.1728173131573615e6,-2.4939764644766753e6,-6735.161511608726,-5422.154622312473,2535.843156418313,206790.51935093105,3.886079656896946e8,-5.463714017911818e7,-3.36397235225854e8,1.778061951829825e8,1
3391.3236725396305,-4.440524222598085e6,4.1701043383326577e6,-2.492707560653452e6,-6737.8648014104465,-5429.7467299832315,2539.7731493116685,206858.76740541402,3.8860457096025175e8,-5.46366344304932e7,-3.3639728745260185e8,1.77806251781652e8,1
3391.8236725396305,-4.443893832851756e6,4.167387564368479e6,-2.4914366903119036e6,-6740.577843863613,-5437.351191068673,2543.7092349761383,206927.8617123235,3.886011718442869e8,-5.463612868177146e7,-3.363973396787539e8,1.7780630838000658e8,1
3392.3236725396305,-4.447264802077706e6,4.1646669850717913e6,-2.490163850397737e6,-6743.300700880112,-5444.968070961642,2547.651445083866,206997.80839472357,3.8859776833434564e8,-5.463562293295295e7,-3.3639739190431017e8,1.7780636497804624e8,1
3392.8236725396305,-4.450637135198793e6,4.161942594216735e6,-2.488889037840761e6,-6746.0334348543975,-5452.597435570395,2551.5998115569314,207068.61360112857,3.8859436042293364e8,-5.4635117184037656e7,-3.3639744412927055e8,1.7780642157577094e8,1
3393.3236725396305,-4.454010837169197e6,4.159214385544367e6,-2.487612249554759e6,-6748.776108668367,-5460.239351323902,2555.5543665699315,207140.2835056763,3.8859094810251606e8,-5.46346114350256e7,-3.363974963536352e8,1.7780647817318073e8,1
3393.8236725396305,-4.457385912974661e6,4.1564823527623983e6,-2.4863334824373643e6,-6751.5287856963,-5467.893885177226,2559.515142552588,207212.8243082827,3.885875313655177e8,-5.463410568591678e7,-3.3639754857740396e8,1.7780653477027562e8,1
3394.3236725396305,-4.460762367632738e6,4.1537464895449295e6,-2.4850527333699316e6,-6754.291529809855,-5475.561104616958,2563.482172192391,207286.24223480653,3.885841102043223e8,-5.46335999367112e7,-3.36397600800577e8,1.778065913670556e8,1
3394.8236725396305,-4.464140206193044e6,4.1510067895321837e6,-2.483769999217406e6,-6757.064405383136,-5483.241077666727,2567.455488437278,207360.5435372237,3.8858068461127204e8,-5.463309418740885e7,-3.3639765302315414e8,1.778066479635206e8,1
3395.3236725396305,-4.467519433737508e6,4.148263246330237e6,-2.482485276828193e6,-6759.847477297817,-5490.933872892783,2571.4351244983454,207435.73449377995,3.88577254578668e8,-5.463258843800974e7,-3.3639770524513555e8,1.778067045596707e8,1
3395.8236725396305,-4.4709000553806275e6,4.1455158535107463e6,-2.481198563034027e6,-6762.640810948342,-5498.639559409654,2575.421113852595,207511.82140917704,3.885738200987687e8,-5.463208268851386e7,-3.36397757466521e8,1.7780676115550587e8,1
3396.3236725396305,-4.474282076269727e6,4.1427646046106718e6,-2.4799098546498357e6,-6765.444472247178,-5506.358206885864,2579.4134902457176,207588.81061473116,3.88570381163791e8,-5.463157693892121e7,-3.3639780968731076e8,1.778068177510261e8,1
3396.8236725396305,-4.477665501585218e6,4.140009493132e6,-2.478619148473607e6,-6768.25852763015,-5514.089885549742,2583.41228769491,207666.70846854988,3.8856693776590866e8,-5.463107118923183e7,-3.363978619075047e8,1.7780687434623143e8,1
3397.3236725396305,-4.481050336540862e6,4.137250512541462e6,-2.4773264412862514e6,-6771.083044061835,-5521.83466619529,2587.4175404917314,207745.52135570347,3.885634898972528e8,-5.463056543944567e7,-3.363979141271028e8,1.7780693094112182e8,1
3397.8236725396305,-4.484436586384035e6,4.1344876562702507e6,-2.4760317298514643e6,-6773.918089041032,-5529.592620188144,2591.4292832049955,207825.25568840373,3.8856003754991084e8,-5.463005968956275e7,-3.3639796634610504e8,1.778069875356973e8,1
3398.3236725396305,-4.4878242563959975e6,4.1317209177137297e6,-2.474735010915587e6,-6776.763730606297,-5537.363819471595,2595.447550683701,207905.9179061819,3.885565807159269e8,-5.462955393958306e7,-3.363980185645115e8,1.7780704412995785e8,1
3398.8236725396305,-4.491213351892166e6,4.128950290231147e6,-2.473436281207466e6,-6779.620037341559,-5545.148336572706,2599.47237806,207987.51447605807,3.885531193873011e8,-5.462904818950661e7,-3.3639807078232217e8,1.778071007239035e8,1
3399.3236725396305,-4.494603878222386e6,4.1261757671453385e6,-2.4721355374383098e6,-6782.487078381795,-5552.946244608495,2603.5038007522053,208070.05189273506,3.885496535559888e8,-5.462854243933344e7,-3.36398122999537e8,1.778071573175342e8,1
3399.8236725396305,-4.49799584077121e6,4.1233973417424345e6,-2.4708327763015456e6,-6785.364923418799,-5560.75761729221,2607.5418544678373,208153.5366787687,3.8854618321390104e8,-5.4628036689063475e7,-3.36398175216156e8,1.7780721391085e8,1
3400.3236725396305,-4.501389244958176e6,4.1206150072715566e6,-2.4695279944726736e6,-6788.253642707006,-5568.582528939678,2611.586575206712,208237.97538476065,3.8854270835290337e8,-5.462753093869677e7,-3.363982274321792e8,1.7780727050385082e8,1
3400.8236725396305,-4.5047840962380925e6,4.1178287569445176e6,-2.4682211886091214e6,-6791.153307069411,-5576.421054475748,2615.6379992640695,208323.37458953727,3.8853922896481645e8,-5.462702518823332e7,-3.363982796476066e8,1.7780732709653676e8,1
3401.3236725396305,-4.508180400101321e6,4.1150385839355136e6,-2.466912355350093e6,-6794.063987903551,-5584.273269440808,2619.6961632337425,208409.74090034235,3.885357450414145e8,-5.462651943767311e7,-3.363983318624382e8,1.7780738368890774e8,1
3401.8236725396305,-4.511578162074068e6,4.1122444813808156e6,-2.4656014913164214e6,-6796.9857571875755,-5592.139249997397,2623.761104011369,208497.08095302153,3.8853225657442576e8,-5.462601368701614e7,-3.36398384076674e8,1.778074402809638e8,1
3402.3236725396305,-4.514977387718674e6,4.1094464423784567e6,-2.4642885931104156e6,-6799.918687486397,-5600.019072936905,2627.832858797647,208585.40141221602,3.885287635555319e8,-5.462550793626243e7,-3.3639843629031384e8,1.7780749687270498e8,1
3402.8236725396305,-4.518378082633912e6,4.106644459987915e6,-2.4629736573157064e6,-6802.862851957918,-5607.912815686355,2631.9114651016334,208674.70897155255,3.885252659763678e8,-5.462500218541196e7,-3.36398488503358e8,1.778075534641312e8,1
3403.3236725396305,-4.521780252455282e6,4.103838527229795e6,-2.461656680497093e6,-6805.818324359345,-5615.820556315285,2635.996960744085,208765.01035383996,3.885217638285204e8,-5.4624496434464745e7,-3.363985407158063e8,1.7780761005524254e8,1
3403.8236725396305,-4.525183902855315e6,4.101028637085505e6,-2.4603376592003857e6,-6808.785179053588,-5623.742373542716,2640.089383860846,208856.31231127214,3.885182571035296e8,-5.462399068342079e7,-3.3639859292765886e8,1.778076666460389e8,1
3404.3236725396305,-4.5285890395438755e6,4.0982147824969282e6,-2.4590165899522463e6,-6811.763491015743,-5631.678346744219,2644.1887729062832,208948.62162560876,3.885147457928865e8,-5.462348493228006e7,-3.3639864513891554e8,1.7780772323652035e8,1
3404.8236725396305,-4.53199566826847e6,4.0953969563660966e6,-2.4576934692600304e6,-6814.753335839663,-5639.628555959072,2648.2951666567633,209041.94510839414,3.88511229888034e8,-5.4622979181042604e7,-3.3639869734957635e8,1.7780777982668683e8,1
3405.3236725396305,-4.535403794814558e6,4.0925751515548537e6,-2.456368293611624e6,-6817.7547897446175,-5647.593081897519,2652.4086042141807,209136.28960114904,3.8850770938036597e8,-5.46224734297084e7,-3.363987495596414e8,1.7780783641653845e8,1
3405.8236725396305,-4.538813425005865e6,4.089749360884519e6,-2.455041059475279e6,-6820.767929582041,-5655.572005948124,2656.5291250095315,209231.66197557654,3.8850418426122683e8,-5.462196767827746e7,-3.363988017691106e8,1.778078930060751e8,1
3406.3236725396305,-4.542224564704705e6,4.086919577135546e6,-2.45371176329945e6,-6823.792832842376,-5663.565410185226,2660.6567688065365,209328.06913377065,3.885006545219113e8,-5.4621461926749766e7,-3.363988539779841e8,1.7780794959529686e8,1
3406.8236725396305,-4.545637219812296e6,4.0840857930471795e6,-2.4523804015126247e6,-6826.829577662005,-5671.5733773765005,2664.7915757053147,209425.51800842397,3.884971201536639e8,-5.4620956175125316e7,-3.3639890618626165e8,1.7780800618420368e8,1
3407.3236725396305,-4.549051396269088e6,4.081248001317104e6,-2.4510469705231567e6,-6829.878242830282,-5679.595990990615,2668.933586146107,209524.0155630326,3.8849358114767814e8,-5.4620450423404135e7,-3.363989583939434e8,1.7780806277279556e8,1
3407.8236725396305,-4.552467100055088e6,4.0784061946010934e6,-2.4497114667190933e6,-6832.938907796655,-5687.633335204999,2673.0828409130477,209623.5687921159,3.8849003749509716e8,-5.461994467158622e7,-3.363990106010294e8,1.7780811936107254e8,1
3408.3236725396305,-4.555884337190199e6,4.0755603655126547e6,-2.448373886468003e6,-6836.011652677888,-5695.685494913714,2677.2393811379948,209724.18472142797,3.8848648918701196e8,-5.461943891967156e7,-3.363990628075195e8,1.7780817594903454e8,1
3408.8236725396305,-4.559303113734546e6,4.072710506622666e6,-2.4470342261168007e6,-6839.096558265386,-5703.752555735438,2681.403248304405,209825.870408169,3.88482936214462e8,-5.461893316766015e7,-3.3639911501341385e8,1.7780823253668165e8,1
3409.3236725396305,-4.562723435788823e6,4.069856610459014e6,-2.445692481991571e6,-6842.1937060326145,-5711.834604021556,2685.57448425127,209928.63294121623,3.8847937856843406e8,-5.461842741555201e7,-3.363991672187124e8,1.7780828912401384e8,1
3409.8236725396305,-4.566145309494631e6,4.066998669506224e6,-2.4443486503973887e6,-6845.303178142625,-5719.931726864364,2689.753131177101,210032.47944132704,3.884758162398623e8,-5.4617921663347125e7,-3.3639921942341506e8,1.7780834571103108e8,1
3410.3236725396305,-4.569568741034828e6,4.0641366762050884e6,-2.4430027276181397e6,-6848.425057455688,-5728.044012105389,2693.9392316439735,210137.4170613801,3.884722492196276e8,-5.4617415911045514e7,-3.36399271627522e8,1.7780840229773346e8,1
3410.8236725396305,-4.572993736633877e6,4.061270622952291e6,-2.441654709916336e6,-6851.559427537026,-5736.171548343825,2698.1328285816267,210243.4529865887,3.8846867749855685e8,-5.461691015864715e7,-3.36399323831033e8,1.7780845888412082e8,1
3411.3236725396305,-4.576420302558201e6,4.058400502100023e6,-2.440304593532932e6,-6854.7063726646575,-5744.314424945083,2702.3339652916193,210350.5944347335,3.884651010674232e8,-5.461640440615207e7,-3.363993760339483e8,1.7780851547019333e8,1
3411.8236725396305,-4.579848445116544e6,4.055526305955601e6,-2.4389523746871385e6,-6857.865977837351,-5752.4727320494685,2706.5426854515454,210458.84865638986,3.8846151991694444e8,-5.461589865356024e7,-3.363994282362676e8,1.7780857205595082e8,1
3412.3236725396305,-4.583278170660329e6,4.0526480267810747e6,-2.4375980495762317e6,-6861.038328782692,-5760.646560580969,2710.7590331193087,210568.22293516062,3.884579340377839e8,-5.461539290087169e7,-3.3639948043799126e8,1.7780862864139345e8,1
3412.8236725396305,-4.586709485584028e6,4.049765656792835e6,-2.4362416143753636e6,-6864.223511965255,-5768.836002256182,2714.9830527374584,210678.72458790895,3.88454343420549e8,-5.46148871480864e7,-3.363995326391191e8,1.7780868522652116e8,1
3413.3236725396305,-4.5901423963255305e6,4.046879188161214e6,-2.434883065237367e6,-6867.421614594906,-5777.041149593355,2719.214789137584,210790.36096500233,3.884507480557909e8,-5.461438139520437e7,-3.36399584839651e8,1.7780874181133392e8,1
3413.8236725396305,-4.593576909366519e6,4.043988613010082e6,-2.433522398292561e6,-6870.632724635206,-5785.262095921561,2723.454287544775,210903.13945054263,3.8844714793400437e8,-5.461387564222563e7,-3.363996370395872e8,1.7780879839583173e8,1
3414.3236725396305,-4.59701303123285e6,4.0410939234164413e6,-2.432159609648553e6,-6873.856930811945,-5793.498935390003,2727.7015935821432,211017.067462611,3.8844354304562694e8,-5.461336988915016e7,-3.3639968923892754e8,1.7780885498001465e8,1
3414.8236725396305,-4.600450768494931e6,4.0381951114100115e6,-2.430794695390039e6,-6877.094322621795,-5801.751762977452,2731.9567532754095,211132.15245351475,3.884399333810386e8,-5.461286413597793e7,-3.363997414376721e8,1.7780891156388262e8,1
3415.3236725396305,-4.603890127768117e6,4.0352921689728135e6,-2.429427651578599e6,-6880.344990341083,-5810.0206745018195,2736.219813057556,211248.4019100312,3.8843631893056124e8,-5.461235838270899e7,-3.3639979363582075e8,1.778089681474357e8,1
3415.8236725396305,-4.607331115713095e6,4.032385088038748e6,-2.4280584742524954e6,-6883.60902503469,-5818.3057666298655,2740.4908197735467,211365.82335365936,3.884326996844582e8,-5.461185262934332e7,-3.3639984583337367e8,1.778090247306738e8,1
3416.3236725396305,-4.610773739036285e6,4.0294738604931682e6,-2.426687159426463e6,-6886.886518565083,-5826.607136887051,2744.769820685112,211484.42434086837,3.8842907563293344e8,-5.461134687588093e7,-3.363998980303307e8,1.77809081313597e8,1
3416.8236725396305,-4.614218004490239e6,4.0265584781724466e6,-2.4253137030915003e6,-6890.177563601472,-5834.924883667527,2749.056863475608,211604.2124633519,3.8842544676613146e8,-5.461084112232181e7,-3.3639995022669196e8,1.7780913789620525e8,1
3417.3236725396305,-4.617663918874046e6,4.0236389328635405e6,-2.423938101214659e6,-6893.4822536291,-5843.259106244275,2753.3519962549435,211725.19534829538,3.8842181307413656e8,-5.461033536866596e7,-3.364000024224574e8,1.7780919447849858e8,1
3417.8236725396305,-4.621111489033746e6,4.020715216303549e6,-2.422560349738827e6,-6896.800682958671,-5851.609904779388,2757.6552675645753,211847.38065861724,3.8841817454697216e8,-5.46098296149134e7,-3.3640005461762697e8,1.77809251060477e8,1
3418.3236725396305,-4.62456072186274e6,4.017787320179264e6,-2.421180444582513e6,-6900.132946735906,-5859.977380334504,2761.9667263825827,211970.77609324548,3.884145311746006e8,-5.4609323861064106e7,-3.364001068122008e8,1.7780930764214048e8,1
3418.8236725396305,-4.628011624302215e6,4.014855236126722e6,-2.4197983816396263e6,-6903.479140951251,-5868.361634881397,2766.2864221288114,212095.3893873822,3.8841088294692206e8,-5.460881810711811e7,-3.3640015900617874e8,1.7780936422348905e8,1
3419.3236725396305,-4.631464203341565e6,4.011918955730742e6,-2.418414156779255e6,-6906.839362449712,-5876.762771312709,2770.614404670095,212221.22831276804,3.8840722985377485e8,-5.460831235307537e7,-3.3640021119956094e8,1.7780942080452263e8,1
3419.8236725396305,-4.634918466018824e6,4.0089784705244643e6,-2.4170277658454403e6,-6910.213708940852,-5885.18089345286,2774.950724325552,212348.30067794863,3.884035718849337e8,-5.460780659893592e7,-3.364002633923473e8,1.7780947738524133e8,1
3420.3236725396305,-4.638374419421096e6,4.0060337719888827e6,-2.4156392046569507e6,-6913.602279008915,-5893.616106069098,2779.2954318719617,212476.61432856135,3.8839990903011024e8,-5.460730084469974e7,-3.3640031558453774e8,1.7780953396564507e8,1
3420.8236725396305,-4.641832070685001e6,4.0030848515523686e6,-2.4142484690070497e6,-6917.005172123115,-5902.068514882731,2783.6485785492187,212606.177147598,3.88396241278952e8,-5.4606795090366855e7,-3.3640036777613246e8,1.7780959054573393e8,1
3421.3236725396305,-4.645291426997115e6,4.0001317005901923e6,-2.4128555546632647e6,-6920.42248864807,-5910.5382265805065,2788.0102160658703,212736.99705569167,3.883925686210416e8,-5.460628933593724e7,-3.364004199671313e8,1.7780964712550783e8,1
3421.8236725396305,-4.648752495594423e6,3.997174310424037e6,-2.41146045736715e6,-6923.854329854389,-5919.0253488261815,2792.380396604733,212869.08201140165,3.883888910458966e8,-5.460578358141092e7,-3.3640047215753436e8,1.7780970370496678e8,1
3422.3236725396305,-4.652215283764775e6,3.9942126723215063e6,-2.410063172834049e6,-6927.300797929423,-5927.5299902722445,2796.759172828597,213002.44001149386,3.883852085429685e8,-5.460527782678789e7,-3.364005243473416e8,1.7780976028411084e8,1
3422.8236725396305,-4.655679798847344e6,3.991246777495629e6,-2.4086636967528523e6,-6930.76199598817,-5936.052260571828,2801.1465978860106,213137.0790912304,3.8838152110164255e8,-5.4604772072068125e7,-3.36400576536553e8,1.7780981686293995e8,1
3423.3236725396305,-4.6591460482330965e6,3.988276617104355e6,-2.407262024785754e6,-6934.238028084346,-5944.592270390791,2805.5427254171577,213273.00732466765,3.8837782871123666e8,-5.460426631725167e7,-3.3640062872516865e8,1.7780987344145414e8,1
3423.8236725396305,-4.662614039365262e6,3.985302182250044e6,-2.405858152568003e6,-6937.728999221621,-5953.150131419986,2809.9476095598184,213410.2328249393,3.8837413136100113e8,-5.460376056233848e7,-3.364006809131884e8,1.7780993001965338e8,1
3424.3236725396305,-4.666083779739812e6,3.9823234639789523e6,-2.4044520757076554e6,-6941.235015365025,-5961.725956387714,2814.3613049554224,213548.7637445666,3.8837042904011804e8,-5.4603254807328574e7,-3.3640073310061234e8,1.7780998659753773e8,1
3424.8236725396305,-4.669555276905944e6,3.9793404532807106e6,-2.403043789785317e6,-6944.756183452528,-5970.319859072363,2818.7838667551932,213688.6082757581,3.883667217377002e8,-5.460274905222198e7,-3.364007852874405e8,1.778100431751071e8,1
3425.3236725396305,-4.673028538466568e6,3.976353141087794e6,-2.401633290353892e6,-6948.2926114067905,-5978.931954315241,2823.215350626386,213829.77465070598,3.8836300944279134e8,-5.460224329701867e7,-3.364008374736728e8,1.778100997523616e8,1
3425.8236725396305,-4.676503572078807e6,3.9733615182749904e6,-2.400220572938318e6,-6951.844408147096,-5987.562358033602,2827.655812758621,213972.27114190347,3.883592921443643e8,-5.460173754171865e7,-3.364008896593093e8,1.7781015632930112e8,1
3426.3236725396305,-4.679980385454494e6,3.970365575658855e6,-2.3988056330353073e6,-6955.411683601466,-5996.211187233881,2832.105309870311,214116.10606244951,3.883555698313215e8,-5.460123178632191e7,-3.3640094184435004e8,1.7781021290592572e8,1
3426.8236725396305,-4.683458986360678e6,3.967365303997166e6,-2.3973884661130793e6,-6958.994548718956,-6004.878560025112,2836.5638992151917,214261.28776637185,3.883518424924932e8,-5.460072603082847e7,-3.364009940287948e8,1.778102694822354e8,1
3427.3236725396305,-4.6869393826201465e6,3.9643606939883684e6,-2.3959690676110913e6,-6962.593115482144,-6013.564595632575,2841.031638588948,214407.82464893907,3.8834811011663824e8,-5.4600220275238305e7,-3.364010462126439e8,1.7781032605823013e8,1
3427.8236725396305,-4.690421582111933e6,3.9613517362710126e6,-2.3945474329397655e6,-6966.207496919808,-6022.269414411635,2845.5085863359473,214555.72514698468,3.8834437269244164e8,-5.459971451955147e7,-3.3640109839589715e8,1.7781038263390994e8,1
3428.3236725396305,-4.693905592771853e6,3.958338421423186e6,-2.3931235574802137e6,-6969.837807119805,-6030.993137861806,2849.99480135607,214704.99773923308,3.883406302085153e8,-5.45992087637679e7,-3.364011505785545e8,1.7781043920927483e8,1
3428.8236725396305,-4.697391422593033e6,3.9553207399619375e6,-2.3916974365839576e6,-6973.484161242139,-6039.735888641028,2854.4903431116545,214855.65094662923,3.883368826533966e8,-5.459870300788765e7,-3.364012027606161e8,1.7781049578432477e8,1
3429.3236725396305,-4.700879079626449e6,3.9522986823426937e6,-2.390269065572645e6,-6977.146675532241,-6048.497790580172,2858.995271634543,215007.69333267212,3.88333130015548e8,-5.459819725191069e7,-3.3640125494208187e8,1.7781055235905978e8,1
3429.8236725396305,-4.704368571981477e6,3.9492722389586694e6,-2.3888384397377647e6,-6980.825467334452,-6057.278968697758,2863.509647533241,215161.13350375276,3.883293722833559e8,-5.459769149583701e7,-3.3640130712295175e8,1.7781060893347988e8,1
3430.3236725396305,-4.707859907826438e6,3.946241400140271e6,-2.3874055543403546e6,-6984.520655105716,-6066.079549214921,2868.0335320001905,215315.98010948487,3.883256094451308e8,-5.459718573966665e7,-3.3640135930322593e8,1.7781066550758505e8,1
3430.8236725396305,-4.711353095389166e6,3.94320615615449e6,-2.3859704046107098e6,-6988.232358429492,-6074.899659570602,2872.5669868191503,215472.24184306897,3.8832184148910517e8,-5.459667998339958e7,-3.364014114829042e8,1.7781072208137527e8,1
3431.3236725396305,-4.714848142957572e6,3.9401664972042907e6,-2.384532985748084e6,-6991.960698029875,-6083.739428436977,2877.110074372702,215629.92744162306,3.883180684034341e8,-5.4596174227035806e7,-3.3640146366198665e8,1.778107786548505e8,1
3431.8236725396305,-4.718345058880214e6,3.93712241342799e6,-2.3830932929203874e6,-6995.7057957859515,-6092.598985735132,2881.6628576498674,215789.045686543,3.883142901761938e8,-5.459566847057535e7,-3.364015158404733e8,1.7781083522801092e8,1
3432.3236725396305,-4.721843851566884e6,3.9340738948986284e6,-2.3816513212638837e6,-6999.467774746374,-6101.4784626509945,2886.2254002538507,215949.6054038601,3.883105067953809e8,-5.459516271401817e7,-3.3640156801836413e8,1.7781089180085632e8,1
3432.8236725396305,-4.725344529489192e6,3.931020931623334e6,-2.3802070658828793e6,-7003.246759144167,-6110.377991651501,2890.7977664099017,216111.61546459608,3.8830671824891174e8,-5.459465695736432e7,-3.3640162019565916e8,1.7781094837338686e8,1
3433.3236725396305,-4.728847101181165e6,3.9279635135426777e6,-2.3787605218494106e6,-7007.042874411776,-6119.297706501041,2895.3800209733054,216275.0847851336,3.883029245246218e8,-5.459415120061376e7,-3.364016723723583e8,1.7781100494560242e8,1
3433.8236725396305,-4.732351575239848e6,3.9249016305300207e6,-2.377311684202927e6,-7010.856247196348,-6128.237742278149,2899.9722294375006,216440.02232757956,3.8829912561026454e8,-5.4593645443766505e7,-3.364017245484617e8,1.7781106151750305e8,1
3434.3236725396305,-4.735857960325918e6,3.9218352723908527e6,-2.3758605479499707e6,-7014.687005375259,-6137.198235392479,2904.5744579423254,216606.43710014876,3.8829532149351084e8,-5.4593139686822556e7,-3.364017767239692e8,1.7781111808908874e8,1
3434.8236725396305,-4.739366265164301e6,3.918764428862122e6,-2.37440710806385e6,-7018.535278071898,-6146.179323602036,2909.1867732824003,216774.33815752994,3.88291512161948e8,-5.4592633929781914e7,-3.364018288988809e8,1.778111746603595e8,1
3435.3236725396305,-4.742876498544798e6,3.915689089611557e6,-2.3729513594843107e6,-7022.401195671694,-6155.181146030701,2913.8092429156427,216943.73460127227,3.882876976030793e8,-5.459212817264459e7,-3.364018810731969e8,1.778112312313153e8,1
3435.8236725396305,-4.746388669322724e6,3.9126092442369796e6,-2.371493297117202e6,-7026.284889838414,-6164.203843186031,2918.441934971922,217114.6355801765,3.8828387780432266e8,-5.459162241541056e7,-3.3640193324691695e8,1.7781128780195627e8,1
3436.3236725396305,-4.749902786419548e6,3.909524882265608e6,-2.370032915834138e6,-7030.186493530715,-6173.247556977352,2923.0849182618535,217287.0502906805,3.8828005275301e8,-5.4591116658079855e7,-3.364019854200412e8,1.778113443722822e8,1
3436.8236725396305,-4.753418858823545e6,3.906435993153351e6,-2.3685702104721563e6,-7034.106141018973,-6182.312430734147,2927.7382622857385,217460.987977257,3.8827622243638635e8,-5.4590610900652446e7,-3.364020375925696e8,1.7781140094229326e8,1
3437.3236725396305,-4.756936895590457e6,3.9033425662840945e6,-2.3671051758333687e6,-7038.043967902386,-6191.398609224741,2932.4020372426485,217636.4579328131,3.882723868416096e8,-5.459010514312836e7,-3.364020897645023e8,1.7781145751198938e8,1
3437.8236725396305,-4.760456905844161e6,3.9002445909689763e6,-2.365637806684612e6,-7042.00011112635,-6200.506238675304,2937.076314039659,217813.46949909534,3.882685459557481e8,-5.458959938550756e7,-3.36402141935839e8,1.7781151408137053e8,1
3438.3236725396305,-4.763978898777349e6,3.897142056445652e6,-2.36416809775709e6,-7045.974709000133,-6209.635466789151,2941.761164301236,217992.0320671061,3.882646997657817e8,-5.4589093627790116e7,-3.3640219410657996e8,1.778115706504368e8,1
3438.8236725396305,-4.767502883652209e6,3.8940349518775535e6,-2.362696043746013e6,-7049.96790121483,-6218.786442766374,2946.4566603787785,218172.15507751517,3.882608482585992e8,-5.458858786997595e7,-3.364022462767251e8,1.778116272191881e8,1
3439.3236725396305,-4.771028869801126e6,3.890923266353133e6,-2.3612216393102324e6,-7053.979828861622,-6227.959317323797,2951.162875360317,218353.8480210686,3.8825699142099845e8,-5.458808211206511e7,-3.3640229844627446e8,1.7781168378762448e8,1
3439.8236725396305,-4.774556866627385e6,3.8878069888851014e6,-2.3597448790718685e6,-7058.010634450334,-6237.154242715258,2955.8798830803757,218537.12043903302,3.8825312923968476e8,-5.4587576354057595e7,-3.3640235061522794e8,1.778117403557459e8,1
3440.3236725396305,-4.778086883605882e6,3.8846861084096543e6,-2.358265757615936e6,-7062.060461928304,-6246.371372752234,2960.6077581299996,218721.98192361277,3.8824926170127064e8,-5.458707059595338e7,-3.3640240278358567e8,1.7781179692355242e8,1
3440.8236725396305,-4.781618930283852e6,3.881560613785688e6,-2.3567842694899626e6,-7066.129456699568,-6255.610862824809,2965.346575866946,218908.4421183942,3.8824538879227424e8,-5.458656483775249e7,-3.364024549513475e8,1.7781185349104398e8,1
3441.3236725396305,-4.7851530162816e6,3.8784304937940035e6,-2.355300409203604e6,-7070.217765644369,-6264.872869923004,2970.0964124260513,219096.51071877684,3.882415104991187e8,-5.458605907945492e7,-3.364025071185135e8,1.7781191005822062e8,1
3441.8236725396305,-4.788689151293244e6,3.8752957371365037e6,-2.3538141712282514e6,-7074.325537138987,-6274.1575526584475,2974.8573447297726,219286.19747242704,3.8823762680813104e8,-5.458555332106067e7,-3.364025592850837e8,1.7781196662508234e8,1
3442.3236725396305,-4.792227345087469e6,3.8721563324353746e6,-2.352325549996636e6,-7078.452921075913,-6283.46507128643,2979.6294504989046,219477.51217973046,3.882337377055414e8,-5.4585047562569745e7,-3.3640261145105815e8,1.7781202319162914e8,1
3442.8236725396305,-4.795767607508288e6,3.86901226823226e6,-2.350834539902426e6,-7082.600068884359,-6292.79558772833,2984.4128082634807,219670.46469424572,3.8822984317748153e8,-5.4584541803982146e7,-3.3640266361643666e8,1.77812079757861e8,1
3443.3236725396305,-4.799309948475818e6,3.865863532987421e6,-2.3493411352998205e6,-7086.7671335511195,-6302.149265594412,2989.2074973738604,219865.06492316723,3.882259432099844e8,-5.4584036045297846e7,-3.364027157812194e8,1.7781213632377788e8,1
3443.8236725396305,-4.802854377987064e6,3.8627101150788865e6,-2.3478453305031364e6,-7090.954269641789,-6311.526270207028,2994.0135980120044,220061.32282779645,3.882220377889827e8,-5.4583530286516875e7,-3.364027679454063e8,1.7781219288937986e8,1
3444.3236725396305,-4.806400906116714e6,3.859552002801592e6,-2.3463471197863887e6,-7095.161633322342,-6320.9267686242065,2998.8311912029453,220259.2484240178,3.882181269003081e8,-5.458302452763923e7,-3.364028201089974e8,1.7781224945466688e8,1
3444.8236725396305,-4.809949543017939e6,3.856389184366504e6,-2.344846497382867e6,-7099.389382381081,-6330.350929663654,3003.660358826454,220458.8517827727,3.8821421052968985e8,-5.458251876866493e7,-3.364028722719927e8,1.7781230601963902e8,1
3445.3236725396305,-4.813500298923219e6,3.8532216478997367e6,-2.343343457484705e6,-7103.637676250973,-6339.798923927166,3008.5011836289073,220660.1430305615,3.8821028866275394e8,-5.4582013009593934e7,-3.3640292443439215e8,1.7781236258429617e8,1
3445.8236725396305,-4.817053184145164e6,3.8500493814416504e6,-2.3418379942424437e6,-7107.9066760323585,-6349.2709238254665,3013.353749235365,220863.13234991394,3.88206361285022e8,-5.458150725042627e7,-3.3640297659619576e8,1.7781241914863843e8,1
3446.3236725396305,-4.820608209077356e6,3.846872372945944e6,-2.340330101764589e6,-7112.196544516068,-6358.767103603476,3018.218140161852,221067.8299799068,3.882024283819103e8,-5.458100149116193e7,-3.3640302875740355e8,1.778124757126657e8,1
3446.8236725396305,-4.824165384195202e6,3.843690610278729e6,-2.338819774117165e6,-7116.50744620693,-6368.287639366021,3023.0944418278577,221274.24621666316,3.8819848993872815e8,-5.458049573180092e7,-3.3640308091801554e8,1.778125322763781e8,1
3447.3236725396305,-4.827724720056793e6,3.840504081217595e6,-2.337307005323255e6,-7120.8395473477,-6377.832709103993,3027.982740569055,221482.39141386375,3.8819454594067734e8,-5.457998997234324e7,-3.3640313307803166e8,1.778125888397755e8,1
3447.8236725396305,-4.83128622730378e6,3.8373127734506587e6,-2.335791789362545e6,-7125.193015943406,-6387.40249272097,3032.8831236502397,221692.27598326746,3.881905963728507e8,-5.4579484212788895e7,-3.36403185237452e8,1.7781264540285802e8,1
3448.3236725396305,-4.834849916662265e6,3.834116674575601e6,-2.334274120170853e6,-7129.5680217861145,-6396.997172060307,3037.7956792785026,221903.91039523203,3.88186641220231e8,-5.457897845313788e7,-3.364032373962765e8,1.7781270196562558e8,1
3448.8236725396305,-4.838415798943696e6,3.8309157720986903e6,-2.332753991639655e6,-7133.964736480149,-6406.616930932702,3042.72049661663,222117.3051792523,3.881826804676894e8,-5.457847269339018e7,-3.3640328955450517e8,1.778127585280782e8,1
3449.3236725396305,-4.841983885045781e6,3.8277100534337927e6,-2.331231397615603e6,-7138.383333467747,-6416.2619551442585,3047.6576657967466,222332.4709244948,3.8817871409998506e8,-5.457796693354583e7,-3.3640334171213806e8,1.7781281509021592e8,1
3449.8236725396305,-4.845554185953417e6,3.8244995059013655e6,-2.329706331900039e6,-7142.823988055172,-6425.932432525039,3052.6072779341985,222549.4182803454,3.88174742101763e8,-5.457746117360481e7,-3.364033938691751e8,1.778128716520387e8,1
3450.3236725396305,-4.849126712739622e6,3.82128411672744e6,-2.328178788248498e6,-7147.286877439297,-6435.628552958141,3057.5694251416858,222768.1579569606,3.881707644575536e8,-5.4576955413567126e7,-3.364034460256162e8,1.7781292821354648e8,1
3450.8236725396305,-4.852701476566494e6,3.818063873042586e6,-2.3266487603702056e6,-7151.772180734665,-6445.350508409283,3062.5442005436494,222988.70072583482,3.881667811517709e8,-5.457644965343277e7,-3.364034981814616e8,1.7781298477473938e8,1
3451.3236725396305,-4.856278488686172e6,3.814838761880863e6,-2.3251162419275707e6,-7156.2800790010315,-6455.098492956934,3067.531698290917,223211.05742035434,3.8816279216871154e8,-5.457594389320175e7,-3.3640355033671117e8,1.7781304133561733e8,1
3451.8236725396305,-4.859857760441816e6,3.8116087701787576e6,-2.323581226535666e6,-7160.810755271406,-6464.872702822981,3072.5320135756133,223435.2389363898,3.881587974925532e8,-5.457543813287409e7,-3.364036024913649e8,1.7781309789618036e8,1
3452.3236725396305,-4.863439303268603e6,3.808373884774103e6,-2.322043707761705e6,-7165.364394580609,-6474.6733364039565,3077.5452426463403,223661.2562328605,3.8815479710735357e8,-5.4574932372449756e7,-3.364036546454228e8,1.7781315445642844e8,1
3452.8236725396305,-4.867023128694734e6,3.805134092404983e6,-2.3205036791245095e6,-7169.941183994333,-6484.50059430283,3082.5714828236364,223889.12033233978,3.881507909970489e8,-5.457442661192874e7,-3.3640370679888487e8,1.7781321101636156e8,1
3453.3236725396305,-4.870609248342455e6,3.8018893797086226e6,-2.3189611340939696e6,-7174.541312638755,-6494.35467936139,3087.610832515716,224118.84232165106,3.881467791454529e8,-5.457392085131109e7,-3.364037589517512e8,1.778132675759798e8,1
3453.8236725396305,-4.874197673929099e6,3.7986397332202587e6,-2.3174160660904967e6,-7179.164971730669,-6504.2357966932095,3092.663391234499,224350.43335246388,3.8814276153625464e8,-5.457341509059676e7,-3.3640381110402155e8,1.7781332413528305e8,1
3454.3236725396305,-4.877788417268135e6,3.7953851393719967e6,-2.3158684684844664e6,-7183.812354608194,-6514.144153717228,3097.7292596119355,224583.90464192443,3.881387381530182e8,-5.457290932978579e7,-3.364038632556962e8,1.7781338069427142e8,1
3454.8236725396305,-4.881381490270237e6,3.792125584491649e6,-2.314318334595655e6,-7188.483656762032,-6524.079960191945,3102.8085394166305,224819.26747326367,3.881347089791803e8,-5.457240356887815e7,-3.3640391540677494e8,1.778134372529448e8,1
3455.3236725396305,-4.884976904944373e6,3.788861054801557e6,-2.3127656576926666e6,-7193.179075867315,-6534.043428250259,3107.9013335707814,225056.53319643904,3.8813067399804944e8,-5.457189780787386e7,-3.3640396755725795e8,1.778134938113033e8,1
3455.8236725396305,-4.888574673398897e6,3.7855915364173944e6,-2.3112104309923523e6,-7197.898811816041,-6544.034772434943,3113.0077461674255,225295.71322877053,3.881266331928041e8,-5.457139204677292e7,-3.36404019707145e8,1.778135503693468e8,1
3456.3236725396305,-4.892174807842671e6,3.782317015346953e6,-2.3096526476592203e6,-7202.643066750119,-6554.054209734792,3118.1278824880137,225536.81905558892,3.88122586546492e8,-5.457088628557531e7,-3.3640407185643625e8,1.778136069270754e8,1
3456.8236725396305,-4.895777320586199e6,3.779037477488912e6,-2.3080923008048376e6,-7207.412045095026,-6564.101959621444,3123.2618490203135,225779.8622308951,3.881185340420274e8,-5.457038052428106e7,-3.364041240051318e8,1.7781366348448905e8,1
3457.3236725396305,-4.899382224042775e6,3.775752908631586e6,-2.3065293834872213e6,-7212.205953594104,-6574.178244086898,3128.4097534766474,226024.85437802877,3.8811447566219056e8,-5.456987476289015e7,-3.3640417615323144e8,1.778137200415878e8,1
3457.8236725396305,-4.902989530729651e6,3.772463294451655e6,-2.304963888710223e6,-7217.025001343504,-6584.283287681741,3133.571704812478,226271.8071903363,3.881104113896257e8,-5.4569369001402594e7,-3.3640422830073524e8,1.7781377659837157e8,1
3458.3236725396305,-4.906599253269224e6,3.769168620512876e6,-2.303395809422902e6,-7221.869399827787,-6594.417317554093,3138.7478132453434,226520.7324318681,3.8810634120683986e8,-5.456886323981839e7,-3.364042804476433e8,1.778138331548404e8,1
3458.8236725396305,-4.910211404390236e6,3.7658688722647754e6,-2.3018251385188876e6,-7226.7393629562075,-6604.580563489304,3143.938190274157,226771.64193806425,3.881022650962007e8,-5.4568357478137515e7,-3.3640433259395546e8,1.778138897109943e8,1
3459.3236725396305,-4.913825996928999e6,3.762564035041318e6,-2.3002518688357375e6,-7231.635107099691,-6614.773257950405,3149.142948698873,227024.54761646222,3.8809818303993547e8,-5.456785171636e7,-3.3640438473967177e8,1.778139462668333e8,1
3459.8236725396305,-4.917443043830633e6,3.7592540940595595e6,-2.2986759931542785e6,-7236.556851128514,-6624.995636119334,3154.362202640531,227279.46144741122,3.88094095020129e8,-5.456734595448584e7,-3.364044368847922e8,1.7781400282235733e8,1
3460.3236725396305,-4.921062558150326e6,3.7559390344182765e6,-2.297097504197943e6,-7241.504816450715,-6635.24793593896,3159.5960675616857,227536.39548480045,3.880900010187223e8,-5.456684019251503e7,-3.364044890293169e8,1.778140593775664e8,1
3460.8236725396305,-4.924684553054612e6,3.7526188410965744e6,-2.295516394632092e6,-7246.479227051249,-6645.530398155915,3164.8446602872327,227795.3618567912,3.8808590101751065e8,-5.4566334430447586e7,-3.364045411732458e8,1.7781411593246058e8,1
3461.3236725396305,-4.928309041822672e6,3.7492934989524754e6,-2.29393265706333e6,-7251.480309531892,-6655.843266364263,3170.1080990256396,228056.37276655808,3.8808179499814194e8,-5.4565828668283485e7,-3.3640459331657887e8,1.7781417248703983e8,1
3461.8236725396305,-4.931936037847648e6,3.745962992721484e6,-2.2923462840388054e6,-7256.5082931519355,-6666.186787050018,3175.3865033905886,228319.44049305283,3.88077682942115e8,-5.456532290602273e7,-3.364046454593161e8,1.7781422904130408e8,1
3462.3236725396305,-4.935565554637988e6,3.7426273070151294e6,-2.290757268045505e6,-7261.563409869665,-6676.56120963653,3180.6799944230434,228584.57739176694,3.880735648307776e8,-5.456481714366535e7,-3.364046976014575e8,1.7781428559525344e8,1
3462.8236725396305,-4.939197605818799e6,3.739286426319484e6,-2.289165601509533e6,-7266.645894384661,-6686.966786530768,3185.9886946137512,228851.79589551315,3.8806944064532506e8,-5.456431138121131e7,-3.36404749743003e8,1.7781434214888784e8,1
3463.3236725396305,-4.942832205133233e6,3.7359403349936623e6,-2.287571276795381e6,-7271.755984180932,-6697.40377317051,3191.3127279261876,229121.10851520952,3.8806531036679816e8,-5.4563805618660636e7,-3.364048018839528e8,1.7781439870220733e8,1
3463.8236725396305,-4.946469366443892e6,3.7325890172682917e6,-2.285974286205187e6,-7276.893919570892,-6707.872428072475,3196.652219819954,229392.52784068324,3.88061173976081e8,-5.456329985601332e7,-3.364048540243066e8,1.7781445525521186e8,1
3464.3236725396305,-4.950109103734247e6,3.729232457243961e6,-2.2843746219779784e6,-7282.059943740226,-6718.3730128814,3202.007297274644,229666.0665414855,3.880570314538999e8,-5.456279409326938e7,-3.364049061640647e8,1.7781451180790147e8,1
3464.8236725396305,-4.953751431110092e6,3.7258706388896443e6,-2.282772276288909e6,-7287.254302793639,-6728.905792420114,3207.378088814181,229941.73736771103,3.880528827808207e8,-5.456228833042877e7,-3.3640495830322695e8,1.7781456836027613e8,1
3465.3236725396305,-4.957396362801013e6,3.7225035460411e6,-2.2811672412484786e6,-7292.477245801525,-6739.471034740594,3212.76472453165,230219.55315083824,3.8804872793724716e8,-5.4561782567491546e7,-3.364050104417934e8,1.7781462491233587e8,1
3465.8236725396305,-4.961043913161879e6,3.719131162399241e6,-2.279559508901744e6,-7297.729024847576,-6750.069011176067,3218.167336114622,230499.5268045785,3.88044566903419e8,-5.4561276804457664e7,-3.36405062579764e8,1.778146814640806e8,1
3466.3236725396305,-4.96469409667437e6,3.715753471528483e6,-2.2779490712275133e6,-7303.009895077345,-6760.699996394152,3223.586056870996,230781.6713257311,3.8804039965940964e8,-5.4560771041327156e7,-3.364051147171387e8,1.7781473801551044e8,1
3466.8236725396305,-4.968346927948508e6,3.712370456855064e6,-2.27633592013753e6,-7308.320114747805,-6771.364268451086,3229.0210217553613,231065.99979507085,3.8803622618512475e8,-5.4560265278100014e7,-3.364051668539177e8,1.778147945666254e8,1
3467.3236725396305,-4.972002421724238e6,3.708982101665333e6,-2.274720047475644e6,-7313.659945277901,-6782.062108847054,3234.472367395898,231352.52537821885,3.880320464602992e8,-5.455975951477624e7,-3.364052189901008e8,1.7781485111742535e8,1
3467.8236725396305,-4.975660592873013e6,3.705588389104018e6,-2.2731014450169653e6,-7319.02965130015,-6792.793802582648,3239.940232121827,231641.26132656075,3.88027860464496e8,-5.455925375135581e7,-3.364052711256881e8,1.7781490766791037e8,1
3468.3236725396305,-4.979321456399415e6,3.7021893021724587e6,-2.27148010446701e6,-7324.429500713292,-6803.559638216482,3245.424755991426,231932.22097814362,3.880236681771035e8,-5.4558747987838775e7,-3.3640532326067954e8,1.7781496421808046e8,1
3468.8236725396305,-4.982985027442805e6,3.6987848237268147e6,-2.2698560174608263e6,-7329.859764736022,-6814.359907924006,3250.9260808206186,232225.41775861662,3.880194695773333e8,-5.45582422242251e7,-3.3640537539507514e8,1.778150207679356e8,1
3469.3236725396305,-4.986651321278994e6,3.69537493647624e6,-2.2682291755621084e6,-7335.320717961843,-6825.194907557522,3256.4443502121594,232520.8651821725,3.8801526464421815e8,-5.455773646051478e7,-3.3640542752887493e8,1.7781507731747583e8,1
3469.8236725396305,-4.990320353321946e6,3.691959622981031e6,-2.2665995702622966e6,-7340.812638415051,-6836.064936707464,3261.9797095854246,232818.57685249764,3.880110533566097e8,-5.4557230696707845e7,-3.364054796620789e8,1.7781513386670107e8,1
3470.3236725396305,-4.993992139125507e6,3.6885388656507414e6,-2.2649671929796613e6,-7346.33580760789,-6846.9702987649425,3267.5323062068223,233118.56646374892,3.880068356931762e8,-5.455672493280427e7,-3.364055317946871e8,1.7781519041561142e8,1
3470.8236725396305,-4.997666694385163e6,3.685112646742266e6,-2.263332035058371e6,-7351.890510598907,-6857.911300985608,3273.102289220844,233420.84780153912,3.880026116324001e8,-5.455621916880408e7,-3.364055839266994e8,1.778152469642068e8,1
3471.3236725396305,-5.001344034939825e6,3.681680948357892e6,-2.261694087767546e6,-7357.47703605253,-6868.8882545548595,3278.689809681766,233725.4347439399,3.879983811525756e8,-5.4555713404707246e7,-3.364056360581159e8,1.7781530351248726e8,1
3471.8236725396305,-5.005024176773654e6,3.678243752443318e6,-2.260053342300296e6,-7363.095676299907,-6879.9014746544235,3284.295020586024,234032.34126249142,3.879941442318064e8,-5.45552076405138e7,-3.3640568818893653e8,1.778153600604528e8,1
3472.3236725396305,-5.008707136017907e6,3.674801040785637e6,-2.2584097897727382e6,-7368.746727401034,-6890.951280530357,3289.9180769052723,234341.5814232519,3.879899008480034e8,-5.455470187622371e7,-3.3640574031916136e8,1.7781541660810336e8,1
3472.8236725396305,-5.012392928952813e6,3.671352795011291e6,-2.2567634212230053e6,-7374.430489208212,-6902.03799556249,3295.5591356201508,234653.1693878295,3.879856509788818e8,-5.455419611183701e7,-3.364057924487903e8,1.7781547315543896e8,1
3473.3236725396305,-5.016081572009491e6,3.667898996583981e6,-2.255114227610229e6,-7380.147265430852,-6913.161947335365,3301.218355754772,234967.1194144599,3.87981394601959e8,-5.455369034735369e7,-3.364058445778236e8,1.778155297024597e8,1
3473.8236725396305,-5.019773081771891e6,3.664439626802552e6,-2.253462199813511e6,-7385.897363701683,-6924.32346771069,3306.895898411951,235283.44585908204,3.879771316945513e8,-5.4553184582773715e7,-3.3640589670626086e8,1.7781558624916542e8,1
3474.3236725396305,-5.023467474978776e6,3.660974666798832e6,-2.2518073286308753e6,-7391.681095644383,-6935.5228929013665,3312.5919268091957,235602.16317644808,3.8797286223377234e8,-5.4552678818097144e7,-3.364059488341024e8,1.7781564279555625e8,1
3474.8236725396305,-5.027164768525732e6,3.6575040975354393e6,-2.250149604778199e6,-7397.498776942676,-6946.7605635471145,3318.3066063154797,235923.28592122812,3.8796858619652975e8,-5.4552173053323954e7,-3.364060009613481e8,1.7781569934163213e8,1
3475.3236725396305,-5.030864979467217e6,3.65402789980355e6,-2.248489018888131e6,-7403.350727410933,-6958.036824791754,3324.0401044888117,236246.82874915842,3.879643035595222e8,-5.455166728845414e7,-3.364060530879979e8,1.7781575588739306e8,1
3475.8236725396305,-5.034568125018644e6,3.6505460542206257e6,-2.246825561508984e6,-7409.237271066322,-6969.352026362168,3329.792591114632,236572.80641818512,3.8796001429923743e8,-5.45511615234877e7,-3.3640610521405196e8,1.7781581243283907e8,1
3476.3236725396305,-5.0382742225585e6,3.6470585412281016e6,-2.2451592231036145e6,-7415.158736202536,-6980.706522649003,3335.5642382450487,236901.23378964514,3.879557183919487e8,-5.455065575842464e7,-3.3640615733951014e8,1.778158689779701e8,1
3476.8236725396305,-5.041983289630504e6,3.643565341089035e6,-2.243489994048278e6,-7421.115455465149,-6992.100672789159,3341.355220238942,237232.12582945265,3.879514158137125e8,-5.4550149993264966e7,-3.364062094643725e8,1.7781592552278623e8,1
3477.3236725396305,-5.045695343945801e6,3.64006643388571e6,-2.241817864631464e6,-7427.107765928647,-7003.534840750092,3347.1657138029564,237565.49760931544,3.8794710654036504e8,-5.454964422800867e7,-3.364062615886391e8,1.7781598206728742e8,1
3477.8236725396305,-5.049410403385199e6,3.6365617995172017e6,-2.240142825052714e6,-7433.136009175163,-7015.009395416009,3352.9958980334077,237901.36430796143,3.8794279054751986e8,-5.454913846265577e7,-3.364063137123097e8,1.7781603861147362e8,1
3478.3236725396305,-5.053128486001437e6,3.6330514176968965e6,-2.238464865421415e6,-7439.200531374983,-7026.524710675982,3358.845954459124,238239.74121238943,3.879384678105645e8,-5.4548632697206244e7,-3.3640636583538467e8,1.778160951553449e8,1
3478.8236725396305,-5.056849610021506e6,3.6295352679499653e6,-2.236783975755572e6,-7445.301683368853,-7038.081165514042,3364.716067085253,238580.64371915162,3.879341383046575e8,-5.454812693166011e7,-3.364064179578636e8,1.7781615169890127e8,1
3479.3236725396305,-5.0605737938490035e6,3.6260133296107943e6,-2.2351001459805593e6,-7451.439820752146,-7049.679144101314,3370.6064224380543,238924.0873356331,3.8792980200472534e8,-5.454762116601735e7,-3.364064700797469e8,1.7781620824214268e8,1
3479.8236725396305,-5.064301056066529e6,3.622485581820368e6,-2.2334133659278485e6,-7457.615303960932,-7061.319035890227,3376.5172096107094,239270.08768137638,3.87925458885459e8,-5.4547115400278e7,-3.364065222010343e8,1.7781626478506914e8,1
3480.3236725396305,-5.068031415438129e6,3.6189520035236035e6,-2.2317236253337124e6,-7463.828498360012,-7073.001235710882,3382.448620310174,239618.66048941575,3.879211089213111e8,-5.4546609634442024e7,-3.3640657432172585e8,1.7781632132768068e8,1
3480.8236725396305,-5.071764890911783e6,3.615412573466639e6,-2.230030913837908e6,-7470.079774332967,-7084.726143869619,3388.4008489051043,239969.82160763908,3.879167520864923e8,-5.454610386850944e7,-3.364066264418216e8,1.7781637786997727e8,1
3481.3236725396305,-5.075501501621937e6,3.6118672701940695e6,-2.228335220982331e6,-7476.369507374263,-7096.4941662498495,3394.3740924748804,240323.58700016793,3.879123883549681e8,-5.454559810248023e7,-3.364066785613215e8,1.778164344119589e8,1
3481.8236725396305,-5.079241266892082e6,3.608316072046132e6,-2.22663653620965e6,-7482.6980781835,-7108.305714415217,3400.3685508597664,240679.97274876665,3.8790801770045537e8,-5.454509233635443e7,-3.3640673068022555e8,1.778164909536256e8,1
3482.3236725396305,-5.0829842062373785e6,3.6047589571558395e6,-2.2249348488619127e6,-7489.065872761833,-7120.161205715151,3406.384426712231,241038.99505427387,3.8790364009641886e8,-5.4544586570132025e7,-3.3640678279853374e8,1.7781654749497736e8,1
3482.8236725396305,-5.086730339367335e6,3.601195903446062e6,-2.223230148179127e6,-7495.473282510641,-7132.061063392877,3412.421925549464,241400.67023805063,3.8789925551606774e8,-5.4544080803813e7,-3.364068349162462e8,1.7781660403601417e8,1
3482.9610186144555,-5.087759934515957e6,3.600216117876766e6,-2.2227613512879782e6,-7497.240335806499,-7135.337685111283,3414.084192303194,241500.4862015117,3.8789804988131016e8,-5.4543941873758696e7,-3.364068492324683e8,1.77816619567338e8,1
3482.9610186144555,-5.087759934515957e6,3.600216117876766e6,-2.2227613512879782e6,-7497.240335806499,-7135.337685111283,3414.084192303194,241500.4862015117,3.8789804988131016e8,-5.4543941873758696e7,-3.364068492324683e8,1.77816619567338e8,2
3569.2716138834153,-5.708028557973902e6,2.967179716050259e6,-1.9173387669160804e6,-6868.1822333966775,-7518.434585335195,3655.5501375561626,336433.71785407513,3.871240901627424e8,-5.445663443814629e7,-3.364158368969688e8,1.7782637501389453e8,2
3657.938316457264,-6.287079721070454e6,2.2866291295049614e6,-1.5840430128128447e6,-6190.311801016707,-7815.969405857482,3853.759995834631,497974.90399225894,3.863016519162805e8,-5.436694069069358e7,-3.364250514180845e8,1.7783638699173415e8,2
3750.323754686394,-6.826141236928362e6,1.5541532442852568e6,-1.2205713818049964e6,-5481.5588892819815,-8024.3559859256775,4005.774493259671,728929.588140062,3.854254738407805e8,-5.427348191147811e7,-3.364346324683351e8,1.7784680834105736e8,2
3847.9104909202238,-7.325526918917985e6,764490.8342753323,-824112.5126108316,-4759.821644044326,-8143.541123674946,4110.555878402995,1.0334004668796761e6,3.8448945001020455e8,-5.417475784114621e7,-3.3644473083772284e8,1.7785780473284107e8,2
3952.3521209461,-7.784598049986417e6,-88513.60522233657,-391320.46831047826,-4041.9913015901434,-8176.702332438729,4168.860385051112,1.4168470653627757e6,3.8348657709156924e8,-5.40690949369526e7,-3.3645551341100746e8,1.7786956026266614e8,2
4065.5309523615506,-8.201707065568229e6,-1.0119681271350547e6,81719.77158404814,-3343.161991069715,-8129.739693477949,4183.009545763139,1.8861712640106613e6,3.824088887641409e8,-5.395458794694267e7,-3.364671686596581e8,1.7788228369803676e8,2
4189.624540102074,-8.57412241284904e6,-2.014005727010609e6,599535.4755102139,-2676.075516812854,-8010.639318340935,4156.579218867834,2.4498290144946864e6,3.812473772786221e8,-5.382903248837515e7,-3.364799128252518e8,1.7789621560470706e8,2
4327.183670185923,-8.897933355569085e6,-3.1038709228607295e6,1.1673180827291012e6,-2050.814657994976,-7828.788203674074,4094.048466264379,3.1179684536095224e6,3.7999190216927123e8,-5.368984599562282e7,-3.3649399697485405e8,1.7791163659764713e8,2
4481.2247835663175,-9.167933319724612e6,-4.292020564051256e6,1.790983987330907e6,-1474.7273394919603,-7594.310613775325,4000.4469899576916,3.9025946455757413e6,3.7863108626220804e8,-5.353397399113529e7,-3.365097151097436e8,1.779288769859342e8,2
4655.3403288608715,-9.377480234059794e6,-5.59023882246564e6,2.4772442453944697e6,-952.5421759951489,-7317.478901376434,3881.031805233492,4.817761300651824e6,3.7715219932836944e8,-5.33577781216389e7,-3.365274135018279e8,1.7794832810591885e8,2
4853.831134359777,-9.518332227900146e6,-7.011766133260798e6,3.2336831725077443e6,-486.6245828173732,-7008.2315768028475,3741.013657679994,5.879789927473855e6,3.755410300303802e8,-5.3156901780639455e7,-3.3654750140986973e8,1.7797045566008213e8,2
5081.86560455117,-9.58045703229813e6,-8.57144154233747e6,4.068845632992593e6,-77.32077852831654,-6675.81237971928,3585.343549883772,7.107516861053904e6,3.7378174723092645e8,-5.292610839734157e7,-3.3657046327908844e8,1.7799581539466783e8,2
5345.671381295079,-9.55181352220389e6,-1.0285857446679275e7,4.99233256375677e6,276.6578883251455,-6328.5286454443,3418.5611413615284,8.522568358397827e6,3.718567522877378e8,-5.265908660215663e7,-3.3659687243616e8,1.7802507144900134e8,2
5652.766067966254,-9.418104082354533e6,-1.2173525036349194e7,6.014903897651853e6,577.8486489550569,-5973.616503714236,3244.70048349101,1.0149663373058882e7,3.6974652467553693e8,-5.234821547372788e7,-3.3662740613235253e8,1.7805901768043202e8,2
6012.234693074827,-9.162496936932072e6,-1.4255047806929901e7,7.148587519972986e6,829.6766967891408,-5617.194365595339,3067.2446760446123,1.201694261874384e7,3.674294641589265e8,-5.198428193112425e7,-3.366628615240216e8,1.7809860219149068e8,2
6435.0627740600485,-8.765318329432892e6,-1.6553299240350978e7,8.4067921662976e6,1036.1375541040477,-5264.283983979163,2889.119282800226,1.4156321014183387e7,3.648817337869926e8,-5.155614106640061e7,-3.367041717587054e8,1.78144955130999e8,2
6934.535101602452,-8.203715572454466e6,-1.909359906925034e7,9.804421201094821e6,1201.5309701496667,-4918.879040437414,2712.7142084001694,1.660385845200245e7,3.6207710915758926e8,-5.105030884137953e7,-3.367524206796732e8,1.7819941956577802e8,2
7526.711644874768,-7.451293630013905e6,-2.1903880351198956e7,1.1357982946939306e7,1330.2481976201186,-4584.043633238385,2539.9246632062204,1.940014091064901e7,3.5898684062843394e8,-5.0450475146308504e7,-3.3680885366206384e8,1.7826358476244718e8,2
8230.993188433991,-6.477730198728386e6,-2.501483677881188e7,1.3085691598499352e7,1426.609883963691,-4262.026306328188,2372.203338603695,2.2590660055869658e7,3.5557953628377324e8,-4.973692382057721e7,-3.3687488059445834e8,1.7833932049140355e8,2
9070.790312610405,-5.248377400592167e6,-2.8460036127383634e7,1.5007550682942245e7,1494.7490341942796,-3954.378698591503,2210.617607960067,2.622617445114217e7,3.518210742434886e8,-4.888584500268091e7,-3.369520648047518e8,1.7842880984355706e8,2
10025.10148060417,-3.7995344846968167e6,-3.2095461340653002e7,1.7044073020979427e7,1537.0318257796262,-3674.907866801234,2062.7251825803087,3.0164926059784e7,3.478703499241946e8,-4.7918417523441404e7,-3.370377301752495e8,1.7852941970545048e8,2
10985.10148060417,-2.312635395696465e6,-3.551023556276368e7,1.8964093100792814e7,1557.97111227798,-3446.6071443045616,1941.1444332901026,3.394980911705457e7,3.4417227445005643e8,-4.694491109371592e7,-3.3712171214422303e8,1.7862946711937198e8,2
11945.10148060417,-812272.7086029967,-3.8725124613963604e7,2.0777390480303876e7,1566.1521633017298,-3256.5267586932214,1839.3960968031918,3.758110410807407e7,3.407009846598154e8,-4.597109815105619e7,-3.3720349297652847e8,1.7872834822493687e8,2
12905.10148060417,691893.3535062806,-4.1771879101752765e7,2.2500493357679207e7,1566.5079631002677,-3095.021191796309,1752.5717408153778,4.10781257624681e7,3.3741965317539e8,-4.499698505368627e7,-3.372830721382022e8,1.7882606237653023e8,2
13865.10148060417,2.193854231966526e6,-4.4674587662305556e7,2.4146015843079668e7,1561.9269727595397,-2955.5230785597346,1677.3028352077847,4.44564196518832e7,3.3430041262894636e8,-4.4022578161789976e7,-3.3736044910965544e8,1.7892260893615633e8,2
14825.10148060417,3.6897862972648866e6,-4.745202812749159e7,2.5723839524666097e7,1554.1788330113432,-2833.393279236826,1611.1946089266728,4.7728685097021274e7,3.313215825486031e8,-4.3047883837469354e7,-3.374356233856782e8,1.7901798727344286e8,2
15785.10148060417,5.177227689213467e6,-5.011917037330943e7,2.724187516505759e7,1544.3871578666888,-2725.2526949174407,1552.4934126348999,5.090544227233854e7,3.2846590543539685e8,-4.2072908444703184e7,-3.375085944754421e8,1.7911219676564524e8,2
16745.10148060417,6.654593102473025e6,-5.2688175339082405e7,2.8706572534078646e7,1533.2858956603734,-2628.5755220616825,1499.8824587376441,5.399551750154036e7,3.2571937867641145e8,-4.1097658349305384e7,-3.3757936190250415e8,1.792052367976503e8,2
17705.10148060417,8.120876072474121e6,-5.516908153290041e7,3.0123272769058734e7,1521.365346135122,-2541.431627562762,1452.3515246914715,5.70064008532063e7,3.230704543320372e8,-4.012213991888345e7,-3.3764792520480925e8,1.792971067619807e8,2
18665.10148060417,9.575460137825277e6,-5.7570290358770825e7,3.1496458696723722e7,1508.9588189705075,-2462.31771248505,1409.111052774675,5.994451354928413e7,3.205094748557033e8,-3.914635952279692e7,-3.377142839346935e8,1.7938780605879864e8,2
19625.10148060417,1.101799568777024e7,-5.989891772637738e7,3.2829936956359807e7,1496.2958850187215,-2390.043346428558,1369.5338711799793,6.2815410918484956e7,3.1802826514856267e8,-3.8170323532115735e7,-3.377784376588873e8,1.794773340959098e8,2
20585.10148060417,1.2448317745335491e7,-6.2161054277727306e7,3.412697329271256e7,1483.5360871889998,-2323.652029768919,1333.1146484834906,6.5623938631689504e7,3.1561983117843133e8,-3.719403831957867e7,-3.378403859585178e8,1.795656902887673e8,2
21545.10148060417,1.3866389982817752e7,-6.436196162337814e7,3.539039491914574e7,1470.7908359840048,-2262.365262788619,1299.4410531484903,6.83743545810572e7,3.132781330558064e8,-3.6217510259551734e7,-3.379001284291117e8,1.7965287406047553e8,2
22505.10148060417,1.5272265957322812e7,-6.650622279714638e7,3.662266923417434e7,1458.1379513294696,-2205.542111344864,1268.1728311716522,7.10704251341428e7,3.1099791127911454e8,-3.524074572798653e7,-3.379576646805985e8,1.7973888484179375e8,2
23465.10148060417,1.6666061889747482e7,-6.859785932593979e7,3.7825965237204835e7,1445.6315101854264,-2152.649446730897,1239.0263587608051,7.3715502017133e7,3.0877455168857133e8,-3.4263751102378614e7,-3.38012994337312e8,1.7982372207113993e8,2
24425.10148060417,1.8047937324996e7,-7.06404235359655e7,3.9002202072798535e7,1433.3086299124911,-2103.239686817844,1211.7630558146316,7.631258436943875e7,3.066039790914529e8,-3.3286532761725914e7,-3.380661170379936e8,1.799073851945945e8,2
25385.10148060417,1.9418081260230433e7,-7.26370722065253e7,4.0153087853502594e7,1421.1942113453038,-2056.933904575929,1186.180570500753,7.886436931282902e7,3.044825724559465e8,-3.2309097086486988e7,-3.381170324357943e8,1.7998987366590378e8,2
26345.10148060417,2.0776702120773833e7,-7.459062597854896e7,4.128015103969088e7,1409.3042991448162,-2013.4088401971767,1162.1059849083908,8.13732935270457e7,3.024070965590133e8,-3.133145045853947e7,-3.381657401982771e8,1.8007118694648364e8,2
27305.10148060417,2.2124020477203563e7,-7.650361774605355e7,4.2384766049883455e7,1397.6484901410856,-1972.3867945693748,1139.3905163781012,8.384156771154335e7,3.003746463469041e8,-3.035359926113828e7,-3.3821224000741905e8,1.80151324505423e8,2
28265.10148060417,2.346026373664394e7,-7.837833242891969e7,4.346817434795738e7,1386.2316768515022,-1933.6276784584725,1117.9053405097645,8.627120536702317e7,2.983826012320045e8,-2.93755498788741e7,-3.3825653155961335e8,1.8023028581948742e8,2
29225.10148060417,2.47856622693546e7,-8.021683993212098e7,4.4531501947517835e7,1375.0553207690136,-1896.9226945660353,1097.538265683753,8.866404700171834e7,2.96428587238665e8,-2.839730869763153e7,-3.382986145656714e8,1.8030807037312225e8,2
30185.10148060417,2.610044658734112e7,-8.202102266627909e7,4.557577405111294e7,1364.1183892177114,-1862.0892705667982,1078.1910612874167,9.102178062237392e7,2.945104454097451e8,-2.741888210454749e7,-3.383384887508245e8,1.803846776584562e8,2
31145.10148060417,2.7404845299402196e7,-8.379259868822752e7,4.660192737802698e7,1353.4180490028334,-1828.966960642738,1059.777293006817,9.334595918529817e7,2.926262052519406e8,-2.64402764879695e7,-3.3837615385472614e8,1.8046010717530474e8,2
32105.10148060417,2.8699083642498847e7,-8.553314128507179e7,4.76108206121727e7,1342.9501826068924,-1797.414104119427,1042.2205552205164,9.563801554244657e7,2.9077406227017856e8,-2.546149823741394e7,-3.3841160963145304e8,1.8053435843117294e8,2
33065.10148060417,2.9983382442843076e7,-8.724409564830892e7,4.860324330948557e7,1332.7097738228624,-1767.305081296146,1025.453017153605,9.789927530966878e7,2.8895235884595567e8,-2.4482553743524384e7,-3.384448558495073e8,1.806074309412593e8,2
34025.10148060417,3.1257957398452092e7,-8.892679315008706e7,4.957992353407118e7,1322.6911966058913,-1738.5280442909882,1009.4142189989452,1.0013096800071682e8,2.871595678698629e8,-2.35034493980298e7,-3.3847589229181737e8,1.8067932422845834e8,2
34985.10148060417,3.252301860266488e7,-9.05824636304697e7,5.0541534438420355e7,1312.8884317078596,-1710.9830286757735,994.0500687240861,1.0233423670536152e8,2.853942786577013e8,-2.252419159370291e7,-3.3850471875574005e8,1.8075003782336414e8,2
35945.10148060417,3.377877024838006e7,-9.22122460246315e7,5.148869996116569e7,1303.295229109531,-1684.5803725987225,979.3120011637416,1.0451014653860159e8,2.836551847718069e8,-2.1544786724318363e7,-3.385313350530614e8,1.808195712642731e8,2
36905.10148060417,3.502541046768932e7,-9.381719759648055e7,5.2421999783122584e7,1293.905229565134,-1659.239385903861,965.1562692346139,1.0665969204721877e8,2.8194107344117975e8,-2.056524118461103e7,-3.385557410099983e8,1.8088792409718725e8,2
37865.10148060417,3.626313127264288e7,-9.53983019960534e7,5.3341973656554185e7,1284.7120551708504,-1634.8872238113672,951.5433433997614,1.0878380372740853e8,2.802508163306346e8,-1.9585561370234262e7,-3.3857793646719915e8,1.8095509587581682e8,2
38825.10148060417,3.7492118571143895e7,-9.69564763190523e7,5.424912520210625e7,1275.7093763833482,-1611.4579289920869,938.4374003537013,1.1088335378107847e8,2.7858336145407635e8,-1.8605753677718114e7,-3.3859792127974534e8,1.8102108616158363e8,2
39785.10148060417,3.871255223817555e7,-9.849257731576523e7,5.514392525146998e7,1266.8909610853416,-1588.891613052657,925.8058856588395,1.129591612172654e8,2.769377260628235e8,-1.762582450442757e7,-3.386156953171519e8,1.8108589452362356e8,2
40745.10148060417,3.99246062272548e7,-1.0000740687158716e8,5.602681480063975e7,1258.2507099391437,-1567.1337540559475,913.6191380030388,1.150119963879297e8,2.7531299036869055e8,-1.6645780248520797e7,-3.386312584633685e8,1.8114952053878954e8,2
41705.10148060417,4.1128448710568935e7,-1.0150171686111997e8,5.689820762795037e7,1249.7826812571652,-1546.1345911109968,901.8500650621182,1.1704258503331818e8,2.737082919848122e8,-1.566562730890737e7,-3.3864461061678016e8,1.812119637916543e8,2
42665.10148060417,4.232424223896874e7,-1.029762134613616e8,5.775849262237642e7,1241.481107858284,-1525.8486005565762,890.4738627848425,1.1905161190052347e8,2.7212282098611456e8,-1.468537208520645e7,-3.386557516902079e8,1.81273223874513e8,2
43625.10148060417,4.351214391507418e7,-1.0443156099602154e8,5.860803586044923e7,1233.3404078049732,-1506.2340410420984,879.4677713802182,1.2103972398930846e8,2.705558155068244e8,-1.370502097770508e7,-3.386646816109095e8,1.813333003873861e8,2
44585.10148060417,4.469230557434865e7,-1.058683853719197e8,5.944718246427914e7,1225.3551904801577,-1487.2525570365863,868.8108624598409,1.2300753347132976e8,2.690065578051249e8,-1.272458038731628e7,-3.386714003205796e8,1.8139219293802172e8,2
45545.10148060417,4.5864873970231876e7,-1.0728727715926678e8,6.0276258268315315e7,1217.5202591301484,-1468.8688320908027,858.4838527341514,1.2495562032227242e8,2.6747437073558795e8,-1.17440567155374e7,-3.386759077753503e8,1.814499011418984e8,2
46505.10148060417,4.7029990960374765e7,-1.0868879436001843e8,6.109557131843947e7,1209.8306107450362,-1451.0502846312218,848.4689404286961,1.2688453470086476e8,2.6595861457873732e8,-1.0763456364408204e7,-3.3867820394579166e8,1.8150642462222734e8,2
47465.10148060417,4.818779369175821e7,-1.1007346490215029e8,6.190541322361938e7,1202.2814339516951,-1433.766800248054,838.7496612118379,1.2879479910407498e8,2.644586841843793e8,-9.782785736469096e6,-3.3867828881691134e8,1.8156176300995526e8,2
48425.10148060417,4.933841478304975e7,-1.1144178889238471e8,6.2706060377521895e7,1194.868105442953,-1416.9904954079013,829.3107609375143,1.306869103238531e8,2.6297400639143765e8,-8.802051234719358e6,-3.3867616238815534e8,1.8161591594376647e8,2
49385.10148060417,5.0481982502996035e7,-1.1279424065542811e8,6.349777506510536e7,1187.58618534898,-1400.69550831761,820.1380829280362,1.3256134122744112e8,2.615040376921524e8,-7.821259262575329e6,-3.386718246734075e8,1.816688830700854e8,2
50345.10148060417,5.1618620943993025e7,-1.1413127058400033e8,6.428080646719963e7,1180.4314118656114,-1384.857813323098,811.218467870167,1.3441854238043344e8,2.6004826211283875e8,-6.840416223828528e6,-3.386652757009896e8,1.8172066404307878e8,2
51305.10148060417,5.274845019024258e7,-1.154533068207358e8,6.505539157437543e7,1173.3996953831263,-1369.4550557718767,802.5396646867264,1.3625894352934325e8,2.5860618928706872e8,-5.85952852260396e6,-3.386565155136613e8,1.8177125852465814e8,2
52265.10148060417,5.387158648010997e7,-1.1676075679031216e8,6.582175601995122e7,1166.4871123034063,-1354.466404721645,794.0902509867768,1.3808295495835394e8,2.5717735270026025e8,-4.878602563318229e6,-3.3864554416861963e8,1.8182066618448165e8,2
53225.10148060417,5.498814236245549e7,-1.1805400859783629e8,6.6580114840744674e7,1159.6898986898905,-1339.872421256517,785.8595618988843,1.3989096873314744e8,2.5576130808732504e8,-3.897644750637699e6,-3.3863236173749876e8,1.8186888669995663e8,2
54185.10148060417,5.60982268468351e7,-1.1933343230752602e8,6.733067317311132e7,1153.0044438606649,-1325.6549404905059,777.8376262610534,1.4168335984316483e8,2.5435763196730587e8,-2.9166614894367373e6,-3.386169683063694e8,1.8191591975624147e8,2
55145.10148060417,5.720194554755752e7,-1.2059938111401455e8,6.807362689089799e7,1146.4272840083056,-1311.796965605677,770.0151092834284,1.434604872523217e8,2.5296592030089608e8,-1.9356591847558548e6,-3.385993639757385e8,1.8196176504624775e8,2
56105.10148060417,5.829940082165494e7,-1.218521924171293e8,6.880916319114976e7,1139.9550959091314,-1298.2825724986094,762.3832609203083,1.452226948670506e8,2.5158578725842154e8,-954644.2417599336,-3.385795488605484e8,1.820064222706421e8,2
57065.10148060417,5.939069190087662e7,-1.230921888097227e8,6.953746113272624e7,1133.5846907681043,-1285.0968238005262,754.9338692902028,1.4697031242953727e8,2.5021686408732605e8,26376.93430367096,-3.385575230901758e8,1.820498911378484e8,2
58025.10148060417,6.047591501785248e7,-1.2431967898702721e8,7.02586921323914e7,1127.3130082327323,-1272.225691199502,747.6592185695881,1.4870365634314707e8,2.4885879806946635e8,1.0073979381468687e6,-3.385332868084317e8,1.8209217136404955e8,2
58985.10148060417,6.155516352660083e7,-1.255349585850464e8,7.097302042242588e7,1121.137110599281,-1259.6559851321772,740.5520508602225,1.504230304362716e8,2.4751125155962065e8,1.9884123644827215e6,-3.3850684017355967e8,1.8213326267318925e8,2
59945.10148060417,6.262852801757279e7,-1.2673831095465785e8,7.168060347336246e7,1115.0541772267454,-1247.3752910313533,733.6055315933892,1.5212872667016006e8,2.4617390109757385e8,2.969413808067203e6,-3.384781833582351e8,1.8217316479697397e8,2
60905.10148060417,6.369609642743782e7,-1.2793000787737218e8,7.238159238505232e7,1109.0614991679465,-1235.371911417856,726.813218088948,1.5382102579571024e8,2.448464365869792e8,3.950395863741086e6,-3.384473165495645e8,1.8221187747487456e8,2
61865.10148060417,6.475795414382139e7,-1.2911031022805269e8,7.307613224892665e7,1103.1564740224003,-1223.6348132128078,720.1690309339987,1.5550019796367994e8,2.435285605349263e8,4.9313521264717225e6,-3.384142399490832e8,1.8224940045412803e8,2
62825.10148060417,6.581418410520828e7,-1.3027946858933875e8,7.37643624840158e7,1097.3366010120035,-1212.1535797221316,713.6672278864479,1.5716650329232302e8,2.4221998734679154e8,5.91227619139488e6,-3.383789537727553e8,1.8228573348973918e8,2
63785.10148060417,6.6864866896225e7,-1.3143772382202129e8,7.444641714902255e7,1091.5994762778278,-1200.918366810536,707.3023800438033,1.5882019239605173e8,2.4092044267150927e8,6.893161653856509e6,-3.3834145825097156e8,1.8232087634448212e8,2
64745.10148060417,6.791008083851178e7,-1.325853075951839e8,7.512242523251218e7,1085.9427883942574,-1189.9198628389577,701.069350047898,1.6046150687837195e8,2.3962966279290187e8,7.874002109454675e6,-3.3830175362854767e8,1.82354828788902e8,2
65705.10148060418,6.894990207739039e7,-1.3372244287953776e8,7.579251092307381e7,1080.364314095186,-1179.1492519886986,694.9632721226592,1.620906797920203e8,2.3834739406314808e8,8.85479115408124e6,-3.3825984016472346e8,1.823875906013164e8,2
66665.10148060418,6.998440466452841e7,-1.3484934440703836e8,7.645679386112544e7,1074.8619142059026,-1168.5981806384186,688.9795337650478,1.6370793606895208e8,2.3707339237485507e8,9.835522383963779e6,-3.3821571813316035e8,1.8241916156781664e8,2
67625.10148060418,7.101366063679399e7,-1.359662190995695e8,7.711538937387086e7,1069.4335297735308,-1158.2587264975828,683.1137589293879,1.6531349292257905e8,2.3580742266855013e8,1.0816189395707317e7,-3.3816938782194024e8,1.8244954148226953e8,2
68585.10148060418,7.203774009148814e7,-1.3707326646921167e8,7.776840869477308e7,1064.0771783884074,-1148.1233702327274,677.3617925628953,1.6690756022443053e8,2.345492584727111e8,1.1796785786336195e7,-3.3812084953356314e8,1.8247873014631832e8,2
69545.10148060418,7.305671125813392e7,-1.381706789923736e8,7.841595916877896e7,1058.790950688491,-1138.1849693516115,671.7196863656301,1.684903408572154e8,2.332986814737295e8,1.2777305153335845e7,-3.3807010358494556e8,1.825067273693843e8,2
70505.10148060418,7.407064056699471e7,-1.39258642459851e8,7.905814444441546e7,1053.5730070387651,-1128.4367341355392,666.1836856616549,1.7006203104608002e8,2.3205548111344433e8,1.3757741094694618e7,-3.3801715030741805e8,1.8253353296866778e8,2
71465.10148060418,7.507959271448532e7,-1.4033733630468827e8,7.969506465377456e7,1048.4215743775974,-1118.8722054323262,660.7502172801069,1.7162282066970018e8,2.308194542121028e8,1.4738087208945557e7,-3.379619900467235e8,1.8255914676914957e8,2
72425.10148060418,7.608363072563253e7,-1.41406933909546e8,8.032681658131209e7,1043.3349432221069,-1109.4852341419437,655.4158783554187,1.7317289355269828e8,2.295904046147968e8,1.571833709520819e7,-3.379046231630146e8,1.8258356860359195e8,2
73385.10148060418,7.708281601373424e7,-1.424676028951267e8,8.095349382230304e7,1038.3114648247408,-1100.269962244157,650.1774259652226,1.7471242774075115e8,2.2836814285960147e8,1.6698484353230348e7,-3.3784505003085124e8,1.826067983125397e8,2
74345.10148060418,7.807720843735807e7,-1.4351950539107242e8,8.157518693172179e7,1033.3495484734847,-1091.2208052327626,645.0317675327055,1.7624159575963262e8,2.2715248586579877e8,1.767852258342996e7,-3.377832710391989e8,1.826288357443214e8,2
75305.10148060418,7.906686635481457e7,-1.4456279829062507e8,8.219198356424874e7,1028.4476589283574,-1082.3324358345847,639.9759519274877,1.77760564859334e8,2.2594325664070642e8,1.865844538693679e7,-3.37719286591425e8,1.8264968075505003e8,2
76265.10148060418,8.005184667623177e7,-1.4559763349022925e8,8.280396860604528e7,1023.6043139871344,-1073.5997689034286,635.0071612055808,1.7926949724430853e8,2.247402840037659e8,1.9638246365634292e7,-3.376530971052972e8,1.826693332086243e8,2
77225.10148060418,8.103220491335218e7,-1.4662415811515746e8,8.341122429888403e7,1018.8180821735106,-1065.0179473898854,630.1227029347556,1.807685502907996e8,2.2354340232665154e8,2.0617919122201275e7,-3.375847030129803e8,1.8268779297672933e8,2
78185.10148060418,8.200799522716668e7,-1.476425147321463e8,8.401383035717289e7,1014.0875805412203,-1056.5823292974294,625.3200030567941,1.822578767521355e8,2.2235245128826988e8,2.1597457260153793e7,-3.375141047610332e8,1.827050599388375e8,2
79145.10148060418,8.297927047349352e7,-1.4865284154995137e8,8.461186407836677e7,1009.4114725879272,-1048.2884755437497,620.5965992426908,1.837376249528021e8,2.211672756436117e8,2.2576854383886825e7,-3.374413028104064e8,1.8272113398220927e8,2
80105.10148060418,8.394608224660483e7,-1.496552726086537e8,8.520540044722094e7,1004.7884662729944,-1040.1321386538632,615.9501347009749,1.8520793897204146e8,2.1998772500550202e8,2.3556104098716054e7,-3.373662976364386e8,1.8273601500189394e8,2
81065.10148060418,8.4908480920998e7,-1.5064993795848414e8,8.57945122343031e7,1000.2173121335394,-1032.1092522183571,611.3783524029994,1.866689588176648e8,2.1881365363837257e8,2.4535200010919653e7,-3.372890897288541e8,1.8274970290073025e8,2
82025.10148060418,8.586651569140342e7,-1.5163696382887042e8,8.637927008914883e7,995.696801493465,-1024.2159210562172,606.8790896923377,1.8812082059071591e8,2.1764492026324892e8,2.5514135727779977e7,-3.372096795917592e8,1.8276219758934715e8,2
82985.10148060418,8.682023461111541e7,-1.5261647278835636e8,8.695974262841421e7,991.2257647604342,-1016.4484120271528,602.4502732483872,1.8956365664157245e8,2.164813878732091e8,2.649290485762534e7,-3.3712806774363875e8,1.8277349898616424e8,2
83945.10148060418,8.776968462872879e7,-1.5358858389599246e8,8.753599651935247e7,986.8030698060301,-1008.8031454432671,598.0899143769408,1.9099759571802807e8,2.153229235586291e8,2.7471501009871755e7,-3.370442547173533e8,1.8278360701739237e8,2
84905.10148060418,8.87149116233582e7,-1.5455341284475115e8,8.810809655891667e7,982.4276204245936,-1001.2766870343315,593.7961046028771,1.924227631058584e8,2.1416939834157982e8,2.8449917795064602e7,-3.369582410601352e8,1.827925216170342e8,2
85865.10148060418,8.965596043841425e7,-1.555110720974772e8,8.867610574876718e7,978.0983548664867,-993.8657404249219,589.5670115422839,1.9383928076233613e8,2.1302068701879296e8,2.942814882492043e7,-3.368700273335853e8,1.828002427268844e8,2
86825.10148060418,9.059287491400552e7,-1.564616710158469e8,8.9240085366442e7,973.8142444417578,-986.5671400852652,585.4008750332752,1.9524726744312716e8,2.1187666801265195e8,3.040618771236856e7,-3.3677961411366904e8,1.8280677029653034e8,2
87785.10148060418,9.152569791803242e7,-1.5740531598277283e8,8.980009503292939e7,969.5742921904159,-979.3778447208999,581.296003506519,1.966468388229686e8,2.1073722322970966e8,3.1384028071592934e7,-3.3668700199071294e8,1.828121042833521e8,2
88745.10148060418,9.245447137603503e7,-1.5834211051866108e8,9.035619277686416e7,965.3775316157312,-972.2949310691916,577.2507705780951,1.9803810761050105e8,2.0960223792626476e8,3.2361663518073656e7,-3.365921915694003e8,1.8281624465252307e8,2
89705.10148060418,9.337923629985386e7,-1.59272155391896e8,9.090843509555334e7,961.2230254771812,-965.3155880734074,573.263611848733,1.9942118365760097e8,2.0847160058056977e8,3.3339087668628782e7,-3.364951834687679e8,1.8281919137700987e8,2
90665.10148060418,9.430003281515902e7,-1.6019554872390294e8,9.145687701302238e7,957.1098646398563,-958.4371114074655,569.3330218948007,2.007961740635355e8,2.0734520277126706e8,3.431629414145595e7,-3.363959783222015e8,1.8282094443757275e8,2
91625.10148060418,9.521690018790092e7,-1.611123860891127e8,9.200157213525926e7,953.0371669773168,-951.6568983266683,565.4575514375905,2.0216318327423906e8,2.0622293906168333e8,3.529327655617406e7,-3.362945767774317e8,1.8282150382276565e8,2
92585.10148060418,9.612987684973204e7,-1.6202276061013025e8,9.25425727028217e7,949.0040763250656,-944.9724428217148,561.6358046785402,2.0352231317699194e8,2.0510470688963613e8,3.627002853386494e7,-3.361909794965301e8,1.828208695289362e8,2
93545.10148060418,9.703900042244743e7,-1.629267630483884e8,9.30799296409613e7,945.0097614819624,-938.3813310551009,557.8664367890018,2.0487366319076115e8,2.0399040646243015e8,3.724654369711499e7,-3.3608518715590453e8,1.8281904156022584e8,2
94505.10148060418,9.794430774148843e7,-1.6382448189054817e8,9.361369260740769e7,941.0534152570578,-931.8812370606613,554.1481515440664,2.0621733035244682e8,2.028799406567438e8,3.8222815670056805e7,-3.359772004462947e8,1.8281601992856976e8,2
95465.10148060418,9.88458348785522e7,-1.647160034308899e8,9.414391003794657e7,937.1342535594669,-925.4699186885133,550.4796990907729,2.0755340939926153e8,2.017732149231268e8,3.9198838078410834e7,-3.358670200727681e8,1.8281180465369675e8,2
96425.10148060418,9.974361716334745e7,-1.6560141184992263e8,9.467062918991594e7,933.2515145290403,-919.145213779028,546.8598738417694,2.0888199284745544e8,2.0067013719484732e8,4.017460454952694e7,-3.357546467547148e8,1.828063957631293e8,2
97385.10148060418,1.0063768920453408e8,-1.6648078928942448e8,9.519389618373731e7,929.4044577057149,-912.9050365507104,543.2875124861779,2.1020317106758532e8,1.9957061780084553e8,4.1150108712426186e7,-3.3564008122584325e8,1.8279979329218313e8,2
98345.10148060418,1.015280849098834e8,-1.6735421592411226e8,9.571375604259044e7,925.5923632355479,-906.7473741880137,539.7614921100354,2.1151703235651374e8,1.984745693825663e8,4.2125344197842106e7,-3.355233242341753e8,1.827919972839671e8,2
99305.10148060418,1.0241483750569282e8,-1.682217700301264e8,9.623025273033345e7,921.8145311115487,-900.6702836161575,536.2807284192525,2.1282366300631338e8,1.9738190681445712e8,4.3100304638262644e7,-3.3540437654204124e8,1.8278300778938296e8,2
100265.10148060418,1.0329797955548789e8,-1.6908352805050415e8,9.674342918776359e7,918.0702804475312,-894.6718884509825,532.8441740585539,2.14123147370239e8,1.9629254712793398e8,4.4074983667971484e7,-3.352832389260748e8,1.8277282486712494e8,2
101225.10148060418,1.0417754297804224e8,-1.699395646578048e8,9.725332736730772e7,914.3589487833063,-888.7503761127515,529.4508170203427,2.1541556792592078e8,1.9520640943862706e8,4.504937492308974e7,-3.3515991217720836e8,1.8276144858367944e8,2
102185.10148060418,1.0505355906474504e8,-1.7078995281403825e8,9.775998826622637e7,910.6798914196294,-882.9039950936128,526.0996791378695,2.1670100533592296e8,1.9412341487673214e8,4.6023472041617446e7,-3.350343971006675e8,1.827488790133246e8,2
103145.10148060418,1.0592605849634361e8,-1.7163476382804054e8,9.826345195840943e7,907.0324807814047,-877.131052369185,522.7898146574912,2.179795385058029e8,1.9304348652030405e8,4.699726866347507e7,-3.349066945159658e8,1.827351162381296e8,2
104105.10148060418,1.0679507135908778e8,-1.724740674104298e8,9.876375762483735e7,903.4161058077326,-871.4299109454014,519.5203088851752,2.1925124463979715e8,1.9196654933133855e8,4.797075843054521e7,-3.3477680525689965e8,1.8272016034795445e8,2
105065.10148060418,1.0766062716030093e8,-1.7330793172626922e8,9.926094358277676e7,899.8301713674621,-865.7989875323804,516.2902769027451,2.2051619929425478e8,1.9089253009449768e8,4.894393498671381e7,-3.346447301715426e8,1.8270401144044933e8,2
106025.10148060418,1.085227548434018e8,-1.741364234455543e8,9.97550473137754e7,896.2740976989837,-860.2367503376628,513.0988623496796,2.217744764289295e8,1.8982135735834348e8,4.9916791977911994e7,-3.345104701222398e8,1.8268666962105364e8,2
106985.10148060418,1.0938148280239962e8,-1.7495960779163644e8,1.0024610549051766e8,892.7473198730696,-854.7417169716925,509.94523626656536,2.2302614845623714e8,1.8875296137895283e8,5.088932305215729e7,-3.343740259856028e8,1.826681350029957e8,2
107945.10148060418,1.1023683889588414e8,-1.7577754858768684e8,1.0073415400259769e8,889.2492872776278,-849.3124524589012,506.82859599657115,2.242712862885777e8,1.8768727406579283e8,5.186152185959524e7,-3.342353986525031e8,1.8264840770729187e8,2
108905.10148060418,1.1108885046053119e8,-1.7659030830129924e8,1.0121922798126473e8,885.7794631233023,-843.9475673482169,503.748164141559,2.2550995938381606e8,1.8662422892974415e8,5.283338205254084e7,-3.34094589028067e8,1.826274878627456e8,2
109865.10148060418,1.119375443241431e8,-1.773979480873242e8,1.0170136182319103e8,882.3373239689068,-838.6457159172289,500.7031875696747,2.2674223578901026e8,1.8556376103316644e8,5.380489728551996e7,-3.3395159803166944e8,1.82605375605947e8,2
110825.10148060418,1.127829468182428e8,-1.7820052782902202e8,1.0218058921331063e8,878.9223592657313,-833.4055944646301,497.6929364714701,2.2796818218247053e8,1.8450580694190472e8,5.477606121531068e7,-3.338064265969278e8,1.8258207108127135e8,2
111785.10148060418,1.1362508379023904e8,-1.7899810617761704e8,1.0265694314677425e8,875.5340709198151,-828.2259396859151,494.7167034618072,2.2918786391422865e8,1.8345030467914346e8,5.574686750098501e7,-3.336590756716961e8,1.8255757444087875e8,2
112745.10148060418,1.1446398061517976e8,-1.7979074059033036e8,1.0313045595006296e8,872.1719728713256,-823.1055271276423,491.77380272497163,2.304013450449916e8,1.823971936810183e8,5.671730980394993e7,-3.335095462180588e8,1.825318858447128e8,2
113705.10148060418,1.1529966220710944e8,-1.8057848736696482e8,1.0360115930130081e8,868.8355906902257,-818.0431697158755,488.8635692005922,2.3160868838365054e8,1.8134641475390136e8,5.7687381787989035e7,-3.333578392123243e8,1.8250500546049953e8,2
114665.10148060418,1.1613215303004594e8,-1.813614016851111e8,1.0406908424980482e8,865.5244611874576,-813.0377163547039,485.98535780811756,2.3280995552341178e8,1.802979100332814e8,5.865707711930369e7,-3.3320395564501864e8,1.8247693346374652e8,2
115625.10148060418,1.1696147710859108e8,-1.8213953763404068e8,1.0453426123490793e8,862.2381320409087,-808.0880505910034,483.1385427077456,2.3400520687661225e8,1.792516229441627e8,5.962638946655464e7,-3.3304789652087903e8,1.8244767003774154e8,2
116585.10148060418,1.1778765803818908e8,-1.829129482473471e8,1.0499672010408923e8,858.9761614354618,-803.1930893418464,480.3225165958345,2.351945017082807e8,1.7820749816291296e8,6.0595312500903144e7,-3.328896628588476e8,1.8241721537355158e8,2
117545.10148060418,1.1861071899504584e8,-1.836816855343943e8,1.0545649013044369e8,855.7381177164708,-798.3517816811955,477.53669003294794,2.363778981684989e8,1.7716548158049127e8,6.1563839896052375e7,-3.327292556920643e8,1.823855696700213e8,2
118505.10148060418,1.1943068274572186e8,-1.844458005106276e8,1.0591360002952158e8,852.5235790560308,-793.5631076827258,474.78049080280374,2.375554533236191e8,1.761255202669943e8,6.253196532828866e7,-3.3256667606786025e8,1.82352733133772e8,2
119465.10148060418,1.2024757165641063e8,-1.8520534322679922e8,1.0636807797556683e8,849.3321331314481,-788.8260773158196,472.0533633005018,2.387272231863867e8,1.7508756243745956e8,6.349968247652296e7,-3.324019250477512e8,1.8231870597920012e8,2
120425.10148060418,1.210614077019139e8,-1.8596036279715848e8,1.0681995161718145e8,846.1633768153401,-784.1397293919582,469.35476794850746,2.398932627450167e8,1.740515574188687e8,6.4466985022331834e7,-3.3223500370743024e8,1.8228348842847598e8,2
121385.10148060418,1.2187221247432494e8,-1.867109074266538e8,1.0726924809244202e8,843.0169158768263,-779.5031305589077,466.68418063895933,2.4105362599127117e8,1.730174556182967e8,6.543386664999901e7,-3.3206591313676095e8,1.822470807115421e8,2
122345.10148060418,1.2268000719142999e8,-1.8745702443719095e8,1.0771599404349305e8,839.892364693297,-774.9153743402532,464.0410922009586,2.422083659475788e8,1.7198520849215654e8,6.6400321046556406e7,-3.3189465443977034e8,1.8220948306611198e8,2
123305.10148060418,1.2348481270483792e8,-1.881987602929901e8,1.0816021563064013e8,836.7893459722694,-770.3755802179834,461.42500789157634,2.433575346932399e8,1.7095476851648855e8,6.73663419018254e7,-3.3172122873464143e8,1.821706957376683e8,2
124265.10148060418,1.2428664950784749e8,-1.8893616062508187e8,1.0860193854596567e8,833.707490482864,-765.8828927559712,458.83544690939294,2.44501183389755e8,1.6992608915825114e8,6.833192290845811e7,-3.3154563715370625e8,1.8213071897946146e8,2
125225.10148060418,1.2508553774306129e8,-1.8966927025498107e8,1.0904118802648774e8,830.6464367964589,-761.4364807623153,456.271941929452,2.4563936230531508e8,1.6889912484756556e8,6.929705776197852e7,-3.31367880843438e8,1.8208955305250797e8,2
126185.10148060418,1.2588149720975493e8,-1.9039813321757373e8,1.094779888668825e8,827.6058310360962,-757.03553648864,453.73403865858023,2.4677212083848765e8,1.6787383095087612e8,7.026174016082354e7,-3.311879609644443e8,1.820471982255885e8,2
127145.10148060418,1.2667454737100971e8,-1.9112279278325278e8,1.0991236543178909e8,824.5853266342366,-752.6792748645536,451.2212954100838,2.4789950754113466e8,1.6685016374498355e8,7.122596380638434e7,-3.310058786914586e8,1.8200365477524644e8,2
128105.10148060418,1.2746470736061664e8,-1.9184329147933483e8,1.1034434166771503e8,821.5845840984753,-748.3669327655783,448.7332826968919,2.4902157014059207e8,1.6582808039191544e8,7.21897224030474e7,-3.308216352133334e8,1.8195892298578593e8,2
129065.10148060418,1.2825199598975904e8,-1.9255967111078978e8,1.1077394111455971e8,818.6032707848494,-744.0977683129606,446.26958284227004,2.5013835556114334e8,1.6480753891459665e8,7.315300965823549e7,-3.3063523173303217e8,1.8191300314926985e8,2
130025.10148060418,1.2903643175348127e8,-1.9327197278031272e8,1.1120118691677213e8,815.6410606783854,-739.871060203863,443.82978960727996,2.512499099448156e8,1.637884981732863e8,7.4115819282449e7,-3.304466694676213e8,1.8186589556551832e8,2
130985.10148060418,1.2981803283694993e8,-1.9398023690776706e8,1.1162610183415881e8,812.6976341805447,-735.6861070705284,441.41350783420586,2.5235627867152578e8,1.627709178427473e8,7.507814498930676e7,-3.302559496482625e8,1.8181760054210642e8,2
131945.10148060418,1.3059681712151426e8,-1.946845032490256e8,1.1204870825235671e8,809.7726779032474,-731.5422268670873,439.0203531052165,2.534575063786046e8,1.6175475839011905e8,7.603998049558724e7,-3.300630735202045e8,1.8176811839436218e8,2
132905.10148060418,1.3137280219057183e8,-1.9538481091423592e8,1.1246902819298553e8,806.865884469162,-727.4387562827552,436.6499514155706,2.5455363697972214e8,1.6073998105346152e8,7.700131952126957e7,-3.298680423427749e8,1.8171744944536468e8,2
133865.10148060418,1.3214600533524542e8,-1.9608119838553438e8,1.1288708332349305e8,803.9769523179602,-723.3750501802417,434.3019388607161,2.556447136832411e8,1.5972654782094452e8,7.796215578957444e7,-3.2967085738937235e8,1.8166559402594185e8,2
134825.10148060418,1.3291644355987659e8,-1.9677370353423294e8,1.1330289496670637e8,801.1055855182562,-719.3504810582579,431.9759613366667,2.5673077901001897e8,1.587144214106526e8,7.892248302700517e7,-3.294715199474576e8,1.8161255247466835e8,2
135785.10148060418,1.3368413358734143e8,-1.974623636375009e8,1.1371648411010174e8,798.25149358495,-715.3644385370744,429.6716742530792,2.5781187481068286e8,1.5770356525098193e8,7.988229496338862e7,-3.292700313185458e8,1.8155832513786337e8,2
136745.10148060418,1.344490918641933e8,-1.9814721539456365e8,1.141278714148049e8,795.4143913017116,-711.4163288661427,427.3887422584836,2.5888804228239697e8,1.56693943461602e8,8.084158533191623e7,-3.290663928181973e8,1.8150291236958823e8,2
137705.10148060418,1.3521133456563765e8,-1.988282949424386e8,1.1453707722433311e8,792.593998548352,-707.505574452849,425.12683897715243,2.5995932198514414e8,1.556855208349613e8,8.180034786918479e7,-3.288606057760096e8,1.8144631453164423e8,2
138665.10148060418,1.3597087760034332e8,-1.9950563787122896e8,1.1494412157309005e8,789.7900401328336,-703.6316134115206,422.88564675712223,2.610257538575393e8,1.54678262818311e8,8.275857631523743e7,-3.2865267153560853e8,1.813885319935703e8,2
139625.10148060418,1.3672773661509475e8,-2.001792792389937e8,1.1534902419462404e8,787.0022456276797,-699.7938991318631,420.66485642891035,2.6208737723219544e8,1.5367213549622712e8,8.371626441360448e7,-3.284425914546392e8,1.8132956513264045e8,2
140585.10148060418,1.3748192699928907e8,-2.0084925358621207e8,1.157518045296594e8,784.2303492105578,-695.9918998660461,418.4641670744953,2.631442308506578e8,1.5266710557360962e8,8.46734059113443e7,-3.2823036690475744e8,1.8126941433386135e8,2
141545.10148060418,1.3823346388928202e8,-2.015155949498607e8,1.161524817339111e8,781.4740895088091,-692.2250983337041,416.28328580615323,2.6419635287792438e8,1.5166314035913795e8,8.562999455908413e7,-3.280159992716208e8,1.8120807998996988e8,2
142505.10148060418,1.3898236217258665e8,-2.0217833687711978e8,1.165510746856913e8,778.7332094477109,-688.4929913441657,414.121927554768,2.652437809165706e8,1.5066020774916422e8,8.658602411106089e7,-3.277994899548795e8,1.8114556250143057e8,2
143465.10148060418,1.3972863649192783e8,-2.0283751243872434e8,1.1694760199331741e8,776.007456102259,-684.7950894352589,411.9798148672538,2.662865520204898e8,1.496582762120254e8,8.754148832516189e7,-3.2758084036816716e8,1.8108186227643284e8,2
144425.10148060418,1.4047230124915627e8,-2.0349315424197662e8,1.1734208200232969e8,773.2965805522682,-681.1309165280832,409.8566777127505,2.6732470270826972e8,1.486573147727565e8,8.849638096296576e7,-3.273600519390916e8,1.8101697973088852e8,2
145385.10148060418,1.4121337060902467e8,-2.0414529444343463e8,1.1773453280252697e8,770.6003377405891,-677.5000095971766,407.75225329727175,2.683582689762156e8,1.476572929981881e8,8.945069578978291e7,-3.2713712610922587e8,1.8095091528842908e8,2
146345.10148060418,1.4195185850282955e8,-2.0479396476129094e8,1.1812497223482837e8,767.9184863342471,-673.9019183555382,405.66628588650684,2.693872863110355e8,1.4665818098241055e8,9.040442657469654e7,-3.2691206433409816e8,1.808836693804027e8,2
147305.10148060418,1.426877786319208e8,-2.054391964874563e8,1.1851341789796865e8,765.2507885883116,-670.3362049540015,403.5985266364934,2.7041178970220184e8,1.4565994933259076e8,9.135756709060314e7,-3.266848680831829e8,1.8081524244587177e8,2
148265.10148060418,1.4342114447108194e8,-2.0608102049936122e8,1.1889988715503477e8,762.5970102123101,-666.8024436944895,401.5487334318973,2.7143181365400016e8,1.446625691551243e8,9.231011111425312e7,-3.2645553883989096e8,1.807456349316097e8,2
149225.10148060418,1.4415196927178314e8,-2.067194672714886e8,1.1928439713985065e8,759.9569202390005,-663.3002207567079,399.51667073165163,2.724473921972801e8,1.4366601204210913e8,9.326205242629161e7,-3.2622407810156e8,1.806748472920982e8,2
150185.10148060418,1.4488026606530952e8,-2.073545668866507e8,1.196669647632173e8,757.3302908953212,-659.829133937865,397.5021094217241,2.7345855890091836e8,1.4267025005812576e8,9.42133848112989e7,-3.2599048737944436e8,1.8060287998952428e8,2
151145.10148060418,1.456060476657663e8,-2.0798634904702196e8,1.2004760671901481e8,754.7168974753394,-656.3887924050389,395.50482667479577,2.744653468830069e8,1.4167525572731113e8,9.516410205783112e7,-3.257547681987058e8,1.8052973349377716e8,2
152105.10148060418,1.463293266729631e8,-2.0861484308493993e8,1.2042633949017297e8,752.1165182150197,-652.9788164598328,393.524605816652,2.754677888217767e8,1.4068100202071136e8,9.611419795846073e7,-3.255169220984031e8,1.804554082824453e8,2
153065.10148060418,1.4705011547517878e8,-2.0924007797348666e8,1.2080317935451671e8,749.5289341686369,-649.5988373149929,391.5612361990976,2.764659169662688e8,1.396874623439007e8,9.706366630981712e7,-3.252769506314821e8,1.8037990484081325e8,2
154025.10148060418,1.47768426251808e8,-2.098620823368606e8,1.2117814239049265e8,746.9539290866553,-646.2484968826845,389.6145130792234,2.774597631467617e8,1.386946105248546e8,9.801250091262707e7,-3.2503485536476576e8,1.803032236618584e8,2
154985.10148060418,1.484842709758918e8,-2.1048088446055093e8,1.215512444827827e8,744.3912892949023,-642.9274475741502,387.6842375048664,2.7844935878496754e8,1.377024208020636e8,9.896069557175523e7,-3.247906378789435e8,1.8022536524624786e8,2
155945.10148060418,1.491976614165322e8,-2.1109651230132514e8,1.219225013278106e8,741.8408035748574,-639.6353521104959,385.770216206117,2.794347349040044e8,1.367108678128765e8,9.990824409624459e7,-3.2454429976856124e8,1.8014633010233516e8,2
156905.10148060418,1.4990860914119262e8,-2.1170899349703988e8,1.222919284391472e8,739.3022630448806,-636.3718833443777,383.8722614927394,2.8041592213815683e8,1.3571992658206102e8,1.0085514029935682e8,-3.2429584264201105e8,1.8006611874615696e8,2
157865.10148060418,1.5061712551788464e8,-2.1231835537628612e8,1.2265954115282004e8,736.7754610422044,-633.1367240923809,381.9901911573858,2.81392950742432e8,1.3472957251056975e8,1.018013779986128e8,-3.2404526812152034e8,1.7998473170142964e8,2
158825.10148060418,1.5132322171724156e8,-2.129246249678781e8,1.2302535463253269e8,734.2601930055068,-629.9295669779127,380.1238283844959,2.8236585060192144e8,1.3373978136450133e8,1.0274695101583293e8,-3.237925778431414e8,1.7990216949954584e8,2
159785.10148060418,1.5202690871447974e8,-2.135278290101967e8,1.2338938387479946e8,731.7562563578864,-626.7501142844459,378.27300166478517,2.833346512409778e8,1.3275052926424477e8,1.0369185317717741e8,-3.2353777345674074e8,1.7981843267957106e8,2
160745.10148060418,1.527281972912475e8,-2.141279939603968e8,1.2375164371400051e8,729.2634503900514,-623.5980778189783,376.43754471523886,2.8429938183221406e8,1.3176179267379645e8,1.0463607831318659e8,-3.232808566259885e8,1.7973352178824016e8,2
161705.10148060418,1.5342709803736198e8,-2.1472514600348827e8,1.2411214882736287e8,726.7815761435365,-620.4731787855941,374.61729640453865,2.8526007120533425e8,1.3077354839023927e8,1.0557962025882125e8,-3.230218290283472e8,1.7964743737995377e8,2
162665.10148060418,1.5412362135243383e8,-2.1531931106130055e8,1.2447091373987243e8,724.3104362937543,-617.3751476690335,372.81210068386264,2.862167478558043e8,1.2978577353337269e8,1.0652247285350291e8,-3.2276069235506094e8,1.7956018001677454e8,2
163625.10148060418,1.548177774473794e8,-2.159105148013401e8,1.2482795282912205e8,721.8498350326817,-614.3037241282043,371.0218065230097,2.8716943995337117e8,1.2879844553548495e8,1.0746462994115396e8,-3.224974483111447e8,1.794717502684237e8,2
164585.10148060418,1.5550957634582025e8,-2.1649878264555058e8,1.251832803301009e8,719.3995779509833,-611.2586568995873,369.2462678518128,2.8811817535043657e8,1.2781154213125452e8,1.0840608537023796e8,-3.222320986153726e8,1.793821487122772e8,2
165545.10148060418,1.5619902788536888e8,-2.1708413977898479e8,1.2553691033993004e8,716.9594719193553,-608.2397037105117,367.48534350681587,2.890629815902966e8,1.2682504134777357e8,1.0934683299379963e8,-3.2196464500026715e8,1.7929137593336192e8,2
166505.10148060418,1.5688614171880028e8,-2.1766661115839815e8,1.258888568225494e8,714.5293249688802,-605.2466312023033,365.7388971832027,2.9000388591525084e8,1.2583892149468082e8,1.102868666695052e8,-3.2169508921208775e8,1.7919943252435187e8,2
167465.10148060418,1.5757092731510788e8,-2.1824622152077347e8,1.2623913361336112e8,712.1089461701627,-602.2792148633271,364.00679739197835,2.9094091527459174e8,1.248531611543952e8,1.1122618025968236e8,-3.214234330108194e8,1.7910631908556443e8,2
168425.10148060418,1.5825339396044314e8,-2.1882299539178562e8,1.2658775442383425e8,709.6981455110158,-599.3372389719723,362.2889174224151,2.918740963324807e8,1.2386773917243958e8,1.1216476763136037e8,-3.211496781701609e8,1.790120362249563e8,2
169385.10148060418,1.589335507589365e8,-2.193969570942168e8,1.2693473284607598e8,707.296733772456,-596.4204965496559,360.58513530978985,2.92803455475718e8,1.2288263464784475e8,1.1310262265631023e8,-3.2087382647751373e8,1.7891658455811957e8,2
170345.10148060418,1.5961140663339856e8,-2.1996813075633118e8,1.272800823573745e8,704.9045224027486,-593.5287893239416,358.89533380845023,2.937290188214147e8,1.2189782692362343e8,1.1403973921108447e8,-3.2059587973397005e8,1.7881996470827776e8,2
171305.10148060418,1.602869703258994e8,-2.205365403202194e8,1.2762381632471842e8,702.5213233892418,-590.6619277018996,357.2194003702641,2.9465081222457296e8,1.2091329557730393e8,1.1497611117705727e8,-3.20315839754301e8,1.7872217730628157e8,2
172265.10148060418,1.609602503982236e8,-2.2110220955012205e8,1.2796594800929837e8,700.146949127709,-587.8197307538636,355.55722712851855,2.9556886128558433e8,1.199290204115139e8,1.1591173244046435e8,-3.20033708366945e8,1.78623222990605e8,2
173225.10148060418,1.6163125523219842e8,-2.2166516204074296e8,1.2830649057099552e8,697.7812122889054,-585.0020262077652,353.9087108873489,2.964831913576498e8,1.1894498144460292e8,1.1684659689244302e8,-3.197494874139957e8,1.7852310240734106e8,2
174185.10148060418,1.6229999302989253e8,-2.2222542122556195e8,1.2864545707286283e8,695.423925682031,-582.2086504542593,352.27375311679685,2.9739382755413234e8,1.1796115890129416e8,1.1778069842907187e8,-3.1946317875118977e8,1.7842181621019748e8,2
175145.10148060418,1.6296647181368214e8,-2.2278301038515806e8,1.2898286048560421e8,693.0749021147719,-579.439448562885,350.65225995360936,2.983007947558481e8,1.169775332033542e8,1.1871403095141071e8,-3.19174784247895e8,1.7831936506049263e8,2
176105.10148060418,1.6363069942618066e8,-2.2333795265555346e8,1.2931871369205733e8,690.7339542495763,-576.6942743095402,349.0441422079086,2.992041176183033e8,1.1599408496027035e8,1.1964658836554056e8,-3.188843057870982e8,1.7821574962715098e8,2
177065.10148060418,1.642926835300289e8,-2.2389027103658944e8,1.2965302949168554e8,688.4008944557978,-573.9729902155835,347.44931537588076,3.001038205788846e8,1.1501079495992443e8,1.2057836458260307e8,-3.1859174526539284e8,1.7811097058669895e8,2
178025.10148060418,1.649524316075407e8,-2.2443998840034553e8,1.2998582060508525e8,686.0755346573176,-571.2754675989119,345.86769965865074,3.0099992786401135e8,1.1402764415925105e8,1.2150935351884063e8,-3.182971045929663e8,1.7800502862326032e8,2
178985.10148060418,1.6560995096020034e8,-2.249871274996136e8,1.3031709967851408e8,683.7576861752322,-568.6015866374066,344.29921998752775,3.018924634962563e8,1.1304461367487052e8,1.2243954909563588e8,-3.180003856935879e8,1.7789792442855185e8,2
179945.10148060418,1.6626524870800614e8,-2.2553171097643915e8,1.3064687928844666e8,681.4471595651657,-565.9512364451771,342.7438060558309,3.0278145130144334e8,1.1206168477368273e8,1.2336894523955147e8,-3.1770159050459605e8,1.777896587018788e8,2
180905.10148060418,1.6691833178865525e8,-2.2607376137074178e8,1.309751719461642e8,679.1437644487388,-563.3243151620819,341.2013923575233,3.036669149157305e8,1.110788388634108e8,1.2429753588236976e8,-3.1740072097688574e8,1.776802321501302e8,2
181865.10148060418,1.6756920695656353e8,-2.266133011290286e8,1.3130199010238439e8,676.847309338688,-560.7207300570487,339.6719182329095,3.045488777926851e8,1.1009605748308185e8,1.2522531496113236e8,-3.170977790748957e8,1.7756964548777446e8,2
182825.10148060418,1.682178807817144e8,-2.2715035261321315e8,1.3162734615193874e8,674.5576014571018,-558.1403976457714,338.1553279216744,3.054273632103611e8,1.0911332229343171e8,1.2615227641817975e8,-3.1679276677659553e8,1.7745789943685445e8,2
183785.10148060418,1.688643596483297e8,-2.2768493810955518e8,1.3195125243850452e8,672.2744465461964,-555.5832438234132,336.65157062357184,3.063023942783866e8,1.0813061506722029e8,1.2707841420119075e8,-3.1648568607347316e8,1.7734499472698316e8,2
184745.10148060418,1.6950864975335467e8,-2.2821707983773443e8,1.3227372125939879e8,669.9976486710121,-553.0492040130076,335.16060056709705,3.0717399394506896e8,1.0714791767944273e8,1.280037222632223e8,-3.161765389705211e8,1.7723093209533837e8,2
185705.10148060418,1.7015075710475004e8,-2.287467999600756e8,1.325947648704422e8,667.7270100133676,-550.5382233303075,333.6823770865122,3.080421850045298e8,1.0616521209742406e8,1.289281945627486e8,-3.1586532748622423e8,1.771157122866585e8,2
186665.10148060418,1.7079068751958135e8,-2.292741205909389e8,1.32914395490901e8,665.4623306563573,-548.0502567659066,332.2168647076256,3.089069901038757e8,1.0518248037077938e8,1.2985182506370074e8,-3.1555205365254605e8,1.7699933605323717e8,2
187625.10148060418,1.7142844662189654e8,-2.297990638062951e8,1.3323262530851576e8,663.2034083586223,-545.5852693855277,330.76403324276293,3.0976843175041723e8,1.0419970462122537e8,1.3077460773550619e8,-3.152367195149155e8,1.768818041549187e8,2
188585.10148060418,1.72064039840382e8,-2.3032165165350085e8,1.335494664846259e8,660.9500383175655,-543.1432365494525,329.3238578954082,3.1062653231894463e8,1.0321686703222695e8,1.316965365531279e8,-3.149193271322138e8,1.767631173590929e8,2
189545.10148060418,1.7269747240578517e8,-2.308419061612952e8,1.3386493115939943e8,658.7020129206143,-540.7241441521563,327.89631937503515,3.1148131405907196e8,1.022339498384601e8,1.3261760549710397e8,-3.1459987857676053e8,1.7664327644069016e8,2
190505.10148060418,1.733287493480925e8,-2.3135984935003582e8,1.3417903145717815e8,656.4591214835627,-538.327988883303,326.4814040226955,3.123327991026596e8,1.0125093531507453e8,1.3353780855358668e8,-3.1427837593430096e8,1.7652228218217626e8,2
191465.10148060418,1.739578754934495e8,-2.318755032421966e8,1.344917794919487e8,654.2211499749455,-535.9547785113555,325.0791039479815,3.1318100947132736e8,1.0026780576673537e8,1.344571397143819e8,-3.139548213039916e8,1.7640013537354764e8,2
192425.10148060418,1.7458485546080932e8,-2.3238888987314907e8,1.348031873729509e8,651.9878807253075,-533.604532191176,323.6894171780354,3.140259670840706e8,9.928454351642478e7,1.3537559297698835e8,-3.136292167983869e8,1.7627683681232572e8,2
193385.10148060418,1.7520969365829387e8,-2.32900031302251e8,1.3511326721043533e8,649.7590921201371,-531.277280797098,322.3123478193354,3.148676937649904e8,9.830113089398186e7,1.362931623446366e8,-3.1330156454342514e8,1.7615238730355206e8,2
194345.10148060418,1.7583239427925244e8,-2.3340894962426797e8,1.3542203112158242e8,647.5345582751269,-528.9730672830975,320.947906233056,3.157062112511528e8,9.731755022435828e7,1.3720984182632846e8,-3.1297186667841506e8,1.7602678765978298e8,2
195305.10148060418,1.764529612979991e8,-2.3391566698115382e8,1.357294912365968e8,645.3140486923063,-526.6919470718223,319.59610922486814,3.1654154120059067e8,9.633378381556639e7,1.381256254368759e8,-3.1264012535602164e8,1.759000387010843e8,2
196265.10148060418,1.7707139846521044e8,-2.3442020557421985e8,1.360356597049915e8,643.0973278954655,-524.4339884744043,318.25698025012423,3.1737370520046127e8,9.534981394629297e7,1.3904050719694033e8,-3.1230634274225175e8,1.7577214125502586e8,2
197225.10148060418,1.7768770930296233e8,-2.3492258767672223e8,1.3634054870207638e8,640.8841550431458,-522.1992731431468,316.9305496354549,3.1820272477537847e8,9.43656228531545e7,1.3995448113307145e8,-3.1197052101644045e8,1.7564309615667635e8,2
198185.10148060418,1.783018970993841e8,-2.3542283564690065e8,1.36644170435668e8,638.6742835173173,-519.9878965593664,315.6168548178995,3.190286213959324e8,9.338119271756306e7,1.4086754127774632e8,-3.116326623712365e8,1.7551290424859753e8,2
199145.10148060418,1.7891396490290502e8,-2.359209719415036e8,1.369465371530379e8,636.467460485689,-517.7999685588793,314.315940602791,3.1985141648741645e8,9.239650565217414e7,1.4177968166940835e8,-3.1129276901258826e8,1.753815663808391e8,2
200105.10148060418,1.7952391551606724e8,-2.364170191298366e8,1.3724766114811784e8,634.2634264354099,-515.6356138978441,313.02785944172854,3.206711314387801e8,9.14115436868833e7,1.4269089635250622e8,-3.109508431597289e8,1.7524908341093284e8,2
201065.10148060418,1.8013175148887622e8,-2.3691099990837473e8,1.3754755476898223e8,632.0619146757035,-513.494972861925,311.75267173209284,3.2148778761182517e8,9.042628875433815e7,1.4360117937753266e8,-3.106068870451623e8,1.751154562038872e8,2
202025.10148060418,1.8073747511165792e8,-2.374029371159819e8,1.37846230425629e8,629.8626508067453,-511.3782019220125,310.49044613969244,3.223014063506687e8,8.944072267492805e7,1.4451052480106357e8,-3.102609029146484e8,1.7498068563218156e8,2
202985.10148060418,1.8134108840738848e8,-2.3789285374978313e8,1.3814370059808213e8,627.6653521518315,-509.2854744400406,309.24125994627894,3.231120089914952e8,8.845482714121345e7,1.4541892668579647e8,-3.099128930271885e8,1.7484477257576054e8,2
203945.10148060418,1.8194259312346005e8,-2.3838077298174027e8,1.384399778448403e8,625.4697271495995,-507.2169814287743,308.0051994238296,3.2391961687261826e8,8.746858370175149e7,1.4632637910058957e8,-3.095628596550102e8,1.7470771792202836e8,2
204905.10148060418,1.8254199072284266e8,-2.3886671817598456e8,1.387350748116986e8,623.2754747027337,-505.17293236980714,306.7823602376776,3.2472425134488326e8,8.648197374427469e7,1.4723287612050027e8,-3.092108050835532e8,1.745695225658429e8,2
205865.10148060418,1.83139282374598e8,-2.3935071290696436e8,1.390290042409721e8,621.082283479236,-503.15355609441815,305.5728478807685,3.2552593378243226e8,8.54949784781729e7,1.4813841182682386e8,-3.0885673161145383e8,1.744301874095099e8,2
206825.10148060418,1.837344689436986e8,-2.3983278097847056e8,1.393217789811521e8,618.8898311619356,-501.1591017323879,304.3767781415406,3.263246855938653e8,8.45075789162277e7,1.4904298030713254e8,-3.085006415505302e8,1.7428971336277714e8,2
207785.10148060418,1.8432755098009902e8,-2.4031294644360772e8,1.3961341199702868e8,616.697783641467,-499.18983973437304,303.19427760817223,3.2712052823382556e8,8.351975585554388e7,1.499465756553133e8,-3.081425372257674e8,1.7414810134282842e8,2
208745.10148060418,1.8491852870700377e8,-2.4079123362578458e8,1.3990391638031644e8,614.5057941474442,-497.24606297399504,302.02548421220763,3.279134832150461e8,8.253148985761644e7,1.5084919197160745e8,-3.077824209753015e8,1.740053522742776e8,2
209705.10148060418,1.855074020082687e8,-2.4126766714080337e8,1.401933053608216e8,612.313502311996,-495.3280879364171,300.870547814876,3.2870357212089103e8,8.154276122747199e7,1.51750823362648e8,-3.074202951504056e8,1.7386146708916262e8,2
210665.10148060418,1.8609417041486877e8,-2.4174227192013463e8,1.4048159231819472e8,610.120533159201,-493.4362560008681,299.7296308397484,3.2949081661843204e8,8.055354999181065e7,1.5265146394149917e8,-3.0705616211547315e8,1.737164467269392e8,2
211625.10148060418,1.866788330903567e8,-2.4221507323547179e8,1.4076879079431385e8,607.9264960132513,-491.5709348253423,298.60290895575565,3.3027523847210234e8,7.95638358760774e7,1.5355110782769424e8,-3.066900242480033e8,1.7357029213447505e8,2
212585.10148060418,1.87261388815232e8,-2.4268609672466728e8,1.4105491450634983e8,605.7309833173786,-489.7325198425568,297.49057181499893,3.310568595579733e8,7.857359828037988e7,1.5444974914727417e8,-3.063218839385851e8,1.7342300426604345e8,2
213545.10148060418,1.8784183597012925e8,-2.4315536841916272e8,1.41339977360568e8,603.5335693546828,-487.9214358772058,296.39282385025297,3.318357018787033e8,7.758281625416495e7,1.553473820328257e8,-3.059517435908821e8,1.7327458408331695e8,2
214505.10148060418,1.884201725177277e8,-2.4362291477303377e8,1.416239934669261e8,601.3338088609876,-486.13813889562226,295.3098851375799,3.3261178757921034e8,7.659146846955961e7,1.562440006235201e8,-3.0557960562161624e8,1.7312503255536136e8,2
215465.10148060418,1.8899639598327288e8,-2.4408876269378343e8,1.4190697715453413e8,599.1312355187076,-484.38311790015763,294.2419923300508,3.333851389631298e8,7.559953319327395e7,1.5713959906515098e8,-3.0520547246055275e8,1.7297435065862924e8,2
216425.10148060418,1.8957050343359047e8,-2.445529395750286e8,1.4218894298804736e8,596.9253603194139,-482.65689698193796,293.1893996692267,3.3415577851011527e8,7.460698825695233e7,1.5803417151017284e8,-3.0482934655048335e8,1.728225393769535e8,2
217385.10148060418,1.9014249145445958e8,-2.4501547333123946e8,1.4246990578507048e8,594.7156697813194,-480.9600375471726,292.15238008178164,3.34923728894054e8,7.361381102585511e7,1.5892771211773902e8,-3.0445123034721124e8,1.726695997015411e8,2
218345.10148060418,1.9071235612619922e8,-2.45476392434706e8,1.4274988063465858e8,592.5016240062317,-479.2931407338978,291.1312263694744,3.356890130022682e8,7.261997836573553e7,1.5982021505373996e8,-3.040711263195345e8,1.7251553263096645e8,2
219305.10148060418,1.912800929973055e8,-2.4593572595492357e8,1.4302888291700923e8,590.282654558629,-477.6568500379662,290.1262525016067,3.364516539557848e8,7.162546660777071e7,1.6071167449084142e8,-3.036890369492301e8,1.7236033917116505e8,2
220265.10148060418,1.9184569705595967e8,-2.4639350360060796e8,1.4330692832444817e8,588.05816214734,-476.0518541692695,289.1377950201521,3.372116751307574e8,7.063025151138979e7,1.6160208460852212e8,-3.0330496473103774e8,1.7220402033542672e8,2
221225.10148060418,1.9240916269920692e8,-2.4684975576457232e8,1.4358403288382262e8,585.8275140878394,-474.4788901616492,288.16621456892796,3.3796910018114007e8,6.963430822482856e7,1.6249143959311217e8,-3.029189121726436e8,1.7204657714438915e8,2
222185.10148060418,1.9297048369958425e8,-2.4730451357172185e8,1.438602129804275e8,583.590041520333,-472.9387467627448,287.2118975595255,3.387239530627135e8,6.863761124322467e7,1.6337973363783082e8,-3.0253088179466385e8,1.7188801062603113e8,2
223145.10148060418,1.935296531689491e8,-2.477578089304486e8,1.441354853836016e8,581.3450363555575,-471.43226813320706,286.2752579882389,3.394762580585777e8,6.764013436405066e7,1.6426696094282442e8,-3.0214087613062835e8,1.7172832181566605e8,2
224105.10148060418,1.9408666351923287e8,-2.4820967458773914e8,1.4440986727414727e8,579.0917479164774,-469.9603578883205,285.356739419968,3.402260398062374e8,6.6641850639660686e7,1.651531157152043e8,-3.017488977269637e8,1.715675117559347e8,2
225065.10148060418,1.9464150641980994e8,-2.4866014418834123e8,1.4468337627374172e8,576.8293792397606,-468.52398351920397,284.4568171570436,3.409733233264129e8,6.564273232670979e7,1.6603819216908455e8,-3.013549491429773e8,1.7140558149679887e8,2
226025.10148060418,1.9519417275113702e8,-2.4910925233837348e8,1.449560304765272e8,574.5570829959324,-467.1241812354695,283.57600061317964,3.4171813405372864e8,6.464275083217582e7,1.669221845256198e8,-3.0095903295084006e8,1.7124253209553444e8,2
226985.10148060418,1.9574465255427396e8,-2.4955703467380524e8,1.4522784848308763e8,572.273956981359,-465.7620612766209,282.7148359153326,3.424604978694411e8,6.3641876655692175e7,1.6780508701304302e8,-3.0056115173556983e8,1.710783646167243e8,2
227945.10148060418,1.9629293497585043e8,-2.5000352793428108e8,1.454988494370424e8,569.9790391285231,-464.4388137456613,281.87390875920266,3.432004411363857e8,6.264007932786889e7,1.6868689386670315e8,-3.001613080950145e8,1.709130801322516e8,2
228905.10148060418,1.9683900820798695e8,-2.5044877004282057e8,1.4576905306451505e8,567.6713019732962,-463.1557150255046,281.05384754750276,3.4393799073634195e8,6.16373273442469e7,1.6956759932910275e8,-2.997595046398351e8,1.7074667972129244e8,2
229865.10148060418,1.9738285942261612e8,-2.5089280019198444e8,1.4603847971676317e8,565.3496465088404,-461.914134846989,280.25532684402236,3.446731741100332e8,6.063358809449531e7,1.7044719764993548e8,-2.9935574399348855e8,1.7057916447030926e8,2
230825.10148060418,1.979244746995774e8,-2.5133565893716982e8,1.4630715041629064e8,563.0128953451962,-460.71554408677434,279.4790711810155,3.45406019300001e8,5.962882778642102e7,1.713256830861239e8,-2.989500287922109e8,1.7041053547304335e8,2
231785.10148060418,1.9846383894777486e8,-2.51777388297777e8,1.4657508690680155e8,560.659785081184,-459.561523384379,278.7258592626423,3.4613655499661994e8,5.8623011364315e7,1.7220304990185687e8,-2.985423616849995e8,1.7024079383050802e8,2
232745.10148060418,1.990009358185914e8,-2.5221803186708197e8,1.4684231170739862e8,558.2889577806621,-458.45377268035196,277.9965286132241,3.468648105875437e8,5.761610242111141e7,1.7307929236862665e8,-2.9813274533359665e8,1.7006994065098122e8,2
233705.10148060418,1.99535747610641e8,-2.5265763493175384e8,1.471088481714796e8,555.8989514279654,-457.3941217924031,277.29198072606886,3.4759081621090734e8,5.660806310377678e7,1.7395440476526695e8,-2.9772118241247123e8,1.6989797704999828e8,2
234665.10148060418,2.0006825516481084e8,-2.5309624460207632e8,1.4737472055084184e8,553.4881892170018,-456.38454216360344,276.6131867767797,3.483146028126425e8,5.559885401128866e7,1.748283813779898e8,-2.973076756088018e8,1.6972490415034473e8,2
235625.10148060418,2.0059843774839422e8,-2.5353390995407125e8,1.4763995406557167e8,551.0549675043382,-455.4271599370009,275.96119397447166,3.490362022083034e8,5.458843408448954e7,1.7570121650042295e8,-2.9689222762245876e8,1.69550723082049e8,2
236585.10148060418,2.0112627292693937e8,-2.539706821848801e8,1.4790457498037052e8,548.5974422278614,-454.5242705347232,275.33713263546406,3.497556471498412e8,5.357676048702741e7,1.7657290443364725e8,-2.964748411659873e8,1.6937543498237497e8,2
237545.10148060418,2.0165173642223182e8,-2.544066147829453e8,1.4816861068805695e8,546.1136135582881,-453.67835494755394,274.74222407708726,3.50472971397817e8,5.256378847650382e7,1.7744343948623365e8,-2.9605551896458894e8,1.6919904099581444e8,2
238505.10148060418,2.021748019545863e8,-2.5484176371474418e8,1.4843208980108482e8,543.6013085096553,-452.89209797389975,274.17778944463475,3.511882097995936e8,5.154947126485765e7,1.7831281597428063e8,-2.956342637561042e8,1.6902154227407995e8,2
239465.10148060418,2.0269544106733814e8,-2.5527618763007775e8,1.486950422520352e8,541.0581611854466,-452.1684086860442,273.6452596026571,3.5190139837410915e8,5.053375986689923e7,1.7918102822145122e8,-2.9521107829099447e8,1.688429399760969e8,2
240425.10148060418,2.0321362293108523e8,-2.5570994808820385e8,1.4895749940417466e8,538.481590277267,-451.5104434478528,273.14618624330865,3.526125744039006e8,4.9516602935792e7,1.8004807055900985e8,-2.9478596533232445e8,1.686632352679963e8,2
241385.10148060418,2.0372931412483117e8,-2.561431098074409e8,1.492194941733322e8,535.8687733605543,-450.9216318632146,272.68225439001145,3.5332177653512305e8,4.8497946584140174e7,1.8091393732585967e8,-2.943589276557434e8,1.68482429323107e8,2
242345.10148060418,2.042424783907013e8,-2.5657574094126436e8,1.494810611625313e8,533.2166174436566,-450.4057061003765,272.25529650515296,3.5402904488638985e8,4.7477734189193904e7,1.817786228685793e8,-2.939299680494681e8,1.68300523321948e8,2
243305.10148060418,2.047530763583319e8,-2.570079133843809e8,1.497422368110318e8,530.5217251188266,-449.9667341163444,271.86730844694216,3.547344211673559e8,4.6455906180510595e7,1.826421215414598e8,-2.934990893142633e8,1.6811751845222077e8,2
244265.10148060418,2.0526106523434556e8,-2.5743970311281365e8,1.5000305955969158e8,527.7803555313357,-449.60915740063547,271.52046756423516,3.5543794880806315e8,4.5432399808232784e7,1.8350442770654154e8,-2.930662942634246e8,1.6793341590880165e8,2
245225.10148060418,2.057663984514986e8,-2.57871190562679e8,1.5026357003485978e8,524.9883792196049,-449.337833972609,271.21715327073383,3.561396731001826e8,4.440714888993244e7,1.843655357336512e8,-2.926315857227594e8,1.677482168937338e8,2
246185.10148060418,2.06269025271082e8,-2.5830246105310598e8,1.505238112533702e8,522.1412256767771,-449.15808750603287,270.95997050352526,3.568396413514088e8,4.338008353375514e7,1.85225440000438e8,-2.921949665305689e8,1.675619226162195e8,2
247145.10148060418,2.0676889033093908e8,-2.5873360525966588e8,1.5078382885162902e8,519.233822231806,-449.07576362439096,270.75177654802735,3.575379030543888e8,4.235112983535387e7,1.860841348924111e8,-2.9175643953762907e8,1.6737453429261217e8,2
248105.10148060418,2.0726593312996924e8,-2.5916471974577826e8,1.5104367134229624e8,516.2605225319323,-449.0972946181945,270.5957118052956,3.5823451007171303e8,4.132020954584975e7,1.8694161480297574e8,-2.913160076071724e8,1.671860531464086e8,2
249065.10148060418,2.077600874381558e8,-2.5959590756087956e8,1.5130339040266737e8,513.2150225099501,-449.2297740908155,270.4952351924322,3.589295168386315e8,4.0287239707789674e7,1.8779787413347006e8,-2.908736736148692e8,1.6699648040824077e8,2
250025.10148060418,2.082512806188896e8,-2.60027278915731e8,1.5156304119958946e8,510.09026121452877,-449.48104335439064,270.4541650077575,3.5962298058530456e8,3.9252132255807005e7,1.886529072932016e8,-2.9042944044880855e8,1.6680581731586784e8,2
250985.10148060418,2.0873943284754747e8,-2.6045895194717428e8,1.5182268275662506e8,506.8783032374924,-449.85979178796885,270.47672626611745,3.6031496158052564e8,3.821479357843632e7,1.895067086994838e8,-2.899833110094799e8,1.6661406511416826e8,2
251945.10148060418,2.0922445620676914e8,-2.6089105358698943e8,1.5208237837024218e8,503.57019864454367,-450.3756738567944,270.5676057247646,3.6100552339896363e8,3.717512403732054e7,1.9035927277767262e8,-2.8953528820975345e8,1.6642122505513132e8,2
252905.10148060418,2.0970625363445368e8,-2.6132372055238444e8,1.523421960831034e8,500.155815246068,-451.03944610109585,270.7320160876613,3.6169473321403193e8,3.613301743990885e7,1.9121059396120256e8,-2.89085374974862e8,1.662272983978493e8,2
253865.10148060418,2.101847176949028e8,-2.61757100479174e8,1.5260220922410995e8,496.62363665114674,-451.8631281698952,270.97577120998574,3.6238266211846983e8,3.508836046173638e7,1.9206066669162333e8,-2.88633574242381e8,1.66032286408509e8,2
254825.10148060418,2.1065972913640386e8,-2.6219135322306556e8,1.528624970267995e8,492.96051771871674,-452.86019294604023,271.30537454344744,3.630693854745737e8,3.404103201459713e7,1.929094854186361e8,-2.8817988896221e8,1.6583619036038363e8,2
255785.10148060418,2.1113115518938947e8,-2.6262665235988456e8,1.5312314534008944e8,489.1513865989565,-454.0457920435476,271.7281235905422,3.637549832956443e8,3.2990902557495855e7,1.9375704460012975e8,-2.8772432209655297e8,1.6563901153382444e8,2
256745.10148060418,2.1159884754745942e8,-2.630631869223263e8,1.5338424744832423e8,485.17887932609983,-455.4370245379186,272.2522338030201,3.644395406595233e8,3.1937833348415893e7,1.9460333870221677e8,-2.872668766198993e8,1.6544075121625236e8,2
257705.10148060418,2.1206263995808923e8,-2.6350116341930217e8,1.5364590502127182e8,481.0228885692731,-457.0532588216879,272.88698620674364,3.651231481538634e8,3.0881675636978056e7,1.954483621992697e8,-2.8680755551900417e8,1.6524141070214954e8,2
258665.10148060418,2.1252234532949507e8,-2.6394080819465232e8,1.5390822921932265e8,476.66000222272754,-458.9165201046704,273.6429041137279,3.6580590235075384e8,2.9822269801494736e7,1.9629210957395726e8,-2.8634636179286903e8,1.6504099129305103e8,2
259625.10148060418,2.129777522330798e8,-2.6438237019558048e8,1.5417134198492545e8,472.06279936977353,-461.0519594937285,274.5319656592997,3.664879063050369e8,2.8759444439507958e7,1.9713457531728005e8,-2.8588329845272213e8,1.6483949429753625e8,2
260585.10148060418,2.1342862064458305e8,-2.6482612423851183e8,1.5443537755857196e8,467.1989598270303,-463.4884250487323,275.5678606628455,3.6716927006543094e8,2.7693015429831065e7,1.979757539286068e8,-2.854183685219988e8,1.6463692103122023e8,2
261545.10148060418,2.13874676717809e8,-2.6527237488233608e8,1.5470048426683795e8,462.03012753665195,-466.25916106556593,276.7663025598344,3.6785011117932427e8,2.662278499828306e7,1.988156399157102e8,-2.849515750363218e8,1.644332728167453e8,2
262505.10148060415,2.143156063172118e8,-2.657214610477288e8,1.549668266416249e8,456.510445358724,-469.4026695433452,278.1454090158678,3.6853055515910476e8,2.5548540841690134e7,1.9965422779480258e8,-2.8448292104348123e8,1.642285509837724e8,2
263465.10148060415,2.1475104694169882e8,-2.661737615584954e8,1.5523458794448224e8,450.58464599669963,-472.9637779538031,279.72616844670523,3.6921073585736996e8,2.4470055400149483e7,2.0049151209057215e8,-2.840124096034151e8,1.6402275686897227e8,2
264425.10148060415,2.1518057753975445e8,-2.6662970182936516e8,1.555039731885037e8,444.1855356687247,-476.9949708124124,281.5330141506187,3.6989079566581047e8,2.3387085423841454e7,2.013274873362183e8,-2.8354004378818876e8,1.6381589181601676e8,2
265385.10148060415,2.156037055270547e8,-2.6708976198790365e8,1.5577521277364343e8,437.23063545803535,-481.55806007211237,283.59453313945255,3.705708854005094e8,2.2299372070814587e7,2.0216214807348755e8,-2.8306582668197536e8,1.6360795717557016e8,2
266345.10148060415,2.1601985004361892e8,-2.6755448680064595e8,1.5604856688016927e8,429.6176366648985,-486.72629198292645,285.9443427954927,3.7125116365229845e8,2.1206641917998675e7,2.0299548885270914e8,-2.8258976138103557e8,1.633989543052804e8,2
267305.10148060415,2.1642832008307886e8,-2.6802449788044173e8,1.56324330799641e8,421.2181588581614,-492.5870164188659,288.62217427880984,3.7193179524311066e8,2.010860950668656e7,2.038275042328304e8,-2.82111850993697e8,1.6318888456976983e8,2
268265.10148060415,2.1682828551888418e8,-2.685005087886829e8,1.566028414220293e8,411.8690354369437,-499.2450780540776,291.6752046803996,3.72612948200284e8,1.900498244148199e7,2.046581887814527e8,-2.816320986403345e8,1.629777493406269e8,2
269225.10148060415,2.172187381207942e8,-2.689833438156258e8,1.5688448513623765e8,401.3599271003942,-506.82712248227034,295.1596741145444,3.732947882729418e8,1.7895470735817913e7,2.0548753707486656e8,-2.811505074533494e8,1.627655499963967e8,2
270185.10148060415,2.1759843819647872e8,-2.694739614186975e8,1.5716970742481223e8,389.415365165116,-515.4870291347908,299.14279465123735,3.739774693437417e8,1.6779803263804853e7,2.063155436980872e8,-2.806670805771491e8,1.6255228792257214e8,2
271145.10148060415,2.179658401556192e8,-2.699734834910467e8,1.5745902440527344e8,375.6681486398165,-525.4126441734327,303.7048707705783,3.746611169006682e8,1.5657756246204928e7,2.0714220324488983e8,-2.801818211681267e8,1.62337964511585e8,2
272105.10148060415,2.1831898645318824e8,-2.704832317202205e8,1.577530364010705e8,359.6189799458024,-536.8337783995408,308.9413241381347,3.7534579956916726e8,1.4529202465384725e7,2.0796751031784514e8,-2.796947323946402e8,1.6212258116279674e8,2
273065.10148060415,2.1865535288775375e8,-2.7100477199899614e8,1.580524430995937e8,340.57359958454185,-550.0307657294297,314.96375113911836,3.7603147964023095e8,1.3394196980474059e7,2.087914595283543e8,-2.7920581743699193e8,1.6190613928248927e8,2
274025.10148060415,2.1897161698866794e8,-2.715399664143245e8,1.5835805844862363e8,317.5420675647589,-565.3409780826731,321.8977472756222,3.767179256278214e8,1.2253128873895591e7,2.0961404549668416e8,-2.7871507948740757e8,1.6168864028385592e8,2
274985.10148060415,2.1926330118751872e8,-2.720910277531322e8,1.5867081984615278e8,289.07250842196515,-583.1554867175845,329.871738020723,3.7740455392497116e8,1.1106996361528063e7,2.1043526285200265e8,-2.782225217500158e8,1.6147008558699217e8,2
275945.10148060415,2.1952420591107678e8,-2.726605582442314e8,1.589917770089112e8,252.9684131995823,-603.8837504130106,338.9820517787455,3.780901330062404e8,9.957921152992934e6,2.1125510623241344e8,-2.777281474408269e8,1.612504766188865e8,2
276905.10148060415,2.197454803332711e8,-2.7325151702169764e8,1.5932202208343422e8,205.79589793592908,-627.8239891043518,349.1954354397326,3.7877220970812553e8,8.810146673635516e6,2.1207357028499138e8,-2.772319597877119e8,1.610298148134107e8,2
277865.10148060415,2.1991405761356017e8,-2.7386695491027874e8,1.5966245881014338e8,142.01893130592762,-654.7605593303562,360.0837978872338,3.794459482449296e8,7.672058814621212e6,2.1289064966581714e8,-2.7673396203038156e8,1.6080810161131084e8,2
278753.5611378948,2.200059550796299e8,-2.7446027507967836e8,1.5998667903910932e8,60.39332615511446,-680.7488155973056,369.4558825587361,3.800537840778767e8,6.641769755724427e6,2.1364560094767964e8,-2.762714656899877e8,1.6060197520955586e8,2
279475.9550180683,2.2001855616450405e8,-2.749590163163898e8,1.6025557155774015e8,-29.775953696486145,-699.1929977564473,374.2896698376795,3.8052664361888677e8,5.838150180485986e6,2.1425856059754723e8,-2.758942775734136e8,1.604337147014662e8,2
280076.31251901947,2.199726325406232e8,-2.753818073152433e8,1.6048032450741005e8,-127.04780473801343,-707.6642927444168,373.36039687530763,3.808942142225832e8,5.212389020646211e6,2.147673683322712e8,-2.755800329267744e8,1.6029342766223624e8,2
280587.1599093285,2.198824194612654e8,-2.7574295622790104e8,1.6066943425630987e8,-229.29887421651858,-703.9783879902456,365.61324006793416,3.8117827000984794e8,4.728372674556977e6,2.1519988373182338e8,-2.753120863123548e8,1.6017373433914894e8,2
281032.4654889097,2.1975757551689968e8,-2.760531469492782e8,1.6082919030118522e8,-333.66380177398935,-686.3841593063333,350.2681452244875,3.8139448925813997e8,4.35993862529074e6,2.1557658278147256e8,-2.750781020391336e8,1.600691561007646e8,2
281430.37947858946,2.1960454560479233e8,-2.7632039910025656e8,1.6096426831488028e8,-436.67260596552245,-653.7944232023785,326.9361609834862,3.8155416119379616e8,4.0881616579171345e6,2.159129354745466e8,-2.748686925582672e8,1.5997551733335045e8,2
281795.0946514947,2.194274494325574e8,-2.7655069309625125e8,1.6107811635296e8,-534.4943653776867,-605.9804458805045,295.710290387657,3.8166529755641985e8,3.8995673948895745e6,2.1622101281840432e8,-2.7467648373347354e8,1.5988953342729568e8,2
282138.1564933779,2.1922866795882863e8,-2.767483762267863e8,1.611732062749675e8,-623.2670238596606,-543.6860081500383,257.20823034461495,3.817333598800404e8,3.784953494348021e6,2.1651061347898886e8,-2.744954501905341e8,1.5980851690585187e8,2
282469.4285020244,2.1900923090580893e8,-2.769164175097252e8,1.6125119263303998e8,-699.4687867856676,-468.6270138968313,212.55122081025573,3.8176172720263284e8,3.738626661896246e6,2.167900902549673e8,-2.743204209228529e8,1.5973015817919916e8,2
282797.84770283714,2.1876906811222434e8,-2.770565503175515e8,1.613130035365284e8,-760.2704915445374,-383.36410840266274,163.2756818314349,3.817519779906531e8,3.757940601062424e6,2.1706699388928315e8,-2.741466884197745e8,1.596523516655518e8,3
283132.0654119794,2.185071629970653e8,-2.7716932325438195e8,1.6135887666215602e8,-803.8073067349746,-291.0632198085818,111.18913332562231,3.8170402815567625e8,3.843069093464697e6,2.1734861619226816e8,-2.73969673460577e8,1.595730461676124e8,3
283481.04716022237,2.1822163074015373e8,-2.772540663916972e8,1.6138834550639287e8,-829.3238839533192,-195.18384503602303,58.19439684062474,3.81616145194755e8,3.9969824585663164e6,2.176424955660016e8,-2.737846074947408e8,1.5949010258556414e8,3
283854.6977413063,2.1790973293753666e8,-2.7730876854246885e8,1.614001742198795e8,-837.1750094547361,-99.1491726562877,6.112178009836741,3.8148484131400424e8,4.225622624247785e6,2.1795694051918086e8,-2.7358619771764445e8,1.5940114333943862e8,3
284264.5803839434,2.175678319442186e8,-2.7732984928656745e8,1.6139223244715744e8,-828.6947210767645,-6.051695795648886,-43.46985109957641,3.813046320746849e8,4.538297631458722e6,2.1830162852837417e8,-2.733682373526276e8,1.5930337657619587e8,3
284724.8136233819,2.1719128001605403e8,-2.7731179439994514e8,1.6136129303998688e8,-805.9711992496117,81.56566882119483,-89.30205594332678,3.81067628128929e8,4.948345790585474e6,2.1868834883742177e8,-2.731231146379621e8,1.591933740242376e8,3
285253.25899942307,2.167742289194445e8,-2.772466017627973e8,1.6130272337760782e8,-771.5764876590321,161.8339137496901,-130.5244564516516,3.807629017100089e8,5.47415910724035e6,2.1913198100841683e8,-2.728411563151823e8,1.590667731486408e8,3
285873.16468407173,2.163093325913139e8,-2.771229513024379e8,1.6121002226545432e8,-728.2985231278337,233.589824604833,-166.66876265517206,3.803755302478407e8,6.140714095280362e6,2.196518418596473e8,-2.725097102813674e8,1.5891785982081982e8,3
286615.5186789794,2.1578729503392473e8,-2.7692495763788205e8,1.6107412371909156e8,-678.9117159577463,296.33331493816246,-197.62249761436047,3.798851557686707e8,6.981850720146673e6,2.2027360245724458e8,-2.7211181847346467e8,1.5873896278977013e8,3
287517.46901145636,2.151993418202295e8,-2.766320372312107e8,1.6088346487901628e8,-626.2771149541719,349.8880408646152,-223.45215142953285,3.792672920676336e8,8.037721765261641e6,2.2102787594745559e8,-2.7162695576167005e8,1.5852077137651065e8,3
288477.46901145636,2.1462128888303256e8,-2.762759633810969e8,1.6065940551198816e8,-579.4993474509233,389.62081383565163,-242.17971866236215,3.785959064332417e8,9.180245643480886e6,2.218292949934332e8,-2.711091673867853e8,1.5828753343697175e8,3
289437.46901145636,2.140840831194618e8,-2.758874978903521e8,1.6042023165295377e8,-540.9056076264169,418.22100328091585,-255.38253434344256,3.779178652340182e8,1.0329100544520067e7,2.2262926567053503e8,-2.705896088846501e8,1.5805326200572532e8,3
290397.46901145636,2.1358064653430384e8,-2.7547525658566785e8,1.60170177109512e8,-508.894733996667,439.6529798157602,-265.1020334553352,3.772371022999141e8,1.147755984397994e7,2.2342778275558865e8,-2.700682836475684e8,1.5781795861237746e8,3
291357.46901145636,2.131053389578628e8,-2.75044891122307e8,1.599119628698729e8,-482.10104744963127,456.2845191781613,-272.534410613968,3.765556248723698e8,1.2622220825091152e7,2.242248410349126e8,-2.6954519507937926e8,1.575816247932722e8,3
292317.46901145636,2.126536888615914e8,-2.746002502724967e8,1.5964740637097642e8,-459.45215203646643,469.586868611359,-278.41031717686525,3.758744382979013e8,1.3761403133290747e7,2.250204353043502e8,-2.69020346595435e8,1.5734426209148142e8,3
293277.46901145636,2.1222212986640382e8,-2.7414404271752256e8,1.5937776303725025e8,-440.12514455636,480.5090606207963,-283.1936673931452,3.7519401015913147e8,1.4894346513585493e7,2.258145603693036e8,-2.68493741622579e8,1.571058720567948e8,3
294237.46901145636,2.1180778877248594e8,-2.7367822985562766e8,1.591039255489776e8,-423.4898222255565,489.68426726716285,-287.18939667966606,3.7451451306561404e8,1.602079214105347e7,2.2660721104476777e8,-2.6796538359912267e8,1.568664562457097e8,3
295197.46901145636,2.114083246438818e8,-2.732042673458436e8,1.5882654465188473e8,-409.0604410380694,497.54773531346655,-290.6041574593417,3.73835956291629e8,1.7140756285318635e7,2.273983821553641e8,-2.6743527597482395e8,1.566260162214209e8,3
296157.46901145636,2.1102180866534847e8,-2.727232587726439e8,1.5854610501137727e8,-396.45890764806757,504.4066395336727,-293.5818051910144,3.7315825926911426e8,1.825440440646599e7,2.2818806853537443e8,-2.6690342221086383e8,1.5638455355381057e8,3
297117.46901145636,2.1064663448790494e8,-2.7223605644523084e8,1.5826297435916036e8,-385.38767307304136,510.4828623418949,-296.2248734139751,3.724812935491403e8,1.9361979600525394e7,2.289762650287749e8,-2.663698257798245e8,1.5614206981943792e8,3
298077.46901145636,2.1028145089631832e8,-2.7174332935480005e8,1.579774362386869e8,-375.60995924979966,515.9400045723119,-298.60798304690593,3.718049071276191e8,2.0463761368080013e7,2.2976296648926908e8,-2.658344901656663e8,1.5589856660152882e8,3
299037.46901145636,2.0992511076314986e8,-2.7124561012393963e8,1.5768971237258178e8,-366.93531019774946,520.9009172655044,-300.7864548784739,3.711289386485806e8,2.1560041736018322e7,2.305481677803222e8,-2.6529741886370507e8,1.5565404548996568e8,3
299997.46901145636,2.0957663193904847e8,-2.7074332815873224e8,1.5739997828401065e8,-359.20896137469856,525.4593678965075,-302.8019833224607,3.7045322567391044e8,2.2651111514662944e7,2.3133186377519423e8,-2.647586153805891e8,1.554085080812769e8,3
300957.46901145636,2.092351669624845e8,-2.7023683352105314e8,1.571083744253954e8,-352.30394580801334,529.6879798702929,-304.68646054896817,3.6977760941796356e8,2.3737252566490415e7,2.3211404935697362e8,-2.6421808323427686e8,1.5516195597862643e8,3
301917.46901145636,2.0889997934996474e8,-2.6972641442396647e8,1.5681501424918094e8,-346.1151723897596,533.6437466336579,-306.4646076394261,3.6910193735199994e8,2.4818733676828653e7,2.328947194186107e8,-2.636758259540132e8,1.5491439079180345e8,3
302877.46901145636,2.0857042484730765e8,-2.6921231025907993e8,1.565199901557741e8,-340.5549370009618,537.3719324566839,-308.15581901174255,3.684260645174582e8,2.5895808591792326e7,2.3367386886295062e8,-2.6313184708030707e8,1.5466581413721174e8,3
303837.46901145636,2.0824593646021184e8,-2.6869472143765724e8,1.5622337794126925e8,-335.5494845390064,540.9088784708234,-309.7754774351057,3.6774985405712897e8,2.69687153560195e7,2.344514926027673e8,-2.6258615016490766e8,1.5441622763785914e8,3
304797.46901145636,2.0792601239325544e8,-2.6817381692282647e8,1.559252401676206e8,-331.0363494577677,544.2840522308063,-311.3359061686492,3.670731772769771e8,2.8037676419567447e7,2.352275855607961e8,-2.620387387707821e8,1.5416563292334706e8,3
305757.46901145636,2.0761020624909863e8,-2.676497400639623e8,1.5562562874729875e8,-326.9622788499225,547.5215657760743,-312.84706814809516,3.663959134324862e8,2.910289918676226e7,2.3600214266976735e8,-2.6148961647209126e8,1.5391403162985963e8,3
306717.46901145636,2.0729811900054568e8,-2.6712261316573435e8,1.5532458694751343e8,-323.2815957434285,550.6413145139618,-314.3170861019183,3.657179493603272e8,3.0164576804481134e7,2.3677515887243906e8,-2.6093878685416707e8,1.5366142540015322e8,3
307677.46901145636,2.0698939236550337e8,-2.665925411024504e8,1.5502215096017322e8,-319.954898238698,553.6598417649491,-315.75263408669434,3.650391790306669e8,3.1222889064699214e7,2.3754662912163016e8,-2.6038625351348892e8,1.534078158835456e8,3
308637.46901145636,2.0668370330134937e8,-2.6605961420384058e8,1.5471835114320105e8,-316.94801720679635,556.5910022322706,-317.15923547883693,3.6435950306682736e8,3.227800334456521e7,2.383165483802535e8,-2.5983202005765998e8,1.531532047359052e8,3
309597.46901145636,2.0638075939953765e8,-2.6552391057899484e8,1.544132130104929e8,-314.2311747895877,559.4464763148187,-318.5414920838544,3.6367882826089454e8,3.333007553780493e7,2.3908491162134865e8,-2.592760901053841e8,1.5289759361964038e8,3
310557.46901145636,2.0608029500954646e8,-2.649854980027849e8,1.541067580277383e8,-311.77830013864207,562.2361725386306,-319.90326195050756,3.629970671023361e8,3.4379250950566195e7,2.3985171382811472e8,-2.587184672864416e8,1.526409842036884e8,3
311517.46901145636,2.0578206795784283e8,-2.644444354584967e8,1.5379900425692847e8,-309.5664692487352,564.9685451943302,-321.24779858647446,3.623141373293433e8,3.5425665147029884e7,2.4061694999394313e8,-2.5815915524166608e8,1.523833781635047e8,3
312477.46901145636,2.0548585675546703e8,-2.639007744080399e8,1.534899668819263e8,-307.5754434576301,567.650847087401,-322.5778608460918,3.616299615079383e8,3.646944473780153e7,2.413806151224503e8,-2.5759815762292033e8,1.521247771810518e8,3
313437.46901145636,2.0519145820935467e8,-2.6335455984458393e8,1.531796586398081e8,-305.78728694760986,570.2893321857118,-323.89580033127976,3.6094446664094377e8,3.751070810887666e7,2.4214270422751033e8,-2.5703547809307265e8,1.5186518294478843e8,3
314397.46901145636,2.0489868536921087e8,-2.6280583117014623e8,1.5286809017699763e8,-304.18604792587513,572.8894192528454,-325.2036314042191,3.60257583807082e8,3.854956609188544e7,2.4290321233328742e8,-2.5647112032597286e8,1.516045971496586e8,3
315357.46901145636,2.0460736575480613e8,-2.6225462293137383e8,1.525552703449595e8,-302.7574914575873,575.4558248607979,-326.50308764708143,3.5956924782936776e8,3.9586122578032024e7,2.4366213447426844e8,-2.5590508800642848e8,1.5134302149708024e8,3
316317.46901145636,2.0431733981884605e8,-2.617009654397019e8,1.5224120644700179e8,-301.48887444778137,577.9926721908222,-327.79566767907517,3.588793969713249e8,4.062047507907682e7,2.4441946569529545e8,-2.5533738483018014e8,1.5108045769493434e8,3
317277.46901145636,2.0402845960871643e8,-2.611448852966629e8,1.5192590444529006e8,-300.3687552125901,580.5035805557039,-329.0826725572987,3.581879726592218e8,4.165271523915343e7,2.4517520105159774e8,-2.547680145038783e8,1.5081690745755368e8,3
318237.46901145636,2.03740587596909e8,-2.6058640584094054e8,1.516093691352926e8,-299.3868315892676,582.9917394701936,-330.36523647795315,3.5749491922838455e8,4.268292930134666e7,2.459293356088247e8,-2.541969807450583e8,1.5055237250571176e8,3
319197.46901145636,2.034535956551514e8,-2.6002554753050917e8,1.5129160429342213e8,-298.5338027136195,585.4599702595153,-331.6443521109872,3.568001836916271e8,4.371119853289701e7,2.4668186444307718e8,-2.536242872821164e8,1.5028685456661138e8,3
320157.46901145636,2.031673641514803e8,-2.5946232827064827e8,1.5097261280250597e8,-297.80125052065216,587.910777558078,-332.9208916105697,3.561037155278908e8,4.473759961273405e7,2.474327826409406e8,-2.530499378542855e8,1.500203553738736e8,3
321117.46901145636,2.0288178115291598e8,-2.588967636966094e8,1.5065239675882566e8,-297.18153775781843,590.3463925607854,-334.1956241218114,3.5540546648928994e8,4.576220498480361e7,2.481820852995161e8,-2.5247393621161062e8,1.4975287666752613e8,3
322077.46901145636,2.025967417191894e8,-2.583288674181144e8,1.5033095756376654e8,-296.6677198839697,592.7688095106548,-335.4692304334413,3.547053904248728e8,4.6785083180402406e7,2.4892976752645347e8,-2.5189628611492434e8,1.4948442019399223e8,3
323037.46901145636,2.0231214727526098e8,-2.5775865123158625e8,1.5000829600255895e8,-296.25346869422617,595.1798166116608,-336.74231529396474,3.5400344311954486e8,4.7806299112459004e7,2.496758244399823e8,-2.5131699133582243e8,1.4921498770607916e8,3
323997.46901145636,2.0202790505225787e8,-2.5718612530498874e8,1.496844123121485e8,-295.9330058867253,597.5810223247885,-338.01541780584085,3.532995821467281e8,4.882591434444377e7,2.5042025116894418e8,-2.5073605565663898e8,1.4894458096296677e8,3
324957.46901145636,2.0174392758801782e8,-2.5661129833932087e8,1.4935930623987383e8,-295.7010450910152,599.9738778232816,-339.28902023147936,3.525937667334582e8,4.984398733633603e7,2.511630428528248e8,-2.5015348287042212e8,1.4867320173019606e8,3
325917.46901145636,2.0146013227972624e8,-2.5603417771014035e8,1.4903297709434283e8,-295.5527411246916,602.3596962388004,-340.56355548119933,3.5188595763674676e8,5.086057366984299e7,2.5190419464178506e8,-2.4956927678090867e8,1.4840085177965757e8,3
326877.46901145636,2.0117644098221698e8,-2.554547695919407e8,1.487054237896636e8,-295.4836454463515,604.7396692152286,-341.83941350282845,3.5117611703014094e8,5.1875726254851215e7,2.526437016966933e8,-2.489834412024999e8,1.4812753288957992e8,3
327837.46901145636,2.0089277964641666e8,-2.5487307906775564e8,1.4837664488399518e8,-295.489666938128,607.1148811947502,-343.1169467523982,3.504642083995235e8,5.28894955188902e7,2.5338155918915653e8,-2.483959799602361e8,1.478532468445181e8,3
328797.46901145636,2.0060907799317682e8,-2.542891102259947e8,1.4804663861322764e8,-295.56703728708595,609.4863217866491,-344.39647489318065,3.497501964472883e8,5.390192958121129e7,2.541177623015522e8,-2.4780689688977206e8,1.4757799543534175e8,3
329757.46901145636,2.0032526921838355e8,-2.5370286624620697e8,1.47715402920472e8,-295.7122803472188,611.8548965092759,-345.6782888443856,3.490340470041096e8,5.491307441292163e7,2.5485230622705936e8,-2.4721619583735177e8,1.4730178045922372e8,3
330717.46901145636,2.0004128972578225e8,-2.5311434947521472e8,1.473829354819348e8,-295.92218495712916,614.221436146865,-346.96265427987737,3.483157269476076e8,5.5922973984468766e7,2.555851861696905e8,-2.4662388065978318e8,1.4702460371962813e8,3
331677.46901145636,1.9975707888442042e8,-2.525235614948475e8,1.4704923372966373e8,-296.1937807662551,616.5867049230737,-348.2498146602529,3.475952041272748e8,5.6931670401637614e7,2.5631639734432244e8,-2.4602995522441345e8,1.467464670262987e8,3
332637.46901145636,1.994725788080083e8,-2.519305031823287e8,1.467142948715783e8,-296.5243166875371,618.9514076604898,-349.5399938677413,3.468724472950988e8,5.793920403110835e7,2.570459349767276e8,-2.454344234091033e8,1.464673721952468e8,3
333597.46901145636,1.99187734153837e8,-2.5133517476421764e8,1.4637811590913826e8,-296.9112416490039,621.3161960684965,-350.83339850202583,3.461474260413644e8,5.8945613616516836e7,2.5777379430360565e8,-2.4483728910220188e8,1.4618732104873967e8,3
334557.46901145636,1.989024919391862e8,-2.507375758646851e8,1.4604069365295047e8,-297.35218736270343,623.6816742797012,-352.13021988574707,3.454201107351787e8,5.9950936385863185e7,2.5849997057261384e8,-2.4423855620252126e8,1.4590631541528863e8,3
335517.46901145636,1.986168013734038e8,-2.5013770554879296e8,1.4570202473657355e8,-297.8449528682294,626.0484037367322,-353.4306358207453,3.4469047246929854e8,6.095520815103603e7,2.5922445904239884e8,-2.436382286193111e8,1.4562435712963694e8,3
336477.46901145636,1.983306137040569e8,-2.4953556236135936e8,1.453621056287418e8,-298.3874906409849,628.4169075159026,-354.7348121297185,3.439584830088866e8,6.195846340013825e7,2.5994725498262697e8,-2.430363102722331e8,1.4534144803274798e8,3
337437.46901145636,1.9804388207574174e8,-2.4893114436191335e8,1.450209326442004e8,-298.9778940832825,630.7876741614454,-356.04290401267565,3.432241147438559e8,6.296073538323887e7,2.6066835367401573e8,-2.4243280509133548e8,1.450575899717932e8,3
338397.46901145636,1.9775656140030247e8,-2.4832444915617824e8,1.4467850195331708e8,-299.6143862402151,633.1611610933227,-357.35505724314686,3.4248734064449626e8,6.3962056192110814e7,2.6138775040836403e8,-2.4182771701702687e8,1.447727848001399e8,3
339357.46901145636,1.9746860823735052e8,-2.4771547392446598e8,1.4433480959061375e8,-300.29530960259945,635.5377976425965,-358.67140922542063,3.4174813422010446e8,6.496245683446493e7,2.621054404885834e8,-2.4122105000005132e8,1.4448703437733942e8,3
340317.46901145636,1.9717998068410024e8,-2.4710421544731763e8,1.4398985146234247e8,-301.01911687675977,637.9179877607651,-359.9920899309782,3.4100646948036605e8,6.596196730313894e7,2.6282141922872835e8,-2.4061280800146192e8,1.4420034056911474e8,3
341277.46901145636,1.9689063827364382e8,-2.4649067012868318e8,1.43643623353214e8,-301.78436261592276,640.3021124430436,-361.3172227296912,3.40262320899261e8,6.6960616640659496e7,2.6353568195402715e8,-2.400029949925953e8,1.4391270524734843e8,3
342237.46901145636,1.9660054188088438e8,-2.458748340168982e8,1.4329612093237376e8,-302.58969562092557,642.6905319001285,-362.64692512915036,3.395156633812859e8,6.795843299955529e7,2.6424822400091222e8,-2.3939161495504525e8,1.4362413029007038e8,3
343197.46901145636,1.963096536354273e8,-2.4525670282368442e8,1.4294733975870723e8,-303.4338520291049,645.0835875083505,-363.9813094336308,3.387664722298043e8,6.895544369876559e7,2.6495904071705076e8,-2.387786718806373e8,1.4333461758144552e8,3
344157.46901145636,1.9601793684080547e8,-2.446362719413737e8,1.4259727528554738e8,-304.315649019903,647.481603564178,-365.32048333262577,3.3801472311735296e8,6.995167527645585e7,2.6566812746137482e8,-2.3816416977140227e8,1.430441690117616e8,3
345117.46901145636,1.957253558994763e8,-2.440135364585326e8,1.422459228648474e8,-305.23397907411606,649.8848888656534,-366.66455042753444,3.3726039205774975e8,7.094715353952646e7,2.66375479604112e8,-2.3754811263955012e8,1.4275278647741684e8,3
346077.46901145636,1.9543187624308667e8,-2.433884911741439e8,1.4189327775087443e8,-306.18780473100645,652.2937381404563,-368.0136107039498,3.365034553798587e8,7.194190361007236e7,2.670810925268153e8,-2.3693050450744402e8,1.4246047188090745e8,3
347037.46901145636,1.9513746426755238e8,-2.427611306104839e8,1.4153933510347363e8,-307.1761537938584,654.7084333378024,-369.3677609560115,3.35743889702884e8,7.293594996903144e7,2.677849616223935e8,-2.363113494075739e8,1.421672271308152e8,3
347997.46901145636,1.948420872725424e8,-2.4213144902481836e8,1.4118408999094528e8,-308.1981149401128,657.1292447992423,-370.72709516845435,3.349816719130734e8,7.392931649723719e7,2.684870822951412e8,-2.3569065138253015e8,1.4187305414179513e8,3
348957.46901145636,1.9454571340499917e8,-2.414994404200277e8,1.4082753739257354e8,-309.25283369707506,659.5564323215849,-372.0917048612603,3.3421677914172286e8,7.492202651407303e7,2.691874499607689e8,-2.3506841448497725e8,1.4157795483456293e8,3
349917.46901145636,1.942483116063608e8,-2.4086509855425867e8,1.4046967220084065e8,-310.3395087484548,661.9902461235679,-373.4616794012079,3.3344918874438184e8,7.591410281390944e7,2.6988606004643255e8,-2.3444464277762723e8,1.4128193113588232e8,3
350877.46901145636,1.9394985156318274e8,-2.4022841694968998e8,1.4011048922335628e8,-311.457388540741,664.4309277265129,-374.83710628407465,3.326788782811705e8,7.690556770048955e7,2.70582907990764e8,-2.338193403332133e8,1.409849849785527e8,3
351837.46901145636,1.9365030366088447e8,-2.395893889004903e8,1.3974998318452886e8,-312.6057681617112,666.8787107580025,-376.21807139079095,3.3190582549812204e8,7.789644301941505e7,2.712779892439005e8,-2.331925112344631e8,1.4068711830139625e8,3
352797.46901145636,1.9334963894037232e8,-2.3894800748003837e8,1.3938814872700214e8,-313.7839864662826,669.3338216865681,-377.6046592204428,3.3113000830947614e8,7.888675018887153e7,2.7197129926751405e8,-2.325641595740721e8,1.4038833304924554e8,3
353757.46901145636,1.930478290573118e8,-2.383042655474681e8,1.390249804128784e8,-314.9914234274811,671.7964804944633,-378.9969531026746,3.3035140478085095e8,7.987651022872236e7,2.7266283353484166e8,-2.31934289454677e8,1.4008863117293057e8,3
354717.46901145636,1.9274484624384296e8,-2.3765815575359488e8,1.3866047272474638e8,-316.2274976925749,674.2669012948021,-380.39503539174393,3.295699931132289e8,8.086574378808826e7,2.733525875307146e8,-2.3130290498882866e8,1.397880146292663e8,3
355677.46901145636,1.924406632725505e8,-2.37009670546274e8,1.3829462006653124e8,-317.4916643264375,676.7452928986402,-381.79898764421637,3.2878575162769717e8,8.185447117152165e7,2.740405567515878e8,-2.306700102989655e8,1.3948648538103965e8,3
356637.46901145636,1.9213525342251706e8,-2.3635880217523664e8,1.3792741676418105e8,-318.78341272599044,679.2318593369671,-383.20889078206056,3.279986587508866e8,8.284271236387539e7,2.7472673670556927e8,-2.300356095173866e8,1.391840453969968e8,3
357597.46901145636,1.918285904473024e8,-2.357055426964446e8,1.3755885706620276e8,-320.10226469116895,681.726800342039,-384.6248252427057,3.272086930010577e8,8.38304870539602e7,2.754111229124499e8,-2.2939970678622442e8,1.3888069665183038e8,3
358557.46901145636,1.9152064854470462e8,-2.3504988397600088e8,1.3718893514406022e8,-321.44777263926886,684.2303117920069,-386.04687111744596,3.264158329747875e8,8.481781465707245e7,2.7609371090373176e8,-2.287623062574181e8,1.3857644112616634e8,3
359517.46901145636,1.912114023281715e8,-2.343918176936496e8,1.368176450924443e8,-322.81951795079914,686.742586122378,-387.4751082794262,3.2562005733421206e8,8.580471433647622e7,2.7677449622265834e8,-2.281234120926862e8,1.3827128080655143e8,3
360477.46901145636,1.9090082679974112e8,-2.3373133534589556e8,1.3644498092942438e8,-324.217109436091,689.2638127074839,-388.9096165023065,3.248213447947856e8,8.67912050239084e7,2.7745347442424285e8,-2.2748302846349946e8,1.3796521768543968e8,3
361437.46901145636,1.9058889732440042e8,-2.3306842824877083e8,1.3607093659649056e8,-325.64018191292587,691.7941782147951,-390.35047557058755,3.2401967411351705e8,8.777730543917733e7,2.781306410752976e8,-2.268411595510537e8,1.3765825376117995e8,3
362397.46901145636,1.9027558960575977e8,-2.324030875402731e8,1.3569550595849314e8,-327.08839488634993,694.3338669346431,-391.7977653824717,3.232150240776498e8,8.876303410891655e7,2.788059917544629e8,-2.261978095462425e8,1.3735039103800255e8,3
363357.46901145636,1.8996087966294873e8,-2.317353041824987e8,1.3531868280348688e8,-328.5614313226534,696.8830610876466,-393.25156604604587,3.224073734937525e8,8.97484093845529e7,2.7947952205223596e8,-2.2555298264962962e8,1.370416315260062e8,3
364317.46901145636,1.896447438086468e8,-2.3106506896348992e8,1.349404608424857e8,-330.0589965102225,699.4419411119186,-394.7119579694893,3.215967011771895e8,9.07334494595424e7,2.801512275709997e8,-2.2490668307142195e8,1.367319772411449e8,3
365277.46901145636,1.893271586281686e8,-2.3039237249881577e8,1.345608337091335e8,-331.5808170006293,702.010685931923,-396.1790219459389,3.207829859419435e8,9.171817238592494e7,2.808211039250511e8,-2.242589150314417e8,1.3642143020521495e8,3
366237.46901145636,1.8900810095952973e8,-2.297172052329029e8,1.3417979495929575e8,-333.12663962391315,704.589473210676,-397.65283923358123,3.1996620659076345e8,9.270259609024502e7,2.814891467406303e8,-2.2360968275909898e8,1.3610999244584146e8,3
367197.46901145636,1.8868754787442416e8,-2.290395574401316e8,1.3379733807057631e8,-334.6962305725431,707.1784795868213,-399.13349163148337,3.19146341905614e8,9.368673838888237e7,2.8215535165594923e8,-2.2295899049336427e8,1.3579766599646536e8,3
368157.46901145636,1.8836547666005066e8,-2.2835941922571078e8,1.3341345644176348e8,-336.28937454902933,709.7778808979693,-400.62106155162667,3.183233706384019e8,9.467061700283211e7,2.8281971432121944e8,-2.2230684248274055e8,1.3548445289632994e8,3
369117.46901145636,1.8804186480172822e8,-2.2767678052634498e8,1.3302814339220814e8,-337.9058739725884,712.3878523915622,-402.11563208756246,3.1749727150195944e8,9.56542495719756e7,2.8348223039868116e8,-2.2165324298523563e8,1.3517035519046766e8,3
370077.46901145636,1.8771668996624696e8,-2.2699163111070427e8,1.3264139216113792e8,-339.54554824066054,715.0085689244098,-403.6172870800681,3.1666802316126317e8,9.663765366887456e7,2.841428955626313e8,-2.2099819626833442e8,1.348553749296867e8,3
371037.46901145636,1.8738992998590276e8,-2.263039605797076e8,1.322531959069093e8,-341.20823304143374,717.6402051519417,-405.12611118014996,3.15835604224869e8,9.76208468121247e7,2.8480170549945176e8,-2.2034170660897112e8,1.345395141705577e8,3
371997.46901145636,1.8706156284316918e8,-2.25613758366629e8,1.3186354770620054e8,-342.89377971385426,720.2829357081296,-406.6421899097064,3.1499999323654795e8,9.860384647929862e7,2.854586559076376e8,-2.1968377829350093e8,1.3422277497540024e8,3
372957.46901145636,1.86731566655962e8,-2.2492101373703533e8,1.3147244055314735e8,-344.60205465189534,722.9369353769479,-408.1656097201364,3.1416116866710126e8,9.958667011950845e7,2.861137424978251e8,-2.1902441561767268e8,1.3390515941226928e8,3
373917.46901145636,1.863999196634556e8,-2.2422571578856295e8,1.3107986735842307e8,-346.33293875012714,725.6023792561722,-409.6964580491565,3.133191089063429e8,1.0056933516561608e8,2.8676696099281985e8,-2.1836362288660017e8,1.3358666955494192e8,3
374877.46901145636,1.8606660021241328e8,-2.2352785345054087e8,1.3068582094826534e8,-348.08632688787014,728.279442914243,-411.2348233760646,3.124737922552335e8,1.0155185904611622e8,2.874183071276246e8,-2.177014044147344e8,1.332673074829036e8,3
375837.46901145636,1.8573158674399468e8,-2.2282741548346585e8,1.3029029406345004e8,-349.8621274494402,730.9683025408675,-412.7807952756716,3.11625196918149e8,1.0253425919671825e8,2.8806777664946705e8,-2.1703776452583537e8,1.3294707528133467e8,3
376797.46901145636,1.8539485778100783e8,-2.2212439047833622e8,1.2989327935821421e8,-351.66026187819415,733.6691350919751,-414.3344644711021,3.1077330099527377e8,1.0351655307164918e8,2.8871536531782776e8,-2.1637270755294368e8,1.3262597504109672e8,3
377757.46901145636,1.8505639191557372e8,-2.214187668558487e8,1.2949476939912878e8,-353.4806642622706,736.3821184295957,-415.89592288565245,3.099180824751029e8,1.0449875815470046e8,2.8936106890446776e8,-2.157062378383525e8,1.3230400885871895e8,3
378717.46901145636,1.8471616779717416e8,-2.2071053286546314e8,1.2909475666392171e8,-355.3232809500902,739.1074314571846,-417.4652636938788,3.090595192270429e8,1.0548089197003895e8,2.900048831934562e8,-2.1503835973357907e8,1.3198117883638449e8,3
379677.46901145636,1.8437416412105522e8,-2.1999967658433965e8,1.286932335402526e8,-357.18807019383433,741.8452542508812,-419.0425813720751,3.0819758899409765e8,1.0646297209280206e8,2.906468039811978e8,-2.1436907759933618e8,1.3165748708191662e8,3
380637.46901145636,1.840303596169602e8,-2.1928618591615105e8,1.2829019232443894e8,-359.0750018192653,744.595768187151,-420.62797174829234,3.0733226938563025e8,1.074450161594956e8,2.912868270764601e8,-2.1369839580550393e8,1.3133293570876509e8,3
381597.46901145636,1.8368473303816736e8,-2.185700485897748e8,1.2788562522013459e8,-360.98405692037846,747.3591560672286,-422.22153205203733,3.0646353787018764e8,1.0842704187821354e8,2.919249483004017e8,-2.1302631873110095e8,1.3100752683599217e8,3
382557.46901145636,1.8333726315080968e8,-2.178512521578665e8,1.2747952433696051e8,-362.9152275775003,750.1356022387527,-423.82336096378356,3.055913717683809e8,1.0940906703869359e8,2.925611634865982e8,-2.1235285076425618e8,1.3068126258825913e8,3
383517.46901145636,1.8298792872345436e8,-2.1712978399531797e8,1.2707188168908821e8,-364.86851659755484,752.9252927149549,-425.43355866441703,3.047157482458077e8,1.1039110952222882e8,2.931954684810705e8,-2.1167799630217978e8,1.3035414509581195e8,3
384477.46901145636,1.8263670851692152e8,-2.164056312976019e8,1.2666268919377558e8,-366.84393727532387,755.7284152917454,-427.05222688473424,3.038366443060104e8,1.1137318731144758e8,2.9382785914231145e8,-2.1100175975113466e8,1.3002617649446774e8,3
385437.46901145636,1.8228358127432233e8,-2.1567878107900512e8,1.2625193866985512e8,-368.841513174619,758.5451596630116,-428.6794689551022,3.029540367834588e8,1.1235531849997881e8,2.9445833134131306e8,-2.1032414552640763e8,1.2969735892560053e8,3
386397.46901145636,1.8192852571129835e8,-2.1494922017075163e8,1.2583962183617437e8,-370.8612779283725,761.3757175344335,-430.3153898553879,3.0206790233654964e8,1.1333752130201475e8,2.9508688096159303e8,-2.096451580522808e8,1.2936769453612769e8,3
387357.46901145636,1.8157152050644374e8,-2.1421693521901727e8,1.254257303099884e8,-372.90327505673173,764.2202827360966,-431.96009626525574,3.011782174406133e8,1.143198140617882e8,2.9571350389922255e8,-2.0896480176200226e8,1.2903718547849539e8,3
388317.46901145636,1.8121254429189408e8,-2.1348191268283656e8,1.2501025560530357e8,-374.9675578023196,767.0790513341727,-433.613696614932,3.0028495838092035e8,1.1530221526297285e8,2.9633819606285197e8,-2.082830810977576e8,1.2870583391066498e8,3
389277.46901145636,1.8085157564406523e8,-2.127441388319028e8,1.2459318913117252e8,-377.05418898188873,769.9522217419229,-435.27630113652845,2.993881012456787e8,1.1628474353802446e8,2.9696095337373835e8,-2.076000005106405e8,1.2837364199609864e8,3
390237.46901145636,1.804885930745269e8,-2.120035997442617e8,1.241745221899393e8,-379.16324085366506,772.8399948302642,-436.94802191601724,2.9848762191901416e8,1.1726741767747135e8,2.975817717657717e8,-2.0691556446062398e8,1.280406119037454e8,3
391197.46901145636,1.8012357502099684e8,-2.1126028130389908e8,1.2375424597543459e8,-381.29479499973377,775.7425740381333,-438.62897294594364,2.975834960739261e8,1.1825025663916825e8,2.982006471855017e8,-2.0622977741653112e8,1.2770674580802688e8,3
392157.46901145636,1.7975649983844027e8,-2.1051416919822252e8,1.2333235157111965e8,-383.44894222287746,778.6601654828694,-440.3192701789645,2.966756991652105e8,1.1923327955752422e8,2.98817575592164e8,-2.0554264385600594e8,1.2737204588882323e8,3
393117.46901145636,1.79387345790262e8,-2.0976524891543713e8,1.229088299481786e8,-385.6257824573289,781.5929780708293,-442.0190315822958,2.957642064223433e8,1.2021650575271708e8,2.994325529577068e8,-2.04854168265484e8,1.2703651433145861e8,3
394077.46901145636,1.7901609103957787e8,-2.0901350574181482e8,1.2248367196355794e8,-387.82542469294776,784.5412236084431,-443.72837719315424,2.948489928423164e8,1.2119995473990339e8,3.00045575266817e8,-2.0416435514016354e8,1.267001533266874e8,3
395037.46901145636,1.7864271364055222e8,-2.082589247588566e8,1.2205686835795227e8,-390.0479869123793,787.5051169139088,-445.4474291752741,2.939300331824175e8,1.2218364623843758e8,3.006566385169464e8,-2.0347320898397544e8,1.2636296507067934e8,3
395997.46901145636,1.7826719152979028e8,-2.075014908403474e8,1.2162840975373524e8,-392.29359604079394,790.4848759297219,-447.1763118765832,2.930073019529495e8,1.2316760018110794e8,3.012657387183379e8,-2.0278073430955467e8,1.2602495176500562e8,3
396957.46901145636,1.7788950251777238e8,-2.067411886493023e8,1.2119828665283458e8,-394.5623879078479,793.4807218362305,-448.9151518881179,2.9208077340987897e8,1.241518367234026e8,3.0187287189405173e8,-2.0208693563820997e8,1.2568611561662427e8,3
397917.46901145636,1.7750962428031898e8,-2.059780026348033e8,1.2076648943454987e8,-396.85450722154366,796.4928791664021,-450.66407810426205,2.9115042154740816e8,1.2513637625281356e8,3.02478034079991e8,-2.0139181749989495e8,1.2534645883786592e8,3
398877.46901145636,1.771275343500757e8,-2.0521191702872497e8,1.2033300835331188e8,-399.1701075537058,799.5215759219851,-452.4232217843897,2.902162200904633e8,1.2612123939819065e8,3.0308122132492805e8,-2.0069538443317816e8,1.2500598364641915e8,3
399837.46901145636,1.7674321010800627e8,-2.044429158423483e8,1.19897833536382e8,-401.5093513368214,802.5670436912466,-454.19271661599714,2.8927814248709136e8,1.2710644703915378e8,3.0368242969052976e8,-1.9999764098521382e8,1.2466469226531623e8,3
400797.46901145636,1.7635662877488327e8,-2.0367098286286014e8,1.1946095498149033e8,-403.8724098720276,805.6295177684664,-455.97269877940715,2.8833616190075725e8,1.2809202031557585e8,3.042816552513837e8,-1.992985917117115e8,1.243225869229184e8,3
401757.46901145636,1.7596776740276614e8,-2.0289610164973757e8,1.1902236255441079e8,-406.25946334806133,808.7092372753657,-457.7633070141316,2.87390251202537e8,1.2907798063714361e8,3.048788940950235e8,-1.9859824117690718e8,1.2397966985290153e8,3
402717.46901145636,1.755766028664556e8,-2.0211825553101423e8,1.1858204598647179e8,-408.67070087101445,811.8064452846479,-459.56468268697944,2.86440382963196e8,1.3006434969300842e8,3.054741423219546e8,-1.978965939535328e8,1.236359432942413e8,3
403677.46901145636,1.7518311185491452e8,-2.0133742759942734e8,1.1813999487200066e8,-411.10632050476863,814.9213889458307,-461.37696986199853,2.854865294451468e8,1.3105114946153538e8,3.060673960456792e8,-1.9719365462278667e8,1.2329140949119884e8,3
404637.46901145636,1.747872708626446e8,-2.0055360070844248e8,1.1769619866569982e8,-413.5665293220115,818.0543196135482,-463.2003153723425,2.845286625942794e8,1.3203840222016267e8,3.066586513927226e8,-1.964894277743037e8,1.2294607069330582e8,3
405597.46901145636,1.743890561810094e8,-1.9976675746815398e8,1.1725064667995328e8,-416.0515434657622,821.2054929785041,-465.0348688941558,2.8356675403165394e8,1.3302613055537836e8,3.072479045026575e8,-1.9578391800612494e8,1.2259992915534994e8,3
406557.46901145636,1.7398844388949305e8,-1.9897688024105847e8,1.1680332808206096e8,-418.5615882213632,824.3751692012589,-466.8807830225718,2.826007750450518e8,1.3401435737282722e8,3.0783515152812964e8,-1.9507712992466828e8,1.2225298713736023e8,3
407517.46901145636,1.7358540984688488e8,-1.981839511376983e8,1.1635423189139917e8,-421.0968980989173,827.563613049033,-468.7382133499231,2.8163069658037347e8,1.3500310590755647e8,3.084203886348831e8,-1.9436906814469773e8,1.2190524690459205e8,3
408477.46901145636,1.7317992968237984e8,-1.9738795201217213e8,1.1590334697650482e8,-423.65771692617886,830.7710940357186,-470.60731854626533,2.8065648923287714e8,1.3599239973441076e8,3.090036120017849e8,-1.9365973728929353e8,1.2155671072751266e8,3
409437.46901145636,1.727719787865849e8,-1.9658886445750976e8,1.1545066205208112e8,-426.24429795192896,833.9978865652871,-472.4882604423188,2.796781232382505e8,1.3698226277858722e8,3.0958481782085043e8,-1.9294914198982206e8,1.2120738088178599e8,3
410397.46901145636,1.7236153230242094e8,-1.9578666980090728e8,1.1499616567592269e8,-428.85690395989207,837.2442700787905,-474.3812041149364,2.786955684635051e8,1.3797271932636005e8,3.101640022972678e8,-1.9223728688590556e8,1.2085725964825822e8,3
411357.46901145636,1.7194856511591038e8,-1.9498134909881943e8,1.14539846245757e8,-431.495807393274,840.5105292051558,-476.2863179752102,2.777087943976864e8,1.38963794035987e8,3.107411616494231e8,-1.9152417662539157e8,1.2050634931294252e8,3
412317.46901145636,1.7153305184683976e8,-1.9417288313190514e8,1.1408169199600025e8,-434.1612904900269,843.7969539159766,-478.20377385933256,2.7671777014239115e8,1.3995551194880688e8,3.113162921089246e8,-1.9080981586432317e8,1.2015465216700429e8,3
413277.46901145636,1.7111496683928785e8,-1.933612523998228e8,1.1362169099442448e8,-436.85364542897094,847.1038396845149,-480.13374712233264,2.757224644020807e8,1.409478985005408e8,3.1188938992062813e8,-1.900942092669078e8,1.1980217050674617e8,3
414237.46901145636,1.706942841520077e8,-1.9254643711587045e8,1.1315983113873325e8,-439.5731744869266,850.4314876491285,-482.0764167348136,2.747228454741839e8,1.41940979532806e8,3.1246045134266037e8,-1.8937736150548756e8,1.1944890663359311e8,3
415197.46901145636,1.7027097754865265e8,-1.9172841720146698e8,1.1269610015304306e8,-442.3201902070366,853.7802047813477,-484.03196538282145,2.7371888123897845e8,1.4293478130485827e8,3.1302947264644474e8,-1.8865927726050812e8,1.1909486285407722e8,3
416157.46901145636,1.698450204878354e8,-1.9090717228046983e8,1.122304855842673e8,-445.0950155784816,857.1503040588342,-486.0005795709803,2.7271053914924055e8,1.4392933050556877e8,3.135964501167244e8,-1.879399612204886e8,1.1874004147982284e8,3
417117.46901145636,1.6941638611300886e8,-1.9008268167332375e8,1.1176297479839952e8,-447.89798422781837,860.5421046434595,-487.982449729037,2.716977862196544e8,1.449246542656539e8,3.141613800515875e8,-1.8721941808199063e8,1.1838444482753132e8,3
418077.46901145636,1.689850472421577e8,-1.892549243910367e8,1.1129355497669272e8,-450.72944062219665,863.9559320647522,-489.9777703219614,2.70680589015969e8,1.4592078017016518e8,3.147242587624909e8,-1.8649765254958785e8,1.1802807521896605e8,3
419037.46901145636,1.6855097635728893e8,-1.8842387912897623e8,1.108222131117313e8,-453.5897402847357,867.3921184089695,-491.9867399637572,2.696589136438937e8,1.4691773627125582e8,3.1528508257428426e8,-1.8577466933583513e8,1.176709349809371e8,3
419997.46901145636,1.6811414559371e8,-1.8758952426048225e8,1.1034893600339173e8,-456.47925002236974,870.8510025140617,-494.0095615351446,2.6863272573772e8,1.4791555110123542e8,3.1584384782523394e8,-1.8505047316123796e8,1.173130264452862e8,3
420957.46901145636,1.6767452672908166e8,-1.867518378302892e8,1.0987371025468846e8,-459.3983481664991,874.3329301708065,-496.04644230528186,2.6760199044865745e8,1.489142536859275e8,3.1640055086704755e8,-1.843250687542213e8,1.1695435194887146e8,3
421917.46901145636,1.672320911722338e8,-1.859107975477522e8,1.0939652226750088e8,-462.34742482681247,877.8382543304017,-498.09759405770285,2.665666724328741e8,1.4991387355834213e8,3.1695518806489664e8,-1.8359846085109916e8,1.1659491383355212e8,3
422877.46901145636,1.6678680995173094e8,-1.8506638077987075e8,1.0891735823817736e8,-465.3268821586768,881.3673353188175,-500.16323322065455,2.6552673583922642e8,1.509144407726818e8,3.1750775579744166e8,-1.8287065419604313e8,1.1623471444617313e8,3
423837.46901145636,1.6633865370417467e8,-1.8421856454410332e8,1.0843620415301189e8,-468.33713464451995,884.9205410582231,-502.24358100202676,2.644821442966683e8,1.519159859186912e8,3.180582504568546e8,-1.8214165354105192e8,1.1587375613855009e8,3
424797.46901145636,1.658875926622286e8,-1.8336732550096568e8,1.0795304578358895e8,-471.3786093896654,888.4982472958144,-504.33886352907706,2.634328609013235e8,1.529185401363708e8,3.1860666844884324e8,-1.8141146364592004e8,1.1551204126745364e8,3
425757.46901145636,1.6543359664235264e8,-1.825126399464059e8,1.074678686819919e8,-474.4517464331115,892.1008378403857,-506.449311993162,2.623788482032096e8,1.539221351310673e8,3.191530061926742e8,-1.8068008927820677e8,1.1514957219459425e8,3
426717.46901145636,1.6497663503223118e8,-1.8165448380394852e8,1.0698065817586985e8,-477.55699907378175,895.7287048070036,-508.5751627996974,2.6132006819259855e8,1.549268031889597e8,3.196972601211966e8,-1.7994753521320504e8,1.1478635128660667e8,3
427677.46901145636,1.645166767778806e8,-1.8079283261659977e8,1.0649139936335802e8,-480.6948342128099,899.3822488701567,-510.7166577235804,2.6025648228599778e8,1.559325771929578e8,3.2023942668086517e8,-1.7921380623391035e8,1.1442238091503458e8,3
428637.46901145636,1.6405369037042028e8,-1.7992766153850535e8,1.0600007710784613e8,-483.86573271246215,903.061879525774,-512.8740440703184,2.5918805131173787e8,1.5693949063903123e8,3.2077950233176327e8,-1.7847890713098934e8,1.1405766345631501e8,3
429597.46901145636,1.6358764383249068e8,-1.7905894532635248e8,1.0550667603258938e8,-487.07018977233884,906.7680153625232,-515.0475748431224,2.5811473549514994e8,1.5794757765298852e8,3.2131748354762644e8,-1.7774284270274878e8,1.1369220129176296e8,3
430557.46901145636,1.631185047043019e8,-1.7818665833050665e8,1.0501118051515587e8,-490.3087153235398,910.501084342819,-517.2375089162342,2.570364944433155e8,1.5895687300772554e8,3.218533668158654e8,-1.7700561775510383e8,1.1332599680755566e8,3
431517.46901145636,1.6264624002929446e8,-1.7731077448587406e8,1.0451357468170469e8,-493.58183444152274,914.2615240939938,-519.4441112147716,2.559532871293716e8,1.5996741214096317e8,3.223871486375883e8,-1.762672371015473e8,1.1295905239471717e8,3
432477.46901145636,1.6217081633939525e8,-1.7643126730247924e8,1.0401384240108801e8,-496.89008777843145,918.0497822101049,-521.6676529013916,2.5486507187635285e8,1.6097923117349768e8,3.2291882552762467e8,-1.7552770556311747e8,1.1259137044910267e8,3
433437.46901145636,1.61692199639848e8,-1.7554810985574758e8,1.0351196727877061e8,-500.23403201571784,921.8663165648774,-523.9084115700858,2.5377180634055087e8,1.6199236692798334e8,3.23448394014547e8,-1.7478702796836725e8,1.1222295337138289e8,3
434397.46901145636,1.6121035539359945e8,-1.746612747764822e8,1.0300793265055977e8,-503.6142403379385,925.7115956363052,-526.1666714474372,2.5267344749437168e8,1.6300685694827366e8,3.2397585064069444e8,-1.740452091533321e8,1.1185380356702825e8,3
435357.46901145636,1.6072524850522032e8,-1.7377073424052304e8,1.0250172157613833e8,-507.031302928657,929.5860988434628,-528.4427236016908,2.515699516086692e8,1.640227395193425e8,3.2450119196219456e8,-1.7330225396149912e8,1.1148392344629352e8,3
436317.46901145636,1.602368433043389e8,-1.728764599580767e8,1.0199331683239305e8,-510.48582748944625,933.4903168961044,-530.7368661600017,2.5046127423453397e8,1.650400536878135e8,3.2502441454898643e8,-1.7255816724377468e8,1.1111331542420161e8,3
437277.46901145636,1.5974510352856502e8,-1.719784231627042e8,1.0148270090653035e8,-513.9784397830445,937.4247521576642,-533.0494045342512,2.4934737018451336e8,1.6605883928312206e8,3.255455149848426e8,-1.7181295385845342e8,1.107419819205282e8,3
438237.46901145636,1.592499923058807e8,-1.710765945999537e8,1.0096985598897105e8,-517.5097842017863,941.3899190222959,-535.3806516558378,2.4822819351324016e8,1.6707913693933982e8,3.2606448986739177e8,-1.710666186711859e8,1.1036992535978577e8,3
439197.46901145636,1.5875147213647214e8,-1.7017094451562414e8,1.0045476396601519e8,-521.0805243625001,945.386344306632,-537.7309282198745,2.4710369749744335e8,1.6810098811768848e8,3.265813358081405e8,-1.7031916655494753e8,1.0999714817120774e8,3
440157.46901145636,1.5824950487397775e8,-1.692614426436454e8,9.993740641226766e7,-524.6913437291373,949.4145676569757,-540.1005629392484,2.4597383461531556e8,1.691244351297767e8,3.27096049432496e8,-1.6957060239000604e8,1.0962365278873268e8,3
441117.46901145636,1.5774405170612442e8,-1.683480581935601e8,9.941776458281513e7,-528.3429462644807,953.4751419726753,-542.4898928090224,2.4483855652521008e8,1.701495211615889e8,3.276086273797876e8,-1.6882093106389016e8,1.0924944165098844e8,3
442077.46901145636,1.5723507313472372e8,-1.6743075983759046e8,9.889581940514389e7,-532.0360571123592,957.5686338464798,-544.8992633816866,2.4369781404363692e8,1.71176290298262e8,3.28119066303289e8,-1.6807015747135738e8,1.0887451720127603e8,3
443037.46901145636,1.5672252895499796e8,-1.6650951569727436e8,9.837155147078812e7,-535.7714233118937,961.6956240227122,-547.329029053798,2.4255155712252945e8,1.7220478754968417e8,3.2862736287024e8,-1.6731828651436228e8,1.0849888188755408e8,3
443997.46901145636,1.562063782342042e8,-1.6558429332965237e8,9.78449410266972e7,-539.5498145453873,965.8567078741467,-549.7795533645724,2.413997348257486e8,1.732350588769537e8,3.291335137618682e8,-1.6656532310202408e8,1.0812253816242234e8,3
444957.46901145636,1.5568657928952408e8,-1.6465505971298775e8,9.731596796631046e7,-543.3720239215833,970.0524958985258,-552.2512093070345,2.4024229530479175e8,1.7426715121973544e8,3.296375156734108e8,-1.6581127215059525e8,1.0774548848310608e8,3
445917.46901145636,1.5516308966518342e8,-1.6372178123199996e8,9.678461182032686e7,-547.2388687961189,974.2836142357095,-554.7443796523563,2.3907918577367094e8,1.7530111252455807e8,3.301393653141362e8,-1.650561385834286e8,1.0736773531143981e8,3
446877.46901145636,1.546358661087659e8,-1.627844236625913e8,9.625085174715686e7,-551.151191631125,978.5507052065018,-557.2594572880605,2.3791035248292366e8,1.7633699177409264e8,3.3063905940736526e8,-1.642999273309459e8,1.0698928111385134e8,3
447837.46901145636,1.5410486454668188e8,-1.6184295215604556e8,9.571466652304251e7,-555.1098608960424,982.8544278742648,-559.7968455708004,2.3673574069271764e8,1.7737483901746047e8,3.3113659469049317e8,-1.635426433306051e8,1.0661012836134554e8,3
448797.46901145636,1.5357004005875158e8,-1.6089733122267604e8,9.517603453183171e7,-559.1157720118664,987.1954586304944,-562.356958694474,2.3555529464500853e8,1.7841470540161532e8,3.3163196791501e8,-1.627842915268686e8,1.0623027952948844e8,3
449757.46901145636,1.5303134685186023e8,-1.599475247148994e8,9.463493375439125e7,-563.1698483411714,991.5744918056,-564.9402220744706,2.343689575347071e8,1.794566432038534e8,3.321251758465227e8,-1.6202487687117046e8,1.0584973709839073e8,3
450717.46901145636,1.524887382326397e8,-1.5899349580971062e8,9.40913417576431e7,-567.2730422264235,995.9922403062104,-567.5470727489048,2.3317667147981215e8,1.8050070586550093e8,3.3261621526477575e8,-1.6126440432188448e8,1.0546850355269189e8,3
451677.46901145636,1.519421665791292e8,-1.5803520699053285e8,9.354523568320683e7,-571.4263360792568,1000.4494362804004,-570.1779597977368,2.3197837749045995e8,1.8154694802683756e8,3.3310508296367216e8,-1.6050287884429148e8,1.0508658138154377e8,3
452637.46901145636,1.5139158331136438e8,-1.5707262002841446e8,9.29965922356307e7,-575.6307435235647,1004.9468318123252,-572.8333447807395,2.3077401543684068e8,1.8259542556331435e8,3.335917757512947e8,-1.5974030541054738e8,1.047039730785944e8,3
453597.46901145636,1.5083693886084265e8,-1.5610569596254483e8,9.2445387670193e7,-579.8873105954528,1009.4851996478365,-575.5137021953326,2.295635240159289e8,1.83646195623127e8,3.3407629044992644e8,-1.5897668899965006e8,1.0432068114197168e8,3
454557.46901145636,1.5027818263880727e8,-1.5513439508005768e8,9.189159778025377e7,-584.1971170033047,1014.0653339527544,-578.2195199553641,2.2834684071697214e8,1.8469931666621256e8,3.345586238960719e8,-1.5821203459740755e8,1.039367080742672e8,3
455517.46901145636,1.4971526300329193e8,-1.5415867689509034e8,9.133519788413642e7,-588.561277451432,1018.688051105574,-580.9512998919934,2.2712390178567848e8,1.8575484850473666e8,3.350387729404772e8,-1.5744634719640473e8,1.0355205638251962e8,3
456477.46901145636,1.491481272248626e8,-1.531785001270646e8,9.077616281151748e7,-592.9809430310255,1023.3541905264968,-583.7095582779023,2.258946421870409e8,1.868128523451473e8,3.35516734448151e8,-1.5667963179597166e8,1.0316672857819867e8,3
457437.46901145636,1.4857672145099e8,-1.521938226781534e8,9.021446688930115e7,-597.4573026823737,1028.0646155448003,-586.494826376138,2.2465899556673232e8,1.8787339083187088e8,3.359925052983846e8,-1.5591189340214995e8,1.0278072717718843e8,3
458397.46901145636,1.4800099066898265e8,-1.5120460160989586e8,8.965008392695497e7,-601.9915847326006,1032.8202143066865,-589.3076510149818,2.2341689421100256e8,1.8893652809273437e8,3.364660823847729e8,-1.551431370276607e8,1.0239405469977102e8,3
459357.46901145636,1.4742087866740564e8,-1.502107931189201e8,8.908298720128013e7,-606.5850585134697,1037.6219007258926,-592.1485951903245,2.2216826900500217e8,1.9000232978619966e8,3.3693746261523414e8,-1.5437336769187182e8,1.0200671367061026e8,3
460317.46901145636,1.4683632799590564e8,-1.4921235251173216e8,8.851314944058998e7,-611.2390360641275,1042.4706154794915,-595.018238697132,2.2091304938945633e8,1.9107086315050352e8,3.374066429120303e8,-1.5360259042076474e8,1.0161870661873497e8,3
461277.46901145636,1.462472799233589e8,-1.4820923417852628e8,8.794054280826747e7,-615.9548739240096,1047.3673270514778,-597.917178791688,2.1965116331560615e8,1.9214219705480054e8,3.37873620211787e8,-1.5283081024690208e8,1.0123003607752265e8,3
462237.46901145636,1.4565367439425212e8,-1.472013915659692e8,8.73651388856716e7,-620.7339750215114,1052.3130328269035,-600.8460308864193,2.1838253719832927e8,1.9321640205241382e8,3.383383914655141e8,-1.520580322093945e8,1.0084070458468279e8,3
463197.46901145636,1.4505544998320207e8,-1.4618877714890856e8,8.678690865436007e7,-625.5777906644353,1057.3087602395167,-603.8054292792272,2.1710709586734763e8,1.9429355043630236e8,3.3880095363862485e8,-1.5128426135386825e8,1.0045071468224047e8,3
464157.46901145636,1.44452543847513e8,-1.4517134240095297e8,8.620582247759481e7,-630.4878226386713,1062.3555679760561,-606.7960279193874,2.1582476251642397e8,1.9537371629686448e8,3.3926130371095616e8,-1.505095027324313e8,1.000600689165195e8,3
465117.46901145636,1.4384489167766443e8,-1.4414903776386705e8,8.562185008109349e7,-635.4656254220484,1067.4545472405737,-609.8185012122216,2.145354586504428e8,1.9645697558219987e8,3.397194386767881e8,-1.4973376140364152e8,9.966876983812612e7,3
466077.46901145636,1.4323242764561564e8,-1.4312181261572272e8,8.50349605329892e7,-640.5128085208178,1072.6068230823892,-612.8735448648993,2.1323910403026447e8,1.9754340616096473e8,3.401753555448638e8,-1.4895704243247277e8,9.927682000193208e7,3
467037.46901145636,1.426150843508047e8,-1.420896152377434e8,8.444512222295722e7,-645.6310389367968,1077.8135557915377,-615.9618767758986,2.119356166152353e8,1.9863308788795942e8,3.4062905133840865e8,-1.481793508902822e8,9.888422196705814e7,3
467997.46901145636,1.419927927637134e8,-1.410523927797747e8,8.385230284046614e7,-650.822043773819,1083.075942365839,-619.084237970834,2.1062491250322807e8,1.9972610267260015e8,3.4108052309514993e8,-1.4740069185477707e8,9.849097829685715e7,3
468957.46901145636,1.41365482166859e8,-1.4001009122431046e8,8.325646935210687e7,-656.0876129928042,1088.3952180540182,-622.2413935875576,2.0930690586807993e8,2.00822534550434e8,3.4152976786733603e8,-1.466210704099817e8,9.809709155889763e7,3
469917.46901145636,1.4073308009306598e8,-1.3896265534899917e8,8.26575879779513e7,-661.4296023254986,1093.7726579796233,-625.4341339136532,2.07981508894286e8,2.0192246975786883e8,3.419767827217561e8,-1.4584049164620394e8,9.770256432494664e7,3
470877.46901145636,1.4009551226086017e8,-1.379100286875504e8,8.205562416688846e7,-666.8499363577247,1099.2095788508373,-628.6632754796738,2.0664863170879692e8,2.0302599681029835e8,3.424215647397585e8,-1.450589606600025e8,9.730739917095332e7,3
471837.46901145636,1.3945270250681686e8,-1.3685215348895654e8,8.145054257088277e7,-672.3506117938524,1104.7073407616506,-631.9296622117231,2.053081823097605e8,2.041332065838197e8,3.428641110172704e8,-1.44276482554153e8,9.691159867703177e7,3
472797.46901145636,1.3880457271468285e8,-1.3578897067493933e8,8.08423070180961e7,-677.9337009151494,1110.2673490902723,-635.2341666472569,2.0396006649203506e8,2.0524419240074897e8,3.433044186648166e8,-1.4349306243761533e8,9.651516542744455e7,3
473757.46901145636,1.381510427410804e8,-1.347204197955245e8,8.023088048481041e7,-683.6013552457042,1115.8910565011029,-638.5776912182727,2.0260418776929078e8,2.0635905011915717e8,3.437424848075383e8,-1.4270870542549968e8,9.611810201058535e7,3
474717.46901145636,1.3749203033758608e8,-1.3364643898264217e8,7.961622506608458e7,-689.3558094407439,1121.579965057063,-641.9611696063802,2.0124044729250428e8,2.0747787822666585e8,3.4417830658521193e8,-1.419234166390336e8,9.572041101896262e7,3
475677.46901145636,1.3682745106896374e8,-1.3256696490164377e8,7.899830194507374e7,-695.1993854134147,1127.335628449607,-645.3855681745979,1.998687437646371e8,2.0860077793875492e8,3.4461188115226805e8,-1.411372012055283e8,9.532209504918219e7,3
476637.46901145636,1.361572182273144e8,-1.3148193270061816e8,7.83770713609354e7,-701.1344967174442,1133.1596543543085,-648.8518874810992,1.9848897335127303e8,2.0972785330185643e8,3.450432056778094e8,-1.4035006425834528e8,9.492315670193061e7,3
477597.46901145636,1.354812427418886e8,-1.3039127595738305e8,7.775249257524069e7,-707.1636532045961,1139.0537069205322,-652.3611638805527,1.9710102958697626e8,2.1085921130152726e8,3.4547227734563e8,-1.395620109368628e8,9.452359858195797e7,3
478557.46901145636,1.3479943308428738e8,-1.2929492662401812e8,7.71245238368038e7,-713.2894659774641,1145.0195094043768,-655.914471219153,1.9570480327711353e8,2.1199496197601303e8,3.458990933542329e8,-1.387730463864424e8,9.412342329806104e7,3
479517.46901145636,1.3411169516875796e8,-1.2819281496879788e8,7.64931223448367e7,-719.5146526599467,1151.0588469548127,-659.5129226299412,1.943001823948645e8,2.1313521853554264e8,3.4632365091684926e8,-1.3798317575839496e8,9.372263346306615e7,3
480477.46901145636,1.3341793224726775e8,-1.2708486951537208e8,7.585824421032938e7,-725.8420430097221,1157.1735695637444,-663.1576724355501,1.9288705197312605e8,2.1428009748771328e8,3.4674594726145566e8,-1.3719240420994765e8,9.332123169381222e7,3
481437.46901145636,1.3271804479901569e8,-1.2597101697903073e8,7.521984441554874e7,-732.2745848992205,1163.3655951916046,-666.8499181661156,1.9146529399099356e8,2.1542971876935792e8,3.4716597963079286e8,-1.3640073690420967e8,9.291922061113349e7,3
482397.46901145636,1.3201193041401334e8,-1.248511821998793e8,7.457787677154171e7,-738.8153506939901,1169.6369130810526,-670.5909027007394,1.9003478725447857e8,2.1658420588531473e8,3.475837452823836e8,-1.3560817901013905e8,9.251660283984272e7,3
483357.46901145636,1.312994836703398e8,-1.2372528807273716e8,7.393229387351969e7,-745.4675440600081,1175.9895872724014,-674.381916541611,1.8859540727109736e8,2.177436860545491e8,3.479992414885503e8,-1.3481473570250836e8,9.211338100871365e7,3
484317.46901145636,1.3058059600464176e8,-1.225932554735583e8,7.32830470539922e7,-752.2345072344099,1182.4257603355572,-678.2243002306803,1.871470261179356e8,2.189082903641202e8,3.484124655364334e8,-1.3402041216187152e8,9.170955775046423e7,3
485277.46901145636,1.2985515557541645e8,-1.2145500318215942e8,7.263008633350784e7,-759.1197287973599,1188.9476573345235,-682.1194469196403,1.8568951230276585e8,2.2007815393151397e8,3.488234147280083e8,-1.3322521357452936e8,9.130513570173913e7,3
486237.46901145636,1.2912304711857654e8,-1.203104478010232e8,7.197336036884978e7,-766.1268519863709,1195.5575900419115,-686.068805104927,1.842227306177585e8,2.212534160759172e8,3.492320863801036e8,-1.3242914513249643e8,9.090011750309272e7,3
487197.46901145636,1.2838415179475513e8,-1.1915950366992839e8,7.131281639852154e7,-773.2596835983665,1202.2579614224428,-690.0738815405006,1.8274654198529503e8,2.2243422049904507e8,3.4963847782441854e8,-1.3163221203346641e8,9.049450579897173e7,3
488157.46901145636,1.2763834702776276e8,-1.1800208277613825e8,7.064840018534544e7,-780.5222035292041,1209.0512704061052,-694.136244342318,1.8126080329534656e8,2.2362071547619072e8,3.5004258640754014e8,-1.3083441948077871e8,9.008830323769799e7,3
489117.46901145636,1.2688550633355892e8,-1.168380946598589e8,6.998005595598285e7,-787.9185750052982,1215.9401169734933,-698.2575262996978,1.7976536723384452e8,2.2481305405821997e8,3.5044440949096084e8,-1.3003577268338414e8,8.968151247145113e7,3
490077.46901145636,1.2612549913904533e8,-1.1566744631465608e8,6.930772633716968e7,-795.4531555674581,1222.927207577918,-702.439428410181,1.7826008210141635e8,2.260113942852946e8,3.508439444510953e8,-1.2923627685581122e8,8.927413615625145e7,3
491037.46901145636,1.253581905899272e8,-1.1449004208249444e8,6.863135228844376e7,-803.130508873175,1230.0153609311303,-706.6837236560627,1.76744791621811e8,2.27215899413178e8,3.5124118867929804e8,-1.284359372181317e8,8.886617695194216e7,3
491997.46901145636,1.2458344134682271e8,-1.1330578354303631e8,6.7950873031123e7,-810.9554173904055,1237.2075141820285,-710.9922610424996,1.7521933473928097e8,2.2842673815304762e8,3.5163613958188015e8,-1.2763475899592717e8,8.845763752217256e7,3
492957.46901145636,1.2380110736872648e8,-1.1211456939680763e8,6.726622597327268e7,-818.9328960635414,1244.5067295204783,-715.3669699190256,1.7368354540412384e8,2.2964408492582417e8,3.520287945801265e8,-1.2683274742025399e8,8.804852053438006e7,3
493917.46901145636,1.2301103968285169e8,-1.1091629534180604e8,6.6577346630378656e7,-827.0682070407995,1251.9162012414752,-719.8098646084446,1.7213725234551775e8,2.308681201321155e8,3.5241915111031204e8,-1.2602990772761007e8,8.763882865977338e7,3
494877.46901145636,1.222130841397855e8,-1.0971085394309132e8,6.588416854141872e7,-835.3668755618538,1259.4392633082853,-724.3230493694543,1.7058027883070967e8,2.320990304389755e8,3.528072066237193e8,-1.2522624515989998e8,8.72285645733145e7,3
495837.46901145636,1.2140708115279187e8,-1.0849813449485868e8,6.5186623179998234e7,-843.8347071153122,1267.0793974570136,-728.9087237219973,1.6901244240953013e8,2.3333700908478603e8,3.5319295858665407e8,-1.244217649644013e8,8.681773095370173e7,3
496797.46901145636,1.2059286541998558e8,-1.0727802287445351e8,6.4484639860186666e7,-852.4778059877597,1274.8402418892751,-733.5691881673088,1.674335546431155e8,2.3458225620369658e8,3.535764044804631e8,-1.2361647239372973e8,8.640633048335177e7,3
497757.46901145636,1.197702656279776e8,-1.0605040138773823e8,6.377814563665943e7,-861.3025953397613,1282.7256006043658,-738.3068503379283,1.658434208156163e8,2.3583497917118883e8,3.5395754180154955e8,-1.2281037270580544e8,8.599436584838259e7,3
498717.46901145636,1.18939104135455e8,-1.0481514860517113e8,6.30670651987139e7,-870.3158389596515,1290.739453427596,-743.124231616648,1.6424183962755647e8,2.370953929724869e8,3.543363680613898e8,-1.2200347116381821e8,8.558183973859556e7,3
499677.46901145636,1.1809919663500524e8,-1.0357213918789895e8,6.235132075768912e7,-879.5246648633943,1298.8859667973388,-748.0239742675219,1.6262860286938053e8,2.3836372059570348e8,3.547128807865498e8,-1.2119577303619348e8,8.516875484745815e7,3
500637.46901145636,1.1725035179132406e8,-1.0232124370310235e8,6.1630831927274965e7,-888.936590928582,1307.1695053799303,-753.0088491267155,1.6100349507358748e8,2.3964019345179635e8,3.5508707751870066e8,-1.2038728359655754e8,8.475511387208612e7,3
501597.46901145636,1.1639237085375531e8,-1.0106232842776345e8,6.090551559614849e7,-898.5595527731006,1315.594644588953,-758.0817639062182,1.5936629314369157e8,2.4092505182362622e8,3.554589558146355e8,-1.1957800812370358e8,8.434091951322612e7,3
502557.46901145636,1.1552504724089622e8,-9.979525513994712e7,6.0175285792321116e7,-908.4019341145413,1324.166184093725,-763.2457721693409,1.577167659580775e8,2.4221854534663367e8,3.558285132462848e8,-1.1876795190155667e8,8.392617447523786e7,3
503517.46901145636,1.1464816609476233e8,-9.85198808966021e7,5.944005353852097e7,-918.4725998755546,1332.889162411147,-768.5040830435778,1.560546739466218e8,2.4352093352392474e8,3.561957474007323e8,-1.1795712021913989e8,8.351088146607666e7,3
504477.46901145636,1.1376150380173503e8,-9.723605779679248e7,5.869972669786809e7,-928.7809323336036,1341.7688726855722,-773.8600717439394,1.543797686377356e8,2.448324862788444e8,3.565606558802312e8,-1.1714551837053905e8,8.309504319727547e7,3
505437.46901145636,1.1286482747721136e8,-9.594363272916423e7,5.7954209809025824e7,-939.3368706516378,1350.8108797732104,-779.317290988383,1.5269179217323852e8,2.4615348454845184e8,3.569232363022192e8,-1.1633315165486898e8,8.26786623839276e7,3
506397.46901145636,1.1195789441053109e8,-9.464244710233305e7,5.72034039099292e7,-950.1509541698616,1360.0210387609886,-784.8794833966344,1.509904767882019e8,2.4748422092168763e8,3.572834862993345e8,-1.1552002537623805e8,8.226174174466853e7,3
507357.46901145636,1.110404514663686e8,-9.333233655674823e7,5.64472063490979e7,-961.2343698889696,1369.405515064949,-790.5505949746833,1.492755442525892e8,2.4882500032644448e8,3.576414035194313e8,-1.1470614484371437e8,8.18442840016585e7,3
508317.46901145636,1.1011223443833615e8,-9.201313065643975e7,5.568551058343762e7,-972.5990046330387,1378.9708062704728,-796.3347897997389,1.4754670527117705e8,2.501761407702313e8,3.579969856255946e8,-1.1389151537129046e8,8.142629188056456e7,3
509277.46901145636,1.091729673500454e8,-9.068465255889072e7,5.4918205961316705e7,-984.2575024470714,1388.7237658961708,-802.2364660347181,1.4580365883784655e8,2.515379741396671e8,3.583502302961563e8,-1.1307614227784882e8,8.100776811054279e7,3
510237.46901145636,1.0822236169830525e8,-8.934671866109245e7,5.414517748957321e7,-996.2233278615121,1398.671629285518,-808.2602734176564,1.4404609153989398e8,2.529108470646534e8,3.587011352247093e8,-1.1226003088712743e8,8.058871542422064e7,3
511197.46901145636,1.072601156324846e8,-8.799913821963173e7,5.336630558295932e7,-1008.51083574584,1408.8220418556996,-814.4111323901412,1.4227367680750608e8,2.54295121853781e8,3.5904969812012374e8,-1.1144318652768448e8,8.016913655767879e7,3
512157.46901145636,1.0628591306332685e8,-8.664171294242537e7,5.258146579436251e7,-1021.1353485778383,1419.183089962119,-820.6942550503488,1.4048607410297608e8,2.5569117750832388e8,3.59395916706561e8,-1.1062561453286415e8,7.974903425043361e7,3
513117.46901145636,1.0529942269365247e8,-8.527423654945433e7,5.179052852395288e7,-1034.1132420770905,1429.763334670227,-827.1151681409954,1.386829280435871e8,2.5709941082309616e8,3.5973978872348917e8,-1.098073202407612e8,7.932841124541903e7,3
514077.46901145636,1.0430029696240819e8,-8.389649429955086e7,5.099335870519102e7,-1047.462040294017,1440.571848764415,-833.6797383110448,1.3686386745134783e8,2.58520237583496e8,3.6008131192569727e8,-1.0898830899418671e8,7.890727028896877e7,3
515037.46901145636,1.0328817089239603e8,-8.250826247995614e7,5.018981546538602e7,-1061.2005214133358,1451.6182573675117,-840.394199923007,1.3502850432191977e8,2.59954093869273e8,3.604204840833106e8,-1.0816858614063266e8,7.848561413079832e7,3
515997.46901145636,1.0226266083071437e8,-8.110930785498245e7,4.9379751758214064e7,-1075.3488357281815,1462.9127825948747,-847.2651857159251,1.3317643270410067e8,2.6140143747694957e8,3.607573029818046e8,-1.0734815703223744e8,7.80634455239871e7,3
516957.46901145636,1.0122336306943642e8,-7.969938706968063e7,4.856301396529015e7,-1089.9286374742294,1474.4662927253319,-854.2997606786137,1.3130722748011318e8,2.6286274947444302e8,3.610917664220199e8,-1.065270270257505e8,7.764076722496028e7,3
517917.46901145636,1.0016985233230133e8,-7.827824600391835e7,4.7739441463520184e7,-1104.9632324894949,1486.2903564386359,-861.5054595395459,1.2942044303565857e8,2.6433853590330246e8,3.61423872220176e8,-1.0570520148249795e8,7.72175819934711e7,3
518877.46901145636,9.91016801111524e7,-7.684561907171078e7,4.690886615454269e7,-1120.4777439941026,1498.3973027472969,-868.8903283403594,1.2751561180720429e8,2.6582932964615557e8,3.617536182078862e8,-1.0488268576834677e8,7.679389259258246e7,3
519837.46901145636,9.80183728334721e7,-7.540122845999998e7,4.607111195208782e7,-1136.4992991766085,1510.800287341547,-876.4629706309443,1.2559224269224937e8,2.673356924794949e8,3.620810022321716e8,-1.0405948525367065e8,7.636970178864928e7,3
520797.46901145636,9.69194298395655e7,-7.394478330033949e7,4.522599422252579e7,-1153.0572397434544,1523.5133661720988,-884.232598907525,1.2364981930629879e8,2.6885821733490974e8,3.6240602215547484e8,-1.0323560531331405e8,7.594501235130006e7,3
521757.46901145636,9.58043211446505e7,-7.247597876609157e7,4.437331917323461e7,-1170.1833601534756,1536.5515772190436,-892.2090920135311,1.2168779806793748e8,2.7039753079535913e8,3.627286758556742e8,-1.0241105132655793e8,7.551982705341917e7,3
522717.46901145636,9.46724849572231e7,-7.099449508676608e7,4.351288318267158e7,-1187.9121779421687,1549.9310315400162,-900.4030593393979,1.1970560609064744e8,2.7195429585719794e8,3.630489612260978e8,-1.0158582867708391e8,7.509414867112836e7,3
523677.46901145636,9.352332492045245e7,-6.949999647000127e7,4.264447206516586e7,-1206.2812413686077,1563.6690148606372,-908.8259127954849,1.1770263885679035e8,2.7352921499353653e8,3.633668761755367e8,-1.0075994275293972e8,7.466797998376901e7,3
524637.4690114564,9.235620703786892e7,-6.799212992038131e7,4.176786026243801e7,-1225.331480626905,1577.7841011700193,-917.4899476966134,1.1567825764537708e8,2.751230335602992e8,3.636824186282592e8,-9.993339894650349e7,7.424132377388364e7,3
525597.4690114564,9.11704562380436e7,-6.6470523942770794e7,4.088280995266756e7,-1245.107610099216,1592.2962800196137,-926.4084338929869,1.1363178668075109e8,2.7673654359324396e8,3.63995586524024e8,-9.910620265444905e7,7.381418282719806e7,3
526557.4690114564,8.99653525250757e7,-6.49347871160865e7,3.9989070066539265e7,-1265.658590646551,1607.227099501836,-935.5957187174976,1.1156250996397054e8,2.783705880524659e8,3.6430637781809396e8,-9.82783592777102e7,7.338655993260287e7,3
527517.4690114564,8.874012665219843e7,-6.338450652137578e7,3.908637519805952e7,-1287.0381628121474,1622.5998272141992,-945.0673436023906,1.0946966774230559e8,2.800260655808481e8,3.6461479048124886e8,-9.744987422144596e7,7.295845788213556e7,3
528477.4690114564,8.749395524429502e7,-6.18192460056752e7,3.817444439599712e7,-1309.3054641473345,1638.4396319051748,-954.8401765599081,1.0735245256463635e8,2.817039358549353e8,3.649208224997995e8,-9.662075289500467e7,7.252987947096196e7,3
529437.4690114564,8.622595528108543e7,-6.0238544260318495e7,3.725297981950304e7,-1332.525746789342,1654.7737889618993,-964.9325631355815,1.0521000486135517e8,2.8340522562129927e8,3.652244718756001e8,-9.579100071188936e7,7.210082749735835e7,3
530397.4690114564,8.493517783556698e7,-5.8641912689072214e7,3.632166523872601e7,-1356.7712150924986,1671.6319134516252,-975.3644989465832,1.0304140797627752e8,2.8513103552928555e8,3.655257366260617e8,-9.496062308972175e7,7.16713047626928e7,3
531357.4690114564,8.362060094113885e7,-5.702883303760737e7,3.538016435796738e7,-1382.1220077619582,1689.0462250856576,-986.1578275327935,1.0084568256457673e8,2.868825478929095e8,3.658246147841651e8,-9.412962545020746e7,7.124131407140726e7,3
532317.4690114564,8.228112143464471e7,-5.539875475125767e7,3.4428118934990175e7,-1408.6673548611957,1707.0518502565628,-997.3364680026631,9.862178025428721e7,2.8866103554168916e8,3.661211043984736e8,-9.329801321910003e7,7.081085823099887e7,3
533277.4690114564,8.091554558991602e7,-5.375109202263567e7,3.3465146665364776e7,-1436.5069476639696,1725.6871672297768,-1008.9266778846849,9.636857644868751e7,2.9046787195377874e8,3.6641520353314584e8,-9.24657918261661e7,7.037994005200203e7,3
534237.4690114564,7.95225783154355e7,-5.208522048432583e7,3.2490838795007367e7,-1465.7525691467029,1744.9942016750804,-1020.9573577430918,9.408486212188332e7,2.923045429067567e8,3.6670691026794845e8,-9.163296670514934e7,6.994856234796964e7,3
535197.4690114564,7.810081063798532e7,-5.040047349436564e7,3.1504757417112693e7,-1496.5300457216042,1765.0190810289012,-1033.4604055403208,9.176933442885032e7,2.941726599343019e8,3.6699622269826835e8,-9.079954329373561e7,6.951672793545514e7,3
536157.4690114564,7.664870512826374e7,-4.869613795335823e7,3.0506432401199598e7,-1528.9815976394611,1785.8125577107658,-1046.4711305016076,8.94205859123352e7,2.9607397594408417e8,3.6728313893512547e8,-8.996552703351681e7,6.90844396339937e7,3
537117.4690114564,7.516457883992063e7,-4.697144958160419e7,2.949535789159939e7,-1563.2686878089341,1807.4306129951126,-1060.0287384514188,8.703709204006782e7,2.980104034379686e8,3.6756765710518485e8,-8.913092336995599e7,6.865170026608424e7,3
538077.4690114564,7.364658322406998e7,-4.52255875723586e7,2.8470988299945194e7,-1599.5754986633717,1829.9351553635422,-1074.1769033646428,8.461719674362984e7,2.999840358862367e8,3.678497753507694e8,-8.829573775235114e7,6.821851265717056e7,3
539037.4690114564,7.209268033847798e7,-4.3457668522989675e7,2.7432733700460326e7,-1638.1132071363897,1853.3948293939598,-1088.964443354872,8.21590955509083e7,3.019971729513993e8,3.6812949182987106e8,-8.74599756338003e7,6.778487963562335e7,3
539997.4690114564,7.050061448222801e7,-4.16667395292857e7,2.637995451733323e7,-1679.1252831137663,1877.8859535660447,-1104.4461236895388,7.966081580167481e7,3.040523504461627e8,3.684068047161639e8,-8.662364247116524e7,6.735080403272127e7,3
540957.4690114564,6.88678781355864e7,-3.985177030945066e7,2.531195536925111e7,-1722.8941132906673,1903.4936075130026,-1120.6836148947589,7.71201933026637e7,3.061523761608829e8,3.6868171219901514e8,-8.578674372503656e7,6.691628868263284e7,3
541917.4690114564,6.719167074636494e7,-3.8011644203841224e7,2.4227977906066753e7,-1769.749359717616,1930.3128906847005,-1137.746640837374,7.453484460370299e7,3.0830037303237677e8,3.6895421248349774e8,-8.494928485969734e7,6.648133642239771e7,3
542877.4690114564,6.5468848442271076e7,-3.614514787537187e7,2.3127192435175087e7,-1820.078614955619,1958.4503740432758,-1155.7143600927661,7.190213384466115e7,3.104998315829938e8,3.692243037904013e8,-8.411127134308806e7,6.604595009190827e7,3
543837.4690114564,6.369586211013037e7,-3.425095951633166e7,2.2008688088854842e7,-1874.341136076398,1988.0257622502309,-1174.6770340909488,6.92191328123604e7,3.127546741877118e8,3.694919843562447e8,-8.327270864677037e7,6.56101325338909e7,3
544797.4690114564,6.186868038685686e7,-3.232763535544483e7,2.087146122690635e7,-1933.0857630092119,2019.1737719467217,-1194.7380473841222,6.648257242565249e7,3.150693346046438e8,3.697572524332865e8,-8.243360224589194e7,6.5173886593887754e7,3
545757.4690114564,5.998269282978104e7,-3.0373594264920644e7,1.9714401700080566e7,-1996.974609647637,2052.046204790835,-1216.0163581216866,6.368878328942608e7,3.174488574482847e8,3.700201062895372e8,-8.159395761915007e7,6.473721512023779e7,3
546717.4690114564,5.803258668120133e7,-2.8387100311522163e7,1.8536276519144364e7,-2066.814851884449,2086.8141377044094,-1238.6494680767012,6.0833622156072766e7,3.1989902407816976e8,3.702805442087701e8,-8.075378024875656e7,6.4300120964058526e7,3
547677.4690114564,5.601218790238473e7,-2.6366243218240593e7,1.7335710385860275e7,-2143.6020823475624,2123.6700396199335,-1262.7970053107008,5.791238000315723e7,3.2242651400991285e8,3.705385644905329e8,-7.991307562040128e7,6.386260697922709e7,3
548637.4690114564,5.391425301395716e7,-2.430891698204289e7,1.6111162458790785e7,-2228.58052884827,2162.8293988386968,-1288.6449945052736,5.491966582229292e7,3.250391149061234e8,3.707941654501582e8,-7.9071849223217e7,6.3424676022361934e7,3
549597.4690114564,5.173019187850563e7,-2.221279748336179e7,1.4860898683287531e7,-2323.328427269214,2204.5309955541184,-1316.4108170473355,5.1849257875325866e7,3.2774600026732016e8,3.71047345418775e8,-7.823010654974292e7,6.298633095280386e7,3
550557.4690114564,4.9449691392830834e7,-2.0075321139169663e7,1.3582959095663453e7,-2429.881894294996,2249.0340437420027,-1346.348658438187,4.869391073440869e7,3.305581034898451e8,3.712981027433195e8,-7.73878530958894e7,6.25475746325976e7,3
551517.4690114564,4.706019341162523e7,-1.7893669151027378e7,1.2275119917072648e7,-2550.9194746575376,2296.6085394368447,-1378.7547236418272,4.544510129582841e7,3.3348863243430984e8,3.715464357865459e8,-7.654509436090152e7,6.210840992647294e7,3
552477.4690114564,4.454615202746409e7,-1.5664767106186101e7,1.093485146253712e7,-2690.045567315023,2347.511111911791,-1413.9702321371067,4.2092689236491844e7,3.365537945766946e8,3.7179234292703676e8,-7.570183584732372e7,6.166883970182621e7,3
553437.4690114564,4.188794565662926e7,-1.3385320825441048e7,9.559276077555416e6,-2852.2413545738095,2401.929656134557,-1452.3770703564435,3.862445572452955e7,3.3977384791731733e8,3.720358225592142e8,-7.485808306096329e7,6.12288668287013e7,3
554397.4690114564,3.906022779686168e7,-1.1051934105429078e7,8.145138461679727e6,-3044.612617484925,2459.8588189357743,-1494.373002152853,3.502546688967241e7,3.431746747474767e8,3.722768730933496e8,-7.401384151085506e7,6.0788494179771245e7,3
555357.4690114564,3.602932225519196e7,-8.661411955868626e6,6.688821860770981e6,-3277.6926513225767,2520.8151997457285,-1540.2919889194693,3.1277184649457518e7,3.467902318283853e8,3.725154929555749e8,-7.316911670922475e7,6.034772463031913e7,3
556317.4690114564,3.2748899953250647e7,-6.211498066295882e6,5.186500863065826e6,-3567.8515530255168,2583.1563131304856,-1590.1738254965328,2.7356222917373933e7,3.506665472928819e8,3.727516805878922e8,-7.232391417145368e7,5.990656105821968e7,3
557232.6089163756,2.9328745660655607e7,-3.821169634627464e6,3.7083415745556084e6,-3922.1484701274494,2639.7655013028575,-1640.5897713978898,2.343038834711083e7,3.5466376593174845e8,3.7297456553109694e8,-7.151776761394985e7,5.948564854153128e7,3
557998.1725758513,2.618545148723675e7,-1.7848089114380372e6,2.4361271117428793e6,-4305.901180671454,2677.7850917953338,-1682.6705538291328,1.9981069299463157e7,3.5829383559013253e8,3.731593208434658e8,-7.084305657316124e7,5.913326139335816e7,3
558635.4366564607,2.3315965895463564e7,-72474.55961859022,1.353585431341173e6,-4716.633661474893,2692.3877082922986,-1713.6808020517824,1.6977270670004465e7,3.6156755764800334e8,3.733119316469214e8,-7.02811948068475e7,5.883974291723465e7,3
559167.6007677705,2.0694286221761193e7,1.3581577053929467e6,436491.9149403806,-5153.480038710777,2678.7360292578055,-1730.970581998164,1.4365271416982394e7,3.6452165784019345e8,3.734385503653469e8,-6.98118423769623e7,5.859450285617575e7,3
559613.6947290987,1.829633560527042e7,2.544262092005523e6,-336500.1865424805,-5614.624394618133,2631.60235475348,-1731.626480249169,1.2097324045417566e7,3.6718967559233695e8,3.7354411299554294e8,-6.941829322256243e7,5.838883636825955e7,3
559989.3111799298,1.6099944718301011e7,3.5183251489001205e6,-984109.4324869779,-6097.094896573641,2545.485963570704,-1712.5231015159295,1.0131188074018884e7,3.696020944626931e8,3.736325895916643e8,-6.908684420782338e7,5.821559887548072e7,3
560307.2183573534,1.4084791795690611e7,4.308599724500031e6,-1.5226736759536255e6,-6596.55975796031,2414.789130303711,-1670.406211896892,8.42965255297957e6,3.717865054413791e8,3.737071809441787e8,-6.880626466321668e7,5.8068931915872656e7,3
560577.8700068659,1.2232315118527042e7,4.93953806376514e6,-1.966387881930526e6,-7107.144058104753,2234.0597733586333,-1602.0128868630115,6.960066349550548e6,3.73767791296138e8,3.737704737440687e8,-6.856735322193268e7,5.79440335951268e7,3
560809.8279115038,1.0525608754260205e7,5.4321962436473435e6,-2.3275274779162956e6,-7621.292652545336,1998.304378525235,-1504.232046355659,5.6938888963175705e6,3.7556832192170626e8,3.738245635232757e8,-6.836256946134576e7,5.7836967445355244e7,3
561010.1108365292,8.949309654118773e6,5.804605529543381e6,-2.6166544046322815e6,-8129.709846721074,1703.3677581167287,-1374.3052566792226,4.606269606877173e6,3.7720815259068435e8,3.7387115244370526e8,-6.818572895193131e7,5.774450396106506e7,3
561184.4819648161,7.489482069343107e6,6.072108653820708e6,-2.842804455881427e6,-8621.409697552726,1346.366216266311,-1210.062487321608,3.6756608954260563e6,3.787052188623218e8,3.73911627358348e8,-6.80317515730869e7,5.766398966538556e7,3
561337.6852479345,6.133503579585761e6,6.247660694501202e6,-3.0136554923839616e6,-9083.90990965767,926.1482650706957,-1010.1807785928918,2.8834674120120313e6,3.8007552355148077e8,3.7394712233517903e8,-6.789645423761587e7,5.759323917959457e7,3
561473.6395801397,4.869955746258116e6,6.342095346859773e6,-3.1356767860012506e6,-9503.595432012135,443.7435149327847,-774.4461184713716,2.2137324766912917e6,3.8133331254140687e8,3.7397856890605193e8,-6.777638039083946e7,5.753044637492032e7,3
561595.598346478,3.688521436951025e6,6.364358075826822e6,-3.2142601790461564e6,-9866.263669023332,-97.25191350170286,-503.9914258722611,1.6528615499092694e6,3.824912373354413e8,3.7400673659851557e8,-6.766865977059329e7,5.747411124828511e7,3
561706.2807113484,2.5798901516673537e6,6.321708024327187e6,-3.2538339919416523e6,-10157.841542276632,-690.4129479372431,-201.478099860989,1.189381740211781e6,3.835605031042834e8,3.740322657705369e8,-6.757089290935017e7,5.742297966834851e7,3
561807.9799970414,1.5356721655427478e6,6.219890718041741e6,-3.257960730499851e6,-10365.237217491758,-1326.405494370536,128.81290267928753,813735.7043052055,3.845510016285022e8,3.7405569435478175e8,-6.748105572341466e7,5.737599357933162e7,3
561902.6536428779,548321.943811391,6.063283615935763e6,-3.229419669093477e6,-10477.260141467521,-1993.1372739488259,481.01030064331144,518107.78388692625,3.854714289960257e8,3.740774798001257e8,-6.739742026974753e7,5.733224962767077e7,3
561991.9985210259,-388928.9507639855,5.8550164574395e6,-3.170275346329068e6,-10485.51806388968,-2676.165450868087,847.8211010634869,296279.85999094136,3.863293882259529e8,3.7409801725137615e8,-6.731848836665046e7,5.7290964493698515e7,3
562077.5148002194,-1.2821293766828747e6,5.597068188008925e6,-3.0819329267040007e6,-10385.185690789958,-3359.3543262085623,1220.840914113565,143514.24818760063,3.8713147718497103e8,3.741176548175834e8,-6.724293528068374e7,5.7251445471964315e7,3
562080.0069415228,-1.3080049509903346e6,5.588671169023398e6,-3.078876632117426e6,-10380.533658415543,-3379.4445156357833,1231.9060600616851,139999.99632045813,3.871544736529269e8,3.7411822681082386e8,-6.724073343751194e7,5.725029375217561e7,3
