t_s,alt_m,lat_deg,lon_deg,v_inertial_ms,v_rel_ms,gamma_deg,heading_deg,mach,qbar_pa,gload,alpha_deg,pitch_rate_dps,rho_kgm3,qdot_conv_wcm2,qdot_rad_wcm2,heat_load_jcm2,t_wall_k
562080.0069415228,139999.99632045813,-28.36705232091854,-85.23949792342323,10986.06921553726,10571.82191865682,-7.595641095138397,86.47363202942641,22.292277796346315,0.21408288796534528,0.0,5.0,0.0,3.831001064466405e-9,0.0,0.0,0.0,0.0
562081.0069415228,138605.23208757304,-28.361317636675096,-85.13507505998236,10987.262072626268,10573.058859462288,-7.546456021378305,86.42010546031206,22.55025232587574,0.23791682272981288,0.0,5.0,0.0,4.256511854745093e-9,0.0,0.0,0.0,0.0
562085.0069415228,133114.3534603864,-28.337489496322878,-84.71704266958699,10991.961624601741,10577.932191994021,-7.349522422277166,86.20594413727423,23.659090444193104,0.36049552854008665,0.0,5.0,0.0,6.44359625560637e-9,0.0,0.0,0.0,0.0
562090.0069415228,126449.72056005616,-28.305698464900523,-84.19376907066423,10997.673340231193,10583.855360068732,-7.102928931278889,85.93814599799474,25.44628951444953,0.651822721620927,0.0,5.0,0.0,1.163782168738025e-8,0.0,0.0,0.0,0.0
562095.0069415228,120007.01972892974,-28.271671997625944,-83.66973414444452,11003.202721064818,10589.589738892904,-6.8558748370934905,85.67028345084147,27.837915409025584,1.244992209695257,0.0,5.0,0.0,2.2204365091467785e-8,0.0,0.0,0.0,0.0
562095.012495722,119999.98665724602,-28.271632954245483,-83.66915162352615,11003.208752462946,10589.595994405287,-6.855600147404181,85.66998587971933,27.840903576822072,1.245872777522579,0.0009783621486633676,4.999954217193647,-1.1091465984357076e-5,2.2220043716691137e-8,2.2977635552176996,0.004056997061842579,0.0021307949909160706,831.3046317920677
562095.5124957225,119367.98249391746,-28.268106857853052,-83.61670840202144,11003.746554325122,10590.153938027674,-6.83086914927771,85.64319785815728,28.140362142613,1.3677039561757716,0.0010739952710540697,4.973674915886275,-0.006273991613018839,2.4390323058376755e-8,2.4077439654102095,0.004548341767974027,1.180458673955041,841.1042305612262
562096.012495723,118738.207905069,-28.264558338606264,-83.56425822625842,11004.282024833565,10590.709485239327,-6.806133668532675,85.61640971252321,28.44852010434289,1.500954516654496,0.0011785832396947415,4.944118292247817,-0.013109691230684048,2.6763777926623977e-8,2.5225720617060796,0.005097132953904324,2.415240585278216,850.9859568406433
562096.5124957234,118110.66380045004,-28.260987390921684,-83.51180115657542,11004.815116590857,10591.262588598174,-6.781393717693231,85.58962149030681,28.765812840797437,1.6466447775555222,0.001292924350498081,4.910986919081567,-0.02056270283364889,2.935853940649952e-8,2.642440013929333,0.005709830486919011,3.708978455359497,860.9500852524193
562097.0124957239,117485.35108978953,-28.25739400932472,-83.45933725359029,11005.345778126906,10591.813196589452,-6.75664930937767,85.56283323913351,29.092707037826035,1.8058813290696105,0.0014178840734591141,4.8739605975281535,-0.028679571813951473,3.219426971599579e-8,2.767546551849111,0.006393589613066779,5.064275329246877,870.996892843567
562097.5124957244,116862.27068298217,-28.253778188451715,-83.40686657822215,11005.873953556566,10592.361253283343,-6.731900456353863,85.53604500677402,29.42970364976075,1.9798638660895802,0.0015544003258470892,4.832695390747593,-0.03750866288727189,3.52922833366311e-8,2.898097139029424,0.007156332170104443,6.483839059195948,881.1266596701547
562098.0124957248,116241.42349029239,-28.2501399230522,-83.35438919171519,11006.399582210423,10592.90669796582,-6.7071471716079945,85.50925684115494,29.77734121091181,2.1698925206299466,0.0017034891270548986,4.786822785700907,-0.047099858475696525,3.8675676987991403e-8,3.034304148897366,0.008006824678695327,7.970486118013736,891.3396694193924
562098.5124957253,115622.81042257324,-28.24647920799127,-83.30190515566011,11006.922598236815,10593.449464740695,-6.68238946842909,85.48246879037004,30.136199547150454,2.377375726377946,0.001866250661089065,4.7359490315227255,-0.057504150752804815,4.236946902776142e-8,3.176387042924176,0.008954763930333386,9.527145541861827,901.6362100711963
562099.0124957258,115006.43239149544,-28.242796038252255,-83.24941453202403,11007.442930173007,10593.989482100853,-6.657627360512152,85.45568090269278,30.506903946022756,2.6038386500429866,0.0020438757747212647,4.679654712804079,-0.06877310627107698,4.6400748891691554e-8,3.324572550803469,0.010010870741113034,11.156863007461808,912.0165746008112
562099.5124957262,114392.29030977841,-28.239090408939585,-83.1969173831761,11007.960500483308,10594.52667246646,-6.632860862083087,85.42889322658972,30.890129853920346,2.8509322260979864,0.0022376529416386457,4.6174946274008875,-0.0809581790265383,5.079883722229781e-8,3.479094852500827,0.011186992594730648,12.862805048930356,922.4810617241394
562100.0124957267,113780.3850914361,-28.235362315281872,-83.14441377191993,11008.47522506176,10595.06095168772,-6.608089988049066,85.4021058107353,31.2866081809173,3.120442833501354,0.0024489757255657407,4.548998051271867,-0.09410984451939916,5.559545737071843e-8,3.6401957620317336,0.012496215956131701,14.648263419783017,933.0299766870543
562100.5124957272,113170.71765202098,-28.23161175263529,-83.09190376152834,11008.987012696874,10595.59222850974,-6.583314754178425,85.37531870402776,31.697131308476017,3.414302655081583,0.0026793507783609283,4.473669487433537,-0.10827652389405548,6.082491899358e-8,3.8081249128191854,0.013952989099343515,16.516659605977225,943.6636321004712
562101.0124957276,112563.28890889883,-28.227838716487206,-83.0393874157771,11009.495764495667,10596.1204039967,-6.558535177314562,85.34853195560649,32.12255991282825,3.7346007624067266,0.0029304064125286818,4.390990012469675,-0.12350326367136959,6.652431450506846e-8,3.9831399444554876,0.01557325635921232,18.47154949622304,954.3823488220582
562101.5124957281,111958.09978148714,-28.22404320246017,-82.9868647989875,11010.001373264133,10596.645370912473,-6.533751275628935,85.3217456148709,32.563830738337785,4.0835949712506485,0.0032039017915641457,4.300419352165893,-0.1398301330473545,7.2733729185487e-8,4.165506690705431,0.017374604787703113,20.516628216177413,965.1864568871772
562102.0124957286,111355.15119154658,-28.22022520631615,-82.9343359760657,11010.50372284098,10597.167013054557,-6.508963068918418,85.2949597315009,33.02196548121375,4.463724515013708,0.003501736785942936,4.201398837698309,-0.15729029740710176,7.949646578799354e-8,4.3554993685291175,0.019376424270366906,22.65573513355111,976.0762964888571
562102.512495729,110754.44406343065,-28.21638472396124,-82.88180101255219,11011.002687381251,10597.685204537924,-6.484170578953017,85.26817435547912,33.49808097617457,4.877623585950859,0.003825962547627525,4.093355415221689,-0.17590772384381895,8.685928453018975e-8,4.553400767938121,0.02160008223919796,24.892859041603195,987.0522190097721
562103.0124957295,110155.9793243492,-28.212521751450673,-82.8292599746687,11011.49813058623,10598.19980902518,-6.459373829879877,85.24138953711496,33.993400918145284,5.328135796464378,0.004178792861382927,3.9757069043626934,-0.19569447242221877,9.487265940073486e-8,4.759502442438571,0.02406911420289328,27.23214352897774,998.1145881064726
562103.51249573,109559.75790625904,-28.208636285003173,-82.77671292949304,11011.989805302863,10598.710579315559,-6.434572836886105,85.21460532709418,34.26882208542472,5.890124545807941,0.004618916410723966,3.847856911945714,-0.21674416779717096,1.048693093198602e-7,5.00469954967597,0.027213567402798094,29.6835495342187,1010.8241700032186
562104.0124957304,108965.78076007031,-28.204728321084662,-82.72415994605933,11012.47726266652,10599.217066480107,-6.409767599060779,85.18782177697386,34.46416952986745,6.53716618105529,0.005125571666273551,3.7091036125219654,-0.23930182782965065,1.163782837282841e-7,5.272930422852305,0.030917360835426552,32.26692957335092,1024.2125600280397
562104.5124957309,108374.04885155149,-28.20079785639637,-82.67160109514155,11012.960240293172,10599.71900809702,-6.384958147341159,85.16103893921432,34.662091931619806,7.252425109325479,0.005685524180331508,3.558687738654432,-0.2633743315206866,1.290994949965157e-7,5.554436893379105,0.03510819258598418,34.989690929646045,1037.7349659450558
562105.0124957314,107784.56315482687,-28.19684488784854,-82.61903644885834,11013.438462370375,10600.216128320779,-6.360144519981133,85.13425686692372,34.86264506761877,8.042768418725998,0.006304126691890345,3.395859764090672,-0.2889240802509759,1.431548674488913e-7,5.849812252265814,0.039847715632732754,37.85887742029897,1051.3925368785478
562105.5124957318,107197.32465294562,-28.192869412572723,-82.56646608079588,11013.911625592045,10600.70812381644,-6.335326762370045,85.10747561391587,35.065886374363124,8.915718726603757,0.006987244213191764,3.2198989837491303,-0.31587184698852644,1.5867795714186104e-7,6.1596727373441755,0.04520506037915703,40.881867877954754,1065.1864729276576
562106.0124957323,106612.33433848713,-28.18887142793589,-82.51389006615237,11014.379396532267,10601.194661134376,-6.310504928485591,85.08069523478069,35.27187500783249,9.879512951337707,0.007741301215097462,3.030136805958967,-0.3440866226957571,1.7581499481770395e-7,6.4846582211901245,0.05125769778989786,44.06639174651075,1079.1180293414516
562106.5124957327,106029.5932141561,-28.184850931555932,-82.46130848189651,11014.841408778077,10601.675373844111,-6.2856790825528055,85.05391578496189,35.48067190577732,10.943165960663983,0.008573333134929535,2.8259854979194503,-0.37337394914944655,1.9472601558065617e-7,6.825432907269295,0.05809239640288233,47.420545477631755,1093.1885209294128
562107.0124957332,105449.10229335167,-28.180807921318554,-82.40872140693673,11015.297259799529,10602.149859405594,-6.2608493009128905,85.02713732084185,35.692339852475,12.116539461599173,0.009491042583066687,2.6069731487748755,-0.403462719762148,2.155860818418284e-7,7.182686033336539,0.0658062826716582,50.952809781123435,1107.399326712744
562107.5124957337,104870.8626006674,-28.176742395396122,-82.35612892231306,11015.746507533468,10602.617675754258,-6.236015674095069,85.000359899835,35.906943546060134,13.410416520461427,0.010502860621661862,2.3727856031357657,-0.43399051892371215,2.385866065122826e-7,7.557132581004852,0.07450801494266043,54.67206778672919,1121.7518948215113
562108.0124957341,104294.87517238222,-28.17265435226818,-82.30353111140067,11016.188666655658,10603.078337574572,-6.211178309068974,84.97358358048986,36.1245496685037,14.836582125733539,0.011618013461697425,2.1233160521739194,-0.46448769970542353,2.63936783874636e-7,7.949513990188883,0.08431908228283755,58.587624179699155,1136.247747638934
562108.5124957346,103721.14105687104,-28.168543790744152,-82.25092806013727,11016.623204514506,10603.531312235215,-6.186337331632322,84.94680842260054,36.34522695836764,16.407910232286923,0.012846594863432148,1.8587228266623548,-0.49436058061582905,2.918651360460746e-7,8.360598877042065,0.09537524035047329,62.70922537766248,1150.888487195817
562109.0124957351,103149.66131498758,-28.164410709988196,-82.19831985727153,11017.049536698198,10603.976015357672,-6.161492888859235,84.92003448732834,36.569046286422505,18.138457751825175,0.014199644417858799,1.579495687678632,-0.5228743869771475,3.226211834433227e-7,8.791183753748834,0.10782809754152894,67.04708082193368,1165.6758008134016
562109.5124957355,102580.43702042662,-28.160255109546572,-82.14570659463074,11017.467022206678,10604.4118059896,-6.136645151494251,84.89326183733381,36.79608073424054,20.043565982089888,0.015689231722773027,1.2865305208206181,-0.5491368846585166,3.564772481877047e-7,9.242093748355435,0.12184686575163337,71.6118854624123,1180.611466991981
562110.012495736,102013.46926005185,-28.15607698937771,-82.09308836741984,11017.874958199858,10604.837981354183,-6.1117943161268995,84.86649053692018,37.02640567589638,22.13996999608384,0.017328546239183354,0.9812117668024124,-0.5720840661337276,3.9373039994142824e-7,9.714183322619514,0.1376202912685654,76.41484352173353,1195.697361540938
562110.5124957365,101448.75913430844,-28.15187634988513,-82.04046527454102,11018.272574294935,10605.253771148242,-6.086940606918011,84.83972065218782,37.260098862871786,24.44591654167108,0.01913199232392784,0.6655011174521348,-0.5904697613492017,4.34704554234458e-7,10.208336985508375,0.1553587825467342,81.46769363130029,1210.9354639398243
562111.0124957369,100886.3077577306,-28.147653191953637,-81.98783741894977,11018.659026388294,10605.658331364306,-6.062084276573056,84.81295225120067,37.49724051232285,26.981291032582096,0.021115288603389987,0.34202991984760533,-0.6028616630979547,4.797527339471003e-7,10.725469999781293,0.17529675292092886,86.7827354392941,1226.3278639199825
562111.5124957374,100326.1162596643,-28.143407516988937,-81.93520490803628,11019.033389981474,10606.050737615895,-6.037225606169545,84.78618540416403,37.73791339884984,29.767754242542843,0.02329557052863037,0.01419131125181924,-0.6076469722269622,5.292595052307494e-7,11.266529078702632,0.19769519767794466,92.37285779874712,1241.8767682500697
562112.0124957379,99768.18578567915,-28.139139326963285,-81.88256785407359,11019.394612144195,10606.429937098299,-6.012364903726353,84.759420183628,37.910710148270006,32.88068910204291,0.025732032592556117,-0.31377351627114936,-0.603048907101991,5.845645186756452e-7,11.841824373408507,0.22327356913166982,98.25257814419395,1257.838974569062
562112.5124957383,99212.5175096197,-28.134848624545953,-81.82992637568996,11019.741203427655,10606.794440498867,-5.987502507483692,84.73265666518277,37.984253676521455,36.38470822778008,0.028475444773601068,-0.636692113200493,-0.5871165012197237,6.468157517936282e-7,12.457688242943535,0.25271342729351043,104.44511182654901,1274.3307216065325
562113.0124957388,98659.11264066119,-28.130535413200892,-81.77728059889365,11020.071775473545,10607.142859607622,-5.962638779118768,84.70589492791827,38.057862211307864,40.24542798023515,0.03149907836370883,-0.9483838982351006,-0.5577908610298925,7.154012747415976e-7,13.102821257591435,0.2858861838984789,110.96847966539853,1291.0022446630321
562113.5124957393,98107.97241616249,-28.126199697167312,-81.7246306566536,11020.384888117927,10607.47375440794,-5.937774088261598,84.67913505418078,38.13152895740461,44.49729958565379,0.03483000417203317,-1.241637354738881,-0.5130256724370456,7.90933043063694e-7,13.778453186412989,0.3232444420368218,117.83959948157994,1307.8567674610813
562114.0124957397,97559.09810651373,-28.121841481522694,-81.6719766894812,11020.67896289311,10607.78554656553,-5.912908796784818,84.6523771298002,38.20524654915655,49.177900468849195,0.038497620238331795,-1.508247808956685,-0.4509207357643899,8.740786591089384e-7,14.485855863799795,0.36529282881563996,125.07625354896963,1324.8976995015364
562114.5124957402,97012.49102291372,-28.117460772257967,-81.61931884614506,11020.952271181646,10608.07650756655,-5.888043237326744,84.6256212443612,38.279007001322405,54.3281965852598,0.04253380266952062,-1.7391338204924471,-0.3699035818886219,9.655660739638568e-7,15.226343969069873,0.41259358022951304,132.6971372104684,1342.1286455291383
562115.0124957407,96468.15252787992,-28.113057576359335,-81.56665728444442,11021.20292155538,10608.34474603639,-5.863177685420161,84.59886749148359,38.352801656045706,59.99282447435604,0.04697307807672629,-1.9245573214647762,-0.2689634699568014,1.0661886502884136e-6,16.00127575472735,0.46577266892749347,140.72191079775533,1359.553414906897
562115.5124957411,95926.08404916152,-28.10863190189724,-81.51399217204106,11021.428846160887,10608.588194100532,-5.838312325026314,84.57211596911348,38.42662112530294,66.22039424317265,0.05185283515403934,-2.054474309542121,-0.1479394309744248,1.1768106097897913e-6,16.812053712029055,0.5255265187465836,149.17125510871975,1377.1760307755474
562116.0124957416,95386.28709761333,-28.104183758123053,-81.46132368736458,11021.62778592272,10608.804592559232,-5.813447208042656,84.54536677982841,38.50045522785791,73.06381472117111,0.057213598691514024,-2.119042305594178,-0.007857817436988438,1.2983728901075133e-6,17.6601251604867,0.592629351735263,158.06693071271934,1395.000738849373
562116.5124957421,94848.76328958943,-28.099713155573408,-81.40865202057692,11021.79729199489,10608.991492307377,-5.788582208366404,84.51862003115751,38.55846424603056,80.5476142735159,0.06307352927397701,-2.109306717338873,0.14868537937495438,1.431312536079214e-6,18.543181470172385,0.6676072400425959,167.43155047773365,1412.9559847614496
562117.0124957425,94313.51436734386,-28.095220106118653,-81.35597737385984,11021.935009125173,10609.146537658165,-5.763716956254662,84.4918758355283,38.576021214221456,88.668306066787,0.06942889735371699,-2.0181169111719597,0.31699048010917963,1.5755693043654715e-6,19.456055992371105,0.750710814798815,177.2838901536089,1430.923914074394
562117.512495743,93780.54222382512,-28.090704623015032,-81.30329996173873,11022.038198878769,10609.266989556614,-5.7388508301064025,84.46513431038872,38.593402896956334,97.56721712719552,0.07638969683297987,-1.8412190929720293,0.490183822811917,1.7336569137243592e-6,20.409502668440425,0.8437064814796051,187.64672716198962,1449.1003569678478
562118.0124957435,93249.84894740209,-28.08616672112371,-81.25062001332562,11022.103757476902,10609.349743401684,-5.713982930849042,84.4383955791789,38.61059752464313,107.31459318702088,0.08401090908472177,-1.5783850480157946,0.6589856009199043,1.9068267964484767e-6,21.405068895393107,0.9477100914175431,198.5459529989646,1467.49021941862
562118.5124957439,92721.43686038442,-28.08160641706597,-81.19793777376873,11022.128298545373,10609.39141179264,-5.689112074536921,84.41165977197886,38.627592271614425,117.98656306635824,0.09235307966430925,-1.234652038012291,0.8116338815311533,2.096435966257557e-6,22.444344433022145,1.0639548556281042,210.00883027947825,1486.0986416065123
562119.0124957444,92195.30855579674,-28.07702372938256,-81.14525350570108,11022.108125083245,10609.388296525502,-5.664236830367795,84.3849270262832,38.64437315083241,129.66558197007143,0.10148281880314533,-0.8215064777128531,0.9341758600523445,2.303955147119114e-6,23.52896108136163,1.1938024512144518,222.06407526758557,1504.9309995020283
562119.5124957449,91671.46692940872,-28.072418678709845,-81.09256749084348,11022.039199626442,10609.336358820967,-5.639355612717625,84.35819748799446,38.660924902049786,142.44090259647672,0.11147299662789843,-0.3578184579795866,1.0111943013419429,2.530977448956492e-6,24.660592164774954,1.3387549834450243,234.74194596284212,1523.9929049605626
562120.0124957453,91149.91520130727,-28.06779128797465,-81.03988003176853,11021.91711425444,10609.231189441458,-5.614466842276019,84.33147131268204,38.67723087963823,156.40907533955115,0.12240248277137952,0.12972160951201703,1.0270909796829464,2.7792276221251458e-6,25.840951826237216,1.500467839556508,248.07433608332136,1543.290204481403
562120.5124957458,90630.65692003444,-28.0631415826081,-80.98719145382324,11021.737062518858,10609.067980782536,-5.589569187202018,84.3047486671376,38.693272947918665,171.674479033736,0.13435540336261628,0.6069670091333526,0.9680153107948201,3.050571926299489e-6,27.07179414971752,1.6807634698108516,262.09487530899946,1562.828976929549
562121.0124957463,90113.69594158325,-28.058469590778866,-80.93450210721255,11021.493814995756,10608.841502640029,-5.564661885450404,84.27802973122674,38.70903139047906,188.34988390871604,0.147420141699214,1.0338087453637395,0.8244474031841676,3.3470286543613954e-6,28.354912139529496,1.8816461305239074,276.8390361788926,1582.6155305583225
562121.5124957467,89599.03637357429,-28.053775343623645,-80.8818123689789,11021.181885700267,10608.546268886987,-5.539745139350101,84.25131469989496,38.711604357048614,206.42899796703293,0.16158841965246418,1.3671090310366099,0.5943659594503626,3.6685036063079497e-6,29.68293269911401,2.1037257913863354,292.3421720994789,1602.5203506851483
562122.0124957472,89086.68246664107,-28.049058875357513,-80.82912264358362,11020.79561151636,10608.176617175435,-5.514820532357243,84.22460378458035,38.710255462445645,226.10777404590448,0.17700679043117679,1.5653121097542604,0.28661031884814164,4.018500314759377e-6,31.063396216326556,2.3501430697473507,308.6388116380354,1622.642902360991
562122.5124957477,88576.63849561475,-28.04432022361544,-80.77643336602038,11020.328502475893,10607.726059410501,-5.489891355816144,84.197897215563,38.70861133388231,247.55701393746446,0.19380064433397487,1.594552354628312,-0.07651426290787189,4.400080679857382e-6,32.50064010736379,2.623874688646112,325.7697256580366,1643.027823020444
562123.0124957481,88068.90861751512,-28.039559429829612,-80.72374500523658,11019.773537287443,10607.187577396406,-5.4649628055180255,84.17119524409749,38.70664636128807,270.9249680598567,0.21208020349493645,1.4358513438772131,-0.4576886412504725,4.815911844556037e-6,33.99653998675067,2.927734525019227,343.77812219671887,1663.6820357618853
562123.5124957486,87563.49671864603,-28.034776539565307,-80.6710580670028,11019.12311487957,10606.553574283636,-5.440041866542199,84.14449814342748,38.70433282302933,296.37117162958674,0.23197165535695435,1.0925114236184077,-0.805546912738002,5.2688686597999815e-6,35.55300089800063,3.26479592902368,362.70962557272446,1684.6126403680978
562124.012495749,87060.40629488509,-28.02997160289279,-80.61837309710243,11018.368972781234,10605.815792556912,-5.41513674758574,84.11780620870786,38.70164058663965,324.0671922782654,0.25362010865992096,0.5961595170191276,-1.059289570209275,5.762048407311593e-6,37.1719546112413,3.638410962756371,382.61242497438843,1705.8268881227405
562124.5124957495,86559.64041278698,-28.02514467479698,-80.56569068487264,11017.50210390199,10604.965230062264,-5.3902557553870665,84.09111975554052,38.69853680239445,354.1974115173586,0.27718687087715593,0.009375874630816563,-1.1578254202435394,6.298786395229091e-6,38.8553562169092,4.052230170658269,403.53743128051235,1727.3321475733676
562125.01249575,86061.20180378016,-28.020295815614826,-80.51301146697912,11016.512699989458,10603.99208235551,-5.365405602706826,84.06443911705416,38.694985692935155,386.9598362432013,0.3028399648810861,-0.5774170976550391,-1.0534909847596448,6.882672369764476e-6,40.605180022485406,4.510222752487041,425.5384419931663,1749.135862280397
562125.5124957504,85565.093093968,-28.015425091047973,-80.46033612655735,11015.39337876283,10602.888968479743,-5.340589230110975,84.03776463747421,38.5957899095332,420.586953663832,0.3291926767066433,-1.056908322252528,-0.7296404791065909,7.482338737760244e-6,42.32393425234457,4.988048294536435,448.6448000850247,1770.0483157805083
562126.0124957509,85071.31705563422,-28.010532570275355,-80.40766537202067,11014.139016051875,10601.650761757539,-5.31580365564693,84.01109665628705,38.49285977050838,456.4829293262435,0.3573199493044863,-1.3250093640003915,-0.21777243069925584,8.122833469429869e-6,44.082778846464414,5.506218206306045,472.8659606590128,1790.971461553859
562126.5124957514,84579.87732650153,-28.005618327253536,-80.35499995055754,11012.739845111006,10600.267688529455,-5.291039157393239,83.98443551223544,38.39062263736122,495.0374404994203,0.3874966231504751,-1.3069995674572166,0.3957398847777109,8.81118615978978e-6,45.89468505961436,6.071370415577971,498.2504704781084,1812.0587434840145
562127.0124957518,84090.77910968382,-28.000682441733147,-80.30234065826015,11011.185532066087,10598.729404111702,-5.266279894677717,83.95778154969382,38.28902637513973,536.4129922582297,0.41984092265926337,-0.9844136839686444,0.9745863563961701,9.550402498964652e-6,47.760290329981316,6.686978741417633,524.8493747660465,1833.3119099895898
562127.5124957523,83604.02963749878,-27.99572499959265,-80.24968834270075,11009.465062376563,10597.024881220957,-5.241506899853659,83.93113512805515,38.18801749265931,580.7790762486068,0.454515362487659,-0.41482845720513295,1.356690183745972,1.0343631718059962e-5,49.68017240273373,7.356677831027236,552.7158003442304,1854.7322263715362
562128.0124957528,83119.63825046364,-27.990746093307283,-80.19704390676971,11007.566568202237,10595.142240837697,-5.216703544246267,83.90449663852667,38.08754054411542,628.3121653558735,0.49170765771141584,0.2655363125774556,1.398328086837954,1.1194169566081452e-5,51.65484024900944,8.084255426335707,581.9050019930353,1876.3203785091728
562128.5124957532,82637.61589257792,-27.985745822539464,-80.14440831353694,11005.477320380143,10593.06874860415,-5.19186256882515,83.8778665257326,37.98753802106955,679.1957461684412,0.5315782040132211,0.8649425550926958,1.0308325475471674,1.210546206818687e-5,53.68472907071402,8.873643641072714,612.4744009333067,1898.0764256232032
562129.0124957537,82157.97396124993,-27.98072429475873,-80.09178259112734,11003.183932365993,10590.791022703119,-5.166992477823077,83.85124530760149,37.88795088277433,733.620441318469,0.574226673881474,1.187262146657634,0.3120883510487892,1.3081110739662492e-5,55.77020162373316,9.728910969801522,644.4836181710534,1919.99982194002
562129.5124957542,81680.72271020897,-27.975681625808615,-80.03916783681092,11000.672554849429,10588.295229899131,-5.142120045929035,83.8246335842181,37.78871895855962,791.7842200616209,0.6197365081296854,1.102176248478099,-0.5533973901370844,1.4124879570262248e-5,57.911552893959566,10.654253969730632,677.9945056472948,1942.0894639866453
562130.0124957546,81205.86972771026,-27.970617940447696,-79.98656522073372,10997.92873771878,10585.566944457303,-5.117285704032317,83.79803202692754,37.689780166795224,853.8926138908229,0.6682716219616485,0.6119294902636723,-1.2519229595411927,1.5240703232185264e-5,60.1090106607332,11.653983872811988,713.0711738331956,1964.3436740108134
562130.5124957551,80733.41924640816,-27.965533372959744,-79.93397599048083,10994.936991356883,10582.590701207353,-5.092530474499654,83.77144134455389,37.591068820837144,920.1588165628551,0.7200968194457567,-0.11779097021849129,-1.4661602307975181,1.6432694771634797e-5,62.36272732841858,12.732504043461935,749.7800085183378,1986.760076422842
562131.0124957556,80263.37297652755,-27.96042806779012,-79.88140147616885,10991.680596521817,10579.349793818072,-5.067877171024959,83.74486223402903,37.49251511165715,990.8035887068214,0.7754478944094585,-0.7930688121005064,-1.0268326838535944,1.7705150101371525e-5,64.67276729932897,13.894280681015074,788.1896688689342,2009.3354356478003
562131.512495756,79795.73264332768,-27.955302179949776,-79.8288430934693,10988.142050423628,10575.826710777977,-5.043313673384014,83.71829533567092,37.394047159186464,1066.0549219223408,0.8344105582466516,-1.1019691217658873,-0.047392180432154,1.9062546806507803e-5,67.03909570326866,15.111624309137252,828.3698381391303,2031.8665370491447
562132.0124957565,79330.5035138866,-27.95015587505516,-79.77630234310325,10984.303546035668,10572.00361287459,-5.018789404687571,83.69174122303885,37.29559334776493,1146.1473727384916,0.8970426980909936,-0.8692040223167439,1.048001639271938,2.0509536848852455e-5,69.46156161366355,16.232021588264747,870.3257345508998,2053.4276712850883
562132.512495757,78867.69726670999,-27.944989329416654,-79.7237808106789,10980.146529074842,10567.861901741733,-4.99423380901526,83.66520045341265,37.19708129349842,1231.3210502164375,0.9636083712542497,-0.18212551897566076,1.6738203792945476,2.205093661905483e-5,71.93986462082461,17.42198974734691,914.084324630956,2075.0586560546553
562133.0124957574,78407.3321863357,-27.939802730808985,-79.67128017275937,10975.650825181627,10563.381370670157,-4.969595148232251,83.63867367710363,37.09843486425125,1321.8206995710063,1.0344787713229453,0.6019453475084164,1.3957836413127709,2.3691721858479652e-5,74.47352296167269,18.683983414058524,959.7088211670402,2096.750707053815
562133.5124957579,77949.42949584313,-27.93459627985817,-79.61880220801562,10970.794959181861,10558.54054854626,-4.944881776513077,83.61216175612799,36.99957473143162,1417.8957221131639,1.109772184633201,1.0181966783299579,0.2626727780077395,2.5437035943962e-5,77.06188636566402,20.020258226060697,1007.2633304556845,2118.4936901056094
562134.0124957584,77494.00688553881,-27.92937019129779,-79.56634880611755,10965.557274500141,10553.317827021656,-4.920175966189462,83.58566580660548,36.90042117513109,1519.8012937594663,1.1894615824594,0.7778043473930076,-1.0834921602723497,2.7292214139356575e-5,79.70418873656877,21.432861538998424,1056.8126788145898,2140.2766092195056
562134.5124957588,77041.07302596513,-27.924124694888693,-79.51392197329288,10959.915441109002,10547.690945443132,-4.895596395818572,83.55918709863752,36.800891327835075,1627.7993647716992,1.2738789034883544,0.007328310254384527,-1.7104019181305214,2.926281340087048e-5,82.39956805461591,22.923592307091045,1108.42225078668,2162.0876943272365
562135.0124957593,76590.62781485077,-27.9188600363367,-79.46152383911836,10953.845067057133,10541.635554019798,-4.871217140565203,83.53272683708937,36.70089427221546,1742.158285005085,1.363482765684391,-0.7608447048783803,-1.0472143204052644,3.135462499161884e-5,85.14703040387667,24.493910473663803,1162.1577874789039,2183.9139522183355
562135.5124957598,76142.67020749208,-27.913576477582655,-79.4091566587916,10947.320737895145,10535.12621100434,-4.846995347034814,83.50628596370379,36.60033596963573,1863.1509600650716,1.4582340531321902,-0.9297192136565716,0.5354327104949121,3.3573649687921915e-5,87.94541717935695,26.14486060496684,1218.0851215447044,2205.7408879270156
562136.0124957602,75697.20938349236,-27.908274295923114,-79.35682280466173,10940.317364854161,10528.137736631737,-4.822779294305499,83.47986517458318,36.49912589709834,1991.051445658783,1.5581749489796024,-0.3281431879694807,1.7926911311905642,3.5926041001676366e-5,90.79335455706341,27.876982587067538,1276.2698580897177,2227.552140864082
562136.5124957607,75254.27008979581,-27.90295378396245,-79.30452476472773,10932.808100062439,10520.643196862353,-4.798424217909869,83.45346523680246,36.39717089085076,2126.1309107412576,1.6639326616760186,0.5546033469300524,1.5369534462792043,3.84180584809106e-5,93.6891481067034,29.690127439265517,1336.7769450137907,2249.328512349829
562137.0124957612,74813.88493679184,-27.897615251934877,-79.25226516118215,10924.763900509133,10512.613554003969,-4.773941592919069,83.4270874067827,36.29437258060701,2268.6575947655924,1.7756029774669024,0.9090768401813017,-0.1661086105264637,4.1056086448982055e-5,96.63080154268562,31.583349781600297,1399.670127600078,2271.0480602548278
562137.5124957616,74376.07716939319,-27.892259030201203,-79.20004676794078,10916.156267276758,10504.02042358362,-4.749531912122001,83.40073352923709,36.19063398792638,2418.9022262825665,1.8930119721015983,0.35984399054840366,-1.7393299760484402,4.384672846249841e-5,99.6162015106668,33.55496529701391,1465.011457929965,2292.6876187208477
562138.0124957621,73940.84975589812,-27.886885470669437,-79.14787251884331,10906.955294469935,10494.834023874533,-4.725414663995793,83.37440557546346,36.085850655153926,2577.141198867098,2.0168993325966404,-0.5585417302456218,-1.459775322180861,4.679689735687295e-5,102.6431476089783,35.60243612746813,1532.8608687124006,2314.2227098495227
562138.5124957626,73508.1955535924,-27.881494947288303,-79.09574551169398,10897.12865900292,10485.022023650858,-4.701580285465296,83.34810496470554,35.97990852305644,2743.652821059502,2.1473321118682884,-0.844048312929608,0.5578332880055435,4.991377959263333e-5,105.70924649147868,37.72214553488038,1603.2756146802185,2335.6264658015207
562139.012495763,73078.12260645628,-27.876087853878836,-79.04366899024716,10886.645272530344,10474.553173742324,-4.677750917830107,83.32183244666612,35.87270066726379,2918.7081809051706,2.284120740258059,-0.13619884267782242,2.0552017716865363,5.320465844266362e-5,108.81181505042177,39.90925090755835,1676.3095842449306,2356.869068729142
562139.5124957635,72650.66678801645,-27.870664603075006,-78.99164633428163,10875.47186354922,10463.39406317199,-4.653684038881765,83.29558892795268,35.76411813659666,3102.560665311332,2.4281718065928612,0.7282885400983872,1.0618828593865233,5.66767729508177e-5,111.94765733079926,42.15727052198429,1752.0123910696168,2377.915764326147
562140.012495764,72225.87104827724,-27.865225630434235,-78.93968109136738,10863.57325826162,10451.509595454441,-4.629519922053456,83.26937643978847,35.6540480858289,3295.4509521672876,2.5790858201915876,0.6277640085015761,-1.3376136320221677,6.033742897886824e-5,115.11321373388407,44.458002166502794,1830.4282563692118,2398.7278252966885
562140.5124957644,71803.75083572604,-27.85977139820469,-78.88777700142762,10850.915485698886,10438.866030167737,-4.60567370891554,83.24319785583425,35.542378524459465,3497.623750796726,2.73720308799181,-0.33307026103901954,-1.8778127007098082,6.41942954999557e-5,118.30494502559083,46.801731039962874,1911.5951481194588,2419.265281440846
562141.0124957649,71384.29329345189,-27.854302394544884,-78.8359379855803,10837.471879372159,10425.436770219638,-4.5822751247086195,83.21705535275565,35.40218561954438,3703.5264535967876,2.898548549780066,-0.7938855256054392,0.42292828867869636,6.814859859463307e-5,121.4243949919353,49.09349323055899,1995.500311511527,2438.8484875551994
562141.5124957653,70967.50025423523,-27.848819123725136,-78.78416806051486,10823.219835562157,10411.19897898377,-4.558909862995404,83.19094965972606,35.26071472185384,3918.223373859424,3.0663135417056036,-0.04129414124820937,2.2227981770123426,7.229656996047269e-5,124.55345945710577,51.39173124709685,2082.1158052689198,2458.0272005939123
562142.0124957658,70553.41660594754,-27.843322107330753,-78.73247135461993,10808.125305871597,10396.118400324543,-4.535206100146411,83.16488166952163,35.117968233487815,4141.846618452493,3.2415749280872816,0.7609583289556174,0.530619467127438,7.664460205523391e-5,127.6877238604165,53.68007358033341,2171.4447366821655,2476.751183206948
562142.5124957663,70142.09150586091,-27.837811891988032,-78.68085216933095,10792.153233755987,10380.160159192143,-4.511498124318779,83.13885428554285,34.97383307864116,4374.491294793908,3.423414682447084,0.2792554280655932,-2.0443297545196124,8.119876865365619e-5,130.82224347974804,55.93938840404048,2263.4788149202927,2494.96380402362
562143.0124957667,69733.52544532996,-27.832289054466077,-78.62931501145073,10775.269411917025,10363.290362583473,-4.488366429041259,83.1128711816537,34.828189854244926,4616.261760107242,3.612810713210395,-0.6767602751016557,-0.9633292558450268,8.596567737700897e-5,133.9523237651637,58.148341076965814,2358.1972539884387,2512.6069191910738
562143.5124957672,69327.69828913733,-27.826754200100527,-78.57786458122304,10757.437583362222,10345.4726344625,-4.465598642616527,83.08693395212192,34.68090762902519,4867.255356715201,3.8090798618838497,-0.38009378172758873,2.031393502453467,9.095225160756091e-5,137.07316598259084,60.28269347649072,2455.5655261719326,2529.617404539033
562144.0124957677,68924.64191578049,-27.82120795461337,-78.52650570986928,10738.624017981356,10326.672854896904,-4.442479708936848,83.06104287156006,34.531875494832526,5127.516899849293,4.01289795148245,0.6287412148067361,1.2479493864222808,9.616482778608833e-5,140.17936667401725,62.31477120447803,2555.533660632153,2545.924076662303
562144.5124957681,68524.42130668182,-27.815650967312962,-78.47524338261675,10718.791583089842,10306.853982181992,-4.4191836001685445,83.03520071271622,34.380980663320436,5397.037692664912,4.2236795327491485,0.3703666153809138,-1.986291501422046,0.00010160923929647117,143.26485936817485,64.21284915817125,2658.0338847730277,2561.4459441882473
562145.0124957686,68127.04463668354,-27.810083920561063,-78.42408280270989,10697.905770757297,10285.981962446353,-4.396564622595974,83.00941221139146,34.22810912389696,5675.823289306019,4.442022518818618,-0.6402187176700654,-1.0190821357444735,0.0001072920008963243,146.32403042188292,65.94227660681399,2762.9789006239903,2576.0993050777724
562145.5124957691,67732.48298507929,-27.804507528431905,-78.37302937983948,10675.929811698361,10264.01990175152,-4.374395794088468,82.98367924389404,34.07313076193519,5963.879384093884,4.667239383302311,-0.2566625962935344,2.2915509745867544,0.00011322018919551127,149.35133262917597,67.4644812278175,2870.260368323755,2589.7931223297605
562146.0124957695,67340.77568626404,-27.79892252502876,-78.32208864392494,10652.829926681057,10240.93352250817,-4.351742651655688,82.9580018015425,33.9159394435797,6261.133390467648,4.900136607737515,0.6822755773418413,0.5739913878530054,0.0001193998711162104,152.34046522817488,68.73616828091895,2979.746641838278,2602.4239379638766
562146.51249577,66951.992051702,-27.793329669581837,-78.27126628104583,10628.56991986128,10216.686882611491,-4.329092831106972,82.93238382932331,33.75643030683446,6567.449426421115,5.139537671938629,0.028586522747281753,-2.4106018475446502,0.00012583648129706155,155.28454752316296,69.70887678253673,3091.2796704556135,2613.874854153214
562147.0124957705,66566.11695268285,-27.787729757935534,-78.22056820942109,10603.115167068627,10191.245842638014,-4.3073781909665545,82.9068305971983,33.594487922959644,6882.730343708333,5.386603687353044,-0.6704361401282045,0.5193374437883448,0.00013253671255366822,158.17747520123027,70.3302574067176,3204.6730163459947,2624.022530423705
562147.5124957709,66183.13149600103,-27.78212361474937,-78.17000052325565,10576.432241047673,10164.576502650052,-4.285699487974254,82.88134245291451,33.42999792265961,7206.852748127099,5.6399882551110565,0.29656334273870777,2.288891984802987,0.00013950734269461724,161.0130613870713,70.54274931816403,3319.709752880839,2632.729594395679
562148.0124957714,65803.11172609217,-27.776512082064272,-78.11956940930072,10548.487035015367,10136.644445997383,-4.263466624158466,82.85592062159752,33.262863987876294,7539.566312903455,5.900480721528865,0.4786442261962534,-1.7275751769930672,0.00014675331969800994,163.78394020228097,70.2820628528815,3436.13918813899,2639.8358301916737
562148.5124957719,65426.08822724223,-27.770896034871946,-78.06928125408753,10519.247724437315,10107.41854809165,-4.242043425781633,82.83057175672506,33.09299196748078,7880.6252247874,6.167497800688404,-0.592110369386812,-1.052753507346747,0.00015428019166114962,166.48324910760164,69.47889427182606,3553.6734576322788,2645.1659130596554
562149.0124957723,65052.014817534946,-27.765276383824222,-78.01914265819237,10488.681580433751,10076.865970547575,-4.221223869985876,82.80529832855996,32.920267732938356,8229.822526049615,6.44047358253588,-0.03310126168293123,2.622454853653585,0.00016209495611466883,169.10478814812106,68.05812725414164,3671.985471473071,2648.5247123229315
562149.5124957728,64680.94654722698,-27.759654055694888,-77.9691602984979,10456.759248316133,10044.95667743878,-4.199682096580977,82.78009977551989,32.74460679015679,8586.811204155272,6.720171299614108,0.5935199223971259,-0.9591357556036368,0.00017020243690575533,171.64130135122417,65.93735665535735,3790.705577222028,2649.6846549168727
562150.0124957733,64312.94292227272,-27.75403000389044,-77.91934099948044,10423.45133931298,10011.661953057697,-4.178751393132865,82.75498285760125,32.56593000526156,8951.193107619449,7.005228741267308,-0.4849323330855272,-1.641125024232424,0.0001786070378664904,174.0854693785783,63.027394388473404,3909.4172456149504,2648.38496293904
562150.5124957737,63947.95031743124,-27.748405219765072,-77.86969180555843,10388.72895252501,9976.953037910982,-4.158718531500124,82.72995158742559,32.38413694030734,9322.657091540901,7.295712051019054,-0.10849424189924173,2.6555744745839927,0.00018731555779271682,176.43121155407016,62.24509290548967,4028.142726188109,2652.73984465982
562151.0124957742,63586.01310222689,-27.742780709645924,-77.82021982181656,10352.56737089316,9940.804361526723,-4.137895087854833,82.70500460670199,32.19915667896131,9700.743333297974,7.591925309208872,0.5718584407318414,-0.9970891091280146,0.00019633239118612707,178.67149282655916,62.62231546620189,4148.152432342265,2659.983109172687
562151.5124957747,63227.19612253271,-27.73715750266992,-77.77093226572491,10314.941688938026,9903.191756540704,-4.117766059786779,82.68014925941922,32.01092671994938,10084.919466568635,7.892520440468208,-0.5162963466767675,-1.397746141468123,0.00020566105215629363,180.79911465983534,62.67670707539291,4269.36395682985,2665.9763624730135
562152.0124957751,62871.437978588045,-27.73153666497215,-77.72183655831907,10275.828466993446,9864.091873092242,-4.098518229418143,82.65538945106839,31.819364034297294,10474.771990232357,8.19732221607972,0.05172353127184197,2.745236610912458,0.0002153080941629047,182.80842697750916,62.3662301334317,4391.5477459226,2670.614659297202
562152.5124957756,62518.797080297954,-27.725919272667905,-77.67294013934956,10235.208240166501,9823.484369488358,-4.07839116524107,82.6307237737921,31.624417720776663,10869.69662831602,8.506591382165936,0.42559202812548214,-1.8943086649855008,0.00022527671359906192,184.6926165027889,61.64470072099275,4514.449261311226,2673.7751722013963
562153.012495776,62169.31609012466,-27.720306425422876,-77.62425055664293,10193.062358645902,9781.35159605172,-4.059424291698236,82.60616122560391,31.42604251429628,11269.066309840373,8.81934216852616,-0.5911149825872611,-0.10107059034629745,0.00023557011273301048,186.44528838031408,60.462918164077145,4637.786453579764,2675.322953238393
562153.5124957765,61822.932109516114,-27.714699254396255,-77.5757755147453,10149.374705697988,9737.677046547677,-4.040828869088118,82.581703175159,31.22417795297147,11672.365156247477,9.134718304296493,0.3876213985497729,2.110917310420576,0.00024619437572473614,188.06148970054954,58.769171621080986,4761.249444743913,2675.1128721772543
562154.012495777,61479.73509307392,-27.709098893549026,-77.52752268113437,10104.131733913233,9692.446679537574,-4.021604859122446,82.55735038155441,31.018798833211648,12078.821171424823,9.452612088386966,0.016760766975480613,-2.7554451161874773,0.0002571506971963896,189.534739290241,56.507027559590504,4884.498519833063,2672.9728262044887
562154.5124957775,61139.70742876176,-27.703506505855007,-77.4794998578336,10057.322021183772,9645.650179623311,-4.004039027537175,82.5331126266326,30.809872569392027,12487.786057857154,9.772860478309365,-0.38665891825454307,2.1179055059126894,0.00026844321464718684,190.86023083620066,53.61765084553237,5007.16206589369,2668.7151918646023
562155.0124957779,60802.82893761806,-27.697923270561027,-77.43171489343123,10008.938590001122,9597.279447545036,-3.985817217773875,82.50898717850585,30.597373268517686,12898.58776222457,10.094580879801963,0.5603353738360373,-0.42324605342567806,0.0002800759886146534,192.0335311499884,50.03861800141727,5128.83616895105,2662.1255945665234
562155.5124957784,60469.186593675055,-27.692350370020325,-77.38417559433681,9958.975246177033,9547.328886022608,-3.96819424862358,82.48498099218872,30.38130122741041,13310.350636765663,10.416739400625465,-0.5002855162170081,-1.24893842333051,0.0002920490011417898,193.0492951618593,45.70313955488043,5249.081874172407,2652.951354569875
562156.0124957789,60138.70168712828,-27.68678901649431,-77.33688989731293,9907.429157597833,9495.795859317117,-3.9515837625067407,82.46109880448337,30.16163749484452,13722.441623552319,10.73898005648663,0.26990687945014036,2.5275230432115112,0.0003043677602243625,193.90461274849008,40.54198675093149,5367.42427497306,2640.908284185701
562156.5124957793,59811.44695192389,-27.681240416961167,-77.28986563669157,9854.301591994668,9442.680731065808,-3.934101841494222,82.43733903253208,29.93839812239591,14133.95315469689,11.060912467623403,0.025938557926046553,-2.835030050900342,0.0003170319496222874,194.59520782304185,34.4813071176851,5483.351060719494,2625.6538828218545
562157.0124957798,59487.40720153134,-27.675705796439782,-77.24311069450356,9799.595371915328,9387.987629938514,-3.918509674799342,82.41371276387598,29.711595777591096,14544.105542093588,11.3820206234723,-0.2908880959590814,2.4757490205472807,0.0003300441168706091,195.1184024398748,27.44428756195162,5596.310189175335,2606.7862698091485
562157.5124957802,59166.561163172126,-27.670186387209668,-77.19663292722105,9743.31856618939,9331.723318763208,-3.902048229958806,82.39021604886841,29.481250174405325,14952.11540771443,11.701538408695857,0.46616242146155445,-1.43792958009096,0.0003434068301625232,195.47207942842505,19.350355345696155,5705.709417927918,2583.8199255611485
562158.0124957807,58848.976928470656,-27.664683416823518,-77.15044008671273,9685.480306131618,9273.897907723178,-3.886814025410301,82.3668580889615,29.247405649435233,15357.021913693525,12.018529293876442,-0.5328225604142559,0.2913057085084445,0.00035711852436419325,195.6535934119779,10.115088644777105,5810.913733351368,2556.1548139435363
562158.5124957812,58534.56975192204,-27.659198131182233,-77.10453996633369,9626.094215575251,9214.524584111206,-3.8718755416636137,82.34363987912388,29.010090937451267,15758.13827585591,12.332393806484488,0.5031777438472396,0.938515315126576,0.00037118381968618235,195.66269228359073,5.315021047841075,5912.076732277258,2541.1441959648037
562159.0124957816,58223.430866755545,-27.653731757941163,-77.05894016408442,9565.176799244051,9153.619695407146,-3.856912537986394,82.3205639658032,28.76937238984459,16154.438970302848,12.642384028008003,-0.40453370254763293,-1.8312721854915994,0.0003855992192287808,195.4975752004834,3.987244884370806,6012.206885682739,2536.4119915575466
562159.5124957821,57915.47837542929,-27.648285540785462,-77.01364830049872,9502.747351779373,9091.203244110544,-3.8434506320454482,82.29763794013277,28.525299671691943,16545.232285563638,12.948052905703276,0.26844009656248113,2.5387673313181662,0.0004003687115490496,195.15913018836048,2.4787508174113935,6111.5025545191165,2530.5206265620327
562160.0124957826,57610.76969404798,-27.64286070440046,-76.96867179315082,9438.829841746716,9027.298075182696,-3.829073857152662,82.27485856479055,28.277952633887107,16929.55471176598,13.24871275757284,-0.12114006852283363,-2.8320510077380665,0.00041548941609091623,194.64714525771703,0.776513496999837,6209.7835168364145,2523.403025341103
562160.512495783,57309.264532237314,-27.63745847703326,-76.92401799939546,9373.449465507201,8961.930785647104,-3.8168282985809237,82.25223743070806,28.02740691757872,17306.646986802647,13.54379034177207,-0.01803658797340681,2.9732978327871162,0.0004309627759459707,193.9632015463395,0.0,6307.025572329944,2518.6752259147365
562161.0124957835,57010.966484977864,-27.632080073238548,-76.87969410523492,9306.636961828184,8895.130592218877,-3.80340490650286,82.2297687683062,27.77375243103802,17675.671269953,13.832616537772509,0.13861384210977307,-2.819261158063206,0.00044678774749312727,193.10891350162206,0.0,6403.800694784171,2515.897331611607
562161.512495784,56715.88066065777,-27.62672669612505,-76.83570713923183,9238.423595365757,8826.930297214456,-3.792177490964082,82.20746489380112,27.517089651726597,18035.802522351973,14.114518805881184,-0.23571101407959705,2.6396143546760356,0.0004629627753449024,192.0864964973503,0.0,6500.106458467309,2512.5605887088113
562162.0124957844,56423.96390781645,-27.62139954009371,-76.79206398858615,9168.846182115716,8757.365261292212,-3.779953509967401,82.18532021880107,27.257519085967274,18386.33836560589,14.388922778422174,0.30981147852227897,-2.301858481104502,0.0004794886326426184,190.89926562020523,0.0,6595.859745487188,2508.6692058265835
562162.5124957849,56135.25327418838,-27.61609977529219,-76.7487713015339,9097.942026363868,8686.474122829635,-3.7696860386647195,82.16334572895857,26.995162427038096,18726.426819080658,14.655144462574304,-0.36306106171934655,2.0365475607224632,0.0004963612310125508,189.55019027166637,0.0,6690.9787365774455,2504.225252229446
562163.0124957854,55849.6745071942,-27.610828565225468,-76.70583559715529,9025.75345148616,8614.298030646934,-3.7587770831546394,82.1415372821277,26.73013213786456,19055.48885415762,14.912723212876402,0.39964853478543616,-1.7023449322920163,0.0005135826032201677,188.04402517153986,0.0,6785.383789914182,2499.23571885145
562163.5124957858,55567.28123546019,-27.605587039727865,-76.66326309697193,8952.323466405329,8540.88102026503,-3.7495193602236054,82.11990386412722,26.462567203532398,19372.69101597393,15.161004147930338,-0.42296693173897,1.4862639542004228,0.0005311468418949928,186.38459962680548,0.0,6878.997196821092,2493.7036484932864
562164.0124957863,55287.98157549463,-27.600376321256743,-76.62105988887497,8877.69936705768,8466.269511675106,-3.739959886494723,82.09844288498853,26.19259246845855,19677.56509150973,15.399623175226177,0.43693239952452984,-1.2450158385862142,0.0005490566732329039,184.5778416344661,0.0,6971.743874008513,2487.6382460445707
562164.5124957868,55011.834781905636,-27.595197491975412,-76.5792317234904,8801.929275837398,8390.512390291911,-3.7318178756301212,82.07716154902444,25.92036077686623,19969.333096321276,15.627973312373832,-0.44380189866211195,1.1308475364837767,0.0005673049732442873,182.6284579618144,0.0,7063.551240204348,2481.0438921693794
562165.0124957872,54738.739861208946,-27.590051624198672,-76.53778420354615,8725.064900276686,8313.660701816047,-3.7236062859505563,82.05605830598243,25.64600859755751,20247.63157991069,15.845773690051635,0.4460360686914739,-1.0094194024329908,0.0005858947864601477,180.54331503093889,0.0,7154.349745999989,2473.931597576229
562165.5124957877,54468.75549148582,-27.584939745190436,-76.49672256766526,8647.158722690177,8235.767536761348,-3.7167062176085937,82.03513920084096,25.369699712908066,20511.763629290137,16.052479836908653,-0.44436807118032673,1.0056575390565292,0.0006048181834646891,178.32792918277832,0.0,7244.072818231594,2466.3072297136932
562166.0124957882,54201.77623431198,-27.579862869133866,-76.45605188870185,8568.266248247099,8156.887831453723,-3.7098307557787056,82.01440298041507,25.09158061668762,20761.469490341708,16.247890427173296,0.43989200749501767,-1.001273332687936,0.0006240783329018639,175.98989433309836,0.0,7332.657274201891,2458.1833177736407
562166.5124957886,53937.85693943314,-27.574821961635173,-76.41577685731723,8488.443472084811,8077.078159900045,-3.7043008320916893,81.99385526946924,24.81182337657547,20996.150212253342,16.431535825561348,-0.43215646792306295,1.0969009874032303,0.0006436667805641015,173.53541227722252,0.0,7420.043275287637,2449.5672239960354
562167.0124957891,53676.890538636595,-27.56981797179465,-76.37590198045069,8407.749025297902,7996.396552995411,-3.69875186127849,81.97349434162514,24.530582475256463,21215.649523474243,16.603294262066527,0.4213473401711653,-1.1933719352844692,0.0006635867128629944,170.97260079701402,0.0,7506.174671923447,2440.4727567702826
562167.5124957896,53418.925830206834,-27.56485179760149,-76.33643137188749,8326.241520232617,7914.902292072682,-3.6947131260700874,81.95332611748526,24.248035657049016,21419.478343257142,16.762781173845514,-0.40632973791555893,1.3669073036116253,0.0006838294013852483,168.30819641757506,0.0,7590.998917477777,2430.908716903962
562168.01249579,53163.8567435313,-27.559924317100034,-76.29736894471249,8243.981992367446,7832.655669669483,-3.6904903696078257,81.93334770158638,23.964343230776297,21607.58073726721,16.909953151689482,0.3868973558502453,-1.538375051536367,0.0007043979284521824,165.55063374333702,0.0,7674.467381467843,2420.889943304112
562168.5124957905,52911.72349109873,-27.55503635574145,-76.25871821522863,8161.0307629944855,7749.7178666546615,-3.688049489740444,81.91356592055955,23.679685937087754,21779.587371151116,17.04452003678641,-0.36174471248525714,1.7583269704754025,0.0007252836028845426,162.70702832306114,0.0,7756.535189262453,2410.4266078591686
562169.012495791,52662.42440712731,-27.55018871550028,-76.22048248248011,8077.450512313375,7666.150591211539,-3.685169508920601,81.89397616695783,23.394227813412872,21935.534295169382,17.166511854856303,0.33077994902646807,-1.9683176911232976,0.0007464891858198541,159.78591952881644,0.0,7837.161529382861,2399.5342926635517
562169.5124957914,52415.98766660225,-27.545382145538674,-76.18266465353113,7993.3023847103395,7582.016106725777,-3.68441037912112,81.87458659538943,23.108149839135653,22075.181266080603,17.275741761663827,-0.2930100314017601,2.192475294855302,0.0007680064522763686,156.79465358646644,0.0,7916.309400672771,2388.224486747709
562170.0124957919,52172.32042167056,-27.540617367732484,-76.14526740083731,7908.649917935266,7497.3767022754955,-3.682915256863137,81.85539058552243,22.821617834499577,22198.642383890936,17.372303343413936,0.24890247310895822,-2.394722880236794,0.0007898374936152939,153.74166406539757,0.0,7993.9459267054945,2376.513188607289
562170.5124957924,51931.43455893267,-27.535895052397866,-76.10829301916799,7823.554251449451,7412.294918573909,-3.683890364159957,81.83639776058276,22.534810267960143,22305.81514069767,17.456120246930446,-0.1981500262089657,2.573409621263413,0.0008119751032876504,150.6343909762959,0.0,8070.042008764001,2364.413162652066
562171.0124957928,51693.25100614503,-27.53121583833261,-76.07174354957355,7738.078976012158,7326.832826194438,-3.683855099860463,81.81759951861972,22.2478929499498,22396.87371625211,17.527334742982102,0.14205526796130108,-2.717970198741167,0.00083442024376429,147.48096513892116,0.0,8144.572646925982,2351.9404811836307
562171.5124957933,51457.76104849484,-27.526580315571,-76.03562067941809,7652.284487735422,7241.052469536115,-3.686580240810136,81.79900673288958,21.961039245056835,22471.8595813231,17.585984070564756,-0.08113764584635406,2.8029444703341717,0.0008571673481704663,144.28879300785982,0.0,8217.516513413013,2339.1091324874865
562172.0124957938,51224.90450591035,-27.52198904944385,-75.99992591040736,7566.16692576547,7154.948259705606,-3.688114596104809,81.780609277408,21.694895884902103,22574.081374808018,17.665965219813867,0.01698464983922707,-2.849009205442077,0.0008819157259239675,141.19773939345518,0.0,8288.883296409922,2326.479715684301
562172.5124957942,50994.653427013196,-27.517442643795516,-75.964661066173,7479.651085133384,7068.446786354366,-3.692573286378884,81.76241901916379,21.432610206497632,22670.79653740984,17.741657808702012,0.05025978378979313,2.80507388549207,0.0009075045043518726,138.09917391594703,0.0,8358.709051672167,2313.6097434737694
562173.0124957947,50766.97509573214,-27.512941698469966,-75.92982795383686,7392.795552812442,6981.604828919501,-3.6958223645033286,81.74442547347674,21.16929212835013,22751.66082476617,17.804968309726313,-0.11773812784946071,-2.7180798324409006,0.0009335392316455689,134.96674821848868,0.0,8426.976820380549,2300.377073188044
562173.5124957951,50541.81738641951,-27.50848677424005,-75.89542809171103,7305.659504449636,6894.483363319805,-3.7019726501553727,81.72664035515676,20.905126538758115,22816.797259141003,17.85599173639164,0.18361194703585987,2.515840090066567,0.0009600220832932597,131.80761539881416,0.0,8493.671355660217,2286.7961910922154
562174.0124957956,50319.17011734657,-27.50407838566117,-75.86146266936599,7218.304695969667,6807.142432333982,-3.7071111931633873,81.70905349243672,20.64029549659684,22866.249535189654,17.894756791184346,-0.24459903794204405,-2.2819676813598786,0.0009869502434529532,128.6283949289587,0.0,8558.78106794295,2272.880208766706
562174.5124957961,50098.95597388502,-27.499717012766478,-75.82793262082613,7130.789559298609,6719.642072993723,-3.7148932321953394,81.69167509937468,20.374981043315724,22900.296715760636,17.921474667298227,0.29886092670087117,1.9253283095670992,0.0010143289569724354,125.43609963187883,0.0,8622.297584339689,2258.644964788746
562175.0124957965,49881.18517623376,-27.49540308429996,-75.79483852802389,7043.1742929005595,6632.041071888227,-3.7221012302389895,81.6744966063581,20.10936142883159,22919.00499455262,17.936186583503005,-0.3434521459837322,-1.5677660230081047,0.0010421526583742292,122.23680763637158,0.0,8684.215973310316,2244.1032475453803
562175.512495797,49665.75962488633,-27.491136998198556,-75.76218074464896,6955.522737727421,6544.404473678304,-3.7314634206457113,81.65752545303036,19.84363387849016,22922.835980049542,17.93463161880516,0.37731099504351007,1.0970974302187253,0.0010704295186016164,119.03759516722774,0.0,8744.534399736294,2229.273587653205
562176.0124957975,49452.703641789965,-27.486919084437037,-75.72995915825604,6867.920669377866,6456.81713872121,-3.74089776061727,81.64075582407025,19.57805570185518,22912.088210250175,17.91843119124028,-0.39852436067339875,-0.6715168413463813,0.0010991518473220383,115.84545932587146,0.0,8803.254736115354,2214.175741774921
562176.512495798,49241.90477832593,-27.48274963662336,-75.69817338728424,6780.425768399735,6369.337379539238,-3.7518227843663707,81.62419127898424,19.312803711400218,22887.30983906158,17.89125663674307,0.407348316030126,0.15254585451298128,0.0011283302643583005,112.66670347457661,0.0,8860.38211378623,2198.8278613560933
562177.0124957984,49033.39364890382,-27.478628892384798,-75.66682268658329,6693.0916380914205,6282.018514022773,-3.763593274754142,81.60782960105333,19.048039575112053,22848.64537749728,17.853237280997476,-0.40321570840044724,0.2694965626114611,0.0011579559241151208,109.50611158165455,0.0,8915.924441826828,2183.242233552039
562177.5124957989,48827.053862578236,-27.474557065989902,-75.63590614442178,6605.970382704807,6194.912612844565,-3.776115386387773,81.59167001513973,18.783921179223114,22796.68522720061,17.804857096331126,0.3877688441036718,-0.7657748336288192,0.001188040728227443,106.3692080132825,0.0,8969.892201083725,2167.436166332847
562178.0124957993,48622.9141198555,-27.470534317062075,-75.60542250119079,6519.111917343475,6108.069984376315,-3.7902761083456746,81.57571421572914,18.5206010663999,22731.63004178082,17.746294493963067,-0.3616109224614287,1.1181138084371243,0.0012185758476218331,103.26020998697187,0.0,9022.298283140963,2151.4219012574476
562178.5124957998,48420.86302271765,-27.466560782730987,-75.575370342618,6432.5656532242665,6021.539340757868,-3.804483636120104,81.55995714495309,18.25822693929014,22654.09888692102,17.67805857959406,0.3273917819895879,-1.535721395370952,0.0012495732840447234,100.18395154755812,0.0,9073.1578943767,2135.2162884543886
562179.0124958003,48220.91973681934,-27.462636548669643,-75.54574793246563,6346.377527235947,5935.36764594664,-3.821039517026137,81.54440410803979,17.996941199785425,22564.3601767665,17.600381166570056,-0.2863458997496047,1.7748740360830084,0.0012810254828819255,97.14410850712251,0.0,9122.488293828734,2118.8316481222687
562179.5124958007,48022.984849723056,-27.458761677599302,-75.51655338376186,6260.593885784207,5849.599966425132,-3.8370617587152425,81.52904634035264,17.73688049634362,22463.03143969229,17.51376737709094,0.2415122254803758,-2.0855688446835696,0.0013129434658618413,94.14477510532357,0.0,9170.30877649232,2102.2840241676295
562180.0124958012,47827.062858378515,-27.454936185612585,-75.4877845227976,6175.2565476857735,5764.279665393611,-3.8559872865231584,81.51389202098443,17.47817631281071,22350.453046738854,17.41850105529084,-0.19411976778867665,2.197984489362761,0.0013453219862565528,91.18910587399333,0.0,9216.640342037046,2085.5858602544454
562180.5124958017,47633.07044371031,-27.451160064570107,-75.45943902395669,6090.408464311964,5679.4479726689015,-3.873972703904737,81.49892958372126,17.220953664288256,22227.21985500779,17.31506351360957,0.1470194727959948,-2.402915920378749,0.0013781703108903234,88.28044811466997,0.0,9261.505732659967,2068.752169967368
562181.0124958021,47440.99530423246,-27.447433265491494,-75.43151431533134,6006.0873093028995,5595.144471799549,-3.895235247405593,81.48416913936664,16.965332574140973,22093.739860134905,17.20378575889825,-0.10095444538249577,2.401574185811522,0.0014114861531904976,85.42144884140907,0.0,9304.929066082266,2051.795475174946
562181.5124958026,47250.771475562826,-27.44375571624909,-75.40400768964915,5922.309906405794,5511.383976600583,-3.9153290161027665,81.46959731716773,16.719823651387713,21972.735321404452,17.102603269135937,0.05812501080588102,-2.5247541142794194,0.0014467476362987016,82.65575668871834,0.0,9346.941334065312,2034.9821818778444
562182.0124958031,47062.37330510467,-27.44012736342495,-75.37691663382985,5838.9883798151395,5428.080730449245,-3.9389110775652507,81.45522544622976,16.48295868525116,21861.882170338456,17.0096476749997,-0.01761232606373953,2.4404700916980553,0.0014839694096108423,79.97349507904929,0.0,9387.596777544935,2018.2680886141882
562182.5124958035,46875.75618344359,-27.43654817550378,-75.35023883973257,5756.144111811579,5345.25395339943,-3.961243039843728,81.44103954382012,16.246953303225244,21741.08045482676,16.909053650661335,-0.018854969507503525,-2.513379817790326,0.0015218590528246223,77.33693456674567,0.0,9426.92244758904,2001.4238596981538
562183.012495804,46690.88276785426,-27.433018091391077,-75.32397182437515,5673.81189727431,5262.940668726649,-3.9871571022027026,81.42705142777349,16.011931046535675,21610.75046112839,16.801157973634968,0.05175745791788147,2.3737895599882144,0.0015604249872951492,74.74834438252354,0.0,9464.941710025118,1984.4617338379533
562183.5124958045,46507.72211206518,-27.429537019269475,-75.29811292215145,5592.028808120653,5181.175731935285,-4.011840164565859,81.41324674910548,15.77800861681792,21471.29782363499,16.68628499212679,-0.07966733065625171,-2.4238928747566955,0.001599674589939469,72.20969302223963,0.0,9501.679112016694,1967.393395315787
562184.0124958049,46326.22531660553,-27.42610484066843,-75.27265931150397,5510.8262771189275,5099.992828032628,-4.040123775244294,81.39963717178414,15.545300860624158,21323.191117488102,16.56480794897404,0.10348489217573212,2.2559350339071167,0.0016396194609659398,69.72281865848515,0.0,9537.160036255005,1950.2310577982075
562184.5124958054,46146.37208412681,-27.422721405839432,-75.24760798972812,5430.237974514136,5019.423412722712,-4.067248758773161,81.38620833818173,15.313913741756407,21166.815845435594,16.43703412304231,-0.12200695395729388,-2.30916731334072,0.0016802653164666324,67.28916439891107,0.0,9571.41079470917,1932.9855978267756
562185.0124958059,45968.105379533954,-27.41938654275016,-75.22295582839662,5350.291939960192,4939.497765682773,-4.097964507016254,81.37297155234238,15.08395276560911,21002.671239726704,16.30335986926699,0.13639613683284238,2.1355689066657373,0.0017216265176116317,64.91014199629109,0.0,9604.458310020751,1915.6690124218737
562185.5124958063,45791.412299484015,-27.41610004835867,-75.19869952387283,5271.018402893653,4860.2439189512415,-4.127601407419944,81.35991256135188,14.85551326600098,20831.126084172833,16.16407835537827,-0.14549019131186075,-2.2117906578008415,0.0017637077047265998,62.586722643432836,0.0,9636.330196561188,1898.2914295964304
562186.0124958068,45616.23123719543,-27.41286170103119,-75.17483567266699,5192.4419958572835,4781.688737597132,-4.160833810579596,81.34704234282843,14.628690953052773,20652.69307334048,16.01959557774369,0.1505411355089753,2.047821768641534,0.0018065254393892533,60.31990595303023,0.0,9667.054470433857,1880.8644516208637
562186.5124958073,45442.553368387744,-27.40967124922532,-75.1513607064958,5114.589553965191,4703.856854063818,-4.193037092818651,81.33434664513517,14.403570775569893,20467.728311576786,15.870193741904663,-0.15025909178224647,-2.1584697472268655,0.0018500839911875892,58.11024696040496,0.0,9696.659621333434,1863.3975266458215
562187.0124958077,45270.316059765406,-27.40652842574998,-75.12827097830025,5037.482306303467,4626.771760163637,-4.228886102339587,81.32183633771179,14.18023837993328,20276.741865962635,15.7162757769098,0.14585616154651015,2.0102207341703537,0.0018944014423985529,55.958355621056704,0.0,9725.174348923476,1845.9017026489244
562187.5124958082,45099.511232513934,-27.40343293543314,-75.10556269107424,4961.143810084241,4550.4547560417695,-4.263703037993088,81.30949692173708,13.958768695396003,20080.08168064011,15.558116502205374,-0.1358141425211744,-2.156908128724036,0.0019394825184645037,53.86442699692509,0.0,9752.627630693458,1828.3858242259541
562188.0124958087,44930.078816108406,-27.400384469572316,-75.0832319848608,4885.591917803154,4474.92604368254,-4.302274580007945,81.29733947300554,13.739237191990796,19878.24016497541,15.396104082696889,0.12126892536732883,2.019917332998578,0.001985345997318814,51.828709636850505,0.0,9779.048480741361,1810.8602410428985
562188.5124958091,44762.007982694544,-27.397382694267982,-75.06127486921355,4810.8470733132945,4400.2036971338475,-4.339756780022955,81.28534895679368,13.5217092634997,19671.5624538456,15.230510429464838,-0.10049103812162222,-2.192866349555672,0.002031998057654524,49.851094355821466,0.0,9804.466018789703,1793.3332822059565
562189.0124958096,44595.2450459972,-27.39442726326361,-75.03968730058483,4736.923814692607,4326.304744755645,-4.381149623234981,81.27353694235568,13.306250205816196,19460.508897807176,15.061697986891614,0.07465128288628281,2.050248796640932,0.0020794571373455454,47.93149970571543,0.0,9828.909247408214,1775.8144633099903
562189.51249581,44429.77258464135,-27.3915178088354,-75.0184651295597,4663.8396553073235,4253.244175877751,-4.421368872618847,81.26188767505568,13.092916481684657,19245.428441919677,14.88994139464264,-0.04200449810048313,-2.226190166371487,0.002127732109292069,46.06956687835904,0.0,9852.407125778444,1758.3117031475426
562190.0124958105,44265.547487677075,-27.388653950963754,-74.99760415649442,4591.605938399215,4181.035984723917,-4.465656619908002,81.25041330722159,12.88176329301408,19026.735308827778,14.715566619171765,0.00408059423982366,2.046612726035986,0.0021768397608362905,44.26491702131696,0.0,9874.98836297454,1740.8335501505135
562190.512495811,44102.54152766336,-27.385835292963943,-74.97710010645207,4520.237406867607,4109.692249105698,-4.508725813452335,81.2390974817483,12.672838885601452,18804.790067293936,14.538857192816215,0.04044467000623695,-2.187443360352117,0.0022267931796459274,42.51699408867008,0.0,9896.681497113923,1723.387634849447
562191.0124958114,43940.726554173045,-27.383061424647668,-74.95694864921838,4449.742421236337,4039.2240827720716,-4.55593433307333,81.2279526031272,12.466188511526235,18579.947600946012,14.36009157132336,-0.08910178492809445,1.925409094329475,0.0022776059380726207,40.82515496762348,0.0,9917.514705332418,1705.9814120851968
562191.5124958119,43780.059410286136,-27.38033192509894,-74.9371454162388,4380.133036972956,3969.6408527097124,-4.602031131443024,81.21696237309489,12.261852978083308,18352.587771514714,14.179566694358604,0.1421199791310105,-1.9814122920979875,0.0023292970283845535,39.18869423752263,0.0,9937.515884808981,1688.6223482275946
562192.0124958124,43620.530662145466,-27.3776463574246,-74.91768597070549,4311.4149814807,3900.9509521423956,-4.6521170159611795,81.20613844985584,12.059867825505286,18122.995897944213,13.997502767057496,-0.19534245385320706,1.5850306305303887,0.0023818752305705543,37.606739444042105,0.0,9956.712484234355,1671.3167075922795
562192.5124958128,43462.07940568309,-27.375004279988403,-74.89856587327452,4243.603080311506,3833.166768522608,-4.701500155458568,81.19546602033438,11.860284216236767,17891.62691194715,13.811032563417825,0.24721571797110775,-1.508968736256522,0.00243536690669545,36.078631080029005,0.0,9975.131596704365,1654.0736648745412
562193.0124958133,43304.71570554562,-27.372405222981804,-74.87978053382115,4176.716050395843,3766.3092378869574,-4.754345391384552,81.18495413877618,11.663175246163494,17658.837344125892,13.622420615305275,-0.2913904205894799,0.9419884669814811,0.0024897752817544636,34.60371364782984,0.0,9992.799983062661,1636.9032530698125
562193.5124958138,43148.360985659994,-27.369848715303565,-74.86132537713436,4110.759647275932,3700.3823734332086,-4.807340842683419,81.17459166891238,11.468567204771265,17425.048233818125,13.433378924009016,0.3244734488016536,-0.7199898439896333,0.0025451347315861455,33.18103334412915,0.0,10009.744023032265,1619.8127427624274
562194.0124958142,42993.04155072104,-27.367334264462926,-74.84319573136466,4045.7344869403973,3635.3880447489764,-4.86279059160374,81.16438259168916,11.276473133315026,17190.39915194384,13.243998842339472,-0.33856308453717976,0.0009435761573052402,0.0026014435550691405,31.809309017767333,0.0,10025.98950613641,1602.805755295243
562194.5124958147,42838.66920325626,-27.364861387819353,-74.82538701386562,3981.642101818907,3571.3272839547326,-4.919720036112446,81.1543220945997,11.086910349026258,16955.30039542691,13.054587392757528,0.33008045631402916,0.30315143545457296,0.0026587419063251842,30.487495766796986,0.0,10041.561655470166,1585.8889484736167
562195.0124958152,42685.275811337866,-27.362429580520978,-74.80789454076876,3918.4824988135947,3508.1998704663542,-4.9776942194724425,81.1444067415652,10.899884922732122,16719.857006968956,12.865217970817847,-0.2924220544811389,-1.0576865638351658,0.002717026649858006,29.214243260707253,0.0,10056.485090381351,1569.0652156971048
562195.5124958156,42532.77847836446,-27.360038349530445,-74.79071372972165,3856.253798123349,3446.0050747400246,-5.038728642245322,81.13463981173662,10.715408026316164,16484.441574380526,12.676186743622686,0.22596712073260108,1.2702149318630593,0.002776338463863765,27.98843728076098,0.0,10070.783808509952,1552.3405315741716
562196.0124958161,42381.19645758066,-27.357687183225476,-74.77383991866866,3794.9558639431034,3384.740855309319,-5.0993970901573755,81.125009787393,10.53348063175395,16249.168959578661,12.487598047502988,-0.1305433154892818,-1.838415575596463,0.00283667971493458,26.808723146805807,0.0,10084.481205038166,1535.7176189383865
562196.5124958166,42230.4721299354,-27.355375578093774,-74.75726852532773,3734.5836809140656,3324.4048750244033,-5.1643774314558515,81.11552714896906,10.354107096048091,16014.328377349802,12.299698035794151,0.015923987447519872,1.709351105081024,0.002898083566418688,25.673902713200192,0.0,10097.600014334403,1519.201243511663
562197.012495817,42080.59271685872,-27.353103021446426,-74.74099494364049,3675.13675377613,3264.9935935276544,-5.228307178180241,81.10617517143163,10.177285312388294,15780.089469241955,12.112628444928642,0.10721703428754745,-1.852461726667714,0.002960566291187611,24.582672928152917,0.0,10110.162372233473,1502.7945456807265
562197.5124958175,41931.54149686359,-27.350868999395416,-74.725014591673,3616.608020581676,3206.5031473642034,-5.296679847901917,81.0969665342825,10.003012273818605,15546.625314905774,11.926508990319753,-0.21804851690134217,1.2054866016855739,0.0030241462243323206,23.533748742562288,0.0,10122.189738521092,1486.500681056038
562198.012495818,41783.26546521764,-27.348673002154637,-74.70932294291467,3558.995451263864,3148.9287750372623,-5.364761746322815,81.08788626252196,9.83128397950474,15314.176846293865,11.741484884384962,0.2981734871818577,-0.8720177028264983,0.0030888582493372933,22.5259029896688,0.0,10133.702970584809,1470.3234600947
562198.5124958184,41635.78605272621,-27.34651450792718,-74.69391542977208,3502.291727245945,3092.26511261674,-5.435837700436959,81.07894105125797,9.662090398039709,15082.811073807063,11.557552813727005,-0.325162878343523,-0.1662609937033365,0.0031547056631799266,21.557792746248012,0.0,10144.722262916248,1454.2645160851243
562199.0124958189,41489.02590811625,-27.34439300991293,-74.67878760521863,3446.491647257727,3036.506355924821,-5.508824779462353,81.070125857578,9.495425209418205,14852.802347280343,11.374895744572548,0.28910458516050846,0.6403954926749829,0.0032217364332954262,20.628245686169127,0.0,10155.267192873704,1438.3279114792656
562199.5124958194,41343.01556493342,-27.34230798476224,-74.66393495307976,3391.5893136642467,2981.645827166779,-5.582408425276999,81.06143493781278,9.33127355160157,14624.179376744816,11.19355127458635,-0.18702445779972213,-1.5442436452660662,0.0032899507103190313,19.73592870773295,0.0,10165.356710280015,1422.5145798792246
562200.0124958198,41197.69215954654,-27.340258924673527,-74.64935308083982,3337.5757732792576,2927.676837353905,-5.660228601211948,81.05287606747984,9.169625205213368,14397.166217645394,11.013749886009437,0.03873987889548213,1.5232083598713895,0.0033593924421334224,18.879673883096952,0.0,10175.009132017827,1406.8278478104708
562200.5124958203,41053.05348638166,-27.338245313291967,-74.63503757402975,3284.44660512518,2874.591840653941,-5.737181981203441,81.04443329115449,9.010463996457078,14171.845658644495,10.835595797416035,0.12526713732758812,-1.6949440602565806,0.003430078288368665,18.058234543093906,0.0,10184.242185883657,1391.2691550470506
562201.0124958208,40909.086189098656,-27.336266637758325,-74.62098406874226,3232.1907868771377,2822.3832499590476,-5.818725341396998,81.03611930776219,8.853774062315626,13948.320525317426,10.659140122920551,-0.25710307343065225,0.8049662835694309,0.0035020306461367185,17.270409561657633,0.0,10193.07296916041,1375.8401964719674
562201.5124958212,40765.737528343685,-27.334322393628693,-74.60718828071398,3180.8027861972346,2771.042903600195,-5.900622246486515,81.02792058736463,8.69953947793688,13726.762750837619,10.48442798431903,0.31659910460485446,-0.27282983474920747,0.003575292874092871,16.515064305037345,0.0,10201.518010950693,1360.5434055562068
562202.0124958217,40623.03607159108,-27.3324120653482,-74.59364588708029,3130.2727203583217,2720.5621244337544,-5.9847377159579285,81.01984009415268,8.54773863069202,13507.172217576126,10.31139127200188,-0.2737447593235918,-0.9665310220824885,0.003649867828621136,15.79098492947223,0.0,10209.5932428882,1345.3789835070859
562202.5124958222,40480.91328183375,-27.33053515639541,-74.58035270827476,3080.591023484783,2670.932223022758,-6.072340774284332,81.01187928490259,8.398354334218215,13289.737143147402,10.140211196913542,0.13717230064338903,1.254706575933817,0.003725809550444166,15.097103630562144,0.0,10217.314029245961,1330.3494777328108
562203.0124958226,40339.3845690079,-27.328691158917174,-74.56730452357844,3031.750919724707,2622.1438686718384,-6.159493202583105,81.00402542929888,8.251363270869104,13074.470211397615,9.970990923282288,0.054502197627379886,-1.7232782258632224,0.003803129054042722,14.432274751728578,0.0,10224.695186939305,1315.45510724436
562203.5124958231,40198.42504520528,-27.326879575383533,-74.5544972021864,2983.7397116272064,2574.1879646026923,-6.251574877631542,80.9962911480351,8.106744601048039,12861.461574580571,9.803821923429158,-0.22665317619406417,0.8735991807117084,0.0038818594713231997,13.795434343572555,0.0,10231.750968827557,1300.6971213083941
562204.0124958236,40057.993981787935,-27.325099914549497,-74.54192667799582,2936.551619663997,2527.055646235475,-6.343904198257452,80.98866178280981,7.964478740212867,12650.828134416857,9.6375331232024,0.3091638124057208,-0.3211147183377955,0.003962044425428272,13.185566512303128,0.0,10238.495116808024,1286.077181890885
562204.512495824,39918.11747669522,-27.32335167221849,-74.52958882758442,2890.1902006933965,2480.751982238659,-6.438679468099841,80.98114130026305,7.824586947876053,12442.698754574178,9.469975769725584,-0.254816941285092,-1.0385001077076268,0.004043690318901698,12.601832211419914,0.0,10244.940894350453,1271.6006979858648
562205.0124958245,39778.7323405901,-27.321634355333767,-74.51747961266396,2844.6491765696323,2435.271709954152,-6.537279917611002,80.97373152804381,7.6870617844088605,12237.260110094308,9.304879738469914,0.08559282616292203,1.238508036266958,0.00412685623263725,12.043331713062486,0.0,10251.101154665697,1257.2712843276827
562205.512495825,39639.848450914025,-27.319947461889782,-74.50559496583008,2799.919368315962,2390.6027234822254,-6.635454839818492,80.96641894253737,7.551870897760627,12034.49266740125,9.142335811645433,0.1274401028041179,-1.544001042936332,0.004211559710873155,11.509021956377937,0.0,10256.988256891373,1243.088186044261
562206.0124958254,39501.4524414232,-27.318290499908045,-74.49393090702307,2755.985295382296,2346.733296180326,-6.738483476075597,80.95921597914179,7.418983994042059,11834.419919766699,8.98232363461459,-0.2765837536898834,0.3826210877835759,0.004297832645276251,10.99792271806422,0.0,10262.614045109662,1229.0512711575136
562206.5124958259,39363.49652865995,-27.316662989653416,-74.48248355632225,2712.8375356908837,2303.6514889278524,-6.842739166939179,80.95211091925619,7.288371345147391,11637.11846730195,8.82475287434213,0.28615761066858064,0.25008544405781546,0.004385730059013504,10.509111187020865,0.0,10267.989895242696,1215.1610238878563
562207.0124958263,39226.008631718345,-27.315064442866902,-74.47124900633567,2670.4636178826054,2261.3450328200856,-6.948481309356968,80.94510255982857,7.159998911275313,11442.527047900167,8.669550819961115,-0.14039456786707963,-1.4736854616931723,0.004475260090739631,10.041632937867956,0.0,10273.126710545172,1201.4160235865872
562207.5124958268,39088.94095208589,-27.313494391875146,-74.46022349995778,2628.8492444556,2219.8021709725363,-7.059093265300598,80.93819831299136,7.033837195233183,11250.715888525945,8.516899754705175,-0.08197411613307626,1.1324879798804546,0.004566480524348136,9.594632126454801,0.0,10278.034940838716,1187.8166711981455
562208.0124958273,38952.28328894731,-27.311952367689813,-74.44940329537808,2587.986187055644,2179.010975432962,-7.169510655144887,80.93138257456344,6.9098544646300795,11061.68519855119,8.366811921125857,0.26026870484487113,-0.896866609855149,0.004659426389075356,9.167252388478722,0.0,10282.72461306326,1174.3623828725574
562208.5124958277,38816.04718414787,-27.310437903148728,-74.43878468492417,2547.859544308925,2138.9595771425807,-7.2837446062910765,80.92466446210172,6.788018203641494,10875.397838591345,8.21909931342962,-0.2811197240788959,-0.6346687143980776,0.004754118409239689,8.7586553291646,0.0,10287.205323448861,1161.0520603802427
562209.0124958282,38680.17879949324,-27.30895055041766,-74.42836410199884,2508.457804229525,2099.6361917946374,-7.401325169751855,80.91804098838288,6.668298520497996,10691.920200711069,8.073775418011017,0.12990373039541991,0.9843124691875984,0.004850623919705229,8.368076852455765,0.0,10291.486271624713,1147.885974427452
562209.5124958287,38544.69514373038,-27.30748985332784,-74.41813795019816,2469.771446472469,2061.028845047804,-7.5190244444161305,80.91150158609486,6.550662066293334,10511.199151181969,7.930935776072637,0.10777825344584416,-1.4895069901481512,0.0049489620128514225,7.994733247116212,0.0,10295.576271956405,1134.8627175322126
562210.0124958291,38409.581859692,-27.3060553684785,-74.40810273294758,2431.7850964532395,2023.1261246124516,-7.641864999209168,80.90505825915699,6.435078339137922,10333.23521860856,7.790576605626975,-0.27193659606169424,0.20490935523060688,0.005049174669781193,7.637896683660657,0.0,10299.483756059697,1121.981715063403
562210.5124958296,38274.799398544244,-27.304646664051216,-74.39825504555132,2394.489824226877,1985.9165008345449,-7.76644570917603,80.8987000821792,6.321517215295283,10158.0626074727,7.652557570587114,0.25180669438567305,0.39478828529231963,0.005151324543849998,7.296878530144664,0.0,10303.216805562908,1109.242787633214
562211.0124958301,38140.37314985413,-27.303263300546984,-74.38859145564211,2357.87409969529,1949.3881587846993,-7.892386857298731,80.89242431943973,6.209945184284632,9985.610536537326,7.5168410621955175,-0.04976154904588505,-1.5313037863595127,0.005255426562353528,6.970977235874036,0.0,10306.783153198088,1096.6442113735811
562211.5124958305,38006.27045466378,-27.30190485732634,-74.37910866686697,2321.9234470588717,1913.5299556414511,-8.02371174378416,80.88624036973216,6.100332823796552,9815.900751752464,7.383582899263823,-0.18657986539036972,0.7014588804570333,0.005361540903375609,6.659556615552272,0.0,10310.190196092735,1084.1856711881328
562212.012495831,37872.47084055841,-27.300570917354147,-74.36980342386407,2286.630396087673,1878.3307109262246,-8.155807421350788,80.88013403259706,5.992649997779311,9648.932377497378,7.252685394053891,0.28432399591208607,-0.19842074563420903,0.005469720564120491,6.361996933335704,0.0,10313.445020366607,1071.8665013113077
562212.5124958315,37738.99606837612,-27.299261060360354,-74.36067246938785,2251.981958948009,1843.7790378095365,-8.290575581302818,80.87410889168784,5.886864351007944,9484.639015320827,7.123971343515261,-0.15659446514659575,-1.3098145949553053,0.00557998531203667,6.077680346559728,0.0,10316.554399705128,1059.685027413562
562213.0124958319,37605.80592231732,-27.297974886371605,-74.35171268985245,2217.965114740364,1809.8640306019702,-8.430416477285057,80.86817001167532,5.7829470396816856,9323.046159173173,6.997594718171738,-0.09487385831567811,0.8787849283026969,0.005692406846019813,5.806046643395921,0.0,10319.524814330525,1047.6409471523857
562213.5124958324,37472.894793228246,-27.29671199363602,-74.3429209776557,2184.572902308788,1776.5748383813404,-8.570696770662023,80.86230316654839,5.680868088249169,9164.127189171242,6.873560295952893,0.27038581118335514,-0.6066731648616419,0.005807030271767978,5.546541582914095,0.0,10322.36246789929,1035.7332122477385
562214.0124958329,37340.27746708412,-27.295471981788996,-74.33429425047052,2151.7916676945842,1743.900608219632,-8.714624358933278,80.856515613341,5.58059675349684,9007.825877232606,6.751649078766078,-0.21102862343364984,-1.069208173562622,0.005923883649320532,5.298624643055456,0.0,10325.0732870339,1023.9603100027595
562214.5124958333,37207.91321802046,-27.29425446982089,-74.32582956263205,2119.6097953332137,1711.830753490665,-8.86325213338085,80.85080881154934,5.482104809672046,8854.162542806534,6.6319433199895315,-0.03147856720208522,0.8817972502422791,0.006043045127254177,5.061801372664169,0.0,10327.662941342442,1012.3218463781815
562215.0124958338,37075.80505576916,-27.293059072216437,-74.31752395589793,2088.020469763542,1680.354766268607,-9.012355985169371,80.84516968980085,5.385362756165441,8703.096078711944,6.514512020609028,0.24839890057714842,-0.8152406295793311,0.006164556101295956,4.83557984509243,0.0,10330.136855293335,1000.816539975437
562215.5124958343,36943.96250582952,-27.291885407920557,-74.30937451506196,2057.009951260615,1649.462313118677,-9.16568412921726,80.8396070872589,5.29034136385715,8554.57764740372,6.39914881558924,-0.2299991578120921,-0.930001588704718,0.006288452340588058,4.61948739275172,0.0,10332.500209251533,989.443001392144
562216.0124958347,36812.34717888851,-27.290733113868527,-74.30137845200615,2026.5676533208828,1619.143202822191,-9.323543445275158,80.83412048940437,5.197013209957627,8408.620253750738,6.28588025849275,-0.005651480627341083,0.8274195407960194,0.0064148161387726195,4.4130880966640635,0.0,10334.757958110582,978.20073253135
562216.5124958352,36680.965515175834,-27.289601821535218,-74.29353295857229,1996.6869991698152,1589.387325121502,-9.48204735308397,80.82869778795325,5.105349649873812,8265.177222200446,6.174797746928114,0.2387239279355543,-0.863089281151316,0.00654368937071299,4.215948344987825,0.0,10336.914840485993,967.0883568883477
562217.0124958357,36549.825192843564,-27.28849116798707,-74.28583527545312,1967.3545148828223,1560.1848170970763,-9.645012881532793,80.82334810766677,5.015322718276682,8124.20216889645,6.065706806519652,-0.22653563961314704,-0.9245971340524108,0.006675113019294342,4.027654056232301,0.0,10338.975380616663,956.1045273410813
562217.5124958361,36418.890592238866,-27.28740080689886,-74.27828276039762,1938.5631768338858,1531.528963685912,-9.812632019135751,80.81807068472848,4.926915728343994,7985.733429299754,5.9571431744703744,-0.016887877682294137,0.7636943895731382,0.006809173115729396,3.847844728896511,0.0,10340.943907989216,945.2500719705519
562218.0124958366,36288.16717786994,-27.2863303827394,-74.27087272372343,1910.31217852064,1503.4153653972426,-9.981094354071669,80.81285364522479,4.840118176150691,7849.780674012081,5.850513150146814,0.24504909703780123,-0.7793867220003358,0.006945916354993885,3.67617718827308,0.0,10342.824582362486,934.5261177474314
562218.512495837,36157.66333599109,-27.285279543677838,-74.26360251086724,1882.5879341018879,1475.8339388065313,-10.15395716798682,80.80770547254102,4.75490113823276,7716.290244004384,5.74592805881177,-0.20280966189263722,-1.0345016215346703,0.007085386802577413,3.5122786966639383,0.0,10344.621379919923,923.9310805718035
562219.0124958375,36027.34581512492,-27.284247955562503,-74.25646959094232,1855.379666108508,1448.7746644556505,-10.33185877267365,80.80262669062583,4.6712369450839395,7585.256802629372,5.64342346300022,-0.06023426589987243,0.6762128094829943,0.007227674720964909,3.3558035948791214,0.0,10346.338098178885,913.4640669999051
562219.512495838,35897.21651419997,-27.283235280491507,-74.2494714214953,1828.6814135078014,1422.2277232015037,-10.510866124268134,80.79760512277349,4.589097489633559,7456.633467787077,5.543046491788019,0.2576901912370161,-0.5757340093352112,0.007372834944113079,3.2064124289126723,0.0,10347.978364152184,903.123577197716
562220.0124958385,35767.287435115315,-27.282241183680664,-74.24260549145379,1802.4804218591446,1396.183377532535,-10.693924308030875,80.79264764538222,4.508454578762601,7330.361900963156,5.444581532214183,-0.1521134616705317,-1.207725913427883,0.0075209116288764985,3.0637783283517774,0.0,10349.545636650353,892.9079081812641
562220.5124958389,35637.52940182667,-27.281265348183158,-74.23586941352978,1776.7655840254317,1370.6322222516515,-10.882566324462568,80.78775733374421,4.429282084935357,7206.432513043355,5.348122507495101,-0.1285200555843355,0.5068642839718793,0.007671997359023886,2.9276000253250016,0.0,10351.043218333665,882.8161511138704
562221.0124958394,35507.93827775866,-27.280307455539113,-74.22926080176791,1751.5318038145583,1345.5650823671251,-11.072779854946505,80.78292183042026,4.351553857269735,7084.8078123683445,5.253644500665304,0.25683634367304625,-0.2574767717330334,0.007826158734305725,2.7975841543913336,0.0,10352.474263801096,872.8470014243139
562221.5124958399,35378.53002918605,-27.279367186947308,-74.22277727863035,1726.7677947231011,1320.9726384003523,-11.266405201005979,80.77814502041765,4.275242687282702,6965.425943195037,5.160968718656695,-0.06430512879080229,-1.357759288349379,0.007983439356453672,2.6734446010468145,0.0,10353.841781690217,862.998680499801
562222.0124958403,35249.282041410916,-27.27844424096809,-74.2164165865687,1702.4618118984208,1296.8461233930707,-11.466119794776102,80.7734332353806,4.2003240435990294,6848.271637683427,5.070228508286848,-0.20343138992569448,0.1830877299516194,0.008143930855639601,2.554918734523161,0.0,10355.148643933991,853.2702564644693
562222.5124958408,35120.18222104292,-27.277538318544,-74.21017649295942,1678.6090988446258,1273.176938476305,-11.668259757716406,80.76877512722378,4.126773571074036,6733.318012086783,4.981299099586195,0.21376210773403698,0.12355092142350482,0.00830771511034003,2.4417533690909403,0.0,10356.39759391803,843.6606307577072
562223.0124958412,34991.24829416536,-27.276649116573907,-74.20405474906906,1655.2005592848632,1249.9562006769859,-11.872993455868077,80.76416998439797,4.054565189457948,6620.502940666375,4.894117742652429,0.059119111507585476,-1.3522555099753062,0.0084748376610914,2.333698716717666,0.0,10357.591248884853,834.1680108630263
562223.5124958417,34862.4678332163,-27.27577634695291,-74.19804921046676,1632.2239073848332,1227.1757563767865,-12.083955526853106,80.75962688573085,3.9836758379607264,6509.802590629586,4.808758953073637,-0.2470818472208628,-0.32616205884254357,0.0086453838531091,2.2305252744378654,0.0,10358.73210613826,824.7913954774208
562224.0124958422,34733.82114398386,-27.274919729341264,-74.19215779089822,1609.6736259768907,1204.8274620433735,-12.298680293801244,80.75513787577297,3.9140825638379506,6401.198771399387,4.725060189104871,0.10426357157195133,0.42305321280429636,0.008819451837005488,2.1320141266573467,0.0,10359.822551231378,815.5298353725085
562224.5124958426,34605.322568248026,-27.27407897717076,-74.18637837309844,1587.5434506784231,1182.9030282318208,-12.515349100092124,80.75069673213555,3.84576106822693,6294.636388765139,4.643095097823383,0.18593773868632762,-1.0587191926960073,0.008997096042546535,2.0379490238167275,0.0,10360.864861132999,806.3817003993935
562225.0124958431,34476.972661182284,-27.273253813600697,-74.18070890997983,1565.8213172987805,1161.3947324409885,-12.7376689939724,80.74631280865125,3.778689150637028,6190.07964478754,4.562770533034338,-0.20850566610457347,-0.9224208076684145,0.009178390450031167,1.948128176395785,0.0,10361.861207608816,797.3458099409027
562225.5124958436,34348.748613337055,-27.272443974888233,-74.17514744579339,1544.4996913221926,1140.29485766928,-12.965349437671911,80.74198430867524,3.712845072173568,6087.514142255438,4.484047938890095,-0.06145025123756674,0.4153138031517649,0.009363444641540918,1.8623616868191941,0.0,10362.813664983072,788.4212870990295
562226.012495844,34220.65481156949,-27.27164919267058,-74.16969200309725,1523.5748673747528,1119.5958548763372,-13.195069485959783,80.73770082779993,3.648206953946799,5986.899729157341,4.406981935230734,0.24529686386674324,-0.47060407376689556,0.009552332176236182,1.7804642644920616,0.0,10363.72421412418,779.6068560820703
562226.5124958445,34092.70330636948,-27.27086920064331,-74.16434062509737,1503.0365523566745,1099.2901784356166,-13.429091955922381,80.73346771342601,3.5847527046732415,5888.188685930062,4.331400452512464,-0.06066599504082822,-1.3245264355531468,0.009745116122042846,1.702257515277867,0.0,10364.594744273712,770.9010717808246
562227.012495845,33964.87687388342,-27.270103747819967,-74.159091459889,1482.874783819823,1079.3706881660814,-13.669628754754676,80.72929028987453,3.522462116493993,5791.364040612245,4.257413164103059,-0.2081011213526682,-0.06151846342343128,0.009941905273114407,1.6275763778846217,0.0,10365.427059190217,762.3030877725739
562227.5124958454,33837.16640323028,-27.269352585001943,-74.15394267398077,1463.086356097241,1059.8304066786718,-13.913498586928526,80.72515859123415,3.4613152598165913,5696.401609654894,4.184903465041741,0.16299787632569185,0.1444125498714953,0.010142799615398058,1.5562621543949662,0.0,10366.222881833508,753.811959639014
562228.0124958459,33709.5871038381,-27.268615458330423,-74.14889241087903,1443.664597808812,1040.6620737585383,-14.160199514597076,80.72107018298777,3.401290714997681,5603.2515368557815,4.113868534032518,0.13953265635262385,-1.1926491188515898,0.010347862756255023,1.4881586032259737,0.0,10366.983856346553,745.4261762073052
562228.5124958464,33582.13588678371,-27.267892125390187,-74.14393889376687,1424.5984066608157,1021.8590687943805,-14.413219063827288,80.7170340685273,3.342369473560817,5511.886762081737,4.044296108336777,-0.21444704822464325,-0.8431603317166165,0.010557188481511734,1.4231210937101486,0.0,10367.711551429255,737.144786626596
562229.0124958468,33454.79510057904,-27.267182353949227,-74.13908041726027,1405.8820540275165,1003.4147315409738,-14.671695457871724,80.71304693013835,3.284532619771446,5422.291349290602,3.9761099173359193,-0.047767503999899416,0.2882987878583567,0.010770897657784466,1.361012379953812,0.0,10368.407465542226,728.9669746026606
562229.5124958473,33327.57084459625,-27.26648590667091,-74.13431524939934,1387.512671593587,985.3225039329093,-14.93270650852086,80.70909947978107,3.227761033320585,5334.428874410242,3.909371860248999,0.23607793170928423,-0.4999828999768683,0.010989074582606591,1.301698707131071,0.0,10369.07302963021,720.89157964914
562230.0124958478,33200.474267086945,-27.265802548392664,-74.12964167808661,1369.4809419082978,967.5758476178597,-15.198349091380727,80.70519679737221,3.1720355119960737,5248.2585507975655,3.843933033429472,-0.028662649895039582,-1.3360965611472992,0.011211795804267212,1.2450516109793908,0.0,10369.709608618561,712.9173318674326
562230.5124958482,33073.49268455524,-27.265132057875064,-74.1250580861135,1351.7775997113688,950.1686133889342,-15.47087125729796,80.7013445236381,3.117338530564863,5163.763136935207,3.779890539299816,-0.21845048395359623,-0.3186236037211501,0.011439181418584346,1.1909519028443392,0.0,10370.31850577361,705.0434626926259
562231.0124958487,32946.61719631124,-27.264474216547285,-74.1205628789096,1334.4000222756954,933.0947644340886,-15.747610464471208,80.69753416768174,3.0636527934251605,5080.9222895268185,3.717124477929326,0.10005546012587578,0.15449055587622199,0.011671348661031035,1.1392852820563535,0.0,10370.900966045096,697.2691587703271
562231.5124958492,32819.86060508806,-27.26382880052816,-74.11615443316951,1317.3435825387078,916.3480407723506,-16.027329066862546,80.69376125806535,3.010959814899621,4999.694940537208,3.6556796420179154,0.19497509207660588,-0.9852636761606276,0.01190837742627176,1.0899394445941804,0.0,10371.458177790739,689.5931310409389
562232.0124958496,32693.2261646986,-27.263195593788183,-74.11183118109284,1300.5991690663716,899.923642737283,-16.31311557545792,80.69003390473071,2.9592460401563954,4920.0633851915045,3.5949644015357225,-0.14186093213389414,-1.1665908360203339,0.012150366275578755,1.0428128587772918,0.0,10371.991275230072,682.0150037229764
562232.5124958501,32566.699375467375,-27.26257439058651,-74.10759162538336,1284.1621020769464,883.8177936250473,-16.60549067649384,80.6863528785451,2.9085015540712873,4842.034417479329,3.5354224086441985,-0.1544581896283981,-0.046194779381522846,0.012397450590825518,0.9978129201935402,0.0,10372.501345090417,674.5351958595033
562233.0124958506,32440.279279473238,-27.26196498245842,-74.10343425589787,1268.0307027624265,868.0247315399756,-16.901460858542748,80.6827086663182,2.858709622197422,4765.581656172758,3.4771607072199306,0.1781487484889082,-0.12936239148908574,0.012649743306715326,0.954842764318175,0.0,10372.98942645404,667.1527795638967
562233.512495851,32313.97861167509,-27.261367158526898,-74.09935755175727,1252.1985005287597,852.5383819354075,-17.20128185166486,80.6791011726403,2.809852194462729,4690.664371496721,3.4201309294519247,0.1288149686430402,-1.2150284397716136,0.012907331794805946,0.9138076001429944,0.0,10373.45651029473,659.8664166298206
562234.0124958515,32187.795091738924,-27.26078071871981,-74.09536006618698,1236.65562490063,837.3532340391167,-17.50791509862455,80.67553833242712,2.7619132903868007,4617.25904376596,3.3643381719268852,-0.1885191279581637,-0.9842617976716509,0.013170335318052088,0.8746196486474465,0.0,10373.90354191117,652.6752464656413
562234.512495852,32061.716431129724,-27.260205470571616,-74.09144040544963,1221.4023551179778,822.4689003663917,-17.82075840939491,80.6720176970827,2.7138334038695358,4541.820783844542,3.3071098914203194,-0.09745376016430536,0.008351950617710217,0.013428299489761882,0.8368809313141288,0.0,10374.331359623533,645.5178448547638
562235.0124958524,31935.74457343854,-27.259641210757742,-74.08759710760634,1206.447305072501,807.890248206767,-18.137145813483215,80.66853063985035,2.6664570179216684,4467.155288100027,3.2505776649427998,0.20319298652737616,-0.34209461685941744,0.013688514286471467,0.8008108748344969,0.0,10374.740711195447,638.4469622903695
562235.5124958529,31809.88841330912,-27.25908773309787,-74.08382869559114,1191.7829247155673,793.6112188725313,-18.458048268707536,80.66507924786897,2.6200435095091987,4394.1454543977225,3.1953362974345874,0.08974653225385039,-1.2896080874195206,0.013953682191082862,0.7664123898708863,0.0,10375.13244904748,631.4776202695533
562236.0124958534,31684.141876396723,-27.258544843047456,-74.08013377164343,1177.3993169641265,779.6259276029326,-18.786045568691385,80.66167051373165,2.5745742902277007,4322.763803875367,3.141418601318261,-0.19756040328192906,-0.9217678744546796,0.014223908647433052,0.7336062220323083,0.0,10375.507388957174,624.6087817508925
562236.5124958538,31558.493266304024,-27.258012353194164,-74.07651098817404,1163.2919330204254,765.9285035190888,-19.120149337156565,80.65830087061414,2.5300308248967838,4252.985785211695,3.0887449412501073,-0.07791676370173789,-0.043284443483803385,0.01449931427036753,0.702316925112558,0.0,10375.866308062017,617.8394255892126
562237.0124958543,31432.945446544327,-27.257490072561506,-74.07295897862703,1149.4585545780292,752.5131822362944,-19.457992387792387,80.65496253353716,2.486394826165493,4184.777640101871,3.0373429825127927,0.2024616318144129,-0.42204770302972083,0.014779990602268742,0.672471871144083,0.0,10376.209946579931,611.1683632250325
562237.5124958548,31307.50668945536,-27.256977811179755,-74.06947638686306,1135.8916902744213,739.3741390580019,-19.8006162377732,80.65165792338703,2.4436477590412813,4118.101058216843,2.9871224005004677,0.09162558581662276,-1.2953285495328666,0.01506601804011098,0.6440012612958168,0.0,10376.539008971587,604.5942519504172
562238.0124958552,31182.17220310401,-27.256475389929072,-74.06606193053322,1122.582114540726,726.5060139812772,-20.150394260773155,80.648393613447,2.4017726750541057,4052.9307353674685,2.9381134432895077,-0.18702316198840638,-0.9917152087536505,0.01535750798985831,0.6168402772366687,0.0,10376.854166100258,598.1161309777699
562238.5124958557,31056.93219514843,-27.255982636355203,-74.06271437396809,1109.5256066698662,713.9034552268668,-20.506502164542265,80.64516656979254,2.3607526576797637,3989.243762504649,2.8902493052649842,-0.09804969513744817,-0.15242281293942275,0.01565458656663608,0.5909271725253742,0.0,10377.156057211812,591.7330472691195
562239.0124958562,30931.789100087248,-27.255499374842888,-74.05943246457313,1096.7204856383355,701.5612260081438,-20.86666619259606,80.64196925500703,2.3205710864688633,3927.010247033808,2.843544992656097,0.18255479605427427,-0.3869085161036232,0.015957353773800725,0.5662026261722404,0.0,10377.445291359822,585.4439256243712
562239.5124958566,30806.751357494853,-27.255025429885205,-74.05621495385476,1084.1603174348809,689.4739798530906,-21.231528919472694,80.6388029979124,2.2812109303328247,3866.195060031866,2.7979353232847903,0.12887855198971915,-1.2413573998131628,0.016265896156846513,0.5426094436825394,0.0,10377.72244836914,579.247504467887
562240.0124958571,30681.81704656314,-27.25456063547433,-74.05306065799998,1071.8362821067524,677.6368224931517,-21.60340816301182,80.63567440273171,2.242656689026974,3806.773947681657,2.753423955639035,-0.15232836693496452,-1.155766474856982,0.016580326921288656,0.5200944798571719,0.0,10377.988080497196,573.1428718706501
562240.5124958575,30556.977763134986,-27.254104833018786,-74.04996844431216,1059.7437122493125,666.0448584658445,-21.9820596311263,80.63258227262295,2.204892871342642,3748.7257853682827,2.709979492684697,-0.14573066275428137,-0.34122006266896204,0.016900778459225923,0.4986071504502369,0.0,10378.242714105301,567.1291366097063
562241.012495858,30432.23410994094,-27.25365786192519,-74.0469371701896,1047.8814842140985,654.6933476234386,-22.365258903333235,80.62951919125298,2.167904437570869,3692.025300060666,2.6675825335522902,0.13008964532632067,-0.2933124636969301,0.0172273631225439,0.4780990664862693,0.0,10378.486850852665,561.2053575151377
562241.5124958585,30307.59458381962,-27.25321955996523,-74.04396568540601,1036.2448708233853,643.5773733905346,-22.752870105231004,80.6264841729304,2.1316757101416766,3636.640345492796,2.626214609798329,0.1812781161925445,-1.0860754398369699,0.017560173974695902,0.45852330657266965,0.0,10378.720968536132,555.3703478357727
562242.012495859,30183.06118427962,-27.252789772166697,-74.04105288956247,1024.825580012907,632.6924109955471,-23.147039635690973,80.62348349089575,2.0961923243031015,3582.5465534788264,2.585831902717715,-0.07580341619350091,-1.332743639349338,0.01789932228497169,0.4398361055400293,0.0,10378.945522242673,549.6231966691068
562242.5124958594,30058.627537611872,-27.25236835213039,-74.03819774051519,1013.6178576577032,622.0339954542426,-23.548416015717226,80.62051884319648,2.0614401355126093,3529.724360611727,2.5464531489208024,-0.19011500038532556,-0.652120690035926,0.01824494451861106,0.42199600776959695,0.0,10379.160945812455,543.9630748179774
562243.0124958599,29934.29167977441,-27.251955153818916,-74.03539920112513,1002.6205285096047,611.597799892858,-23.955117068163503,80.61758387285295,2.0274054196143183,3478.1527453000103,2.5080166422176946,0.029696322391714568,-0.25064939002738706,0.018597168120796533,0.404963479644642,0.0,10379.367652841733,538.389150244174
562243.5124958603,29810.060832631774,-27.25155002803523,-74.0326562163448,991.8314224975028,601.3797390047107,-24.36602573318353,80.61467454519746,1.9940751973030457,3427.8080807702545,2.469715401144367,0.20574967731670407,-0.8070709505590483,0.018956096434585304,0.3887008935971279,0.0,10379.566037505061,532.9006122185394
562244.0124958608,29685.93973344378,-27.25115282531807,-74.0299677307685,981.2575774488012,591.3898257175406,-24.782635011099273,80.61179524382004,1.9614832474250872,3378.82891202955,2.4287430769624825,0.047541310468089217,-1.382244825645147,0.019321840827253352,0.3731990276425406,0.0,10379.756480997285,527.5060686451045
562244.5124958613,29561.9217038583,-27.250763396127475,-74.02733268838008,970.8978150418229,581.6299071555397,-25.20646485836179,80.60895061922047,1.9296363433444608,3331.2673819028846,2.3891027392565793,-0.1773909614297645,-1.0674811371611648,0.019694548490278786,0.3584329370529845,0.0,10379.939359150196,522.2089516115361
562245.0124958617,29437.99864414241,-27.250381594764896,-74.02475006047676,960.7476951022358,572.094044529087,-25.636593450942872,80.60613744558968,1.8985154313975996,3285.0871032604396,2.350713383343678,-0.10823187082888641,-0.42444831777499065,0.020074374933916242,0.34436420605200135,0.0,10380.11503014891,517.0074905547793
562245.5124958622,29314.17038032692,-27.250007274143663,-74.02221881204493,950.8046823984434,562.7764817798408,-26.071210047500035,80.60334947510668,1.8681020085717608,3240.249096960609,2.3135572224493814,0.1384600868997889,-0.4803619452099046,0.02046145503718064,0.3309564007250084,0.0,10380.283833503629,511.8998833854578
562246.0124958627,29190.44133862201,-27.249640287878503,-74.01973791522224,941.062780036746,553.6714604184396,-26.51041614790861,80.60058670315722,1.83837752455106,3196.711574896022,2.277583136872115,0.18027836240182007,-1.1306346569908148,0.02085591140973088,0.3181747474218236,0.0,10380.446090891532,506.8842085264638
562246.5124958631,29066.811253202148,-27.24928049700965,-74.01730639280575,931.5133541332459,544.7736501599911,-26.955922956341382,80.59785460426795,1.8093248502863533,3154.439578203051,2.24273742047654,-0.03908092154730347,-1.397316679846541,0.021257883479390876,0.30598701608872086,0.0,10380.60210722872,501.9588134669565
562247.0124958636,28943.274215797894,-27.248927770761064,-74.01492332306354,922.1498385246645,536.0778758837303,-27.408379657056955,80.59515526842401,1.7809273750899142,3113.402165272765,2.209019118494569,-0.18943003048893242,-0.9297030078739057,0.021667532195678928,0.2943629083588129,0.0,10380.752171834825,497.12214029225436
562247.5124958641,28819.826556926593,-27.24858198050192,-74.01258780047057,912.9696774720453,527.5791453501163,-27.866431097017227,80.59248401884554,1.7531690673995113,3073.5688333035714,2.176354272026999,-0.05621405498517319,-0.4475982089576198,0.02208501503946692,0.2832738057326843,0.0,10380.896559297882,492.37267008111746
562248.0124958645,28696.4714214541,-27.248242995786907,-74.01029890990688,903.9705303704436,519.2725191095301,-28.328690210124392,80.58983593715826,1.726034026526569,3034.9059395138756,2.1447446002425874,0.16425153029758624,-0.6400223526786353,0.02251046945141588,0.27269237990029177,0.0,10381.03553024669,487.7087922403517
562248.512495865,28573.21407164354,-27.247910687885376,-74.00805574950598,895.1465950444511,511.1531124917852,-28.795608319706325,80.58721238376735,1.699506509037481,2997.3790916426956,2.11413090432505,0.1644215056374806,-1.2237368685599828,0.02294402725876251,0.26259264724957154,0.0,10381.169331947922,483.128852947682
562249.0124958655,28450.05521881301,-27.247584935103216,-74.00585746510903,886.4903052523141,503.21640481858765,-29.268689553240847,80.58461852377496,1.6735719824824489,2960.9598892982754,2.084482857386147,-0.04916671523032107,-1.4093504474871275,0.023385838094749933,0.25295050383978024,0.0,10381.29819915243,478.63143864909057
562249.5124958659,28326.99150194321,-27.24726562247193,-74.00370324816394,877.9962871490495,495.4579710646687,-29.74833890726832,80.58205585506033,1.6482162313362168,2925.622466855706,2.055795388375925,-0.18549362146080464,-0.9866142330716033,0.02383606924470773,0.2437431875531372,0.0,10381.422354915529,474.2151843938384
562250.0124958664,28204.021737120114,-27.24695263646043,-74.00159230132073,869.6626451412095,487.8735384152194,-30.233301209450914,80.57952001136498,1.6234255221713356,2891.3412618132043,2.0280078524717626,-0.06851664846113034,-0.546653924825781,0.024294883632206627,0.2349491665889571,0.0,10381.542011217594,469.8787574419078
562250.5124958669,28081.150271384977,-27.24664586174282,-73.99952381736063,861.4876923943641,480.45886740460014,-30.722280194024247,80.57700633685351,1.5991861974803245,2858.0881889864845,2.001121473965146,0.14432958377046767,-0.662225909223941,0.024762426217768307,0.22654784969278763,0.0,10381.657369528239,465.62074406560237
562251.0124958673,27958.38354076352,-27.24634518402503,-73.99749699751108,853.4667369559645,473.2097331830453,-31.21549441343329,80.57451557273906,1.575484626828565,2825.8340516456296,1.9750933730286477,0.18225986157252186,-1.1744823172704741,0.025238835450655448,0.21851958651637587,0.0,10381.768621234116,461.43966874237765
562251.5124958678,27835.72473406978,-27.24605049473895,-73.99551108186286,845.5931488355881,466.12221400257545,-31.714232984930398,80.5720524996329,1.5523081864140431,2794.5543453064392,1.9498872935723368,0.0036559290421343976,-1.4489407085867754,0.025724263773442693,0.2108461068695092,0.0,10381.875948240122,457.3342541014688
562252.0124958683,27713.173250915483,-27.24576169160213,-73.99356535293364,837.8617016449226,459.19249533342463,-32.21912186130688,80.56961966696954,1.5296446088938083,2764.2271061399274,1.92550853614025,-0.16796574918830884,-1.1789374918991913,0.026218881073775447,0.203510175809218,0.0,10381.979523594106,453.30328548605576
562252.5124958687,27590.729128222913,-27.245478674561085,-73.99165910926337,830.2703630808046,452.41685488659544,-32.729294758032204,80.56721412792527,1.5074819182770927,2734.830772139927,1.9019079400664611,-0.12778879800847678,-0.7216020909597163,0.026722857819756647,0.19649544480401135,0.0,10382.079511944727,449.34556142708345
562253.0124958692,27468.396407051012,-27.24520134141238,-73.98979163674882,822.8228751053556,445.79639909546756,-33.243375663681874,80.56483088716232,1.4858242059552056,2706.4002972708995,1.8761527330647627,0.07098115475039143,-0.628501312833768,0.02723635058916322,0.18979240712326156,0.0,10382.176070642794,445.46341580602655
562253.5124958697,27346.178819586523,-27.244929581887146,-73.98796216856869,815.5307575368209,439.34250508412424,-33.760972889187876,80.5624686005788,1.464709810165583,2679.096681070946,1.8499523583719806,0.19516168131795616,-0.9966290057267686,0.02775951908709076,0.18340465004214757,0.0,10382.269357080855,441.66696820653993
562254.0124958701,27224.07692958042,-27.244663285194676,-73.98616993500295,808.3880235490882,433.051119935109,-34.28294103795489,80.5601308145791,1.4441256653170478,2652.8962008040903,1.8248252877873554,0.10790006025034878,-1.401043506829707,0.028292538873374767,0.17731609831587974,0.0,10382.359525152955,437.9548861646334
562254.5124958706,27102.088173436932,-27.244402347514434,-73.98441421328499,801.3874706968387,426.9171715068793,-34.810220580458235,80.5578216369653,1.4240553013167438,2627.763536969211,1.8007481679438848,-0.08795966086530388,-1.4110158212187252,0.028835602552691065,0.1715102552224746,0.0,10382.44672029211,434.3250293931299
562255.012495871,26980.208879887126,-27.24414667008002,-73.98269431509249,794.5243732018471,420.9357355563341,-35.342661587831074,80.55554103674707,1.4044827262184327,2603.6650055175623,1.7776804859776405,-0.17873091787454673,-1.047616100999857,0.029388911951127035,0.16597162737563126,0.0,10382.531079938311,430.7753039113676
562255.5124958715,26858.437870886177,-27.243896155230797,-73.98100956082125,787.7964879392291,415.10209958162835,-35.87909007547964,80.5532848421046,1.38539262869549,2580.5678865858886,1.7555634897430412,-0.07263567689201833,-0.7170081452543652,0.029952661883643598,0.1606856928453836,0.0,10382.61273403101,427.3036837433999
562256.012495872,26736.777759943157,-27.24365070465767,-73.97935926812059,781.20153498772,409.41164256178297,-36.4184270428822,80.55104908740176,1.3667699741119674,2558.4384709988403,1.7343781428795295,0.11512660343395166,-0.7605196495783147,0.030527032934420894,0.15563869159598406,0.0,10382.691805449556,423.90811180992426
562256.5124958724,26615.232901722193,-27.243410221403067,-73.97774276483835,774.73508678068,403.8598275512379,-36.96062310896276,80.54883394488107,1.3485999870943253,2537.2428268253902,1.7140811803173357,0.19348982687924157,-1.1219137520188305,0.031112199720071235,0.15081760264116964,0.0,10382.768410368944,420.5865136629936
562257.0124958729,26493.806330882013,-27.243174613121532,-73.97615941014439,768.3910322388193,398.442398028475,-37.50649728332827,80.54664332878528,1.3308688171116672,2516.950491212613,1.694621268211438,0.0889679472192184,-1.439993779790173,0.031708345243140985,0.14621035526574405,0.0,10382.842658687969,417.3369785554382
562257.5124958734,26372.49874647241,-27.242943793189998,-73.97460860166622,762.16369931084,393.1552974291763,-38.05673869191759,80.54448085380872,1.3135632735802676,2497.5338753023193,1.675985358553397,-0.09211881445518312,-1.4212108488096904,0.03231566665264917,0.14180569173333288,0.0,10382.914654484846,414.15770948086646
562258.0124958738,26251.310294049792,-27.242717678689438,-73.97308976232031,756.0496232515311,387.99457215030196,-38.61109929698469,80.54234627260931,1.2966704970191185,2478.966330272549,1.658140482442419,-0.1767765576215846,-1.1071722804458006,0.03293436722489022,0.13759299358496294,0.0,10382.984496370222,411.0469351079521
562258.5124958743,26130.24314421229,-27.242496187207287,-73.97160231948834,750.0473932164683,382.9564230768195,-39.168514202102756,80.54023571666025,1.2801781243101904,2461.2218077829725,1.6410416664507605,-0.08988432158239162,-0.8059024938270458,0.03356464313641164,0.13356227219500916,0.0,10383.05227780528,408.00293206613054
562259.0124958748,26009.302424662746,-27.242279235405686,-73.97014569566845,744.1556410565139,378.03711200083814,-39.72795783885058,80.53814528638851,1.2640739742036124,2444.2733385953998,1.624674378132018,0.08460966723538875,-0.791781997657611,0.034206677476317046,0.12970402821867646,0.0,10383.11808738634,405.0239459452426
562259.5124958752,25888.494857719168,-27.24206674049078,-73.96871931799176,738.3712384786386,373.23293902088886,-40.289204509010204,80.53607454468971,1.2483459762725584,2428.0932759228235,1.6090104577220516,0.18917590542383986,-1.0674629427717905,0.034860646150832605,0.12600921842907944,0.0,10383.182009068885,402.1081854908359
562260.0124958757,25767.826487589628,-27.24185862294369,-73.96732263591332,732.6893735243235,368.5404025721174,-40.85283232134355,80.53402681523498,1.2329827129565343,2412.65624054937,1.5940061696080965,0.13487578921906038,-1.385439121745587,0.035526729651285435,0.12246941429442358,0.0,10383.244122435748,399.2539712584699
562260.5124958762,25647.301518708467,-27.24165480796123,-73.96595513051011,727.1051163816688,363.9561866476965,-41.41953044000735,80.53200619711752,1.2179733806956685,2397.939419861244,1.5796466885570177,-0.027258481662637224,-1.4790151610672186,0.03620511995147505,0.11907676324007892,0.0,10383.304503006493,396.45973805179267
562261.0124958766,25526.92314539198,-27.24145522443175,-73.96461630778371,721.6150853388443,359.47705093335776,-41.9893538757986,80.53001401979112,1.2033074204495668,2383.9208192288393,1.5659168779499322,-0.15827278230415198,-1.2853299132193663,0.036896016661074435,0.11582383990049432,0.0,10383.36322248458,393.7239415534202
562261.5124958771,25406.69545731321,-27.24125980235617,-73.9633056818744,716.2179374465361,355.09985888091757,-42.56154984547795,80.5280477430437,1.188974606796677,2370.5789129202626,1.5527792687646504,-0.1514042080985597,-0.9794467221593884,0.0375996163096482,0.11270363235473908,0.0,10383.420348963611,391.04506795432906
562262.0124958776,25286.624739105813,-27.241068470842386,-73.96202276201025,710.913217456174,350.821559182491,-43.13505252187219,80.5261030946637,1.1749649830599904,2357.891931446454,1.5402125224173648,-0.0163065997825728,-0.8144787736296152,0.0383161039847244,0.10970949155655374,0.0,10383.47594712673,388.42161083798277
562262.512495878,25166.71920216363,-27.240881158245124,-73.96076705339038,705.6995693000599,346.6391034781699,-43.70919790545681,80.52417757027385,1.1612685870024997,2345.8368679928453,1.5282061992987164,0.13601015531432353,-0.9161206009612824,0.039045653648866335,0.10683503946121248,0.0,10383.53007840141,385.85200659249716
562263.0124958785,25046.987495429814,-27.240697794146847,-73.95953807002357,700.5739082188439,342.5495213880003,-44.28407880569993,80.52227244939849,1.1478757063413698,2334.391026848006,1.5167289008902078,0.186150185977574,-1.1957321254285367,0.03978843622387753,0.1040742375922357,0.0,10383.582801105378,383.3347087860346
562263.512495879,24927.4372193031,-27.240518311427508,-73.95833534811582,695.532077706855,338.5500196421659,-44.86029173583448,80.5203918059766,1.1347772151680073,2323.533928081044,1.505752275635054,0.09842613597845741,-1.434700207897815,0.040544628682782566,0.10142147008114319,0.0,10383.63417064284,380.8682844529942
562264.0124958794,24808.074568645097,-27.240342646801498,-73.95715844950927,690.5702949995722,334.63791732801445,-45.438313165146546,80.51853938838788,1.1219643583552155,2313.2465820795064,1.4952693615059567,-0.057328672929729374,-1.457982273315542,0.041314416883630675,0.09887146456605153,0.0,10383.684239701075,378.45136522434785
562264.5124958799,24688.90526736807,-27.240170739476074,-73.95600695294551,685.686348019029,330.8105865433382,-46.01799927010364,80.51671580920316,1.1094285504876207,2303.510334147724,1.485263816718067,-0.16390213134080672,-1.2594406051572138,0.0420979901317589,0.09641921392828065,0.0,10383.733058398324,376.0825916973969
562265.0124958804,24569.935902410187,-27.240002528875454,-73.95488043925874,680.8814157457897,327.0673946219259,-46.59856900475351,80.51491812892458,1.0971678880488251,2294.3336205893715,1.4723795228632102,-0.1450528316677438,-0.9935482081770866,0.042895532356165715,0.09406162836747894,0.0,10383.780674480613,373.76226904438545
562265.5124958808,24451.167153483257,-27.23983794269511,-73.95377841168533,676.1965058701009,323.4517915771432,-47.17901273713695,80.51314203489153,1.0853283975150496,2286.3503949270635,1.4498313965645582,-0.018189051644472275,-0.8540116823683886,0.04370726816770302,0.09183330657545415,0.0,10383.82714230863,371.5287187757762
562266.0124958813,24332.586490941234,-27.239676888117124,-73.95270023703348,671.6436495899645,319.97610013139075,-47.75862492037671,80.51138502708207,1.0739518181744818,2279.7755482156717,1.4289734298798458,0.12417302637916644,-0.9298371989747792,0.04453351808536562,0.08974098517241141,0.0,10383.872530447801,369.3941749116981
562266.5124958818,24214.181560824625,-27.239519274204337,-73.95164529530254,667.2148155031919,316.6319368947456,-48.33732888942486,80.50964821328105,1.0630104157461482,2274.5336177702284,1.409675073597759,0.18457602075777607,-1.1566153556117789,0.04537461160310498,0.08777388486960772,0.0,10383.916904158054,367.3530623412941
562267.0124958822,24095.94094541669,-27.239365016046214,-73.95061300702643,662.901474729193,313.41154766673617,-48.91549217816691,80.50793550850145,1.0524785350803971,2270.5557519389235,1.3918164977599514,0.12567638087902824,-1.376579264529533,0.04623088186311089,0.08592227718488327,0.0,10383.960323576384,365.4001985922058
562267.5124958827,23977.85370480083,-27.239214035041623,-73.94960283497711,658.695668969934,310.3077221796002,-49.493466064053734,80.50625102509397,1.0423323179171338,2267.77877082,1.3753032537158767,-0.010682033070142932,-1.449190815608795,0.047102668773068915,0.0841773432821208,0.0,10384.002844210017,363.5307380210047
562268.0124958832,23859.909787619486,-27.239066257789254,-73.9486142768725,654.5909679765844,307.3136968556131,-50.07117860726478,80.50459644646259,1.0325493778097774,2266.1437067923266,1.3600474467182049,-0.13628388619245738,-1.3366795209109419,0.04799031589289195,0.08253102957695513,0.0,10384.044517352526,361.7400965467263
562268.5124958836,23742.10086564999,-27.238921614171012,-73.9476468528705,650.5827489611111,304.42313330135266,-50.64802824876525,80.50297003049364,1.0231087281190314,2265.595271495143,1.3459553600421987,-0.17449975614803137,-1.1164027464709345,0.048894163668267945,0.08097597269310045,0.0,10384.0853904456,360.0239378471253
562269.0124958841,23624.42095929105,-27.238780035672487,-73.94670009461912,646.6676055912317,301.63008923518476,-51.22311293844415,80.50136776231038,1.0139906850068885,2266.0812879524715,1.3329430548650345,-0.1054588156487266,-0.9233711620649552,0.049814543538288784,0.0795054267255359,0.0,10384.125507407532,358.37815362453307
562269.5124958846,23506.866459041834,-27.238641454788397,-73.94577354134643,642.8422605977914,298.928942831578,-51.79562713052642,80.49978585657206,1.0051766150463317,2267.5516262596916,1.320943502418984,0.02656918591120763,-0.8661987984948804,0.05075177626895584,0.07811316404835011,0.0,10384.16490891701,356.79880555713095
562270.012495885,23389.435548013076,-27.23850580564957,-73.94486674385826,639.1026929385114,296.3143631294193,-52.36518085658705,80.49822307814556,0.9966488386814801,2269.9580096816344,1.309890849630949,0.14339629622911926,-0.9678807033903922,0.05170617508966697,0.07679342257777527,0.0,10384.203632655797,355.2821107975665
562270.5124958855,23272.127350570634,-27.23837302527916,-73.94397927260479,635.4439681858096,293.7813521264616,-52.931866348959495,80.49668155329692,0.988390775233228,2273.255016594499,1.2997139304954406,0.17942541694280295,-1.1609835210037083,0.05267805157414546,0.07554091398591395,0.0,10384.241713542462,353.8244931356732
562271.012495886,23154.94125290122,-27.23824305460354,-73.9431107241425,631.8607499332204,291.3252593220684,-53.49605671736882,80.49516567160286,0.9803869949260663,2277.4006462982115,1.2903500745612497,0.11697096785728889,-1.332704187109808,0.053667720807245266,0.07435081075034047,0.0,10384.2791839685,352.4226086738083
562271.5124958864,23037.87671628222,-27.238115838585124,-73.94226072192363,628.3481278336369,288.9417257183739,-54.058068903380224,80.49367975302036,0.9726230323794953,2282.3556270198246,1.2817510529514362,-0.007489496206240736,-1.3892970796138702,0.054675502902212174,0.0732186787479574,0.0,10384.316074013286,351.07330386765585
562272.0124958869,22920.93360025715,-27.23799132537074,-73.94142891072978,624.9023255101371,286.6266314252279,-54.617882359755214,80.49222578475906,0.9650852108004112,2288.082560196687,1.2738702819969367,-0.1263487471145919,-1.3036437387208553,0.055701720178734045,0.07214041397858854,0.0,10384.352411623424,349.77357181157043
562272.5124958873,22804.11272772029,-27.237869464867142,-73.94061494742107,621.5209343365934,284.3760907483252,-55.175056879833704,80.4908024298591,0.957760625319895,2294.5457023110243,1.2666550858799939,-0.17814405266180555,-1.1235453980068701,0.05674669182253741,0.07111221743486873,0.0,10384.38822277039,348.52054917295663
562273.0124958878,22687.4163354123,-27.237750207433134,-73.93981849245431,618.2025391695548,282.18644408041666,-55.72887682351298,80.48940579353881,0.9506371158276259,2301.7107389535317,1.2600561281037646,-0.13857042421082102,-0.941269605537881,0.05781072899071867,0.07013057039749841,0.0,10384.423531597824,347.31151081839175
562273.5124958883,22570.8481702758,-27.237633503292017,-73.9390392060597,614.9459345196376,280.05421495018095,-56.27863198237296,80.48803151660799,0.9437031231439695,2309.544112814801,1.254035020638905,-0.030295397520425642,-0.8440441904128043,0.05889413271352828,0.06919218783545816,0.0,10384.458360550445,346.14383434381364
562274.0124958887,22454.41319563426,-27.237519302865003,-73.93827675037323,611.7493697506023,277.9760820267921,-56.82388540256793,80.48667711531816,0.9369475962010954,2318.0127068446936,1.2485566705850744,0.09118148447207512,-0.8718712329418159,0.05999719535292871,0.06829398744442648,0.0,10384.492730481508,345.01498012203047
562274.5124958892,22338.117050691508,-27.237407557745712,-73.93753079569085,608.6102120509489,275.9489043356994,-57.364597835458106,80.48534340127586,0.9303600789646835,2327.0844951293957,1.2435805871051986,0.16645928321434564,-1.002082928724888,0.06112020471339028,0.06743310068720726,0.0,10384.526660755511,343.9225220191947
562275.0124958897,22221.965508121066,-27.237298221746375,-73.93680102717616,605.5251397049187,273.9697556934724,-57.90105848594239,80.48403429859468,0.9239308285358387,2336.729392897519,1.2390658442062463,0.1607663175297395,-1.1649524458658331,0.062263448715535054,0.06660689075298015,0.0,10384.560169360453,342.86418723967034
562275.5124958901,22105.96416454017,-27.237191251469408,-73.93608714849864,602.4907096677468,272.03591254571273,-58.433667585857094,80.48275516340418,0.917650775722815,2346.9192705872956,1.2349803890959024,0.07875587906727068,-1.279703290274341,0.06342721829432091,0.06581293550708685,0.0,10384.593273021088,341.83785134652965
562276.0124958906,21990.11847351212,-27.237086606125015,-73.93538888061155,599.5040179201875,270.1448112099201,-58.96268160604911,80.48151041425051,0.9115113815830032,2357.627305428071,1.231299079024165,-0.03999067024411584,-1.2922498897893453,0.06461180711094774,0.06504898768615124,0.0,10384.625987296378,340.84150163338506
562276.5124958911,21874.43405323662,-27.236984246673984,-73.93470595620033,596.5631667941141,268.29402632252396,-59.488040156562306,80.48030158070368,0.905504564741216,2368.827561909546,1.2279941988684955,-0.14095956141294091,-1.1974994806130765,0.06581750833917936,0.06431295064278902,0.0,10384.658326659755,339.8732177533845
562277.0124958915,21758.91707704123,-27.236884134672525,-73.93403811222032,593.6673048553392,266.481239302899,-60.009347448737216,80.47912666125669,0.8996225947460805,2380.494340265938,1.225264332708528,-0.17987743136126152,-1.0379486261988398,0.06704461019280915,0.06360284770889585,0.0,10384.690304572616,338.93114176359245
562277.512495892,21643.57604428567,-27.23678623258863,-73.93338509222046,590.8087498023128,264.6947310038308,-60.526012849553325,80.47798107073311,0.893825984379499,2392.429661949744,1.226050484220468,-0.14107176572683763,-0.8793076806308476,0.06829337586834053,0.06291002926721703,0.0,10384.721932321647,338.0043629880224
562278.0124958925,21528.42510226462,-27.236690506119043,-73.93274666187736,587.9823388099602,262.9258303199274,-61.037479158797396,80.47685970697599,0.8880854891688807,2404.479526818474,1.2268928055460584,-0.04215241793419184,-0.7862726002084034,0.06956400394616084,0.062228130724892604,0.0,10384.753216421735,337.08468646715295
562278.5124958929,21413.479674416594,-27.23659692083365,-73.93212258652213,585.188559786175,261.1737170768842,-61.54341562175636,80.47575938600795,0.8823983570400638,2416.627389812066,1.227784878826363,0.07244734686873809,-0.7972571064060157,0.0708566717471225,0.061556439568142114,0.0,10384.784162153353,336.1713571829996
562279.0124958934,21298.75505367946,-27.236505442174668,-73.93151263091583,582.4269704928656,259.4376180265208,-62.04383947693643,80.4746807007333,0.876761992529364,2428.856920006446,1.2287148560504504,0.15073922855775077,-0.9039389759427217,0.0721715497474101,0.06089428955438592,0.0,10384.814774451072,335.2636558386937
562279.5124958939,21184.266010769643,-27.236416036509993,-73.93091656599847,579.6962878173892,257.71684272650396,-62.53908886154516,80.4736282885329,0.8711740790386434,2441.1528670095627,1.2296681342805877,0.15690314616217418,-1.0535359124184431,0.07350880580479437,0.06024108673777804,0.0,10384.845057933677,334.360937206425
562280.0124958943,21070.026541574858,-27.236328671848387,-73.93033417345912,576.99487311907,256.0107856212104,-63.029647105801956,80.47260918360318,0.8656325866975035,2453.5012801440607,1.2306355234295019,0.0882690833443036,-1.1720409691128766,0.07486860823518081,0.059596310545668336,0.0,10384.875016941965,333.46263532958113
562280.5124958948,20956.04986953363,-27.236243317875356,-73.9297652459394,574.3214073992036,254.3188960729573,-63.515894366199134,80.47162983693813,0.8601356713236095,2465.8890147838265,1.2316137405348053,-0.022750775817548044,-1.1985620809796433,0.07625112613016392,0.058959491309292796,0.0,10384.904655570197,332.5682356284868
562281.0124958953,20842.348692254163,-27.23615994526924,-73.92920958263444,571.6754652369633,252.64065973789,-63.997901688879935,80.47069312147995,0.854681611127904,2478.303326566913,1.232597265654699,-0.12335958660160493,-1.1148803927877675,0.07765652665599078,0.058330195074100824,0.0,10384.93397768689,331.67725586652097
562281.5124958957,20728.93553742394,-27.236078524593633,-73.92866698219494,569.0577072791516,250.9756063115848,-64.47536866301333,80.46979681607657,0.8492688323590085,2490.7319186574473,1.2335748485449085,-0.16533477591193754,-0.9556001653086433,0.07908497064601543,0.05770802651850917,0.0,10384.962986952993,330.7892520527492
562282.0124958962,20615.823047564365,-27.235999025285807,-73.92813723625461,566.4695541218776,249.32331043521745,-64.94774141413285,80.46893450783473,0.843895912000679,2503.1628879431873,1.2345363443802753,-0.12852289938453576,-0.792850955910428,0.08053660862056757,0.057092627496676415,0.0,10384.991686841555,329.9038182459762
562282.5124958967,20503.02406072896,-27.235921415243727,-73.92762012680829,563.9124650085788,247.683367633887,-65.41446070251065,80.46809873918244,0.8385614963530882,2515.584245933925,1.2354781482581585,-0.031241737059883472,-0.7017750081884435,0.08201157908096461,0.05648365951269679,0.0,10385.020080652293,329.02056288629194
562283.0124958971,20390.551452393644,-27.235845661236407,-73.9271154288506,561.3871815937639,246.0553798828237,-65.87522214972574,80.4672850402862,0.8332642525535362,2527.983701438629,1.2363978105306472,0.07811876570134368,-0.723099259976339,0.08351000987628891,0.055880794274570086,0.0,10385.048171518038,328.1390957837018
562283.5124958976,20278.4178080922,-27.235771729950173,-73.92662291706878,558.8933337263459,244.43898091909915,-66.33011803727852,80.46649484218665,0.8280029549648354,2540.349321247668,1.2372871620111638,0.14482407702497352,-0.8416066407099085,0.08503202210557871,0.0552837321814278,0.0,10385.075962413444,327.25905578271033
562284.0124958981,20166.63507768698,-27.235699589154645,-73.92614237327984,556.429609381432,242.83387010291722,-66.77958351519261,80.46573559635205,0.8227766006771303,2552.6704193814758,1.2381361864913172,0.1353979620381661,-0.9923331310942396,0.08657773476727186,0.05469222616152699,0.0,10385.103456175944,326.38014773591385
562284.5124958985,20055.214383077808,-27.235629208402784,-73.9256735908701,553.9944119909889,241.23981926540785,-67.22416679507849,80.46501770885676,0.8175696030469792,2564.8407000554357,1.2388796805832158,0.05508493216315333,-1.0926655144255741,0.08814392864405819,0.05410506119505485,0.0,10385.130655512925,325.50061057825167
562285.012495899,19944.165693624876,-27.235560558663323,-73.9252163723623,551.5883060149945,239.6589068005807,-67.66423392627946,80.46434957115241,0.8122118392240062,2575.7689559975775,1.238829399875806,-0.05426018738941476,-1.0848435950022393,0.0896911830234377,0.0535118919015418,0.0,10385.157559423164,324.6047800299576
562285.5124958995,19833.497280870564,-27.235493610921804,-73.92477052034494,549.2124268483163,238.0925101873607,-68.09975895501324,80.46373316195637,0.8069032700948133,2586.681491404264,1.2387781082754667,-0.13547926496820772,-0.9669731280550771,0.09126021418020301,0.052926436071783475,0.0,10385.184168690219,323.713265724657
562286.0124958999,19723.21708436217,-27.235428335614515,-73.92433583406701,546.8677572302333,236.54024698595973,-68.53032333066189,80.46316274818194,0.8016425995585053,2597.5693462395493,1.238716266167198,-0.14601270041278033,-0.7953703705558426,0.09285110025057164,0.05234839521825137,0.0,10385.210487094919,322.8257566096204
562286.5124959004,19613.333169045858,-27.235364701878392,-73.92391210472968,544.5558361575403,235.00176406812795,-68.95532222410806,80.46262773590807,0.7964286308519443,2608.423845306422,1.2386384118686393,-0.08071759732659055,-0.6557839354545298,0.09446390890278927,0.0517774944742906,0.0,10385.236518275435,321.9419662483806
562287.0124959009,19503.85371242091,-27.235302677468447,-73.92349911498137,542.2778436144715,233.47671229773445,-69.3742764010732,80.46211855164103,0.7912601807414135,2619.2360644762475,1.2385443892268568,0.024905382241498648,-0.6177641844862237,0.09609869703598066,0.051213465516157394,0.0,10385.262265734658,321.06160734376385
562287.5124959013,19394.786787203513,-27.2352422295639,-73.92309664405995,540.0338728341217,231.96474929606413,-69.78708497455669,80.46163258181328,0.7861360888942986,2629.99698276864,1.2384311420781406,0.11345633429089713,-0.6964085357793798,0.09775551362171904,0.05065604914631654,0.0,10385.287732842853,320.1843960282108
562288.0124959018,19286.140048128553,-27.235183326035283,-73.92270447583078,537.822799618409,230.46557460063042,-70.19407830127176,80.46117677727601,0.7810553370334488,2640.6984229902423,1.2382905384056724,0.13676258700588953,-0.8429012912523955,0.09943440437390384,0.050105019281859786,0.0,10385.312922847956,319.3100904580431
562288.5124959023,19177.92048822809,-27.235125936484845,-73.92232240536627,535.6428172877175,228.97894508262095,-70.59583517840339,80.46076503383058,0.7760171011874016,2651.3335608594707,1.2381175434551497,0.08254761494661177,-0.9702827586727202,0.10113541582136375,0.04956019316904744,0.0,10385.337838895946,318.43850917409657
562289.0124959027,19070.13440196123,-27.23507003248796,-73.92195024044223,533.4923520713877,227.5046505520526,-70.9928589588607,80.46041128033265,0.7710206690154598,2661.896442083046,1.2379134418992215,-0.0183713368325934,-1.0013671883706925,0.10285859645993706,0.049021414749947284,0.0,10385.362484049023,317.5695068337378
562289.5124959032,18962.78757158108,-27.235015586892644,-73.92158779707968,531.3708754900065,226.04249328647026,-71.38529069218256,80.46012184711444,0.7660653704297847,2672.3814644645586,1.2376779854494795,-0.10896871002139004,-0.912515285109208,0.10460399433665653,0.04848854013266361,0.0,10385.386861294572,316.70295210972364
562290.0124959036,18855.885556896217,-27.234962572555066,-73.92123489154271,529.2791560765314,224.5922958081286,-71.77282337449418,80.45989154983674,0.7611506039525179,2682.78346002808,1.2374053698605252,-0.13806493679468493,-0.7480919867081692,0.10637165263359506,0.047961441180156376,0.0,10385.41097355167,315.838734285032
562290.5124959041,18749.433918681927,-27.23491096122226,-73.92089133329014,527.2187678821798,223.1539017545638,-72.15487231335142,80.45970625280204,0.756275839666178,2693.0976473460073,1.2370914894989584,-0.08960588202400029,-0.5962015849011439,0.10816160591264813,0.0474400048831378,0.0,10385.434823679538,314.97676315808036
562291.0124959046,18643.438261146657,-27.23486072321122,-73.92055692298081,525.191108801301,221.7271528550755,-72.53091042988329,80.45955111734357,0.7514405411862076,2703.3190774310606,1.2367380559199361,0.007812863340140346,-0.5384140692082922,0.10997387910802552,0.046924118271313174,0.0,10385.458414481536,314.11694471787905
562291.512495905,18537.90408096835,-27.234811828083934,-73.92023145675392,523.1965076711668,220.31188329096608,-72.90077759787343,80.45942017469811,0.7466441465476408,2713.4425558051125,1.2363454887751644,0.0972256373226157,-0.6020281758174268,0.1118084898340502,0.04641366542425154,0.0,10385.481748703334,313.2591760106737
562292.0124959055,18432.836507678963,-27.234764245934606,-73.91991473434588,521.2339574285387,218.90795023272497,-73.26478143636878,80.45932149058662,0.7418861716966154,2723.463504181981,1.235908821975578,0.12646048649773514,-0.7431485967427367,0.11366545288953869,0.04590854769556863,0.0,10385.504829035961,312.40337924586316
562292.512495906,18328.240083736368,-27.23471794854004,-73.91960656631123,519.301628323569,217.51525332848314,-73.62352430802127,80.45927421214822,0.7371662765373795,2733.3785757495166,1.2354249511094415,0.07896534016338226,-0.8716659990078659,0.11554478450744954,0.04540869629125047,0.0,10385.52765812866,311.54952448132724
562293.0124959064,18224.118719440885,-27.23467290969783,-73.91930677611157,517.3978626866034,216.1337144756887,-73.977552867724,80.45929842285167,0.7324841963778413,2743.1852188303346,1.2348968177849828,-0.016143397580652405,-0.9044934468960877,0.11744650379741914,0.04491405909020116,0.0,10385.550238601283,310.6976088602238
562293.5124959069,18120.475848870352,-27.23462910454822,-73.91901519583048,515.522082103618,214.76325789569776,-74.32703670358255,80.45940337800741,0.7278396744017094,2752.881131811281,1.2343261677775026,-0.10131171192411326,-0.815749398946419,0.11937063053784697,0.044424587295176135,0.0,10385.572573048603,309.84763447701835
562294.0124959074,18017.314680947922,-27.234586508277715,-73.91873165803042,513.6750639791094,213.4038177573481,-74.67167161829383,80.4595813881672,0.7232324875050309,2762.4643585602475,1.2337094741387529,-0.12520412367998557,-0.6532229286116282,0.12131718090496586,0.04394023915498633,0.0,10385.594664042466,308.99961513308904
562294.5124959078,17914.638390400447,-27.234545094986053,-73.91845598867253,511.8583858889598,212.05533929126995,-75.01087179154301,80.45981189656096,0.7186624500726284,2771.9332490614465,1.2330449855668735,-0.07399058649632796,-0.5100313476641253,0.12328616392262326,0.04346097981825031,0.0,10385.616514135943,308.15357656509093
562295.0124959083,17812.450147951953,-27.23450483741587,-73.91818800545923,510.0733542814746,210.7177576167127,-75.34413892057903,80.4600743001786,0.7141293422215255,2781.285901881158,1.2323360938215115,0.020042478656646302,-0.4677305099618271,0.12527758072329936,0.042986768114251395,0.0,10385.638125863621,307.3095333089087
562295.5124959088,17710.75298524741,-27.234465707720318,-73.91792752265988,508.3200907030866,209.39099577747825,-75.67138312624454,80.46036219615,0.7096329031446607,2790.5201583387934,1.2315841058616248,0.09832181290187988,-0.5455326618908422,0.1272914270523528,0.04251755595505525,0.0,10385.65950173724,306.46748714820666
562296.0124959092,17609.54957770463,-27.234427678797783,-73.91767435945162,506.5973558807398,208.0749944129414,-75.99299404130485,80.46068987726954,0.7051729316669422,2799.634482035931,1.230785702498603,0.11240076152687827,-0.6876509703333221,0.12932769769622257,0.04205330719275084,0.0,10385.680644246679,305.6274608452704
562296.5124959097,17508.842080870643,-27.23439072536508,-73.9174283465808,504.903215906973,206.76972404381738,-76.30961232439918,80.46108590307118,0.7007493278821141,2808.6283899345945,1.2299405167635664,0.05435958984905758,-0.7977378735325471,0.1313863902371221,0.04159400525877859,0.0,10385.70155586888,304.7895130079415
562297.0124959102,17408.632950474508,-27.234354824392558,-73.91718932916218,503.23251158641574,205.46909367206052,-76.62174340160017,80.46157657822762,0.6963414491994567,2817.335082636635,1.2320091876463994,-0.03814545620708832,-0.799678453793375,0.1334674885576785,0.04113599131066836,0.0,10385.722238567316,303.9469755832234
562297.5124959106,17308.929658512585,-27.234319955821363,-73.91695717180525,501.57867872231606,204.16240999915593,-76.92947058968527,80.46216943043554,0.6919130556820945,2825.4519675564643,1.2344329515479369,-0.10585722003511164,-0.6866660024542338,0.13557086190944312,0.04067290918412282,0.0,10385.742690993815,303.0879314306058
562298.0124959111,17209.741342816502,-27.23428609987042,-73.91673174128441,499.9434156548845,202.85050455197901,-77.23241606275366,80.46284733313071,0.6874669654016853,2832.986793974661,1.236590035094386,-0.1059671640551219,-0.5257246451264641,0.1376963287188853,0.04020537942254884,0.0,10385.76291073537,302.21316257643184
562298.5124959116,17111.076615330763,-27.23425323524141,-73.91651289505509,498.32907397610614,201.53443695569817,-77.53000568473334,80.4635785975736,0.6830067694624297,2839.9549295395336,1.238488718796412,-0.039492254722552425,-0.41427475523644103,0.13984370150231804,0.039734153209533614,0.0,10385.782895757397,301.3237231461909
562299.012495912,17012.94355302397,-27.23422133918536,-73.91630048171206,496.7373480026498,200.2152138066972,-77.8218732466446,80.46433825474473,0.6785358792522505,2846.371662599235,1.2401405856540826,0.04972098002326974,-0.41709094003068364,0.14201278756375377,0.039259942521546645,0.0,10385.802644391362,300.42062775146576
562299.5124959125,16915.349571528845,-27.23419038855425,-73.91609434753157,495.1685255652716,198.89379790306768,-78.10813209206877,80.46512708702686,0.6740575577252319,2852.252458512556,1.2415533232558522,0.10371636575322643,-0.5244113433876006,0.14420339239486624,0.03878342581133405,0.0,10385.822155315664,299.50486175714195
562300.012495913,16818.30126591772,-27.234160361161923,-73.91589434487129,493.6216344339473,197.5711346894694,-78.389334226876,80.46597503459802,0.6695750090241127,2857.6137424598105,1.2427324093305998,0.08818077784718022,-0.6586654496148168,0.1464153241245698,0.03830526370203167,0.0,10385.84142754304,298.5774114348024
562300.5124959134,16721.80433768127,-27.234131236578577,-73.91570033703756,492.09537829502534,196.2481495062829,-78.66614012895757,80.4669248940326,0.6650913691575747,2862.4728306094485,1.2436879172893904,0.014557373035434275,-0.7255693969390653,0.14864839633140067,0.03782609706398192,0.0,10385.860460412136,297.6392610054184
562301.0124959139,16625.863672642037,-27.23410299585381,-73.91551219654413,490.58925551147604,194.92572666189088,-78.93891427246521,80.46800547120567,0.6606096350755226,2866.847253488846,1.2444316218739346,-0.06794043400803124,-0.6760623287635533,0.1509024274834219,0.03734653431117459,0.0,10385.87925357427,296.6913679615439
562301.5124959144,16530.48352350574,-27.234075620363907,-73.91532979801059,489.1041362295678,193.60471000675918,-79.20751368030466,80.46921168879847,0.656132666614664,2870.7546378967963,1.2449708251391307,-0.10505856935041018,-0.5382188452923018,0.15317723774492417,0.036867151206350264,0.0,10385.897806976536,295.734661894563
562302.0124959148,16435.667681640014,-27.234049090556283,-73.91515301048635,487.6419053948323,192.28591021776674,-79.47141168146982,80.47050624200344,0.6516632111853397,2874.212793825725,1.245312148623736,-0.07326992637888902,-0.3980380448672493,0.1554726456946317,0.0363884946172509,0.0,10385.916120846769,294.77005111354674
562302.5124959153,16341.419547187164,-27.234023385434817,-73.91498169434607,486.2043960457877,190.97009134188326,-79.73007688186733,80.47184401049951,0.64720385816761,2877.239231806922,1.2454664832586175,0.005104285064479986,-0.34196312753489677,0.15778846721998388,0.03591107481622114,0.0,10385.934195677522,293.79840609906825
562303.0124959158,16247.742079272866,-27.233998483134666,-73.91481570485554,484.79233545932703,189.65796365896685,-79.98335570131832,80.4732046056658,0.6427570147230428,2879.850906808159,1.2454441638465616,0.07731449448974849,-0.39951092623479434,0.16012451729511995,0.03543536202926123,0.0,10385.952032206236,292.8205506229387
562303.5124959162,16154.637675631791,-27.233974362204425,-73.91465490001495,483.4050190045801,188.3502051079846,-80.23160222659186,80.47461098736112,0.6383249784088739,2882.0648584399273,1.2452512847658614,0.09564737023220386,-0.524289940370562,0.1624806136912925,0.03496179929698392,0.0,10385.969631397986,291.8372862662817
562304.0124959167,16062.108074977994,-27.23395100274255,-73.91449914745155,482.04091718814936,187.0474753798437,-80.47546725741718,80.4761194691412,0.633909984939069,2883.898645255593,1.2448952902097716,0.049103353658014014,-0.6258863515542911,0.16485658039342185,0.03449081078121506,0.0,10385.986994434723,290.8494087572108
562304.5124959172,15970.154365833849,-27.23392838663928,-73.91434832584443,480.6987988620373,185.75040140890405,-80.71548773891686,80.47778517542395,0.6295141590145893,2885.3698618017197,1.2443873324527168,-0.029856201473690502,-0.6308975054215813,0.16725224847363118,0.03402279378659349,0.0,10386.00412270421,289.8576905563964
562305.0124959176,15878.777107568458,-27.233906496778687,-73.91420232004562,479.3786253164814,184.4595681996445,-80.95175335514008,80.47962488096172,0.625139483234663,2886.4957513139666,1.2437363187264872,-0.08774611560837392,-0.5318793115908702,0.16966745399163036,0.033558113765820616,0.0,10386.021017784813,288.8628687033123
562305.5124959181,15787.976485468447,-27.233885315753234,-73.91406101330207,478.0816175733967,183.17552793063086,-81.18387580557985,80.4816033160866,0.6207878289504304,2887.293366460196,1.2429478980791129,-0.08626967270558913,-0.39136570539169274,0.17210203473135358,0.03309710941783885,0.0,10386.037681430735,287.865653788065
562306.0124959185,15697.752409382723,-27.23386482496734,-73.91392428188638,476.80944583454067,181.89879742411446,-81.41128150927139,80.48365516573621,0.6164609476893306,2887.7793988416224,1.242030207406949,-0.02776408822825485,-0.29870010876999303,0.17455582815140344,0.032640091536176134,0.0,10386.054115558842,286.866725714685
562306.512495919,15608.10451607313,-27.23384500473735,-73.91379199575587,475.56309836764274,180.6298458266928,-81.63362868355257,80.48573091859409,0.6121604294044596,2887.969735935091,1.2409933019068504,0.04713163970210066,-0.30936927650446505,0.17702867180017431,0.03218733697783172,0.0,10386.070322232985,285.8667183255487
562307.0124959195,15519.032094265334,-27.233825835312377,-73.91366402473115,474.3422126184111,179.3691042595141,-81.8510649604942,80.487836281235,0.6078877351794274,2887.879744381617,1.239843809368736,0.0876129620288903,-0.40811152154428015,0.17952040591821317,0.03173909479214912,0.0,10386.086303647959,284.86623031152106
562307.51249592,15430.533994932659,-27.233807298116048,-73.91354024593014,473.14531560994965,178.11698562180283,-82.06415062915603,80.49003611060311,0.6036442643431511,2887.524902731621,1.2385869363346698,0.06722210457808267,-0.5204997561165723,0.18203087665480203,0.03129559752942493,0.0,10386.10206211869,283.8658485658372
562308.0124959204,15342.60860286653,-27.233789376369106,-73.91342054744501,471.97078993179844,176.87388105810658,-82.27350128649493,80.49241631996804,0.5994313424972394,2886.9206713370713,1.2372311745866629,0.0012470833743867399,-0.5644594291613092,0.18455993774153953,0.030857059744817218,0.0,10386.117600072215,282.8661436861089
562308.5124959209,15255.253902894445,-27.233772054684362,-73.91330482586598,470.81790462081784,175.6401471021375,-82.47939545259197,80.49502687135725,0.5952501779460526,2886.0820083595577,1.2357852051957745,-0.06451348900873448,-0.5061016532344722,0.18710744947668145,0.030423671522741932,0.0,10386.132920036818,281.8676536354118
562309.0124959213,15168.467600025237,-27.233755317927884,-73.91319297948138,469.687216454781,174.4161100990953,-82.6816157752742,80.49784492253599,0.5911018766840996,2885.0234163418927,1.2342541506417974,-0.08548153063455613,-0.3817930676110389,0.18967327596642483,0.029995601104750195,0.0,10386.148024630136,280.8708876574295
562309.5124959218,15082.247218248434,-27.233739150135296,-73.91308490187431,468.5800707970634,173.20207095280728,-82.87963103851435,80.50078675258533,0.5869874584842493,2883.759015630602,1.2326433654419966,-0.04855814493338833,-0.27197864466084,0.19225728273664006,0.029572997669839726,0.0,10386.162916549225,279.876330823717
562310.0124959223,14996.590130640194,-27.233723534224175,-73.91298048027912,467.49755237456304,171.99829529327462,-83.07299166065637,80.50376506275187,0.5829078235752255,2882.3021669810164,1.2309608608463036,0.01967877037703724,-0.2454604090521721,0.1948593362167041,0.029155986779875586,0.0,10386.177598560034,278.8844313542914
562310.5124959227,14911.493520955555,-27.23370845268693,-73.91287959973063,466.43962202512034,170.80501348259753,-83.26166545985504,80.50675502253365,0.5788637526616873,2880.6654447887354,1.2292130338039409,0.07199454523170767,-0.3127351804939071,0.19747930528189403,0.02874467117488346,0.0,10386.192073485287,277.8956000732364
562311.0124959232,14826.954314203933,-27.233693888774223,-73.9127821500331,465.40503126073173,169.62243789559983,-83.44608351170939,80.50982194042827,0.5748559654888282,2878.8612112721107,1.2274036208885297,0.07319189131518787,-0.42012839424716164,0.20011706387360254,0.02833914028883547,0.0,10386.206344195376,276.9102311783546
562311.5124959237,14742.969134580344,-27.233679827350898,-73.91268803073817,464.39205120686614,168.4507680944171,-83.62686739925797,80.51308635384424,0.570885138379224,2876.9017873228395,1.225538156173061,0.023843256072847773,-0.48793506912706003,0.20277249293233574,0.02793947329028333,0.0,10386.220413602981,275.9287084117919
562312.0124959241,14659.534332410432,-27.233666254846682,-73.91259715078738,463.39950063808664,167.2901797220401,-83.80442898127416,80.51664553006555,0.56695186659269,2874.7990394317217,1.2236237996759898,-0.040981138181201145,-0.46553984775228097,0.20544548022349624,0.027545733813598053,0.0,10386.234284656679,274.9513909122959
562312.5124959246,14576.646067237481,-27.23365315835302,-73.91250942319706,462.427370603817,166.14082339882145,-83.97871986321466,80.52050398485268,0.5630566605865057,2872.5642734118337,1.2216651493969561,-0.07655997162432833,-0.36536653974347266,0.20813591827428898,0.02715796972268411,0.0,10386.247960332752,273.9786108641437
562313.0124959251,14494.300392423756,-27.233640524501453,-73.91242475855242,461.4766242216172,165.0028317143433,-84.14930153536481,80.52456439984059,0.5591999697110829,2870.208408252419,1.2196654866772965,-0.05937342113872446,-0.2528257681960916,0.21084370206058803,0.02677621684865559,0.0,10386.26144362835,273.01068116634957
562313.5124959255,14412.493295516819,-27.233628338897525,-73.91234306178548,460.548320665371,163.87631441767496,-84.31568378450402,80.52869196789307,0.555382165909591,2867.7417662267426,1.2176302795899685,-0.0026607777467684496,-0.20015140496962147,0.21356872796802065,0.02640049697736128,0.0,10386.274737555199,272.04788882776785
562314.012495926,14331.22068432346,-27.233616586487745,-73.91226423436194,459.64268499519545,162.7613533950923,-84.47769421520746,80.53281316979357,0.5516035266972855,2865.1738743673427,1.2155649809773388,0.05362543825088003,-0.23667564063937768,0.21631089449737698,0.02603081595011331,0.0,10386.287845131854,271.0904882717528
562314.5124959265,14250.478338918649,-27.2336052525865,-73.91218818021464,458.758771303283,161.65801401101973,-84.635623166283,80.53698030348508,0.5478642735963292,2862.5138548648592,1.2134724158207633,0.07093869028877726,-0.32980919713630635,0.21907010418127712,0.02566716972230032,0.0,10386.300769376969,270.1387152051211
562315.0124959269,14170.261869750917,-27.233594323841036,-73.91211481123281,457.8949329302167,160.5663546535164,-84.79004707205466,80.54135067433847,0.544164604485756,2859.770763155902,1.211355714557759,0.03855380844194783,-0.40906165374000863,0.22184626541821942,0.025309549308026827,0.0,10386.313513305922,269.19279847342364
562315.5124959274,14090.566720477305,-27.233583788471055,-73.91204404855416,457.0497533185826,159.48641993832763,-84.94145723836871,80.54608684068121,0.5405046705697792,2856.953332454502,1.2092200112546012,-0.019838516702183707,-0.415501161731614,0.224639292845404,0.024957937757137137,0.0,10386.326079927816,268.2529512975573
562316.0124959279,14011.38821961917,-27.23357363563213,-73.91197581887585,456.222790992912,158.41823595254743,-85.08995389661189,80.55124287613579,0.5368845602584105,2854.0697617129345,1.2070692088611314,-0.0633744050303172,-0.34195564625516217,0.2274491059680662,0.024612308125250185,0.0,10386.338472240705,267.3193646697208
562316.5124959283,13932.721646000631,-27.23356385435855,-73.911910048461,455.4146325360569,157.36181608835332,-85.23521623759689,80.55671831063835,0.5333043189381751,2851.12787571001,1.204905273490959,-0.06259398313344534,-0.2365084930321504,0.23027562715983288,0.024272626416499507,0.0,10386.3506932273,266.39221401371316
562317.0124959288,13854.56226892583,-27.23355443282152,-73.9118466590053,454.62623005655826,156.3171606739668,-85.37676457527836,80.56232064405852,0.5297639477214267,2848.135078011085,1.2027314048274909,-0.019370832377290276,-0.16785379279503035,0.2331187804170076,0.023938851609839787,0.0,10386.362745851662,265.47165822794307
562317.5124959293,13776.905348510481,-27.23354535840542,-73.91178556814373,453.85799956650925,155.28425081626145,-85.51432803100958,80.56790252102088,0.5262633825787442,2845.0981095146954,1.2005517333180764,0.03529282136389613,-0.17742013982105992,0.23597849148301694,0.02361093312588052,0.0,10386.374633054998,264.5578315359309
562318.0124959297,13699.746105465107,-27.233536618528742,-73.9117266940846,453.1093144597513,154.26305374466608,-85.64806109653286,80.57348077226743,0.5228025124495952,2842.02323715344,1.198368470778206,0.06346393530485088,-0.2516348130374395,0.23885468911829708,0.023288813671276675,0.0,10386.386357751297,263.65085008960773
562318.5124959302,13623.07968581561,-27.23352820162312,-73.91166996102943,452.3787316651924,153.25353297046414,-85.77846170629556,80.57924731815659,0.5193812136725309,2838.9166299173576,1.1961831197864408,0.04660058297106154,-0.3328918603241328,0.2417473066454931,0.022972434139601927,0.0,10386.397922825337,262.75082491969204
562319.0124959307,13546.901151311584,-27.233520097588524,-73.91161530161503,451.664769760813,152.25564600203737,-85.90605317347033,80.58545235197867,0.5159993422420733,2835.7842722903792,1.193998866378083,-0.002267006569130616,-0.3605564869202776,0.24465628260650019,0.022661732703378522,0.0,10386.409331131821,261.85785894658375
562319.5124959311,13471.205507615581,-27.233512297419676,-73.91156265476708,450.9666891339267,151.26933831441247,-86.03105504564763,80.59223258235416,0.5126567133713125,2832.631717932643,1.1918187726578942,-0.04847998561036653,-0.31284558502007537,0.24758155998031162,0.0223566422181911,0.0,10386.42058549322,260.9720388957941
562320.0124959316,13395.987751005217,-27.233504792278016,-73.9115119605812,450.2847392776837,150.29454660237275,-86.1532713524223,80.59950492128557,0.5093531125168076,2829.4641776354624,1.189644053806304,-0.06030150409095247,-0.22065673550327058,0.25052308459772465,0.022057091794640767,0.0,10386.431688697392,260.09343902723094
562320.512495932,13321.242903130129,-27.23349757266036,-73.91146315583084,449.6197154398702,149.3312011041512,-86.27226938145215,80.60701064853195,0.5060883032536586,2826.286581610717,1.1874762297262353,-0.03069706367744015,-0.14463589511617025,0.2534808039033726,0.02176300792373917,0.0,10386.442643496133,259.22212380016396
562321.0124959325,13246.966018314473,-27.23349062823402,-73.91141617315357,448.97215005598775,148.37922060833242,-86.38771898176087,80.61449435515877,0.5028620103537342,2823.1033785563513,1.1853180579130154,0.01859862044280274,-0.1324248430708445,0.25645466672626094,0.021474312428436042,0.0,10386.4534526034,258.35814118310657
562321.512495933,13173.152166265994,-27.233483948434014,-73.91137094433847,448.3417126063821,147.43851334628746,-86.49965358462376,80.62190070210427,0.4996739228101627,2819.9185649051246,1.183171260961013,0.05298631378616864,-0.18621280267001158,0.2594446240307731,0.021190923079722465,0.0,10386.464118692915,257.50152368019053
562322.0124959334,13099.796405309811,-27.23347752338796,-73.91132740527678,447.727226965607,146.50898543399555,-86.60847345551979,80.629444902033,0.4965237224469403,2816.73600969912,1.1810363975013412,0.049275492902668826,-0.262679348439914,0.2624506301060709,0.020912757435456036,0.0,10386.474644397094,256.6522993455477
562322.5124959339,13026.893768132664,-27.233471344517888,-73.91128549909213,447.12727143010494,145.59054200945553,-86.71469451220051,80.63749070537686,0.4934110877736562,2813.5595017345595,1.1789150891495943,0.011305513201646621,-0.30435203190233845,0.2654726433097277,0.0206397333938878,0.0,10386.4850323073,255.81049330873952
562323.0124959344,12954.439274190925,-27.23346540440678,-73.9112451753344,446.5409289140315,144.68308176189004,-86.81862267286674,80.64630579386025,0.49033567544478696,2810.3925296015973,1.1768095111119736,-0.033592338686757636,-0.27972402838062793,0.26851062572830514,0.02037176688947553,0.0,10386.495284973418,254.97612045862002
562323.5124959348,12882.427960559726,-27.23345969603611,-73.91120638590598,445.96816765370374,143.78649760136628,-86.92018143316635,80.65586198851602,0.48729712252906304,2807.2382869495577,1.17472046717557,-0.05422875642223729,-0.20414047982337843,0.2715645420165991,0.020108772229540828,0.0,10386.505404902824,254.1491860480561
562324.0124959353,12810.85490940325,-27.233454211933434,-73.91116908063027,445.4096005616213,142.90067991814658,-87.01900881514867,80.66583209683441,0.4842950575555142,2804.0997818428505,1.1726484108324733,-0.0372026166486497,-0.12765005104603852,0.2746343582936742,0.019850663503428616,0.0,10386.515394559978,253.32968977885068
562324.5124959358,12739.715257631615,-27.233448943819425,-73.91113320549861,444.8658078924673,142.02551361578656,-87.11475007730228,80.67580797137097,0.48132909045854266,2800.9797123905146,1.1705948983745729,0.004454613347825128,-0.09929745053883525,0.2777200417351423,0.01959735338636663,0.0,10386.525256366107,252.51762175265952
562325.0124959362,12669.004182558507,-27.233443883203392,-73.91109870580829,444.3360847822697,141.16087722680462,-87.20761635553303,80.6859190616788,0.4783988095808977,2797.880432040216,1.1685609734263298,0.012866053016715041,-0.08366567280450492,0.28082156119393026,0.019348752883646462,0.0,10386.534992698276,251.71296125797028
562325.5124959367,12598.716871772893,-27.233439022669067,-73.91106553271192,443.81950524175943,140.30664919606988,-87.29792336400286,80.69645222879494,0.4755038029682827,2794.804206322446,1.1665471622958008,0.011641686192056033,-0.06515889155048744,0.2839388885651556,0.01910477403511276,0.0,10386.544605889263,250.9156852278399
562326.0124959372,12528.848545404151,-27.233434355134502,-73.91103363940496,443.3158049283975,139.4627059185757,-87.38569605960492,80.70739512667795,0.4726436517193051,2791.753123909734,1.1645542124093757,0.01053383327569338,-0.050745795805751046,0.28707199787613746,0.018865329087077998,0.0,10386.554098227956,250.12576549343132
562326.5124959376,12459.394461965188,-27.233429873724397,-73.91100298046605,442.8246677793341,138.62892164553378,-87.47098415100619,80.71876271893501,0.46981792966722663,2788.7290878145195,1.1625827616830018,0.009531406503279764,-0.039520865543939965,0.29022086505835476,0.018630330474213672,0.0,10386.563471959404,249.34316859522994
562327.0124959381,12390.349920446984,-27.233425571772877,-73.91097351186008,442.3457823439,137.80516883948178,-87.55383715700376,80.73057051560778,0.4670262045834343,2785.73382632303,1.160633372763454,0.008624373250751292,-0.03077888105885553,0.2933854678733983,0.018399690986848887,0.0,10386.572729284951,248.56785621898385
562327.5124959386,12321.71026242245,-27.233421442818663,-73.91094519090933,441.87884193994614,136.99131847984853,-87.63430437649441,80.74283458943202,0.4642680392130111,2782.7689023710886,1.1587065374596965,0.0078036556244537696,-0.023970616690616443,0.29656578583068655,0.01817332391128658,0.0,10386.581872362458,247.79978557337225
562328.012495939,12253.470873932354,-27.23341748060037,-73.91091797625889,441.4235447911003,136.1872403489745,-87.7124348590691,80.75557159214951,0.46154299224406864,2779.835722613257,1.1568026810060106,0.007061039606531876,-0.01866833506486882,0.2997618001075031,0.017951143156503417,0.0,10386.590903306578,247.0389097498909
562328.5124959395,12185.6271871645,-27.233413679051722,-73.91089182784637,440.97959414603537,135.3928032994078,-87.78827737627626,80.76879877081235,0.45885061921362175,2776.9355461827217,1.154922166157827,0.006389092846277638,-0.014538913979240162,0.3029734934714841,0.017733063368118068,0.0,10386.5998241891,246.28517806538684
562329.01249594,12118.17468195688,-27.23341003229693,-73.91086670687179,440.54669838080486,134.60787550326447,-87.86188039363535,80.78253398402559,0.456190473352679,2774.069493131348,1.1530652971178523,0.005781090274666457,-0.011322917601448688,0.30620085020471854,0.01751900003043794,0.0,10386.608637039348,245.53853638757067
562329.5124959404,12051.108887122013,-27.23340653464605,-73.91084257576382,440.1245710852651,133.83232468445286,-87.933292043453,80.79679571804284,0.4535621063732585,2771.238552555999,1.1512323232970019,0.00523094679760595,-0.0088182971019887,0.30944385603013536,0.01730886955741239,0.0,10386.617343844602,244.7989274440435
562330.0124959409,11984.42538161669,-27.233403180590365,-73.91081939815248,439.71293113456886,133.0660183345428,-88.00256009848587,80.81160310265123,0.4509650691999755,2768.4435904063826,1.1494234429101104,0.004733156394269012,-0.006867696694091737,0.31270249803955874,0.017102589373241453,0.0,10386.625946550614,244.0662911152514
562330.5124959414,11918.119795535691,-27.233399964797886,-73.91079713883596,439.3115027466764,132.30882391304607,-88.06973194651093,80.82697592674754,0.44839891264879933,2765.6853569904843,1.1476388064149785,0.004282737010986755,-0.005348567567699879,0.315976764624983,0.01690007798341334,0.0,10386.634447062102,243.34056471201066
562331.0124959418,11852.18781097792,-27.2333968821089,-73.91077576375201,438.9200155267883,131.56060903285137,-88.13485456582704,80.84293465351348,0.445863188055499,2762.964494163782,1.1458785197908532,0.0038751806991808614,-0.004165468613496235,0.3192666454112179,0.01670125503680798,0.0,10386.64284724333,242.62168323790772
562331.5124959423,11786.625162785873,-27.233393927531495,-73.9107552399497,438.538204499572,130.82124163154916,-88.19797450174242,80.85950043507239,0.4433574478562681,2760.281542210318,1.1441426476614844,0.003506408498299059,-0.0032440702207458525,0.3225721311902762,0.01650604137953761,0.0,10386.651148918681,241.9095796371282
562332.0124959428,11721.427639126778,-27.233391096237217,-73.91073553555754,438.1658101300131,130.09059012936018,-88.25913784406183,80.87669512652283,0.4408812461229501,2757.636946438269,1.1424312162738703,0.003172729612206928,-0.0025264844303548506,0.3258932138595425,0.01631435910119878,0.0,10386.659353873267,241.20418502841895
562332.5124959432,11656.591081986204,-27.233388383556807,-73.91071661975803,437.80257833368603,129.36852357435163,-88.3183902056153,80.89454129920617,0.4384341390551805,2755.0310634682955,1.1407442163253245,0.002870804470459672,-0.001967628054413049,0.32922988636061207,0.016126131574036712,0.0,10386.667463853566,240.50542892538684
562333.0124959437,11592.11138753593,-27.233385784975926,-73.91069846275634,437.44826047720056,128.6549117756192,-88.37577670184166,80.91306225306376,0.43601568543174524,2752.4641672413013,1.1390816056515107,0.0025976113047586477,-0.0015323902708434705,0.33258214262108887,0.015941283485638964,0.0,10386.675480568072,239.81323944387523
562333.5124959442,11527.98450640589,-27.233383296131024,-73.91068103575573,437.10261336954784,127.94962542507663,-88.43134193144783,80.93228202793715,0.43362544702332906,2749.9364547424316,1.1374433117756428,0.0023504159060785857,-0.001193426743895562,0.3359499774982183,0.01575974086564659,0.0,10386.683405687954,239.12754349680992
562334.0124959446,11464.206443851814,-27.2333809128052,-73.91066431092743,436.7653992450323,127.25253620848524,-88.48512995815774,80.95222541362386,0.43126298896879894,2747.4480514554143,1.1358292343261476,0.002126744259784668,-0.0009294416834565301,0.33933338672513785,0.015581431106994071,0.0,10386.691240847738,238.44826697709934
562334.5124959451,11400.773259849288,-27.233378630924218,-73.91064826138512,436.4363857384397,126.5635169063207,-88.5371842935732,80.97291795851636,0.4289278801170442,2744.999016544112,1.1342392473228775,0.0019243577848625276,-0.0007238499114966257,0.3427323668584753,0.015406282982104213,0.0,10386.69898764599,237.77533492896293
562335.0124959456,11337.68106908258,-27.233376446552523,-73.91063286115978,436.11534585306225,125.8824414850653,-88.58754788112931,80.99438597660783,0.42661969333636923,2742.5893477857685,1.132673201343333,0.00174123092944704,-0.0005637348783681687,0.3461469152292855,0.015234226654517945,0.0,10386.70664764601,237.10867170836565
562335.512495946,11274.926040895283,-27.23337435588932,-73.91061808517104,435.80205792216816,125.20918517948192,-88.63626308118413,81.01665655265482,0.4243380057933227,2740.2189862374544,1.1311309255624906,0.0015755308984184532,-0.000439037165082606,0.34957702989404,0.015065193686286116,0.0,10386.714222376528,236.44820113274977
562336.0124959465,11212.504399124533,-27.233372355264862,-73.91060390920498,435.49630556446834,124.54362456640635,-88.6833716572037,81.03975754525887,0.422082399202782,2737.887820680033,1.1296122296857591,0.0014255993101728085,-0.0003419224882479001,0.3530227095901571,0.01489911704160146,0.0,10386.72171333241,235.79384662092815
562336.512495947,11150.412421914749,-27.23337044113657,-73.91059030988649,435.19787763410716,123.88563763057137,-88.7289147630903,81.06371758759994,0.4198524600510333,2735.5956918087677,1.1281169057634186,0.0012899355989814485,-0.0002662895018184582,0.35648395369114944,0.014735931086912714,0.0,10386.729121975348,235.14553132317565
562337.0124959474,11088.646441431716,-27.23336861008547,-73.9105772646561,434.9065681656719,123.23510382295561,-88.77293293159497,81.08856608556562,0.4176477797935178,2733.342396215125,1.126644729906022,0.0011671819968248507,-0.00020738647271223513,0.3599607621659554,0.014575571587949187,0.0,10386.736449734568,234.50317824236186
562337.5124959479,11027.202843565494,-27.233366858812534,-73.9105647517473,434.6221763146915,122.59190411213295,-88.81546606386722,81.11433321296857,0.41546795502885625,2731.127690132254,1.1251954638904007,0.001056109944393928,-0.00016151274748091256,0.36345313553779907,0.014417975703864178,0.0,10386.74369800753,233.86671034618251
562338.0124959484,10966.0775042912,-27.233365184119776,-73.91055275004989,434.3456635201539,121.95978824307504,-88.85655301511405,81.1410499051579,0.41299865648127077,2724.7862162352462,1.1219766277709267,0.0009556077952555328,-0.00012578625431866952,0.3663777625143821,0.014253097155831042,0.0,10386.750865890517,233.19522092104893
562338.5124959488,10905.263123468496,-27.233363582836883,-73.91054123858625,434.07853046149535,121.34439052195034,-88.89622978840958,81.16874782843107,0.4105422166022128,2718.2597503738175,1.1186876302485504,0.0008646696901213181,-9.796243344439953e-5,0.36921687386122626,0.014092712495518814,0.0,10386.757952091093,232.5364202085768
562339.0124959493,10844.751624417491,-27.233362051889255,-73.91053019699346,433.82030174551846,120.74477853186889,-88.93453148985232,81.19745929543568,0.40814575158579197,2712.177076205932,1.1155987196998018,0.0007823854898699013,-7.629321994147379e-5,0.37205857472123866,0.013938159961148498,0.0,10386.764959574826,231.89623387681453
562339.5124959497,10784.535416798666,-27.233360588328907,-73.91051960574836,433.5705083727847,120.1600033784311,-88.97149321897605,81.2272172239594,0.40580580540499156,2706.504993811016,1.1126950181581987,0.0007079316665686298,-5.941721948283081e-5,0.3749030422843705,0.01378903854229233,0.0,10386.771891156051,231.27347758885173
562340.0124959502,10724.607362348586,-27.23335918932889,-73.91050944613133,433.3287129030644,119.58918653483198,-89.00714997698627,81.25805510598373,0.40351917772593837,2701.212847528142,1.1099628035784161,0.0006405630613292356,-4.627417709960521e-5,0.377750439938202,0.013644980904431298,0.0,10386.77874945716,230.66705318897917
562340.5124959507,10664.960741383024,-27.233357852177868,-73.91049970018771,433.0945069502414,119.03151439022947,-89.04153658367127,81.29000697151886,0.40128290386015053,2696.2723249677897,1.1073894164186897,0.000579605426507226,-3.60383653911031e-5,0.38060091825045167,0.01350565029998713,0.0,10386.785536924643,230.07594236085885
562341.0124959511,10605.58922190871,-27.233356574275113,-73.91049035069756,432.8675089026624,118.4862332363505,-89.07468760372328,81.32310734683081,0.3990942363543809,2691.6572731829524,1.1049631744305326,0.0005244486776048366,-2.8066707210526244e-5,0.38345461588285745,0.013370737789647754,0.0,10386.792255843673,229.4992007589485
562341.5124959516,10546.486831132323,-27.233355353125727,-73.91048138114067,432.647361846178,117.9526446541569,-89.10663728171777,81.35739120666942,0.3969506280733501,2687.3435303206134,1.1026732948292146,0.00047454078734032127,-2.1858373571956667e-5,0.3863116604413313,0.013239959739069556,0.0,10386.79890835138,228.93595257546284
562342.0124959521,10487.647929139435,-27.23335418633611,-73.91047277566983,432.43373166970355,117.4301012662045,-89.13741948505951,81.39289392008259,0.3948497166450201,2683.3087712785855,1.100509823120163,0.0004293822607733759,-1.7023318468652497e-5,0.3891721692685649,0.013113055560495463,0.0,10386.805496448935,228.38538550875157
562342.5124959525,10429.067184611224,-27.23335307160977,-73.91046451907971,432.22630533537506,116.91800282368666,-89.16706765424095,81.42965118944511,0.3927893101513518,2679.532366033377,1.0984635679296533,0.0003885211361918893,-1.3257773764876874e-5,0.39203625018116334,0.01298978567256513,0.0,10386.812022012546,227.8467461017678
562343.012495953,10370.739552406594,-27.233352006743182,-73.91045659678117,432.02478929735133,116.41579260013711,-89.19561475979977,81.46769898227132,0.3907673739585505,2675.995249469583,1.0965260412690474,0.0003515484617272206,-1.0325164598449222e-5,0.39490400215567695,0.012869929654920407,0.0,10386.818486803488,227.31933542225698
562343.5124959535,10312.66025284212,-27.233350989622036,-73.91044899477694,431.82890805503934,115.92295406640731,-89.22309326542138,81.50707345543687,0.388782018590836,2672.6798016715015,1.0946894037265935,0.0003180942024264446,-8.041246281295187e-6,0.39777551596808775,0.012753284577044246,0.0,10386.82489247727,226.8025050587791
562344.0124959539,10254.824752574787,-27.23335001821758,-73.91044169963469,431.6384028280419,115.4390078238901,-89.24953509663833,81.54781087141718,0.38683148856111493,2669.569737729164,1.092946414128286,0.0002878235368181706,-6.262528905946495e-6,0.40065087478807976,0.012639663483172301,0.0,10386.831240591984,226.29565340867012
562344.5124959544,10197.228746935725,-27.2333490905831,-73.91043469846709,431.45303034146514,114.96350877505527,-89.27497161463172,81.58994750619142,0.384914152079525,2666.650006231406,1.091290383267087,0.00026043350590671986,-4.877262420011148e-6,0.4035301547325021,0.012528894017293672,0.0,10386.837532615955,225.7982222362645
562345.0124959549,10139.868143607862,-27.23334820485068,-73.91042797890708,431.2725617114014,114.49604351224026,-89.29943359471469,81.6335195484225,0.38302849156818103,2663.9066956929814,1.0897151313377234,0.00023564998105666935,-3.7984157951056705e-6,0.4064134253805363,0.012420817174074117,0.0,10386.843769934709,225.3096934813603
562345.5124959553,10082.739047552459,-27.23334735922799,-73.91042152908818,431.09678142144963,114.03622790731973,-89.3229512090131,81.67856298963905,0.38117309491687396,2661.3269482374208,1.0882149487512975,0.00021322492042133122,-2.9582091981171815e-6,0.4093007502527055,0.012315286163139818,0.0,10386.84995385737,224.82958629951062
562346.0124959558,10025.83774707187,-27.23334655199538,-73.91041533762568,430.92548638205756,113.58370488638553,-89.34555401300608,81.72511350511594,0.3793466474200671,2658.8988799328636,1.08678456004044,0.0001929338864565815,-2.303855641897058e-6,0.41219218725701695,0.012212165375581658,0.0,10386.856085622516,224.3574543172713
562346.5124959563,9969.160700958222,-27.233345781502877,-73.91040939359473,430.75848506529087,113.13814237492,-89.36727093551593,81.77320632519273,0.3775479243409866,2656.6115072183984,1.085419090587175,0.00017457379967448315,-1.7942445794838105e-6,0.41508778910254607,0.012111329442721364,0.0,10386.8621664035,223.8928830866552
562347.0124959567,9912.704526582733,-27.233345046167532,-73.91040368651542,430.5955967083596,112.6992314001796,-89.38813027183731,81.82287609688899,0.37577578405273127,2654.45467894519,1.0841140359452954,0.00015796090615551354,-1.397359084684736e-6,0.4179876036858372,0.012012662378336645,0.0,10386.868197313384,223.43548772461682
562347.5124959572,9856.465988919139,-27.23334434447076,-73.91039820633229,430.4366505798862,112.26668433859662,-89.40815967967254,81.8741567356227,0.37402916171120576,2652.419013558365,1.0828652335336384,0.00014292893847757637,-1.0882643502886958e-6,0.4208916744485904,0.011916056796379247,0.0,10386.874179409411,222.98491072400068
562348.0124959577,9800.441990378313,-27.233343674955833,-73.91039294339903,430.28148530346994,111.84023329701827,-89.42738617759001,81.92708126705136,0.3723070634178527,2650.4958410278614,1.0816688365134044,0.00012932745165575746,-8.47541128897785e-7,0.4238000407112155,0.011821413197146392,0.0,10386.880113697136,222.54081992382692
562348.5124959581,9744.629561437294,-27.23334303622541,-73.91038788846356,430.1299482336261,111.41962861750672,-89.44583614571907,81.9816816589851,0.3706085608341359,2648.6771491398977,1.0805212896670764,0.00011702031743834928,-6.60065695419292e-7,0.4267127379815454,0.011728639315520846,0.0,10386.88600113419,222.10290662734855
562349.0124959586,9689.025851949118,-27.233342426939323,-73.91038303264985,429.9818948796377,111.00463749624637,-89.46353532843344,82.03798864357714,0.3689327862123026,2646.955533826726,1.0794193071258846,0.00010588436188955412,-5.140596808982682e-7,0.4296297982431337,0.011637649525615818,0.0,10386.891842633764,221.67088385749713
562349.5124959591,9633.628123149276,-27.233341845812266,-73.91037836744638,429.8371883732676,110.59504270785469,-89.48050883879789,82.09603152992777,0.36727892781046145,2645.324153201024,1.0783598517905324,9.58081326233344e-5,-4.0035008236167453e-7,0.43255125022097496,0.011548364296641805,0.0,10386.897639067778,221.24448473967436
562350.0124959595,9578.433740226552,-27.233341291611705,-73.91037388468885,429.69569897665804,110.19064142707926,-89.49678116450988,82.15583800749405,0.3656462256617981,2643.7766850373087,1.07734011632275,8.669078335047314e-5,-3.1179295790505454e-7,0.435477119630328,0.011460709695431271,0.0,10386.903391269807,220.82346100307646
562350.51249596,9523.440165475942,-27.233340763155827,-73.91036957654973,429.55730362707186,109.79124414049005,-89.51237617517671,82.21743394077296,0.36403396767089363,2642.307287418979,1.0763575055774566,7.844106457501603e-5,-2.428245999743785e-7,0.43840742940659416,0.01137461693140276,0.0,10386.909100037756,220.4075815918912
562351.0124959605,9468.644951984286,-27.23334025931153,-73.9103654355224,429.42188551543563,109.39667364134785,-89.5273171307061,82.28084315583186,0.362441486011894,2640.910562314134,1.0754096203649963,7.097641033864591e-5,-1.891119887661872e-7,0.44134219991778223,0.011290021940200262,0.0,10386.914766136342,219.99663137855146
562351.5124959609,9414.045737760141,-27.23333977899259,-73.91036145440985,429.2893336959121,109.00676410135075,-89.54162669061849,82.34608721944956,0.3608681538050234,2639.581521875993,1.074494242447538,6.42221118728208e-5,-1.4728056506167852e-7,0.44428144916329937,0.011206865002629633,0.0,10386.920390299349,219.59040997191937
562352.0124959614,9359.640240330249,-27.23333932115782,-73.91035762631378,429.1595427239757,108.62136021344091,-89.5553269241127,82.4131852118024,0.35931338205030844,2638.3155572465016,1.0736093206680983,5.811056988830802e-5,-1.1470221949654477e-7,0.44722519295699925,0.011125090395759431,0.0,10386.925973231711,219.18873061342444
562352.5124959619,9305.426251731813,-27.23333888480929,-73.91035394462018,429.0324123206875,108.24031640030346,-89.56843932073895,82.48215349373285,0.357776616798566,2637.108409688983,1.0727529581309043,5.2580618018776666e-5,-8.933017843816518e-8,0.45017344509744867,0.01104464607341049,0.0,10386.93151561144,218.79141915499048
562353.0124959623,9251.401633884758,-27.23333846899068,-73.91035040299137,428.9078470610647,107.86349608358864,-89.58098480148767,82.55300546986253,0.3562573365414793,2635.9561438728615,1.0719234003517033,4.757691064724472e-5,-6.957041297736016e-8,0.45312621752551346,0.010965483373477511,0.0,10386.937018091372,218.3983131128392
562353.5124959628,9197.564314316958,-27.233338072785603,-73.91034699535255,428.7857560846203,107.49077100926446,-89.59298373017846,82.6257513489845,0.3547550498039284,2634.8551231512524,1.0711190243047464,4.3049368988542216e-5,-5.4181492150390645e-8,0.45608352047002354,0.010887556749768183,0.0,10386.942481300808,218.0092607917166
562354.0124959633,9143.91228219308,-27.233337695316138,-73.91034371588249,428.66605282631593,107.12202062484624,-89.60445592500484,82.70039790335551,0.3532692929228872,2633.8019866917275,1.070338328301876,3.8952679883997174e-5,-4.219658854976421e-8,0.459045362583567,0.010810823526268347,0.0,10386.947905847008,217.62412047454106
562354.5124959637,9090.443584655412,-27.23333733574127,-73.91034055900496,428.54865476631767,106.75713150458141,-89.61542067011497,82.77694822861811,0.35179962799871495,2632.793628314523,1.0695799226374845,3.524584229211344e-5,-3.286273623280518e-8,0.46201175106736464,0.01073524367189714,0.0,10386.953292316552,217.24275967266084
562355.0124959642,9037.156323443167,-27.23333699325539,-73.91033751937623,428.4334831970842,106.39599681894997,-89.62589672713499,82.85540150635619,0.3503456410055056,2631.8271769160533,1.0688425209433077,3.189175693636653e-5,-2.5593524733244375e-8,0.4649826917865041,0.01066077959401221,0.0,10386.95864127663,216.8650544323675
562355.5624959645,8978.75066767633,-27.233336635356864,-73.91033430526687,428.29424685314433,105.94347225188164,-89.63687844390853,82.9438919241674,0.3485681717767427,2627.8561987606945,1.1586832884926586,2.856972452355127e-5,-1.944012969471854e-8,0.46825582271892896,0.010562309976405112,0.0,10386.964481572906,216.3625352075703
562356.1624959643,8916.00441379007,-27.233336270506125,-73.9103309845807,427.292767609284,102.01116589495872,-89.64840826703978,83.04303226025127,0.3353338402651267,2454.798742321503,2.3668101030465967,2.5339072618384775e-5,-1.4401606203939625e-8,0.47179188371622993,0.009464835577290718,0.0,10386.970590659255,210.5089683411444
562356.5624959642,8876.578324222006,-27.233336051837767,-73.9103289701178,425.47889774409373,94.37047035808513,-89.65629465665705,83.11067246659206,0.31004514988120163,2110.778971241414,3.5062401828266974,2.3390912177583252e-5,-1.1791040029049331e-8,0.4740242013735036,0.007511096196200103,0.0,10386.97401497586,198.68641125019076
562357.1624959641,8825.152555771172,-27.23333578095135,-73.91032644365745,421.69072222391674,76.09898924159383,-89.6696956065198,83.2148280625703,0.24983538769523328,1381.0166749035166,4.465494403949001,2.0745878098665288e-5,-8.735019668073047e-9,0.4769481199598199,0.003950635332279624,0.0,10386.977435149025,169.2033940461729
562357.562495964,8797.391470236704,-27.23333564361161,-73.91032514569075,419.48321774156136,63.22316492516644,-89.68051179095032,83.28661158539131,0.20748280419179946,956.3870922409702,3.7277631564210623,1.915085922681493e-5,-7.151630526642769e-9,0.47853227720815045,0.002269232650588413,0.0,10386.978645518338,147.30316907833364
562358.1624959639,8763.383672160096,-27.233335487890013,-73.91032365380572,417.78466536598336,51.353885003629955,-89.69939818872689,83.39952165613613,0.16845042028011942,633.563981734049,2.4694775656262644,1.6985288473912395e-5,-5.298059641482948e-9,0.48047839784485996,0.0012185730068987161,0.0,10386.979638226467,126.09713603605887
562358.5624959638,8743.870255270042,-27.233335406524443,-73.91032286249998,417.18215641810997,46.500667539080105,-89.7128289566021,83.4794484625433,0.15248925697041052,520.6823782476962,2.0294926620992153,1.5679397466028006e-5,-4.337685145975407e-9,0.4815978069800359,0.000905762883654354,0.0,10386.980057349077,117.08357226712536
562359.1624959636,8717.528825227171,-27.233335307581633,-73.91032188485283,416.6357256166831,41.68769195183179,-89.73286408399358,83.60822602281782,0.1366556943459285,419.79146988822583,1.6362445577996996,1.3906378084839041e-5,-3.2134370649794496e-9,0.4831120869663704,0.0006536454044045423,0.0,10386.980516430192,107.91402405563373
562359.5624959635,8701.30990019627,-27.233335253329134,-73.91032133919617,416.40469718049064,39.51398791152482,-89.74555852526774,83.70105450611045,0.12950071844948413,377.884093838306,1.4728998475996453,1.2837204951799588e-5,-2.6309402248228792e-9,0.48404627466537986,0.0005571738643305975,0.0,10386.980757304447,103.69075066557468
562360.1624959634,8678.336828961037,-27.233335185335495,-73.91032064204802,416.17047976274375,37.22179835754601,-89.76296127072368,83.85243597194123,0.12194924869773424,336.23220321229496,1.3105509571445213,1.1385579452213253e-5,-1.949048985732709e-9,0.4853718643547944,0.00046636297358732524,0.0,10386.9810619382,99.17982784274443
562360.5624959633,8663.674626106396,-27.233335147232438,-73.91032024280653,416.06239995266253,36.137226581955076,-89.77327609934241,83.96232844313477,0.11837161802216559,317.4767212612978,1.2374466721065218,1.051021452396757e-5,-1.5957466329738784e-9,0.486219356936102,0.0004271449598184031,0.0,10386.981240215959,97.02555953884102
562361.1624959632,8642.369151723571,-27.23333509877722,-73.9103197228554,415.945875289233,34.956147683497036,-89.78672014115386,84.14191073914488,0.11446877972236415,297.8171891940029,1.1608186206538202,9.321724080261193e-6,-1.1821585025534012e-9,0.4874528625373225,0.00038710761674926703,0.0,10386.981483591988,94.66735945552496
562361.5624959631,8628.506216607057,-27.233335071325293,-73.9103194202428,415.8892627290453,34.38218112102043,-89.79436961432496,84.27204783465571,0.11256745167773057,288.59255237813915,1.124863240732321,8.605035890178985e-6,-9.678696964006088e-10,0.4882567626710635,0.0003686541376073547,0.0,10386.981634571297,93.51840961700545
562362.1624959629,8608.07984427642,-27.2333350361489,-73.910319020799,415.8257302700488,33.743767388991024,-89.80403921582328,84.48352796908502,0.11044578715354778,278.6502097853102,1.0861104190905944,7.631982209884791e-6,-7.170157011902581e-10,0.48944312527997524,0.00034892053508236347,0.0,10386.9818494496,92.24099241699876
562362.5624959628,8594.648100127466,-27.233335016103258,-73.91031878542351,415.79371419278726,33.427198120366675,-89.80940900692586,84.63549659559432,0.10938913204589532,273.88290080239585,1.0675286137463358,7.0452075457082174e-6,-5.870429113579344e-10,0.4902244454007733,0.0003394627426247939,0.0,10386.981987046094,91.60946847513104
562363.1624959627,8574.705450322479,-27.23333499030882,-73.91031847118678,415.75661569907845,33.06827634571915,-89.81608116354055,84.87965326882964,0.10818448427602756,268.66812048911066,1.0472026745127303,6.248538569741261e-6,-4.3489220323916226e-10,0.4913862685263627,0.0003290340859394485,0.0,10386.982187405007,90.89762940776686
562363.5624959626,8561.515796015039,-27.23333497556022,-73.91031828394071,415.73731286756555,32.88650522216159,-89.81973974699129,85.05274962805267,0.10757003258175941,266.13873688934257,1.0373437553907903,5.768128104933635e-6,-3.560596855725494e-10,0.4921558347270757,0.00032389123827276424,0.0,10386.98231795014,90.54034278211839
562364.1624959625,8541.85036381986,-27.233334956533422,-73.91031803122698,415.71424416536024,32.67563154884587,-89.82425075819678,85.32648028663742,0.10685099558637473,263.35008526967226,1.0264742728891572,5.115870711409005e-6,-2.6377557440409157e-10,0.49330495570612765,0.0003180712514817701,0.0,10386.98251044196,90.13084419483572
562364.5624959624,8528.802759890445,-27.233334945630816,-73.91031787896506,415.70184367460337,32.565900635766596,-89.82671332448285,85.51719863391499,0.106472821373871,261.9891857915814,1.0211698193104994,4.722543888035409e-6,-2.159612138008133e-10,0.49406850936703356,0.00031512116606589576,0.0,10386.98263705972,89.92112426030387
562365.1624959622,8509.304336417466,-27.233334931540227,-73.91031767118375,415.68652977297506,32.43463410822384,-89.8297460250166,85.8130857432104,0.10601487253776629,260.4824818047051,1.015297055389408,4.18852069867854e-6,-1.5998804562137747e-10,0.4952112595353086,0.00031168576786150975,0.0,10386.982825050838,89.67503966171424
562365.5624959621,8496.345026627183,-27.233334923452535,-73.91031754456677,415.6780068541475,32.36382691503832,-89.83140325321189,86.01512508029155,0.10576436167418761,259.74476791315976,1.0124216269282826,3.866491930951521e-6,-1.309871568058146e-10,0.4959718915308904,0.00030988663723627817,0.0,10386.982949354313,89.54535173783515
562366.162495962,8476.954109151848,-27.23333491298346,-73.91031736981046,415.667110227073,32.27571947268158,-89.83345009374287,86.32198240553944,0.10544798682556207,258.9261108789752,1.0092307018786486,3.4292707210395284e-6,-9.70376988073044e-11,0.49711169411151207,0.0003077155857054089,0.0,10386.983134607714,89.38810034252296
562366.5624959619,8464.053959953599,-27.233334906964668,-73.91031726208162,415.66082592413926,32.22607421870936,-89.834573356071,86.5269899013804,0.10526691140879721,258.52450254147436,1.007665330727163,3.1656158643625366e-6,-7.944776261489251e-11,0.49787108097009164,0.00030653168102677623,0.0,10386.983257451244,89.30199809160067
562367.1624959618,8444.738211136311,-27.233334899160553,-73.91031711168905,415.65251136383836,32.16148316552077,-89.83596782247828,86.83151176774915,0.10502773061470579,258.07813590441685,1.0059255026623786,2.8076494123305073e-6,-5.885636613188883e-11,0.4990097964880807,0.00030504046133041443,0.0,10386.983440908145,89.19318998202826
562367.5624959617,8431.881351574324,-27.23333489466556,-73.91031701791385,415.64755238294083,32.12339270886848,-89.8367375402402,87.03047332804924,0.10488460984959037,257.8588268406212,1.005070689528116,2.5917870720184408e-6,-4.818752569665763e-11,0.4997688506385838,0.0003041890108265793,0.0,10386.983562750822,89.13088414228467
562368.1624959615,8412.623118973337,-27.23333488882543,-73.91031688553971,415.6407855623183,32.07166816001555,-89.83769885978414,87.31957877666792,0.10468773285557088,257.6146942787601,1.0041191204649493,2.298708927876732e-6,-3.569820674673911e-11,0.5009074923453547,0.00030306663050322846,0.0,10386.983744919482,89.04855254515876
562368.5624959614,8399.800866832025,-27.2333348854539,-73.91031680209478,415.6366314845586,32.039914632948744,-89.8382328176303,87.504424292919,0.1045654761026223,257.4945185284685,1.0036507047597745,2.1219757906522253e-6,-2.922722498834439e-11,0.501666710824802,0.00030239624925260886,0.0,10386.983866010298,88.99926795220783
562369.1624959613,8380.590471449308,-27.233334881062117,-73.91031668307323,415.6308170259384,31.99526622242966,-89.83890372799937,87.76749683491828,0.10439194091217303,257.3604254191151,1.0031280425902063,1.8820236999298728e-6,-2.165206669533868e-11,0.5028058305787736,0.0003014755142088194,0.0,10386.984047167414,88.93144429697757
562369.5624959612,8367.798052540049,-27.233334878519234,-73.91031660729172,415.627165169827,31.967010658954415,-89.83927862597109,87.93236053635756,0.10428125313435789,257.29420840470374,1.0028699448506473,1.737326844757909e-6,-1.7727216082782884e-11,0.5035654839492915,0.000300904555248947,0.0,10386.984167642458,88.88930795092341
562370.1624959611,8348.630153038539,-27.23333487519587,-73.91031649818528,415.62195329175415,31.926286817688386,-89.83975232108426,88.16263837709886,0.10412074307832606,257.22001664415507,1.0025807634995738,1.5408706879515234e-6,-1.3132648244921115e-11,0.5047053818880944,0.0003000951027474892,0.0,10386.984347939904,88.82946807104983
562370.562495961,8335.864920103922,-27.233334873264287,-73.91031642810103,415.6186239327147,31.899983786038625,-89.84001845808379,88.30440656107162,0.10401656617342517,257.1831718734459,1.0024371515877541,1.4224029222259623e-6,-1.0752104935415472e-11,0.5054656171087532,0.0002995793706911595,0.0,10386.984467874256,88.79127871239942
562371.1624959608,8316.736536322162,-27.233334870729145,-73.91031632637676,415.61380473532927,31.861468925882928,-89.84035640147344,88.49923356850026,0.10386346704308837,257.14158299730985,1.002275048312381,1.2615582243075206e-6,-7.965357411445565e-12,0.506606455974473,0.00029883224041262125,0.0,10386.98464739635,88.73586703254644
562371.5624959607,8303.996999913827,-27.233334869248587,-73.91031626054001,415.61068880268493,31.836277241210063,-89.84054717425869,88.61736880105997,0.10376304859548531,257.1207218836322,1.0021937367894627,1.1645650208316944e-6,-6.521484253495783e-12,0.5073673525438294,0.0002983477732747097,0.0,10386.98476683204,88.69988047720773
562372.1624959606,8284.906436878256,-27.233334867295024,-73.91031616432926,415.6061334678406,31.799037706063697,-89.8407904686399,88.777525653044,0.10361430563730502,257.09687124268976,1.0021007728198699,1.0328765195954038e-6,-4.831235673780274e-12,0.5085092201080451,0.0002976364092723058,0.0,10386.984945626482,88.64696035853181
562372.5624959605,8272.191737642512,-27.233334866147285,-73.91031610167184,415.6031632284482,31.77449966024739,-89.84092838202098,88.87342825925427,0.1035161481545754,257.0847047463462,1.0020533507904632,9.534652007198831e-7,-3.955481938100156e-12,0.5092708207270592,0.0002971702065871057,0.0,10386.985064587618,88.61222691628974
562373.1624959604,8253.137999702245,-27.233334864622943,-73.91031600959724,415.5987908250358,31.73802750029795,-89.84110493407253,89.00201968693509,0.10337009942657563,257.07050202420606,1.00199799205053,8.456477744553627e-7,-2.9302938876375182e-12,0.5104137638824052,0.0002964801983020129,0.0,10386.985242682242,88.56074423027175
562373.5624959603,8240.44762109872,-27.23333486372086,-73.91031594933139,415.59592320936275,31.713894102917404,-89.84120538443831,89.07825219565152,0.10327338813601218,257.06306444470863,1.001969002183301,7.806312852626812e-7,-2.3991221560106898e-12,0.511176091196768,0.0002960252039511768,0.0,10386.985361183202,88.52674714656503
562374.1624959601,8221.430093027651,-27.233334862513413,-73.9103158603778,415.5916816734474,31.67791298955349,-89.84133442331542,89.17958765010599,0.10312912916929105,257.0541098183806,1.001934099238274,6.923578422727953e-7,-1.7773138898039026e-12,0.5123201345689075,0.0002953487277889649,0.0,10386.985538595052,88.47612846499567
562374.56249596,8208.763705001213,-27.23333486179277,-73.9103158019234,415.58888864490893,31.65404876315007,-89.84140809406601,89.23919663390983,0.10303342043778617,257.0492454669634,1.0019151391852368,6.391268428787639e-7,-1.4551418030809976e-12,0.5130832003066623,0.00029490110930534,0.0,10386.985656644938,88.44258669324941
562375.1624959599,8189.781978567131,-27.23333486081946,-73.91031571534275,415.58474370355697,31.618408280880978,-89.84150304790451,89.31791459333323,0.10289045835952976,257.04314841011,1.0018913743476674,5.668546601040498e-7,-1.0779958543464133e-12,0.5142283564061825,0.00029423391310425093,0.0,10386.985833385208,88.39252017440344
562375.5624959598,8177.139352575876,-27.23333486023293,-73.91031565827126,415.582006599373,31.594739425234057,-89.84155744487205,89.36395089526657,0.1027955101266757,257.0396866540737,1.001877881268648,5.232728036908257e-7,-8.825885175412395e-13,0.5149921663590374,0.00029379158535957104,0.0,10386.985950990247,88.35928086779515
562376.1624959597,8158.193132297136,-27.233334859432826,-73.91031557351248,415.577935201419,31.559357539866188,-89.84162779883997,89.42445463095484,0.10265357550214117,257.0351496625527,1.0018601971844836,4.6410134480006824e-7,-6.538378328412599e-13,0.516138441114139,0.0002931313521300063,0.0,10386.986127066943,88.30959687080515
562376.5624959596,8145.574095156044,-27.2333348589456,-73.91031551750928,415.5752413420012,31.535843733187587,-89.8416682505873,89.45969360394068,0.10255925507742762,257.0324554543188,1.0018496958192187,4.2841953852092763e-7,-5.353172382556337e-13,0.5169029978511136,0.0002926931764040933,0.0,10386.986244231797,88.27657683468158
562377.1624959594,8126.663147153333,-27.233334858273828,-73.91031543416658,415.5712276812315,31.50067550925775,-89.84172076797068,89.50585708273292,0.10241819964689208,257.02877500923177,1.0018353503437247,3.799740452088646e-7,-3.965728717145671e-13,0.518050393618894,0.0002920386368654082,0.0,10386.986419651184,88.22718293643946
562377.5624959593,8114.067555995658,-27.233334857860267,-73.91031537899968,415.5685682946286,31.47729458328394,-89.8417510893121,89.53267337367559,0.1023244336240308,257.0265041971699,1.001826499273266,3.5076025295388876e-7,-3.2468646473213263e-13,0.5188156979625342,0.0002916039866006674,0.0,10386.986536379665,88.19433677748164
562378.1624959592,8095.191680241376,-27.233334857283836,-73.91031529677419,415.5646013480573,31.442315192141677,-89.84179062879343,89.56773755684391,0.10218417478122248,257.02329922084124,1.0018140070587933,3.110964375562979e-7,-2.4053371444799955e-13,0.5199642151672773,0.000290954438217859,0.0,10386.986711147048,88.14518243984243
562378.5624959591,8082.619408955798,-27.233334856925083,-73.91031524227317,415.5619702699391,31.41905481267069,-89.84181356878057,89.58808003462701,0.10209092186035333,257.02126547375,1.0018060800096542,2.87178207317606e-7,-1.969323848486042e-13,0.520730266995401,0.0002905229637889277,0.0,10386.986827442488,88.11248525791503
562379.162495959,8063.778424248099,-27.233334856419724,-73.91031516094482,415.558042238014,31.384250313086465,-89.84184364096451,89.61466329986202,0.10195141254142279,257.01832972610555,1.0017946371827964,2.54704221723936e-7,-1.4589113858447162e-13,0.5218799050179148,0.0002898780103614266,0.0,10386.987001562646,88.06354263809646
562379.5624959589,8051.229356114753,-27.23333485610192,-73.91031510698306,415.5554350781037,31.361103468644316,-89.84186119064248,89.63008517775641,0.10185864879819935,257.01643223821185,1.001787241238709,2.3512163098193347e-7,-1.1944558340044857e-13,0.5226467037000091,0.00028944951178016404,0.0,10386.987117428112,88.03098063154343
562380.1624959587,8032.423091948032,-27.233334855649804,-73.91031502638972,415.55154037311416,31.326465810269365,-89.84188434310767,89.65025099691262,0.10171986117004005,257.01365417238947,1.0017764130170583,2.0853418018409787e-7,-8.848748860973038e-14,0.5237974613598496,0.0002888089225932582,0.0,10386.987290905514,87.98223417204804
562380.5624959586,8019.897115677595,-27.23333485536277,-73.91031497287497,415.54895396835633,31.303428368581777,-89.84189794984576,89.66196435349732,0.10162757208031464,257.0118384314628,1.0017693357026707,1.925013108479535e-7,-7.244744131261983e-14,0.5245650059922208,0.0002883832806965925,0.0,10386.987406343918,87.94979954420039
562381.1624959585,8001.125407842919,-27.2333348549508,-73.91031489289722,415.5450885436663,31.26895268714481,-89.84191603722014,89.67730990487686,0.10148948871434976,257.00915772785334,1.0017588869751317,1.7073334713779152e-7,-5.367039915123796e-14,0.5257168818090867,0.00028774691442439235,0.0,10386.98757918285,87.90124033209796
562381.5624959584,7988.622415413149,-27.233334854687048,-73.91031483976111,415.54252059179527,31.246022073143298,-89.8419267560265,89.68624620618435,0.10139766484122259,257.0073942511245,1.0017520133738143,1.5760674389430303e-7,-4.394161427592629e-14,0.5264851713434835,0.0002873240537180998,0.0,10386.987694197009,87.86892853302112
562382.1624959583,7969.88510360755,-27.233334854305607,-73.91031476031087,415.538681488014,31.211705227912933,-89.8419411315472,89.69799156663944,0.10126027394292908,257.0047782712881,1.001741816923725,1.3978464249428833e-7,-3.2552757348076146e-14,0.5276381636793565,0.00028669181735551183,0.0,10386.987866401645,87.82055124706581
562382.5624959582,7957.404989112169,-27.23333485405966,-73.91031470750337,415.53613029732605,31.188879709326347,-89.84194973286831,89.70485859468945,0.1011689086070204,257.00305109258755,1.0017350848032516,1.2903748868798162e-7,-2.6651948366849308e-14,0.5284071969913492,0.00028627168597267894,0.0,10386.987980994309,87.78835948159116
562383.162495958,7938.701915662736,-27.233334853701663,-73.91031462851514,415.53231532981863,31.154719493201934,-89.8419613854341,89.71392674242033,0.10103220144048923,257.0004821384883,1.001725071647993,1.1444598612294709e-7,-1.974425433238617e-14,0.5295613041262048,0.00028564351269608744,0.0,10386.988152568747,87.74016074185229
562383.562495958,7926.24457467068,-27.233334853469483,-73.91031457599861,415.5297796455212,31.13199779492959,-89.84196843265094,89.7192578200719,0.10094128946285318,256.9987825831922,1.0017184471967993,1.0564696075484907e-7,-1.6165231147148783e-14,0.5303310800531646,0.00028522607159931553,0.0,10386.988266742628,87.70808716354074
562384.1624959578,7907.575583832338,-27.233334853129772,-73.91031449742503,415.5259871860517,31.097992508286406,-89.84197808571602,89.72634192584844,0.10080525896184078,256.99625101187723,1.0017085797504979,9.370044881853874e-8,-1.197550102971505e-14,0.5314863002264492,0.00028460190884439996,0.0,10386.988437690901,87.66006464027457
562384.5624959577,7895.140913054347,-27.233334852908406,-73.91031444517142,415.5234660681447,31.07537360446604,-89.84198399109177,89.73053640144644,0.10071479598638815,256.99457433420946,1.0017020444707083,8.649641612078404e-8,-9.804712752850077e-15,0.5322568175871203,0.00028418712601372754,0.0,10386.988551448672,87.62810791641769
562385.1624959576,7876.505850625224,-27.23333485258317,-73.91031436697637,415.519694890467,31.04152182548588,-89.84199217422187,89.73615420754199,0.1005794360059864,256.9920748411309,1.001692302057533,7.67154393633662e-8,-7.263511829741218e-15,0.5334131490202136,0.0002835669290613934,0.0,10386.988721774771,87.58025984943302
562385.5624959575,7864.093747720122,-27.233334852370447,-73.91031431496555,415.51718762695026,31.019004827489734,-89.84199723960148,89.73950969133088,0.10048941813457779,256.99041841041293,1.0016858456954054,7.081727622151619e-8,-5.946861587738988e-15,0.5341844066259315,0.00028315477636901436,0.0,10386.988835119078,87.54841892658291
562386.1624959573,7845.492460836656,-27.233334852056892,-73.91031423712242,415.5134367965905,30.985305288505945,-89.84200434056056,89.74404630248002,0.10035472304839062,256.98794802538634,1.0016762167383033,6.280928971975119e-8,-4.405544617288215e-15,0.5353418475338049,0.0002825385048974195,0.0,10386.989004826946,87.50074386629055
562386.5624959572,7833.102824307978,-27.233334851851232,-73.91031418533903,415.51094284126805,30.96288938466238,-89.84200878700597,89.74678377946444,0.10026514664447186,256.9863103486233,1.0016698334745089,5.798028214754507e-8,-3.6069555156978324e-15,0.5361138441942743,0.0002821289564281382,0.0,10386.989117760404,87.46901784400006
562387.1624959571,7814.535161326639,-27.233334851547305,-73.91031410782784,415.5072116362839,30.92934090563491,-89.84201508976336,89.75052472468694,0.10013111112788553,256.98386735675115,1.0016603112892282,5.1423897299394146e-8,-2.672099093367713e-15,0.5372723927919474,0.0002815165726602495,0.0,10386.989286853946,87.42151451205108
562387.562495957,7802.167890471406,-27.23333485134752,-73.91031405626079,415.5047305639179,30.907025328809926,-89.84201907914158,89.75280781981965,0.1000419727108665,256.9822475524201,1.0016539976878058,4.7470240275741555e-8,-2.187730099359771e-15,0.5380451273178651,0.0002811096038090974,0.0,10386.989399379148,87.38990257494798
562388.1624959569,7783.633700900711,-27.233334851051744,-73.9103139790665,415.5010184176193,30.87362678154974,-89.8420247916669,89.75596426910207,0.09990859162444415,256.9798309136804,1.001644578220595,4.21023263478661e-8,-1.6207107599721853e-15,0.5392047818238279,0.0002805010715173429,0.0,10386.989567862234,87.34256978929426
562388.5624959568,7771.288695760071,-27.23333485085698,-73.91031392770623,415.4985498914416,30.851410791709892,-89.84202844251837,89.7579138658673,0.09981988781281778,256.97822842937677,1.0016383321284066,3.886534574119949e-8,-1.3269259814308355e-15,0.5399782530294389,0.00028009665850475547,0.0,10386.989679981747,87.31107117058598
562389.1624959566,7752.787830219604,-27.233334850568227,-73.91031385081739,415.49485635082283,30.81816108063367,-89.84203371707645,89.76064168283405,0.09968715613949655,256.97583746677776,1.0016290127405174,3.4470469509184874e-8,-9.830112116759557e-16,0.5411390116674475,0.00027949194247558156,0.0,10386.989847858213,87.2639078052047
562389.5624959565,7740.464991569519,-27.233334850377855,-73.91031379965759,415.49240009892117,30.79604395546471,-89.84203711619016,89.76234692777817,0.09959888362020904,256.9742519270616,1.0016228326941898,3.1820253927698854e-8,-8.048216554279053e-16,0.5419132183706306,0.0002790900620860504,0.0,10386.989959574581,87.23252176704949
562390.1624959564,7721.997301759198,-27.233334850095325,-73.91031372306537,415.48872479440826,30.76294200722966,-89.84204206424207,89.76476096784407,0.09946679643138304,256.9718861594584,1.001613611510237,2.8222033584703975e-8,-5.962267087664765e-16,0.543075079370897,0.0002784891278311619,0.0,10386.990126848224,87.18552673031108
562390.5624959563,7709.696531091817,-27.23333484990889,-73.91031367210086,415.48628059252155,30.74092303707363,-89.84204527514508,89.76628750605892,0.09937895194322909,256.9703172845391,1.001607496419215,2.6052220576283105e-8,-4.88149230710859e-16,0.5438500203938481,0.0002780897572719792,0.0,10386.99023816397,87.15425255327774
562391.1624959562,7691.261869780719,-27.233334849631976,-73.91031359579836,415.48262321591073,30.707967794974458,-89.84204997829279,89.7684722914658,0.09924750438033682,256.9679763367412,1.0015983719767971,2.310624691212665e-8,-3.6162994279630743e-16,0.5450129819930248,0.00027749257087141265,0.0,10386.990404838556,87.10742477630241
562391.5624959561,7678.983069294132,-27.23333484944913,-73.91031354502546,415.48019087487285,30.68604628008615,-89.84205304747205,89.76986840194857,0.09916008470490373,256.966423898871,1.001592320953376,2.132975426586709e-8,-2.960776090411114e-16,0.5457886561624248,0.00027709568769558623,0.0,10386.990515756175,87.0762617536982
562392.1624959559,7660.58129029721,-27.233334849177382,-73.91031346900718,415.4765511632205,30.653236701002797,-89.84205756541378,89.7718860605925,0.09902927196928756,256.9641074538867,1.0015832920169374,1.8917795018624364e-8,-2.193397471197178e-16,0.5469527166043627,0.00027650221571164904,0.0,10386.990681835437,87.02960018409506
562392.5624959558,7648.32436288055,-27.233334848997863,-73.91031341842181,415.4741305197866,30.631411950044285,-89.84206052690048,89.77318721190093,0.0989422739259157,256.9625712541848,1.0015773042859277,1.7463325850098598e-8,-1.7958022887354546e-16,0.5477291227518521,0.0002761077977751695,0.0,10386.990792357408,86.99854761890548
562393.1624959557,7629.955321055837,-27.233334848730973,-73.91031334268328,415.4705082436337,30.598747002754777,-89.84206490332011,89.77508336528602,0.0988120912731442,256.9602790272435,1.001568369745502,1.548858063049886e-8,-1.330363417767103e-16,0.5488942802870843,0.00027551800720382053,0.0,10386.990957845039,86.95205121735997
562393.5624959556,7617.720170286484,-27.233334848554605,-73.91031329228312,415.4680991537728,30.57701833195603,-89.84206778199528,89.77631559030426,0.09872551171606805,256.9587588830883,1.0015624445950897,1.4297761987569927e-8,-1.0892096402263599e-16,0.5496714172489805,0.00027512603264115074,0.0,10386.991067973817,86.92110842057576
562394.1624959555,7599.383721507154,-27.233334848292312,-73.91031321682067,415.46449410853313,30.5444969961794,-89.84207204886415,89.7781237074956,0.09859595445259721,256.95649060839315,1.0015536034146661,1.2680977339657675e-8,-8.069065669009625e-17,0.5508376701358046,0.00027453989088396525,0.0,10386.991232873483,86.87477615900629
562394.5624959554,7587.1702516442165,-27.233334848118947,-73.91031316660347,415.4620964425214,30.52286372885078,-89.84207486293941,89.77930609674165,0.09850979026922514,256.9549863467018,1.001547740170216,1.1706017491052276e-8,-6.606393408694476e-17,0.5516155367530601,0.00027415033809331926,0.0,10386.991342611496,86.84394244869637
562395.1624959552,7568.866252809763,-27.23333484786108,-73.91031309141395,415.45850844218126,30.490484994684568,-89.84207904363117,89.78105071203422,0.09838085375039511,256.9527417694953,1.0015389913568118,1.0382306172862796e-8,-4.894137940148023e-17,0.5527828832561484,0.00027356781293973214,0.0,10386.991506926834,86.79777330919231
562395.5624959551,7556.674368786626,-27.233334847690596,-73.91031304137819,415.4561220810118,30.468946460923984,-89.84208180644255,89.78219725347022,0.09829510186022142,256.95125322322536,1.0015331893672341,9.584076558272028e-9,-4.006981967343918e-17,0.5535614783743714,0.00027318066057374743,0.0,10386.991616276497,86.7670480099873
562396.162495955,7538.402677793987,-27.233334847437007,-73.91031296645848,415.45255095351877,30.436709328486515,-89.84208591808054,89.7838963368309,0.09816678148886679,256.9490320964019,1.001524531957692,8.500313389092043e-9,-2.968446058034896e-17,0.5547299167659367,0.00027260172018960736,0.0,10386.991780011103,86.72104098422804
562396.5624959549,7526.232285209,-27.23333484726934,-73.91031291660201,415.45017578627363,30.415264864982756,-89.84208863937981,89.78501727205665,0.09808143884269496,256.94755910267946,1.0015187905881433,7.84677825272602e-9,-2.4303585168707396e-17,0.5555092392355412,0.0002722169471487174,0.0,10386.991888974806,86.69042342700814
562397.1624959548,7507.992760952562,-27.233334847019922,-73.9103128419505,415.44662137016155,30.38316834416846,-89.84209269449502,89.7866839752241,0.09795373006816313,256.94536118438185,1.001510223639763,6.959468013150869e-9,-1.800454361365304e-17,0.5566787677946722,0.0002716415600675211,0.0,10386.992052132251,86.64457751588243
562397.5624959547,7495.843766067177,-27.23333484685501,-73.91031279227141,415.44425729208865,30.361817294063833,-89.84209538143216,89.7877867969764,0.09786879364753354,256.9439035833731,1.0015045422672508,6.424398696430613e-9,-1.4740876222214294e-17,0.5574588164705523,0.0002712591454948596,0.0,10386.99216071236,86.61406703757986
562398.1624959545,7477.636268425733,-27.233334846609676,-73.91031271788549,415.4407194340064,30.329860404360794,-89.84209938922483,89.78943073847813,0.09774169196489027,256.9417286359839,1.0014960648538578,5.6979305125647355e-9,-1.0920312661855477e-17,0.5586294334833877,0.00027068728061093605,0.0,10386.992323296181,86.56838125095133
562398.5624959545,7465.508578147739,-27.233334846447473,-73.91031266838274,415.43836634510996,30.308602117139802,-89.8421020470444,89.79052092457948,0.09765715878157422,256.9402862706248,1.0014904428661842,5.259852806004922e-9,-8.94079742927902e-18,0.5594102072255586,0.0002703072038882157,0.0,10386.992431495048,86.53797719442517
562399.1624959543,7447.332967978902,-27.23333484620616,-73.91031259426039,415.43484489801114,30.276783887475375,-89.84210601425339,89.79214913307581,0.09753065973091316,256.9381340599764,1.0014820540750502,4.665070960117424e-9,-6.62350744299067e-18,0.5605819109849941,0.00026973883045060287,0.0,10386.992593508754,86.49245055094585
562399.5624959542,7435.226489867084,-27.233334846046613,-73.91031254493272,415.43250270202003,30.255617718870965,-89.84210864681135,89.79323068477792,0.09744652682649425,256.93670677534203,1.0014764908683562,4.306403267936821e-9,-5.422870219270757e-18,0.5613634086578607,0.0002693610711941625,0.0,10386.992701328702,86.46215226486594
562400.1624959541,7417.082628991455,-27.233334845809267,-73.91031247107202,415.4289975238365,30.22393718748285,-89.84211257841078,89.7948482931296,0.09732062599231805,256.9345770706301,1.0014681897998623,3.8194370771880574e-9,-4.017362158557343e-18,0.5625361974639197,0.0002687961588013715,0.0,10386.992862775769,86.41678379185431
562400.562495954,7404.997271252796,-27.233334845652344,-73.91031242191859,415.42666612744733,30.202862499392406,-89.84211518853643,89.79592413108527,0.09723689043779726,256.9331647136709,1.001462684777598,3.525784806168887e-9,-3.2891385413510122e-18,0.5633184179360219,0.00026842069685863347,0.0,10386.99297021911,86.38659063061387
562401.1624959538,7386.8850224474445,-27.23333484541893,-73.91031234831773,415.4231770801163,30.17131871370449,-89.84211908818546,89.79753488400335,0.09711158344842942,256.9310572871477,1.0014544705440396,3.1270906083348534e-9,-2.4366544239469125e-18,0.5644922900956385,0.00026785921545343885,0.0,10386.993131102981,86.34137936392965
562401.5624959538,7374.820693916641,-27.23333484526462,-73.91031229933652,415.4208563924383,30.15033487411066,-89.84212167799757,89.79860713809478,0.09702824234382416,256.9296597070161,1.0014490231182378,2.8866684622796805e-9,-1.9949642729335823e-18,0.5652752322405543,0.0002674860308997958,0.0,10386.993238172,86.31129068758872
562402.1624959536,7356.739920908585,-27.233334845035085,-73.91031222599378,415.41738334118725,30.118926890615224,-89.8421255484118,89.80021376496467,0.0969035248708444,256.92757433376363,1.001440894842939,2.560245259999231e-9,-1.4779062846233833e-18,0.5664501860673584,0.0002669279507642344,0.0,10386.993398496092,86.26623567151873
562402.5624959535,7344.696531048045,-27.233334844883355,-73.9103121771841,415.4150732733333,30.098033273508296,-89.84212811945697,89.80128398712891,0.09682057534482177,256.9261913815401,1.0014355044331478,2.363404254434519e-9,-1.2100075446036644e-18,0.5672338487632819,0.0002665570238996841,0.0,10386.993505193057,86.2362508457241
562403.1624959534,7326.647098504938,-27.233334844657676,-73.91031210409776,415.411616086154,30.066760157655008,-89.84213196266447,89.80288847589114,0.09669644310252228,256.9241278394194,1.0014274612502654,2.096151539030374e-9,-8.963958798028063e-19,0.5684098825775773,0.0002660023156503192,0.0,10386.993664960759,86.1913511328845
562403.5624959533,7314.624557403848,-27.233334844508505,-73.91031205545848,415.4093165509403,30.045956142960463,-89.84213451612477,89.80395779557958,0.09661388231204945,256.9227593679414,1.0014221272828816,1.934991753596817e-9,-7.339070066878002e-19,0.5691942647069634,0.0002656336269962795,0.0,10386.993771287916,86.16146952880047
562404.1624959531,7296.606330922805,-27.233334844286656,-73.91031198262692,415.4058750982008,30.014816969046827,-89.84213833363908,89.80556159222378,0.0964903310568963,256.9207174375955,1.0014141683374158,1.7161837356866058e-9,-5.436918305900639e-19,0.5703713768358286,0.00026508226157956636,0.0,10386.993930502584,86.11672418004217
562404.562495953,7284.604549284093,-27.23333484414003,-73.91031193415739,415.4035860099241,29.99410194255212,-89.84214087038977,89.80663083038638,0.09640815618687446,256.91936330161406,1.001408890246294,1.584237262610641e-9,-4.451373025462173e-19,0.5711564772858297,0.0002647157918758788,0.0,10386.994036462163,86.0869451742934
562405.1624959529,7266.617395380512,-27.233334843921966,-73.91031186157903,415.40016016408094,29.963095793614958,-89.84214466337838,89.80823498515399,0.09628518171697505,256.9173427664666,1.0014010146940833,1.4050924085372412e-9,-3.297659140461495e-19,0.5723346660632339,0.0002641677405635945,0.0,10386.994195127123,86.04235325860779
562405.5624959528,7254.636284524575,-27.233334843777858,-73.91031181327735,415.39788143835347,29.942469146899164,-89.84214718409625,89.80930473784386,0.09620338997990614,256.91600282234083,1.0013957919193466,1.2970637727932203e-9,-2.699895440600599e-19,0.5731204837250446,0.00026380347076537136,0.0,10386.994300721337,86.01267623320629
562406.1624959527,7236.680070629343,-27.233334843563572,-73.91031174095062,415.394471073738,29.911595114610844,-89.84215095345441,89.81091001250518,0.09608098813450554,256.91400346840453,1.0013879989263201,1.150392370860641e-9,-2.0001322798739101e-19,0.5742997474914185,0.0002632587051500777,0.0,10386.99445883989,85.96823682762886
562406.5624959526,7224.719542476349,-27.233334843421968,-73.91031169281617,415.3922026273644,29.891056244974965,-89.84215345865013,89.81198071134008,0.09599957677013526,256.912677574426,1.0013828309156239,1.0619460041737832e-9,-1.637570104432904e-19,0.5750862812610313,0.00026289661642491695,0.0,10386.994564070927,85.93866116992758
562407.1624959524,7206.794136921875,-27.233334843211445,-73.9103116207395,415.38880762002213,29.86031342953874,-89.84215720506081,89.8135876572676,0.0958777434290977,256.9106991904024,1.0013751196581924,9.418616162847841e-10,-1.2131421006822877e-19,0.5762666183635767,0.0002623551084156028,0.0,10386.994721646346,85.89437335945146
562407.5624959524,7194.854103993624,-27.23333484307233,-73.91031157277125,415.38654937090627,29.839861739936595,-89.84215969516204,89.8146596144795,0.09579670970408734,256.9093872065363,1.0013700058657147,8.694478555607988e-10,-9.932369256254811e-20,0.5770538671412591,0.0002619951821405423,0.0,10386.994826516377,85.86489846207374
562408.1624959522,7176.9593760101125,-27.233334842865535,-73.91031150094315,415.3831695984753,29.809249249984347,-89.84216341917903,89.81626862974106,0.09567544078740145,256.90742958363563,1.0013623755300667,7.711310737978198e-10,-7.3580821191517e-20,0.578235275933598,0.00026145690395821094,0.0,10386.994983551906,85.82076133955415
562408.5624959521,7165.039751423523,-27.2333348427289,-73.91031145314051,415.3809214655501,29.78888414895598,-89.84216589450958,89.81734207055257,0.09559478199499857,256.9061313715369,1.001357315416573,7.118437006855249e-10,-6.024289206034281e-20,0.5790232386239205,0.0002610991217168991,0.0,10386.995088063084,85.79138660033757
562409.162495952,7147.175571128726,-27.233334842525807,-73.91031138155905,415.37755680716907,29.75840110144822,-89.84216959657822,89.81895344149619,0.09547407346228381,256.90419430350323,1.001349765198773,6.313487275574257e-10,-4.462904423293045e-20,0.5802057174661726,0.0002605640458903442,0.0,10386.995244561938,85.74739926640713
562409.5624959519,7135.27626858931,-27.23333484239164,-73.9103113339206,415.3753187103418,29.73812200305236,-89.84217205741345,89.82002852714112,0.09539378692199192,256.90290972650496,1.0013447582315684,5.828083317070523e-10,-3.6539177613726557e-20,0.580994392978048,0.00026020838947020825,0.0,10386.995348716398,85.71812408834435
562410.1624959518,7117.44250697922,-27.23333484219223,-73.9103112625851,415.3719690465775,29.707767523179356,-89.84217573790758,89.82164245906665,0.09527363477201252,256.9009930096137,1.0013372873375483,5.169046214481669e-10,-2.7068895901021668e-20,0.5821779402368584,0.00025967648883183815,0.0,10386.995504681767,85.67428565132785
562410.5624959517,7105.563440770842,-27.233334842060522,-73.91031121510946,415.3697409066877,29.68757384692852,-89.84217818447215,89.82271930521878,0.09519371782926567,256.8997219328522,1.0013323329909671,4.771631064235734e-10,-2.216214154111542e-20,0.5829673274838281,0.00025932294022139725,0.0,10386.995608481624,85.64510944251629
562411.1624959515,7087.759969711304,-27.23333484186478,-73.91031114401805,415.3664061194785,29.65734706801075,-89.84218184372182,89.82433594433863,0.09507411809944588,256.89782536584784,1.0013249406362816,4.232057118546578e-10,-1.641812272465587e-20,0.5841519415323423,0.00025879418790305994,0.0,10386.995763916668,85.60141901834126
562411.5624959514,7075.901054704562,-27.233334841735516,-73.91031109670465,415.36418785826413,29.637238238806063,-89.84218427621497,89.82541463285295,0.09499456812530822,256.8965676558256,1.0013200383899836,3.9066811118657747e-10,-1.3442024417755941e-20,0.5849420394316348,0.000258442729288976,0.0,10386.995867364025,85.57234119190834
562412.1624959513,7058.127746922895,-27.233334841543428,-73.91031102585585,415.3608678308744,29.607138302201097,-89.84218791448099,89.82703408206721,0.09487551689127081,256.8946910399476,1.0013127237999129,3.464915327021648e-10,-9.958099317663254e-21,0.5861277186494761,0.00025791709871798304,0.0,10386.99602227188,85.5287979040276
562412.5624959512,7046.288898554631,-27.23333484141658,-73.91031097870372,415.35865937094445,29.58711375026867,-89.842190333072,89.82811467050587,0.09479633128210554,256.89344656495405,1.0013078731405223,3.1985199828632026e-10,-8.153003630643399e-21,0.586918526122983,0.0002575677124826009,0.0,10386.996125368814,85.49981787809341
562413.162495951,7028.545627637766,-27.23333484122812,-73.91031090809614,415.3553539879277,29.55713980527394,-89.84219395062219,89.82973700218663,0.0946778246572076,256.89158970368237,1.001300635549079,2.8368327475581536e-10,-6.039895284223116e-21,0.5881052688958053,0.0002570451773775791,0.0,10386.99627975259,85.45642085738916
562413.562495951,7016.726761913858,-27.233334841103684,-73.9103108611047,415.3531552527393,29.537198966102938,-89.84219635546418,89.83081953037006,0.09459900083438273,256.89035833354853,1.0012958359692288,2.618726685856698e-10,-4.94504891045135e-21,0.5888967848695177,0.00025669784609618656,0.0,10386.996382501167,85.42753805500331
562414.1624959508,6999.013402289711,-27.233334840918832,-73.91031079073689,415.34986439990604,29.507350169862313,-89.84219995250866,89.83244479369807,0.09448103496924473,256.88852103288394,1.0012886746202518,2.3226022220103916e-10,-3.6633833305592125e-21,0.5900845895896802,0.00025617838046330515,0.0,10386.996536363942,85.38428643971811
562414.5624959507,6987.21443577949,-27.23333484079679,-73.91031074390443,415.3476753137456,29.48749248414217,-89.84220234375486,89.83352928855722,0.09440257037882707,256.8873026389559,1.0012839256184805,2.1440320810749496e-10,-2.9993251364253746e-21,0.5908768129936878,0.0002558330869015148,0.0,10386.996638766208,85.35550028880375
562415.1624959506,6969.530862716958,-27.233334840615544,-73.91031067377493,415.34439887813716,29.45776800155525,-89.84220592050147,89.83515751681745,0.0942851414608967,256.8854847071829,1.0012768397647096,1.9015858747157333e-10,-2.2219553146351134e-21,0.592065678059695,0.0002553166650305392,0.0,10386.996792111044,85.31239322445312
562415.5624959505,6957.751712540165,-27.2333348404959,-73.9103106271009,415.34221936610294,29.437992915114588,-89.84220829828658,89.83624399622815,0.09420703357334326,256.8842791625261,1.0012721408462575,1.7553850081054736e-10,-1.8191834776356144e-21,0.5928586078286843,0.00025497339214184154,0.0,10386.996894169028,85.28370315776263
562416.1624959504,6940.097802144475,-27.233334840318214,-73.91031055720833,415.33895723596737,29.408391918743902,-89.84221185493398,89.83787521029436,0.09409013782644862,256.88248041005835,1.001265129748731,1.5568868421164468e-10,-1.3476846332326306e-21,0.5940485316449438,0.00025445998860223215,0.0,10386.997046998951,85.24073979704713
562416.5624959503,6928.338385976851,-27.23333484020095,-73.91031051069179,415.3367872239552,29.38869888249057,-89.84221421938352,89.83896368498004,0.09401238413632668,256.88128758912654,1.0012604804242493,1.4371876959679399e-10,-1.103391054577903e-21,0.5948421667174562,0.0002541187195253263,0.0,10386.997148714667,85.21214525209653
562417.1624959501,6910.714015169069,-27.23333484002682,-73.91031044103478,415.333539288726,29.359220552473754,-89.84221775611655,89.84059789771474,0.09389601782022801,256.87950782887793,1.0012535433537515,1.274671142326227e-10,-8.174124199026175e-22,0.5960331476951006,0.0002536083091627228,0.0,10386.997301032685,85.16932475484218
562417.56249595,6898.974251236767,-27.23333483991192,-73.91031039467522,415.33137870341506,29.339609022335843,-89.84222010735611,89.84168837405635,0.09381861584592563,256.87832760751263,1.001248943139301,1.17666976982495e-10,-6.6924080736753415e-22,0.5968274870135396,0.00025326902721905495,0.0,10386.997402408126,85.14082517386022
562418.1624959499,6881.379297758453,-27.233334839741325,-73.91031032525237,415.3281448536921,29.310252546296148,-89.84222362435501,89.84332559140856,0.09370277525589527,256.87656665448947,1.0012420793747718,1.0436124688872689e-10,-4.957859188528108e-22,0.5980195235695709,0.00025276158515138107,0.0,10386.997554217221,85.09814670692333
562418.5624959498,6869.659104821272,-27.233334839628775,-73.91031027904803,415.3259936225333,29.290721983163568,-89.84222596249167,89.8444180719783,0.09362572253932108,256.875398910243,1.0012375277930814,9.633757310226695e-11,-4.0591525224688776e-22,0.5988145660809746,0.0002524242738428764,0.0,10386.997655254369,85.06974153681422
562419.1624959497,6852.093447220512,-27.233334839461712,-73.91031020985797,415.32277375006436,29.26148655612401,-89.84222945993908,89.84605829590751,0.09351040400571393,256.8736565817232,1.0012307366223145,8.544376263428738e-11,-3.007094966357494e-22,0.6000076566386658,0.0002519197754568364,0.0,10386.997806557496,85.02720427401502
562419.5624959496,6840.39274458494,-27.2333348393515,-73.9103101638084,415.320631801268,29.24203642579021,-89.84223178509149,89.8471527806726,0.09343369811203604,256.8725011933014,1.001226233200609,7.887453412366777e-11,-2.4620015724200683e-22,0.6008034012934623,0.00025158441846322285,0.0,10386.997907258308,84.99889296628437
562420.1624959494,6822.856262209825,-27.23333483918794,-73.91031009484978,415.3174257989321,29.212921250086097,-89.84223526314693,89.84879600996786,0.0933188979998663,256.8707773087492,1.0012195139199207,6.995543643598476e-11,-1.8238961198446535e-22,0.6019975442822632,0.00025108283941067483,0.0,10386.998058058398,84.95649608832667
562420.5624959493,6811.174969704822,-27.23333483908005,-73.91031004895405,415.31529306145745,29.193551023192033,-89.84223757542458,89.84989249713593,0.09324253651721334,256.8696341565675,1.0012150581920884,6.457700700661763e-11,-1.493280114271775e-22,0.6027939900355581,0.00025074942058741806,0.0,10386.998158424825,84.92827809905634
562421.1624959492,6793.667542704381,-27.23333483891997,-73.9103099802255,415.3121008232484,29.164555308387715,-89.8422410342615,89.85153872823037,0.09312825122575603,256.86792853738837,1.0012084101053604,5.72746674077916e-11,-1.106249417860555e-22,0.6039891838904995,0.00025025073678177663,0.0,10386.998308724786,84.88602079344578
562421.5624959491,6782.005580686964,-27.23333483881441,-73.91030993448314,415.3099772267925,29.145264460365265,-89.84224333377846,89.85263721486635,0.09305223176495499,256.8667975032384,1.0012040016106545,5.287118181128374e-11,-9.057205830651114e-23,0.6047863297013459,0.0002499192401575915,0.0,10386.998408758755,84.85789558323064
562422.162495949,6764.527089989744,-27.233334838657804,-73.91030986598297,415.3067986478039,29.116387423170618,-89.84224677353804,89.85428644226863,0.09293845772732079,256.86510997316105,1.0011974240308243,4.68925317859318e-11,-6.709744931202824e-23,0.605982572863973,0.0002494234277705684,0.0,10386.99855856147,84.81577704421788
562422.5624959489,6752.88437934313,-27.233334838554544,-73.91030982039264,415.30468412279185,29.097175434187665,-89.8422490604038,89.85538692434048,0.09286277792163204,256.8639909401118,1.0011930623134762,4.3287262691430745e-11,-5.493475515729705e-23,0.6067804176951476,0.000249093837545097,0.0,10386.998658264898,84.78774407811402
562423.1624959487,6735.4347066627815,-27.233334838401383,-73.9103097521203,415.3015190992017,29.068416298374483,-89.84225248126414,89.85703914150008,0.09274951160437762,256.86232132476516,1.0011865545608882,3.8392358032191485e-11,-4.0696678628649865e-23,0.6079777086126148,0.0002486008730030802,0.0,10386.998807573225,84.74576350660375
562423.5624959486,6723.81116878707,-27.23333483830042,-73.91030970668079,415.29941357677683,29.049282653281175,-89.8422547555744,89.85814161448847,0.09267416910922595,256.86121417728936,1.0011822391706007,3.544061333838068e-11,-3.3319628377874975e-23,0.6087762514309061,0.00024827317354472343,0.0,10386.99890694801,84.71782225408748
562424.1624959485,6706.3901966055855,-27.2333348381507,-73.91030963863456,415.29626200583334,29.02064064960566,-89.84225815769057,89.85979681408277,0.09256140701195778,256.8595623045194,1.0011758005742404,3.143300434279781e-11,-2.4683794516563007e-23,0.6099745885566081,0.0002477830335256548,0.0,10386.999055764787,84.6759788575861
562424.5624959484,6694.785753412172,-27.23333483805202,-73.91030959334533,415.2941654178476,29.001584837878866,-89.84226041955026,89.86090127273546,0.09248639950466354,256.85846692846894,1.0011715310660922,2.901632017607929e-11,-2.020938533467228e-23,0.6107738283328583,0.00024745720936932003,0.0,10386.999154812811,84.64812879250343
562425.1624959483,6677.393364978954,-27.233334837905705,-73.91030952552394,415.29102719785453,28.973059203996282,-89.84226380307271,89.8625594468791,0.09237413815963835,256.85683262804037,1.0011651609624244,2.5735167430609297e-11,-1.4971484953245663e-23,0.6119732101259818,0.0002469698707991722,0.0,10386.999303140852,84.60642178502928
562425.5624959482,6665.807938885875,-27.2333348378093,-73.91030948038417,415.2889394768592,28.954080719688385,-89.8422660525937,89.86366588564007,0.09229946333916492,256.8557489106589,1.0011609368969185,2.3756553774111843e-11,-1.2257617371160931e-23,0.6127731458350669,0.0002466459066441358,0.0,10386.99940186398,84.57866238555276
562426.162495948,6648.444018213078,-27.23333483766639,-73.91030941278633,415.28581450716274,28.925670700078502,-89.84226941766603,89.86532702612885,0.0921876993109218,256.85413201423944,1.001154634629825,2.107017310399873e-11,-9.080668758397665e-24,0.613973570760402,0.0002461613466937443,0.0,10386.999549706075,84.537090987573
562426.5624959479,6636.87753214594,-27.23333483757224,-73.91030936779556,415.2837355863992,28.906769041764562,-89.84227165494637,89.86643543947423,0.09211335489762591,256.8530598439732,1.0011504555721522,1.9450221247818006e-11,-7.434624117934493e-24,0.6147742013808277,0.0002458392274014098,0.0,10386.999648106164,84.50942173614757
562427.1624959478,6619.541963989846,-27.233334837432704,-73.91030930041995,415.28062376737404,28.87847388765176,-89.84227500173763,89.86809953717285,0.09200208478258617,256.85146018541064,1.001144220494012,1.7250798769019728e-11,-5.5077065072201294e-24,0.6159756679095506,0.00024535742348338505,0.0,10386.999795465077,84.46798517451857
562427.5624959477,6607.994341369718,-27.23333483734081,-73.9103092555765,415.27855358076494,28.85964855837753,-89.84227722686613,89.86920991926137,0.09192806851795622,256.85039945210247,1.0011400860148068,1.592449436000801e-11,-4.509329513337405e-24,0.6167769924239578,0.0002450371340752614,0.0,10386.999893543965,84.4404055578239
562428.1624959476,6590.687011238188,-27.233334837204644,-73.91030918842186,415.2754548138011,28.83146752765523,-89.84228055551303,89.87087696564251,0.09181728894407085,256.84881686700635,1.0011339174848664,1.4123759529661173e-11,-3.340594374353955e-24,0.6179794990326145,0.000244558063840671,0.0,10387.000040422443,84.39910306570873
562428.5624959475,6579.1581759871915,-27.233334837114985,-73.91030914372534,415.2733932959418,28.812718034887865,-89.84228276859008,89.87198931062572,0.0917435985904966,256.84776746161293,1.0011298271591045,1.3037873317270132e-11,-2.735047843347462e-24,0.6187815164270577,0.00024423958949618894,0.0,10387.00013818195,84.37161257460532
562429.1624959473,6561.878970121965,-27.23333483698218,-73.91030907679043,415.27030748343157,28.784650392042895,-89.84228607923627,89.87365929673234,0.09163330621686448,256.8462017876488,1.0011237245446234,1.1563556327022777e-11,-2.0261738274063913e-24,0.6199850615982994,0.00024376323083161256,0.0,10387.000284582715,84.33044339141982
562429.5624959472,6550.368846643716,-27.233334836894738,-73.91030903223997,415.2682545695812,28.76597624761879,-89.84228828037385,89.87477359851864,0.09155993955736833,256.84516360262364,1.001119677953115,1.067450788667295e-11,-1.6588911241181863e-24,0.6207877708632766,0.00024344655688622905,0.0,10387.00038202465,84.30304152091796
562430.1624959471,6533.117652027868,-27.233334836765263,-73.91030896552354,415.26518161490634,28.738021263654932,-89.84229157317229,89.8764465153386,0.0914501310738843,256.84361467904716,1.0011136406275516,9.467439221647262e-12,-1.2289371048409945e-24,0.6219923530848468,0.00024297288791046503,0.0,10387.000527950402,84.26200489224358
562430.562495947,6521.626165216789,-27.23333483668005,-73.9103089211187,415.2631372409796,28.71942198373201,-89.84229376245467,89.87756276786612,0.09137708591190276,256.84258760795854,1.0011096373554516,8.739547919345857e-12,-1.0061687836180546e-24,0.6227957532143288,0.00024265799985349944,0.0,10387.000625076555,84.23469114144692
562431.1624959469,6504.40286954958,-27.233334836553894,-73.9103088546195,415.260077048499,28.691578936100147,-89.8422970375514,89.8792386063152,0.09126775803888905,256.84105527619556,1.0011036647007223,7.751283677852955e-12,-7.453883705467717e-25,0.624001370980331,0.00024218699891491116,0.0,10387.000770529974,84.19378631899566
562431.5624959468,6492.929944782518,-27.233334836470885,-73.91030881035869,415.2580411510577,28.67305404110908,-89.84229921507671,89.8803568037147,0.09119503219803074,256.8400392138254,1.0010997043379164,7.1553366811318775e-12,-6.102724925154943e-25,0.62480546097202,0.00024187388238761177,0.0,10387.000867342127,84.1665601910625
562432.1624959466,6475.734436487779,-27.233334836348014,-73.9103087440755,415.254993626095,28.645322213630998,-89.84230247260395,89.88203555468459,0.09108618168589015,256.8385233169532,1.001093795742375,6.346214350885026e-12,-4.52101104896054e-25,0.6260121127818509,0.00024140552806087276,0.0,10387.00101232587,84.12578643258672
562432.5624959465,6464.279999616556,-27.233334836267208,-73.91030869995826,415.25296614234003,28.626871228226598,-89.84230463846804,89.8831556907184,0.09101377300969647,256.837518159363,1.0010898778837365,5.858294215312628e-12,-3.7014914513830784e-25,0.6268168916373846,0.00024109416885448827,0.0,10387.001108825787,84.09864743468981
562433.1624959464,6447.112167829648,-27.233334836147623,-73.91030863388985,415.24993119117084,28.599249911024884,-89.84230787856727,89.88483734534113,0.0909053966385612,256.8360185423052,1.0010840327429331,5.1958408776150955e-12,-2.7421330560644615e-25,0.6280245759961693,0.0002406284399377983,0.0,10387.00125334249,84.05800400392965
562433.5624959463,6435.676145181991,-27.233334836069,-73.91030858991542,415.24791205893416,28.580872364038186,-89.84231003285909,89.8859594140987,0.09083330299028045,256.8350241866605,1.0010801569876382,4.796365655813768e-12,-2.2450690687675316e-25,0.6288300427207352,0.00024031882399156684,0.0,10387.001349531922,84.03095164720666
562434.1624959462,6418.535879744217,-27.23333483595269,-73.91030852406061,415.24488958877504,28.55336085346599,-89.84231325568108,89.88764396326826,0.09072539756967082,256.8335406961486,1.0010743747041693,4.253994733369054e-12,-1.6631885248080163e-25,0.6300387581392467,0.00023985569950378167,0.0,10387.001493584201,83.99043781382711
562434.5624959461,6407.118198115379,-27.23333483587623,-73.91030848022857,415.24287874651134,28.53505627785886,-89.84231539849422,89.88876795853957,0.09065361683203034,256.8325570408493,1.0010705406562057,3.926932082744869e-12,-1.3617038401245982e-25,0.630844911741859,0.0002395478129031249,0.0,10387.001589464879,83.96347161334702
562435.1624959459,6390.005389570259,-27.233334835763177,-73.91030841458571,415.23986866550734,28.507653876429643,-89.842318604162,89.89045539327289,0.0905461792005175,256.83108952531495,1.0010648206392956,3.48287632700522e-12,-1.0087752900740489e-25,0.6320546567363089,0.00023908727208088196,0.0,10387.001733055327,83.92308665287143
562435.5624959458,6378.60597622022,-27.233334835688886,-73.91030837089484,415.2378660522867,28.489421809247755,-89.84232073559465,89.89158130920454,0.09047470927549828,256.83011646992446,1.0010610279071859,3.2151000755747443e-12,-8.259155025586773e-26,0.6328614962296941,0.00023878110105549376,0.0,10387.00182862898,83.89620612758968
562436.1624959457,6361.520515804179,-27.23333483557907,-73.91030830546359,415.23486826949994,28.46212782556625,-89.84232392425443,89.89327162022208,0.09036773630036564,256.82866477956134,1.0010553695729256,2.8515379706656073e-12,-6.118534193118291e-26,0.634072269321926,0.00023832312335046372,0.0,10387.001971760172,83.85594932134153
562436.5624959456,6350.139298453927,-27.233334835506927,-73.91030826191273,415.2328738250001,28.443967807893955,-89.84232604439099,89.89439945093004,0.09029657510898301,256.8277022247875,1.0010516177696538,2.632301317708404e-12,-5.0094330152167e-26,0.6348797937224779,0.0002380186542724747,0.0,10387.002067028505,83.8291539940599
562437.1624959455,6333.081078090705,-27.233334835400328,-73.91030819669147,415.2298882503984,28.416781556590344,-89.8423292161728,89.89609262956616,0.09019006368590402,256.82626621154816,1.0010460205409906,2.334641840452448e-12,-3.711080261453438e-26,0.6360915934399012,0.00023756321934866338,0.0,10387.00220970299,83.78902462910587
562437.5624959454,6321.717984920368,-27.233334835330332,-73.91030815328023,415.22790191489696,28.398693133505517,-89.84233132509995,89.8972223689326,0.09011920916799146,256.8253140591592,1.0010423092836727,2.1551460496826812e-12,-3.0383760876507154e-26,0.6368998017675034,0.00023726043873079075,0.0,10387.0023046677,83.76231402642912
562438.1624959452,6304.686897221021,-27.233334835226934,-73.91030808826783,415.2249284593425,28.371613935167034,-89.84233448013156,89.89891840645478,0.09001315622070721,256.82389357653244,1.0010367725895417,1.9114430806330535e-12,-2.2508849786995153e-26,0.6381126266426366,0.00023680752646172145,0.0,10387.002446888013,83.72231139550904
562438.5624959451,6293.341856861487,-27.233334835159077,-73.91030804499542,415.22295017370965,28.35359665569782,-89.84233657794066,89.90005004878181,0.08994260633469953,256.8229517294874,1.0010331014999359,1.7644843560335071e-12,-1.842869087572442e-26,0.6389215179209552,0.00023650642095556846,0.0,10387.002541550779,83.69568504781282
562439.162495945,6276.337795107625,-27.233334835058866,-73.91030798019068,415.2199887489479,28.326623836802334,-89.84233971637065,89.90174893567327,0.08983700881468451,256.8215466327768,1.001027624776346,1.5649572397759802e-12,-1.3652313694101668e-26,0.6401353664921622,0.00023605601142175593,0.0,10387.002683319435,83.65580844929217
562439.5624959449,6265.0107366368175,-27.233334834993133,-73.91030793705676,415.2180184546391,28.308677253881644,-89.84234180314843,89.90288247503565,0.08976676153740037,256.8206149951704,1.001023993480637,1.4446376119824414e-12,-1.1177571097052749e-26,0.6409449397486119,0.00023575656781600344,0.0,10387.002777681928,83.62926589067956
562440.1624959448,6248.033594787121,-27.23333483489611,-73.91030787245855,415.2150689732878,28.281810146733974,-89.8423449250884,89.90458420328468,0.08966161642356586,256.81922514114115,1.0010185761692942,1.281278625108804e-12,-8.28055058192459e-27,0.6421598105591878,0.0002353086413022063,0.0,10387.002919001416,83.58951462847992
562440.5624959447,6236.72444773186,-27.23333483483247,-73.91030782946152,415.2131066123364,28.26393381715808,-89.84234700092163,89.90571963350506,0.08959166975001102,256.81830361805487,1.0010149842975127,1.1827692452007774e-12,-6.779542642079169e-27,0.6429700648245006,0.0002350108465208472,0.0,10387.003013065292,83.56305539673991
562441.1624959445,6219.774120404385,-27.2333348347386,-73.91030776506868,415.2101689878751,28.237171759825287,-89.84235010651562,89.90742419375586,0.08948697404837813,256.8169288652434,1.0010096258470262,1.0490222182656625e-12,-5.0224100819947856e-27,0.6441859564234904,0.00023456538351363285,0.0,10387.003153938087,83.52342878029413
562441.5624959444,6208.482814729214,-27.233334834677077,-73.91030772220817,415.2082145028853,28.21936524421033,-89.84235217149107,89.90856150919883,0.0894173259915275,256.81601736292254,1.0010060730337391,9.683695591125312e-13,-4.112002333663429e-27,0.6449968907322173,0.00023426922461433698,0.0,10387.003247704988,83.49705241686989
562442.1624959443,6191.5591972013935,-27.23333483458635,-73.91030765801959,415.20528864964444,28.19270758045729,-89.84235526085997,89.91026889292738,0.08931307673492346,256.8146575714303,1.0010007728988186,8.588667545449476e-13,-3.0462470800897013e-27,0.6462138016739768,0.00023382620579943874,0.0,10387.003388133544,83.45754976105624
562442.5624959442,6180.285663314164,-27.23333483452692,-73.91030761529488,415.2033419837843,28.174970443198085,-89.84235731506213,89.91140808797165,0.08924372532553126,256.81375599701335,1.000997258782075,7.928339418874685e-13,-2.494056617787998e-27,0.6470254150637936,0.00023353166997176785,0.0,10387.003481605097,83.4312558109982
562443.1624959441,6163.3886515162885,-27.233334834439333,-73.91030755130943,415.20042781693473,28.1484165224268,-89.84236038832924,89.91311828654786,0.08913991957329132,256.81241102854136,1.0009920164236648,7.031806278442069e-13,-1.8476430879712994e-27,0.6482433439080173,0.00023309107623163775,0.0,10387.00362159185,83.39187643608929
562443.562495944,6152.132820255123,-27.233334834381978,-73.91030750872015,415.1984889139292,28.130748331655102,-89.84236243185181,89.91425935509265,0.08907086285967859,256.8115192903058,1.0009885406459522,6.491175331708003e-13,-1.512722490891769e-27,0.6490556354203703,0.0002327981507955028,0.0,10387.003714769675,83.36566444802806
562444.1624959438,6135.26231077034,-27.23333483429751,-73.9103074449367,415.19558634947225,28.104297508843533,-89.84236548914967,89.91597236003133,0.08896749769735543,256.81018900798216,1.0009833555305594,5.757156075244219e-13,-1.1206526886281313e-27,0.650274580731656,0.0002323599632067866,0.0,10387.003854317036,83.3264076796301
562444.5624959437,6124.024113400839,-27.233334834242225,-73.91030740248134,415.1936551535965,28.086697836387643,-89.8423675220471,89.91711529656523,0.08889873374521474,256.80930701531116,1.0009799177386758,5.31452489113477e-13,-9.175129859238474e-28,0.6510875494116772,0.0002320686356108144,0.0,10387.003947202735,83.30027720573968
562445.1624959436,6107.180003451183,-27.233334834160853,-73.91030733889876,415.19076410835356,28.06034947202625,-89.842370563499,89.91883109902014,0.08879580628426569,256.8079912838631,1.0009747893390395,4.71356074986537e-13,-6.797105223976935e-28,0.6523075097601037,0.00023163283544196708,0.0,10387.004086313105,83.26114237474175
562445.5624959435,6095.959371669218,-27.23333483410763,-73.91030729657696,415.188840564426,28.04281789337008,-89.84237258587898,89.91997589791774,0.08872733317647151,256.80711894703467,1.0009713891832708,4.351164985564986e-13,-5.565000086979766e-28,0.6531211546561214,0.00023134309326179391,0.0,10387.00417890827,83.23509297069441
562446.1624959434,6079.141559112817,-27.233334834029346,-73.91030723319422,415.1859609560286,28.016571353403805,-89.84237561160825,89.92169448950932,0.08862484055397742,256.80581763272687,1.000966316978124,3.859137159440117e-13,-4.122654582872768e-28,0.6543421286170225,0.00023090966197070227,0.0,10387.004317584024,83.19607941321588
562446.5624959433,6067.938425034285,-27.233334833978176,-73.91030719100523,415.18404500940466,27.999107447647464,-89.84237762354373,89.922841144898,0.08855665639038718,256.80495486309565,1.0009629541129517,3.562432601113324e-13,-3.375344702822029e-28,0.6551564487810215,0.00023062149290748466,0.0,10387.004409890234,83.17011063815485
562447.1624959431,6051.146808364429,-27.233334833902955,-73.9103071278212,415.18117675628446,27.972962103416215,-89.84238063365986,89.92456251706203,0.08845459576877007,256.8036678335773,1.0009579375864233,3.1595942867177247e-13,-2.5005175364546496e-28,0.6563784349346313,0.0002301904121390461,0.0,10387.004548133735,83.13121769548636
562447.562495943,6039.961104524322,-27.233334833853824,-73.91030708576474,415.17926835284953,27.95556545323673,-89.84238263523773,89.9257110233099,0.08838669866603716,256.8028145434826,1.0009546116701675,2.916673139165548e-13,-2.047250976603651e-28,0.6571934294220362,0.00022990380401786487,0.0,10387.004640152558,83.10532911198723
562448.1624959429,6023.195582855493,-27.233334833781658,-73.91030702277793,415.17641137422885,27.929520681416367,-89.84238562987795,89.92743516754062,0.08828506723276572,256.8015416680021,1.0009496503126194,2.586857021196838e-13,-1.5166412379278867e-28,0.6584164263540839,0.00022947505560176173,0.0,10387.004777966145,83.06655613054667
562448.5624959428,6012.027242206968,-27.233334833734567,-73.91030698085285,415.17451046039236,27.912190873028788,-89.84238762116658,89.9285855191204,0.08821745532415473,256.8006977706777,1.000946361007087,2.387970006245515e-13,-1.2417210478385895e-28,0.6592320942235513,0.00022918999637004832,0.0,10387.004869699136,83.04074730457926
562449.1624959427,5995.287715273909,-27.233334833665452,-73.910306918063,415.1716646762744,27.88624605557335,-89.84239060043583,89.93031242722108,0.08811625029147008,256.79943891993514,1.00094145431454,2.1179394064125362e-13,-9.198898272254328e-29,0.6604561005249129,0.00022876356231840074,0.0,10387.005007085134,83.00209363585462
562449.5624959426,5984.136671180837,-27.233334833620376,-73.91030687626821,415.16977119896325,27.868982678692976,-89.84239258152445,89.93146461845878,0.08804892172666885,256.79860432961607,1.0009382012854398,1.955104490165685e-13,-7.53142227438718e-29,0.661272440838597,0.00022848004004448415,0.0,10387.005098533833,82.97636413675401
562450.1624959424,5967.42303933762,-27.233334833554295,-73.91030681367383,415.166936530123,27.84313720277935,-89.84239554555074,89.93319428185727,0.08794814033131927,256.79735937565164,1.0009333487591379,1.734022132835058e-13,-5.579416364736032e-29,0.6624974551049513,0.00022805590254958128,0.0,10387.005235494547,82.93782913725072
562450.5624959423,5956.289225574583,-27.233334833511233,-73.91030677200902,415.1650504367752,27.825939850583865,-89.84239751651471,89.9343483073204,0.08788109327626013,256.7965340074582,1.0009301316756296,1.6007041786407708e-13,-4.5680405896211143e-29,0.6633144669282277,0.0002277739054211473,0.0,10387.005326660488,82.91217853767886
562451.1624959422,5939.601389785297,-27.233334833448158,-73.91030670960909,415.16222680474965,27.800193108553408,-89.84240046540764,89.93608071786787,0.0877807327792178,256.79530282370837,1.0009253328222587,1.419697252932725e-13,-3.3840886212404435e-29,0.6645404877603243,0.00022735204685322432,0.0,10387.005463198206,82.87376156886889
562451.5624959421,5928.48474052269,-27.233334833407103,-73.91030666807353,415.1603480433086,27.783061377645904,-89.8424024263223,89.93723657193914,0.08771396541588536,256.79448659396405,1.0009221513581918,1.310545743414914e-13,-2.770657927306822e-29,0.6653581701626132,0.00022707156317599634,0.0,10387.005554082907,82.84818944479471
562452.162495942,5911.822602355853,-27.23333483334703,-73.91030660586696,415.157535370388,27.757412766950836,-89.84240536020533,89.93897172122573,0.08761402310208379,256.79326905529126,1.0009174056899965,1.1623498061638904e-13,-2.0525544336124935e-29,0.6665851961662819,0.00022665196608109692,0.0,10387.005690199898,82.80988987307133
562452.5624959419,5900.723052177578,-27.233334833307975,-73.91030656446041,415.1556638892959,27.74034625732242,-89.84240731114608,89.94012939860168,0.08754753362835951,256.79246188089746,1.0009142595214728,1.0729841081825508e-13,-1.6804897416169518e-29,0.6674035482194778,0.00022637298427710486,0.0,10387.005780804868,82.78439580371196
562453.1624959417,5884.086513798684,-27.23333483325088,-73.91030650244619,415.1528620985145,27.71479518046976,-89.84241023011727,89.94186727865997,0.0874480068064222,256.79125786361226,1.0009095665563421,9.516515363386817e-14,-1.2449377585738372e-29,0.6686315780057701,0.00022595563137492084,0.0,10387.005916503385,82.74621300033988
562453.5624959416,5873.003997680731,-27.23333483321381,-73.91030646116711,415.1509978467068,27.697793495463312,-89.84241217116875,89.94302677346508,0.08738179343588874,256.7904596625497,1.0009064553636708,8.784850908083167e-14,-1.0192690132718342e-29,0.6694505987855516,0.00022567813998130152,0.0,10387.00600683012,82.72079656814857
562454.1624959415,5856.392961855046,-27.233334833159685,-73.91030639934418,415.1482068618342,27.67233935996259,-89.84241507536086,89.9447673759022,0.08728267943788279,256.78926904420234,1.0009018146243251,7.791463824514791e-14,-7.550932620067377e-30,0.670679630970136,0.00022526301416299176,0.0,10387.006142112401,82.68272990921014
562454.5624959414,5845.327415170148,-27.233334833124587,-73.91030635819232,415.14634978873346,27.655402106239123,-89.8424170065869,89.94592868307319,0.08721674039966713,256.7884797353309,1.0008987380912413,7.192427631381081e-14,-6.18218187048562e-30,0.6714993195553554,0.00022498700183053413,0.0,10387.006232162385,82.6573906998396
562455.1624959413,5828.7417852487415,-27.23333483307342,-73.91030629655967,415.14356953426545,27.630044324546763,-89.84241989610265,89.94767199980079,0.08711803658082826,256.7873023949067,1.0008941491059953,6.379111072765374e-14,-4.579874217817446e-30,0.672729352759155,0.00022457408615668642,0.0,10387.006367030646,82.61943956619176
562455.5624959412,5817.693143761717,-27.2333348330403,-73.91030625553431,415.14171958977556,27.613171112046913,-89.8424218175764,89.948835113862,0.08705237011941962,256.7865218979331,1.0008911069195359,5.888661717076497e-14,-3.749684546680921e-30,0.6735497082319222,0.0002242995416483843,0.0,10387.006456805353,82.59417716845658
562456.162495941,5801.1328236833215,-27.23333483299208,-73.91030619409095,415.1389499909259,27.587909101515805,-89.84242469252777,89.95058113690851,0.0869540738579129,256.78535771568176,1.000886569221632,5.222774435612803e-14,-2.777835388874362e-30,0.6747807410805824,0.00022388881934692009,0.0,10387.006591261797,82.5563409456804
562456.562495941,5790.101023545489,-27.23333483296091,-73.91030615319183,415.13710712542644,27.571099543427415,-89.8424266043362,89.95174605235441,0.08688867823299959,256.7845859512586,1.00088356107252,4.821228463511676e-14,-2.2742996718912874e-30,0.6756017625264173,0.00022361573153669424,0.0,10387.006680762688,82.53115495153364
562457.1624959408,5773.565917826258,-27.23333483291562,-73.9103060919367,415.13434810811805,27.54593272625329,-89.84242946483059,89.95349477333066,0.08679078692965747,256.7834348087989,1.0008790742005371,4.2760460656888614e-14,-1.6848430940883e-30,0.6768337936506794,0.0002232071860008604,0.0,10387.006814809496,82.49343302988969
562457.5624959407,5762.550895576365,-27.2333348328864,-73.91030605116235,415.13251227245877,27.529186438975255,-89.84243136703991,89.95466148492166,0.08672566041596017,256.7826716983621,1.0008760997825492,3.947288028104807e-14,-1.3794331051510091e-30,0.6776554801581831,0.00022293554387211803,0.0,10387.006904038024,82.46832303438308
562458.1624959406,5746.0409093126655,-27.233334832844044,-73.9103059900945,415.1297637633153,27.50411424214702,-89.84243421318932,89.95641289638853,0.08662817149404875,256.78153347847774,1.0008716632796069,3.5009304310014327e-14,-1.0219094562141553e-30,0.6788885081932868,0.00022252915865842663,0.0,10387.00703767737,82.4307148087599
562458.5624959405,5735.042601871304,-27.233334832816755,-73.91030594944465,415.1279349088103,27.487430845257254,-89.84243610586576,89.9575813986864,0.08656331238116005,256.7807789443402,1.0008687222899375,3.231766114122421e-14,-8.366688502417861e-31,0.6797108588543035,0.00022225895130281175,0.0,10387.007126634973,82.40568041002012
562459.1624959403,5718.557640723884,-27.23333483277729,-73.91030588856307,415.1251968351482,27.462452700505292,-89.84243893777301,89.95933549229069,0.08646622328611932,256.77965353125705,1.0008643357047762,2.866319420891781e-14,-6.198196973736596e-31,0.680944882440787,0.0002218547101291747,0.0,10387.00725986901,82.36818527989861
562459.5624959402,5707.575985385105,-27.233334832751954,-73.91030584803705,415.12337491357044,27.445831816725374,-89.84244082099896,89.96050578007747,0.08640162987833054,256.7789074967094,1.000861427844431,2.6459463160595625e-14,-5.0746553954008535e-31,0.6817678963507744,0.00022158592674527845,0.0,10387.007348557117,82.34322607909874
562460.1624959401,5691.115955589339,-27.233334832715368,-73.91030578734075,415.1206472033903,27.420947160471254,-89.84244363877845,89.96226254796215,0.08630493807754912,256.7777947756483,1.00085709072967,2.346743868381094e-14,-3.7593982022206224e-31,0.6830029141333276,0.00022118381348886778,0.0,10387.007481387976,82.30584344848897
562460.56249594,5680.150890032761,-27.233334832691952,-73.91030574693792,415.11883216696657,27.40438841563428,-89.8424455126109,89.963434615983,0.08624060869371084,256.77705716453613,1.0008542157018179,2.1663176295077548e-14,-3.077935478849126e-31,0.6838265903901998,0.00022091644338077728,0.0,10387.007569808007,82.28095904980329
562461.1624959399,5663.715698376298,-27.233334832658258,-73.9103056864259,415.11611474894545,27.379596688943277,-89.84244831636776,89.96519405029098,0.0861443116762745,256.77595702223147,1.0008499276159755,1.9213513831165537e-14,-2.2801913044624494e-31,0.6850626010189602,0.00022051644207636683,0.0,10387.00770223781,82.24368832722409
562461.5624959398,5652.767160645686,-27.23333483263674,-73.91030564614604,415.11430655035053,27.36309971196143,-89.84245018088684,89.9663678933428,0.08608024464961937,256.7752277594657,1.0008470851279372,1.773630872037109e-14,-1.8668630820812342e-31,0.6858869387244416,0.00022025047465262353,0.0,10387.007790391173,82.21887833781976
562462.1624959396,5636.356714477763,-27.23333483260591,-73.91030558581735,415.111599353834,27.338400360491658,-89.84245297071931,89.96812998637175,0.08598433992608506,256.7741400837147,1.0008428456336744,1.5730694717658068e-14,-1.383006562559675e-31,0.6871239408539251,0.0002198525694904739,0.0,10387.007922422023,82.18171893623378
562462.5624959395,5625.424642989412,-27.233334832586305,-73.91030554565896,415.10979794618567,27.321964783323647,-89.8424548259936,89.9693055992489,0.08592053360408441,256.77341909493265,1.0008400353956026,1.4521261459511447e-14,-1.1323102096152422e-31,0.6879489391126755,0.00021958799426267448,0.0,10387.008010310117,82.1569829662279
562463.1624959394,5609.038850209676,-27.23333483255832,-73.91030548551265,415.1071009011797,27.297357257278563,-89.84245760200683,89.97107034290613,0.08582501870624329,256.7723437747768,1.0008358440604301,1.2879203589442767e-14,-8.388362627029864e-32,0.6891869314022447,0.00021919216958676225,0.0,10387.008141944103,82.11993430300672
562463.5624959393,5598.123183748685,-27.233334832540617,-73.91030544547552,415.1053062380338,27.280982714897085,-89.84245944810263,89.97224772058877,0.08576147145045063,256.7716309863373,1.0008330657852895,1.1889003382834702e-14,-6.86781169495066e-32,0.6900125893218897,0.00021892897616831558,0.0,10387.008229568315,82.0952719654366
562464.1624959392,5581.7619528044015,-27.23333483251546,-73.9103053855106,415.10261927519736,27.256466468980122,-89.84246221039491,89.97401510714863,0.08566634393110802,256.7705679120377,1.000828922181472,1.0544600100345106e-14,-5.087801422454582e-32,0.6912515704355989,0.00021853521647452462,0.0,10387.008360807511,82.05833346232039
562464.5624959391,5570.862630514428,-27.233334832499644,-73.91030534559408,415.1008313105421,27.240152599341545,-89.84246404738771,89.9751942441652,0.08560305411700338,256.7698632512375,1.000826175585883,9.733892735914592e-15,-4.1655402447822414e-32,0.6920778871272639,0.00021827339457954978,0.0,10387.008448169216,82.0337443731257
562465.162495939,5554.525870396756,-27.23333483247733,-73.91030528580961,415.09815436117924,27.21572709270606,-89.8424667960689,89.97696426627934,0.08550831154974413,256.76881231417667,1.000822079290056,8.633188419145776e-15,-3.08590895092198e-32,0.6933178557337724,0.00021788168451377206,0.0,10387.008579015677,81.99691545617253
562465.5624959389,5543.642831788398,-27.233334832463388,-73.9103052460135,415.09637304943067,27.19947353671834,-89.84246862401115,89.97814515762497,0.08544527756659388,256.7681157088998,1.0008193640929284,7.969437365211674e-15,-2.5265290170459676e-32,0.6941448303112038,0.00021762122395573678,0.0,10387.00866611624,81.97239923415192
562466.1624959387,5527.330452024937,-27.233334832443884,-73.91030518640854,415.0937060454834,27.175138232923672,-89.84247135918186,89.97991780743111,0.08535091754556362,256.7670768016976,1.0008153146865502,7.068256887051929e-15,-1.8716992395481807e-32,0.6953857850839834,0.00021723154831217823,0.0,10387.008796572012,81.93567933370429
562466.5624959386,5516.463636960834,-27.233334832431808,-73.91030514673137,415.0919313414801,27.158944634417004,-89.84247317815606,89.98110044801028,0.08528813779626396,256.7663881807667,1.000812630610452,6.52482348441088e-15,-1.5324180055566747e-32,0.6962134166644374,0.00021697243900289077,0.0,10387.008883412791,81.91123560050389
562467.1624959385,5500.175547618419,-27.233334832415103,-73.91030508730499,415.0892742155206,27.13469900138155,-89.84247589990996,89.98287571783632,0.0851941579359535,256.76536119703746,1.0008086276788575,5.786999309613171e-15,-1.1352434887226879e-32,0.6974553562811965,0.0002165847827221941,0.0,10387.0090134799,81.87462415113626
562467.5624959384,5489.324896319769,-27.233334832404893,-73.91030504774658,415.0875060745193,27.11856500707743,-89.84247770996853,89.98406010263426,0.0851316308368931,256.76468048992683,1.0008059744488966,5.342073668658408e-15,-9.294589248375023e-33,0.6982836439847089,0.00021632701467050842,0.0,10387.009100062241,81.85025253120996
562468.1624959382,5473.061007987708,-27.233334832390977,-73.91030498849784,415.08485875974293,27.09440851703432,-89.84248041841323,89.98583798480607,0.08503802877191026,256.76366532463123,1.000802017582668,4.73799432372233e-15,-6.885602940130297e-33,0.699526567128317,0.0002159413628381831,0.0,10387.009229742695,81.81374897170345
562468.5624959382,5462.22646102123,-27.233334832382628,-73.91030494905753,415.083097137413,27.07833377651457,-89.84248221962484,89.98702410850073,0.08497575275281215,256.7629924617203,1.0007993949274805,4.373720017032791e-15,-5.637455901898403e-33,0.7003555100784579,0.00021568492614894327,0.0,10387.009316067933,81.7894490922946
562469.162495938,5445.986684823409,-27.233334832371483,-73.91030488998553,415.0804595676308,27.0542659059661,-89.8424849148471,89.98880459560745,0.08488252613768245,256.7619890106689,1.0007954837205133,3.8791416778526605e-15,-4.1763311853456014e-33,0.7015994154356674,0.0002153012639934338,0.0,10387.009445363732,81.75305286557557
562469.5624959379,5435.168183115311,-27.233334832364967,-73.91030485066314,415.0787044200499,27.03825007164648,-89.8424867072758,89.98999245357479,0.08482049964149029,256.76132392282074,1.0007928913706203,3.58089909909412e-15,-3.419291395949037e-33,0.7024290127582404,0.00021504614886621698,0.0,10387.009531433196,81.72882435667836
562470.1624959378,5418.952430690639,-27.23333483235658,-73.91030479176655,415.076076529682,27.014270301322703,-89.84248938938094,89.99177553817549,0.08472764615043689,256.76033208313925,1.0007890254219352,3.1759726012148396e-15,-2.5330740563091688e-33,0.70367389902083,0.00021466446175745784,0.0,10387.00966034632,81.6925349098013
562470.5624959377,5408.149915502407,-27.233334832351908,-73.91030475256106,415.07432781333125,26.998313028419748,-89.84249117309999,89.99296512508009,0.08466586763313906,256.759674702215,1.0007864631117482,2.9317922290307738e-15,-2.073906005450792e-33,0.7045041498454931,0.00021441065848561226,0.0,10387.009746161326,81.66837740414886
562471.1624959375,5391.958099006675,-27.233334832346276,-73.91030469383978,415.0717095373993,26.9744208432318,-89.84249384217715,89.99475079962174,0.08457338495987063,256.75869437209786,1.000782642024532,2.600266451018363e-15,-1.5363877743368216e-33,0.7057500157097811,0.00021403093193321366,0.0,10387.009874693746,81.63219418824262
562471.5624959375,5381.17151194904,-27.23333483234343,-73.91030465475018,415.06996720915873,26.958521789736796,-89.84249561724366,89.99594211066488,0.08451185289038887,256.75804463052924,1.0007801094906865,2.4003484701313315e-15,-1.257888147392328e-33,0.7065809191687463,0.00021377843090262502,0.0,10387.0099602556,81.60810732126838
562472.1624959373,5365.003544055857,-27.233334832340525,-73.91030459620288,415.0673584832791,26.934716678735256,-89.84249827339123,89.99773036754996,0.0844197387479031,256.7570757091065,1.000776332871773,2.12891811903709e-15,-9.318667124051694e-34,0.7078277633351727,0.00021340065055420166,0.0,10387.010088409266,81.57202979149409
562472.5624959372,5354.232827081345,-27.233334832339512,-73.91030455722898,415.06562250042316,26.918875505385124,-89.84250003986928,89.9989233978296,0.08435845160794875,256.7564335400053,1.0007738298535545,1.9652391192695757e-15,-7.629480734379632e-34,0.7086593185635477,0.000213149442242246,0.0,10387.010173719267,81.54801320130939
562473.1624959371,5338.088620967232,-27.233334832339334,-73.91030449885479,415.0630232608006,26.89515696171845,-89.84250268318105,90.00071422965254,0.08426670372831968,256.75547592764633,1.0007700973146079,1.7430107425296379e-15,-5.652059878331506e-34,0.7099071397374787,0.00021277359388194384,0.0,10387.01030149612,81.51204081683561
562473.562495937,5327.333716363646,-27.23333483234013,-73.910304459996,415.06129358099327,26.879373331967304,-89.84250444113009,90.00190897426403,0.0842056600122537,256.7548412648936,1.0007676235543015,1.6090017111957682e-15,-4.627516078988454e-34,0.7107393458735426,0.0002125236688564505,0.0,10387.010386555556,81.48809414420744
562474.1624959368,5311.213185715489,-27.233334832342674,-73.91030440179402,415.05870376441374,26.85574085283907,-89.84250707169986,90.00370237383981,0.08411427614644063,256.75389486285303,1.0007639347104362,1.4270565041495567e-15,-3.428149159421303e-34,0.7119881427643578,0.0002121497384031943,0.0,10387.010513957519,81.45222636815694
562474.5624959368,5300.474036104977,-27.233334832345275,-73.91030436305017,415.05698034570446,26.84001443283158,-89.84250882118162,90.0048988277133,0.08405347436114595,256.7532676410616,1.0007614899531785,1.3173391885223245e-15,-2.8067316514480818e-34,0.7128209989494098,0.00021190108732139387,0.0,10387.010598767669,81.42834925648302
562475.1624959366,5284.3770951079205,-27.233334832350515,-73.91030430501952,415.05439988952855,26.816467519460375,-89.84251143910322,90.00669478773469,0.08396245227879016,256.7523323517154,1.00075784442388,1.1683750514813167e-15,-2.079278513006527e-34,0.7140707702711022,0.00021152906082743596,0.0,10387.010725796656,81.3925855559067
562475.5624959365,5273.653643448837,-27.233334832354906,-73.91030426638918,415.0526826903478,26.800797978002958,-89.84251318018417,90.00789294603332,0.08390189094354071,256.7517125060657,1.0007554284170201,1.0785461106358709e-15,-1.7023695712284812e-34,0.7149042756490906,0.0002112816744348323,0.0,10387.010810358785,81.3687776511821
562476.1624959364,5257.580206781626,-27.233334832362836,-73.91030420852898,415.0501115325045,26.777336135579805,-89.84251578553521,90.00969145922356,0.08381122843276366,256.75078823288226,1.000751825826032,9.56584589996659e-16,-1.261146739420305e-34,0.7161550201202952,0.00021091153808416583,0.0,10387.010937016692,81.33311749701836
562476.5624959363,5246.872396358289,-27.23333483236902,-73.910304170012,415.04840051165934,26.761723144114903,-89.84251751827479,90.01089131720413,0.08375090607909068,256.75017569935176,1.0007494383200257,8.830388732856332e-16,-1.0325398067711392e-34,0.7169891738383933,0.00021066540721362717,0.0,10387.011021332066,81.30937844782218
562477.1624959362,5230.822379200719,-27.233334832379626,-73.9103041123214,415.04583859063905,26.73834588176383,-89.84252011116536,90.01269237617328,0.08366060094631554,256.7492623465764,1.0007458782941194,7.831852252056657e-16,-7.649245103055963e-35,0.7182408901814737,0.00021029714732034456,0.0,10387.011147620777,81.27382131484922
562477.562495936,5220.1301536262035,-27.233334832387584,-73.91030407391716,415.04413370730884,26.72278911434165,-89.84252183562073,90.01389392888393,0.0836005161178805,256.7486570617502,1.0007435190417908,7.229710849115616e-16,-6.262673338302352e-35,0.7190756913896438,0.00021005226289099105,0.0,10387.011231690642,81.25015077231059
562478.1624959359,5204.1034716377035,-27.233334832400853,-73.91030401639529,415.04158096215764,26.699495945080074,-89.84252441612384,90.01569752636807,0.08351056618762336,256.74775453488473,1.0007400012126357,6.412178320608234e-16,-4.6395037799899964e-35,0.7203283783320318,0.00020968586589798,0.0,10387.011357612026,81.21469613912977
562478.5624959358,5193.426774851978,-27.23333483241059,-73.91030397810367,415.03988217589,26.683995078334434,-89.84252613235685,90.01690076937216,0.0834507174400993,256.7471564359681,1.0007376699692268,5.919186634144123e-16,-3.798505111868914e-35,0.7211638261829489,0.0002094422189142281,0.0,10387.011441437628,81.19109375690786
562479.1624959357,5177.423344185576,-27.233334832426507,-73.91030392074967,415.0373385462029,26.660785519035077,-89.84252870056869,90.01870689852082,0.0833611205548036,256.74626464128585,1.0007341939714989,5.249847608460832e-16,-2.814002562938136e-35,0.722417482455733,0.0002090776713915087,0.0,10387.011566993539,81.15574110589078
562479.5624959356,5166.762120445259,-27.233334832438004,-73.91030388256928,415.0356458169094,26.645340232155384,-89.84253040863649,90.01991182666234,0.08330150645573593,256.7456736662727,1.0007318904953244,4.846220151960342e-16,-2.3039108549138377e-35,0.7232535761053703,0.00020883525294212662,0.0,10387.011650576107,81.13220654015484
562480.1624959355,5150.7818577270955,-27.23333483245657,-73.9103038253823,415.0331112428245,26.622213803504717,-89.84253296464865,90.02172047998009,0.08321226047556017,256.7447925112159,1.0007284559682565,4.2982117049807197e-16,-1.7067796039686534e-35,0.7245082004445702,0.0002084725415855073,0.0,10387.011775768391,81.0969553574198
562480.5624959354,5140.1360516138375,-27.233334832469826,-73.91030378731297,415.0314245307766,26.606823778211055,-89.84253466460848,90.02292708842792,0.08315287960425767,256.7442085985913,1.0007261800195468,3.967749492099336e-16,-1.3973932036590582e-35,0.7253449390513285,0.00020823134284253788,0.0,10387.01185910915,81.07348826681539
562481.1624959352,5124.178873952478,-27.233334832491025,-73.91030373029216,415.0288989529687,26.583780004672185,-89.84253720851025,90.02473825902756,0.08306398240690954,256.7433379914183,1.000722786605552,3.519078121631366e-16,-1.0352146280498738e-35,0.7266005301968466,0.00020787045447204813,0.0,10387.011983939636,81.0383380421805
562481.5624959351,5113.548430363648,-27.23333483250602,-73.91030369233331,415.02721821879373,26.56844492519015,-89.84253890042622,90.0259465434614,0.08300483335431615,256.74276108034553,1.0007205379471802,3.24851854402164e-16,-8.475622055722089e-36,0.7274379129220719,0.0002076304666899333,0.0,10387.012067039805,81.01493808781424
562482.162495935,5097.614255341701,-27.233334832529827,-73.91030363547785,415.0247015784684,26.545483334966168,-89.84254143228142,90.02776022424257,0.08291628283487013,256.7419009302709,1.0007171852923995,2.881177493373397e-16,-6.278896956798416e-36,0.7286944696180301,0.00020727138824847704,0.0,10387.012191510308,80.97988831477056
562482.5624959349,5086.999119485728,-27.233334832546582,-73.91030359762938,415.0230267831456,26.530202888001295,-89.84254311620614,90.02897017980166,0.08285736420344109,256.74133096063406,1.0007149636900485,2.6596620456673418e-16,-5.140726965276527e-36,0.7295324956261692,0.0002070326027631252,0.0,10387.01227437109,80.95655516018827
562483.1624959348,5071.087865153328,-27.233334832572996,-73.91030354093802,415.0205190220334,26.50732301299591,-89.84254563612491,90.03078636358278,0.0827691582741502,256.7404811778582,1.0007116514444645,2.358908629306918e-16,-3.8083452383550604e-36,0.73079001662111,0.00020667532131505805,0.0,10387.012398483414,80.92160533586407
562483.5624959347,5060.487982556224,-27.23333483259148,-73.91030350319893,415.0188501268899,26.492096887708854,-89.84254731211101,90.03199798551006,0.08271046867774276,256.7399180900026,1.0007094566656152,2.1775471191880826e-16,-3.118009929864639e-36,0.7316286850789828,0.00020643772954280934,0.0,10387.012481106007,80.89833864701805
562484.1624959345,5044.599567428231,-27.233334832620496,-73.91030344667163,415.0163511872403,26.469298263490355,-89.84254982016877,90.03381666548117,0.08262260526786562,256.73907858569305,1.000706184482981,1.9313110470343023e-16,-2.3098791960263245e-36,0.7328871691257779,0.00020608223227256016,0.0,10387.012604861942,80.86348827214586
562484.5624959344,5034.01488392055,-27.233334832640704,-73.91030340904099,415.01468815394736,26.454126151472725,-89.84255148827808,90.03502994896752,0.08256414333161174,256.7385223207209,1.0007040162980638,1.782824800620323e-16,-1.891169476302177e-36,0.7337264792034048,0.00020584582570939373,0.0,10387.012687247538,80.84028771738477
562485.1624959343,5018.149226981215,-27.233334832672295,-73.91030335267655,415.01219797852303,26.43140831723849,-89.8425539845665,90.03685111800118,0.08247662038724975,256.7376930067885,1.0007007838350293,1.5812237549415604e-16,-1.4010131871709725e-36,0.7349859250585693,0.00020549209992002542,0.0,10387.012810648861,80.80553629626105
562485.5624959342,5007.579688704573,-27.23333483269422,-73.9103033151542,415.01054076909224,26.41628991248892,-89.84255564484701,90.03806605861952,0.08241838474745058,256.7371435063067,1.0006986420164423,1.4596534980570307e-16,-1.1470527896145336e-36,0.7358258759284456,0.00020525687014055758,0.0,10387.01289279864,80.78240154629842
562486.162495934,4991.736709389836,-27.233334832728392,-73.91030325895181,415.0080593011635,26.39365241102764,-89.84255812944156,90.03988970991955,0.08233120023135532,256.7363242957548,1.000695448933916,1.294596521379024e-16,-8.497578375542877e-37,0.7370862823532361,0.00020490490325253256,0.0,10387.013015847122,80.74774858676189
562486.562495934,4981.182262788527,-27.233334832752025,-73.91030322153723,415.0064078779427,26.378587409927064,-89.84255978195748,90.04110630323183,0.082273189535358,256.73578150201797,1.0006933332565817,1.1950632129689923e-16,-6.957230003178476e-37,0.7379268731907924,0.00020467084190916912,0.0,10387.013097762256,80.72467931465874
562487.1624959338,4965.361880994402,-27.233334832788753,-73.91030316549606,415.0039350612815,26.356029787583513,-89.84256225493591,90.04293242962862,0.08218634142677465,256.7349723086058,1.000690179218418,1.0599259895564944e-16,-5.154044152453928e-37,0.7391882389502353,0.00020432062145889178,0.0,10387.013220459643,80.69012432804533
562487.5624959337,4954.822472812608,-27.233334832814094,-73.91030312818911,415.0022893869514,26.341017888872127,-89.84256389974449,90.04415067069542,0.08212855433286091,256.7344361645317,1.000688089459844,9.784350086461206e-17,-4.219775214826216e-37,0.7400294689338561,0.00020408772028096306,0.0,10387.013302141297,80.66712020919023
562488.1624959336,4939.024608884938,-27.233334832853377,-73.91030307230838,414.9998251658262,26.318539695512303,-89.84256636119157,90.04597926578349,0.08204204062735403,256.73363690295764,1.000684974133558,8.677940074646618e-17,-3.1260872158472376e-37,0.7412917927972591,0.00020373923391954677,0.0,10387.013424489332,80.63266271030875
562488.5624959335,4928.500186173245,-27.23333483288041,-73.91030303510772,414.99818520339653,26.30358060026585,-89.84256799833622,90.04719915025184,0.08198447580463669,256.7331073518671,1.0006829100728227,8.010748350005258e-17,-2.5594242041051634e-37,0.7421336611075634,0.00020350748471232926,0.0,10387.013505938661,80.6097234223857
562489.1624959334,4912.7247609058395,-27.23333483292223,-73.9103029793866,414.99572952256676,26.281181389242263,-89.84257044834133,90.04903020695558,0.08189829451392595,256.73231793771237,1.0006798331293707,7.104896443823248e-17,-1.896068600116807e-37,0.7433969418483608,0.00020316072020428176,0.0,10387.01362793907,80.57536292948417
562489.5624959333,4902.215271008201,-27.23333483295095,-73.91030294229209,414.9940952353726,26.266274800849477,-89.84257207788394,90.05025173031802,0.08184095064222913,256.73179492362874,1.0006777945482908,6.558646058250528e-17,-1.5523699541017204e-37,0.7442394476690405,0.00020293011484826855,0.0,10387.013709157223,80.55248815246416
562490.1624959331,4886.462205641903,-27.2333348329953,-73.91030288672984,414.99164804008285,26.243954128967015,-89.84257451651335,90.05208524170247,0.08175509979402855,256.73101527328225,1.0006747556617772,5.816997241653329e-17,-1.1500242597596771e-37,0.7455036840645712,0.00020258506007018879,0.0,10387.013830811722,80.51822418719583
562490.562495933,4875.967596201226,-27.2333348330257,-73.91030284974094,414.99001939178135,26.229099753107043,-89.84257613850194,90.05330839929137,0.08169797556378777,256.73049874070966,1.0006727423440431,5.369765250131337e-17,-9.41560398832096e-38,0.7463468265817463,0.00020235559052015958,0.0,10387.013911799837,80.49541360330767
562491.1624959329,4860.236812417395,-27.233334833072565,-73.91030279433677,414.9875806277565,26.2068571805884,-89.84257856584736,90.05514435909014,0.08161245320163842,256.7297287714299,1.0006697411919616,4.7625545533206953e-17,-6.97525288881593e-38,0.7476120174134743,0.00020201223345949368,0.0,10387.014033110134,80.4612456907015
562491.5624959328,4849.757031363435,-27.233334833104657,-73.9103027574534,414.9859575823228,26.192054725207246,-89.84258018033692,90.05636914655477,0.08155554731377965,256.72921866559744,1.0006677529240904,4.396391966486056e-17,-5.710855085196816e-38,0.7484557958164669,0.00020178389174376057,0.0,10387.014113869343,80.43849898441928
562492.1624959327,4834.04845127929,-27.233334833154025,-73.91030270220648,414.9835271957625,26.16988981565934,-89.84258259647389,90.05820754739923,0.08147035149688805,256.7284582955378,1.0006647891874227,3.899249893216203e-17,-4.2307066524929067e-38,0.7497219398700685,0.00020144222049756864,0.0,10387.014234837126,80.40442665285038
562492.5624959326,4823.583446840756,-27.23333483318776,-73.91030266542731,414.9819097174868,26.155138990948522,-89.84258420350785,90.05943396020058,0.08141366266273925,256.72795456201317,1.00066282575725,3.5994613214256224e-17,-3.463810271180936e-38,0.7505663533502344,0.00020121499871701508,0.0,10387.014315368555,80.38174351085935
562493.1624959324,4807.896993011236,-27.23333483323963,-73.91030261033688,414.97948765506044,26.133051311329968,-89.84258660851191,90.06127479568532,0.08132879146582661,256.7272037100773,1.0006598991199027,3.192435815595111e-17,-2.5660544592077325e-38,0.7518334494151477,0.00020087500149069823,0.0,10387.014435995507,80.3477662920139
562493.5624959323,4797.446713698097,-27.233334833275034,-73.9103025736618,414.9778757085441,26.11835182970398,-89.84258820815684,90.06250282947397,0.08127231840699514,256.726706295176,1.0006579603181796,2.9469896913660866e-17,-2.100908080444674e-38,0.7526784971671067,0.00020064889181811935,0.0,10387.014516300269,80.32514640320564
562494.1624959322,4781.782309108414,-27.233334833329383,-73.91030251872711,414.9754619173854,26.096340950291175,-89.84259060210123,90.06434609305202,0.08118776992013313,256.7259648811006,1.000655070467306,2.6137453909854673e-17,-1.5563914089245467e-38,0.7539465440368484,0.00020031055692422463,0.0,10387.014636588054,80.29126383205248
562494.5624959321,4771.346703722142,-27.233334833366445,-73.91030248215557,414.97385546753804,26.08169252636615,-89.84259219440517,90.06557574313638,0.08113151136841625,256.7254737315429,1.000653156086361,2.412791099968885e-17,-1.2742657411697378e-38,0.754792225257466,0.00020008555160339726,0.0,10387.01471666726,80.2687068874921
562495.162495932,4755.704271784984,-27.233334833423267,-73.91030242737584,414.9714498952402,26.059758020722548,-89.84259457737241,90.06742142806719,0.08104728369687823,256.7247416759058,1.000650302712393,2.1399537417557327e-17,-9.439995355835263e-39,0.756061221729568,0.00019974886746045264,0.0,10387.014836617536,80.23491850225598
562495.5624959319,4745.283289408311,-27.23333483346199,-73.91030239090779,414.9698489072757,26.04516037129462,-89.84259616237883,90.0686526902102,0.08099123839415186,256.7242567390278,1.000648412546955,1.9754262830116854e-17,-7.728815906953819e-39,0.7569075356185907,0.00019952495880542484,0.0,10387.014916472288,80.21242419517054
562496.1624959317,4729.662753963843,-27.233334833521273,-73.91030233628187,414.96745150188644,26.023301816237037,-89.84259853444449,90.07050079000568,0.08090732965825853,256.7235339631132,1.0006455953430775,1.752045946268614e-17,-5.72564920412713e-39,0.7581774804943107,0.00019918991393668277,0.0,10387.0150360867,80.17872953729498
562496.5624959316,4719.256343963556,-27.233334833561617,-73.91030229991635,414.9658559413204,26.00875466026151,-89.8426001122084,90.07173365979234,0.08085149635638242,256.72305518673267,1.000643729189753,1.6173422554748675e-17,-4.687765934030983e-39,0.7590244262539544,0.00019896709433094682,0.0,10387.015115718086,80.1562975630494
562497.1624959315,4703.657629269175,-27.233334833623356,-73.9103022454443,414.96346665133683,25.98697163583024,-89.84260247344346,90.07358416767023,0.08076790469134923,256.72234161275026,1.0006409478527583,1.4344539033436138e-17,-3.4727833619597096e-39,0.7602953183388285,0.00019863367736333356,0.0,10387.015234998267,80.12269617717891
562497.5624959314,4693.265741293319,-27.23333483366533,-73.91030220918043,414.96187648398256,25.97247469440049,-89.84260404401525,90.07481864079594,0.08071228215206606,256.7218689451728,1.0006391055100554,1.3241678486511552e-17,-2.8432750523259003e-39,0.7611428951738104,0.00019841193925905696,0.0,10387.015314407377,80.1003262332568
562498.1624959313,4677.688772027381,-27.23333483372952,-73.91030215486109,414.95949525834664,25.950766783827135,-89.8426063944953,90.07667155019564,0.08062900570785854,256.7211644960369,1.0006363597394825,1.1744315297210026e-17,-2.1063505375793897e-39,0.762414733277065,0.00019808013892192575,0.0,10387.01543335495,80.06681766719826
562498.5624959312,4667.311355996877,-27.233334833773117,-73.91030211869878,414.9579104503124,25.936319780153774,-89.84260795792308,90.07790762212595,0.08057359270268845,256.72069788622065,1.0006345410084523,1.084136944710325e-17,-1.7245342743099128e-39,0.7632629403951032,0.00019785947483925295,0.0,10387.015512542861,80.04450945318915
562499.162495931,4651.756057254039,-27.233334833839738,-73.9103020645314,414.95553723840584,25.91468656983068,-89.84261029772607,90.07976292697886,0.08049062964387466,256.7200024855899,1.0006318305067408,9.615432150087117e-18,-1.2775667597812159e-39,0.764535723329759,0.00019752927996327202,0.0,10387.015631159438,80.01109325788549
562499.5624959309,4641.393063372001,-27.233334833884953,-73.91030202847014,414.9539577560916,25.900289229221027,-89.84261185406021,90.08100059354689,0.08043542495402917,256.71954188282376,1.0006300351897242,8.876162610979377e-18,-1.0459833848423369e-39,0.7653845599406291,0.00019730968248944986,0.0,10387.015710127216,79.98884647545347
562500.1624959308,4625.85936065577,-27.233334833953986,-73.910301974454,414.951592507731,25.87873030866957,-89.84261418325481,90.08285828701054,0.08035277345962624,256.71885545518427,1.0006273596625397,7.87245004013924e-18,-7.748837605983504e-40,0.766658286523828,0.0001969810820055,0.0,10387.015828414398,79.95552220495713
562500.5624959307,4615.510739393532,-27.233334834000814,-73.91030193849373,414.9500183178252,25.86438235850757,-89.84261573253882,90.08409754408741,0.08029777587590038,256.7184008094107,1.000625587564424,7.267187330987918e-18,-6.344212797997524e-40,0.7675077518403165,0.00019676254379426405,0.0,10387.01590716311,79.933336557835
562501.1624959306,4599.998558619991,-27.233334834072256,-73.91030188462808,414.9476609832578,25.842897320349575,-89.84261805120066,90.08595761990917,0.08021543413924274,256.7177232799111,1.0006229467200147,6.445416978365013e-18,-4.699909713852203e-40,0.7687824208927444,0.00019643552673229617,0.0,10387.016025122484,79.90010376927623
562501.5624959305,4589.664260723628,-27.233334834120686,-73.91030184876749,414.9460920527341,25.828598490075983,-89.84261959348959,90.08719846294143,0.08016064246192915,256.71727454148714,1.000621197647304,5.949869782505498e-18,-3.847961316550205e-40,0.7696325141299346,0.00019621804050305185,0.0,10387.016103653184,79.87797896323819
562502.1624959303,4574.17352821026,-27.23333483419454,-73.9103017950516,414.943742582633,25.80718693000416,-89.84262190168738,90.08906091461688,0.0800786086905193,256.71660583615716,1.000618591197351,5.277061119877392e-18,-2.8506406304482966e-40,0.7709081244764671,0.00019589259599108656,0.0,10387.016221286329,79.84483721680648
562502.5624959302,4563.853504694067,-27.233334834244566,-73.91030175929062,414.9421788787477,25.792936951095992,-89.84262343702241,90.09030333932195,0.08002402172930721,256.7161629559559,1.000616864958561,4.871341389235875e-18,-2.3339075729522146e-40,0.7717588448520922,0.0001956761545282154,0.0,10387.016299600065,79.82277295965267
562503.1624959301,4548.384147165343,-27.2333348343208,-73.91030170572377,414.93983722420705,25.771598467842292,-89.84262573482948,90.0921681602768,0.07994229414467749,256.7155030014143,1.0006142926170425,4.320492243774983e-18,-1.7290017252910585e-40,0.7730353953210585,0.0001953522717911245,0.0,10387.016416908546,79.78972181855505
562503.56249593,4538.078349310905,-27.23333483437242,-73.91030167006191,414.9382787144954,25.757397073794582,-89.84262726326105,90.09341216251572,0.07988791071856491,256.71506593081426,1.0006125890226583,3.988317021702914e-18,-1.4155871410805098e-40,0.7738867420553993,0.00019513686794328798,0.0,10387.01649500636,79.76771782009514
562504.1624959299,4522.630293890834,-27.23333483445104,-73.91030161664338,414.93594482702605,25.736131269103133,-89.84262955075076,90.09527934680337,0.07980648755614088,256.71441465442507,1.000610050506457,3.537319884017847e-18,-1.048693032060422e-40,0.7751642314789337,0.00019481453630182575,0.0,10387.016611991736,79.73475685053859
562504.5624959298,4512.338673242368,-27.23333483450424,-73.91030158108057,414.93439147929996,25.721978195408653,-89.8426310723131,90.09652492228913,0.07975230649333721,256.713983345357,1.0006083693691163,3.265357813097215e-18,-8.585973914372828e-41,0.7760162037950238,0.0001946001629812666,0.0,10387.016689874663,79.71281282257436
562505.1624959296,4496.911847448908,-27.233334834585232,-73.91030152780966,414.93206531082507,25.700784674005813,-89.84263334955418,90.0983944633099,0.0796711860022946,256.7133406752656,1.0006058643981606,2.896112585295434e-18,-6.360647646588953e-41,0.777294631009253,0.00019427937185101943,0.0,10387.016806538477,79.67994159373892
562505.5624959295,4486.634355822578,-27.233334834640008,-73.91030149234464,414.93051709316956,25.686679658136363,-89.84263486431858,90.09964160794425,0.07961720614014227,256.71291507990406,1.0006042055314515,2.6734488731796886e-18,-5.207658781219316e-41,0.7781472281319308,0.00019406602203275714,0.0,10387.016884207542,79.65805725003526
562506.1624959294,4471.228687567636,-27.23333483472336,-73.91030143922063,414.9281985960203,25.665558027704144,-89.84263713137979,90.10151349960363,0.07953638658328059,256.71228094498616,1.0006017338285162,2.3711364484174777e-18,-3.8579295606234705e-41,0.7794265919767146,0.00019374676092312,0.0,10387.017000551332,79.62527533404871
562506.5624959293,4460.965277035721,-27.233334834779715,-73.9103014038533,414.92665547679115,25.65150080909229,-89.84263863936894,90.10276220920257,0.07948260676815351,256.71186101613665,1.000600097048486,2.188834818909617e-18,-3.158606146731072e-41,0.7802798131337592,0.00019353442764442297,0.0,10387.017078007557,79.60345039033224
562507.1624959292,4445.580694625154,-27.233334834865413,-73.9103013508755,414.9243446037022,25.63045068023834,-89.84264089631205,90.10463644486825,0.0794020864217594,256.7112353458703,1.000597658338694,1.9413223386273557e-18,-2.3399536213445334e-41,0.7815601124524241,0.00019321668615750328,0.0,10387.017194032846,79.57075736223638
562507.5624959291,4435.331317517906,-27.233334834923337,-73.91030131560538,414.9228065515225,25.616441000257176,-89.842642397588,90.10588671521937,0.07934850550897318,256.7108210368249,1.000596043463287,1.7920663875546207e-18,-1.9157923376522287e-41,0.7824139568742234,0.0001930053625171347,0.0,10387.017271277242,79.5489915361701
562508.1624959289,4419.967749642208,-27.233334835011377,-73.91030126277309,414.9205032556277,25.595461986486544,-89.84264464448874,90.10776328903934,0.07926828266268071,256.7102037614487,1.000593637474725,1.5894203072829818e-18,-1.419254256461472e-41,0.783695190514077,0.0001926891303467996,0.0,10387.017386985543,79.51638697390048
562508.5624959288,4409.7323585497215,-27.233334835070846,-73.91030122760017,414.9189702393856,25.581499588432717,-89.84264613909036,90.1090151160296,0.0792148995164135,256.70979502590757,1.0005920443234755,1.4672198695207616e-18,-1.161987316717358e-41,0.7845496574333053,0.00019247880950434327,0.0,10387.017464019118,79.49467998506607
562509.1624959287,4394.389734285884,-27.23333483516123,-73.91030117491226,414.9166744742139,25.560591306123026,-89.84264837601287,90.11089402159395,0.0791349724730865,256.70918607633587,1.000589670786865,1.3013072908797623e-18,-8.608216103559358e-42,0.7858318242452235,0.00019216407643523437,0.0,10387.017579411939,79.46216346942745
562509.5624959286,4384.168282055296,-27.23333483522225,-73.91030113983565,414.9151464630592,25.54667593519855,-89.84264986398372,90.11214740113452,0.07908178596629169,256.70878286842407,1.0005880991809637,1.2012580340028877e-18,-7.04781252996695e-42,0.7866869128968947,0.00019195475161044436,0.0,10387.017656235692,79.44051503930912
562510.1624959285,4368.8465308649465,-27.233334835314945,-73.91030108729231,414.91285818253056,25.525838003570932,-89.84265209099445,90.11402863241236,0.07900215304188993,256.70818217617176,1.000585757829366,1.065420302947804e-18,-5.2211493570102435e-42,0.7879700117352141,0.00019164150751694098,0.0,10387.017771314526,79.40808615394461
562510.5624959284,4358.638970594853,-27.233334835377505,-73.91030105231114,414.9113351458726,25.511969406864548,-89.84265357238039,90.11528356033357,0.07894916205620499,256.7077844505243,1.0005842075919913,9.83506899158759e-19,-4.27471631944166e-42,0.788825721356984,0.00019143317198911384,0.0,10387.01784792945,79.38649600591471
562511.1624959282,4343.338022314012,-27.233334835472508,-73.91030099991121,414.90905430429365,25.491201447957035,-89.84265578954812,90.11716711113421,0.07886982157965021,256.7071919479071,1.0005818981615897,8.72292370825019e-19,-3.1667885982714524e-42,0.7901097510801074,0.00019112140683444362,0.0,10387.01796269578,79.35415433728902
562511.5624959281,4333.144307354465,-27.233334835536624,-73.91030096502544,414.907536211798,25.477379374426533,-89.84265726439268,90.11842358332986,0.07881702500531457,256.70679965961284,1.000580369117689,8.052273477577857e-19,-2.592747683625821e-42,0.7909660809121014,0.00019091405394175892,0.0,10387.018039102859,79.33262219658972
562512.162495928,4317.864092200063,-27.233334835633936,-73.91030091276829,414.905262763858,25.45668101306703,-89.84265947178625,90.12030944773201,0.07873797531837211,256.70621527947463,1.0005780913467257,7.141725928202154e-19,-1.9207552476308895e-42,0.7922510403816985,0.00019060375777693348,0.0,10387.01815355816,79.30036733395332
562512.5624959279,4307.684176153503,-27.233334835699573,-73.91030087797746,414.9037495854442,25.442905213522053,-89.84266094013297,90.12156746021208,0.0786853720541476,256.7058283840029,1.0005765833227294,6.592643957369676e-19,-1.572581675273623e-42,0.7931079896662654,0.00019039738091579907,0.0,10387.018229758372,79.27889292767803
562513.1624959278,4292.424624711275,-27.233334835799173,-73.91030082586238,414.9014834862111,25.422276077303355,-89.84266313780725,90.123455631678,0.07860661151129682,256.70525205998723,1.0005743369525626,5.84715067326736e-19,-1.164997475144174e-42,0.7943938777480367,0.00019008854387879127,0.0,10387.018343904107,79.2467244630553
562513.5624959277,4282.2584614297375,-27.233334835866334,-73.91030079116646,414.8999751920497,25.408546304386462,-89.84266459970206,90.12471518025396,0.07855420046437946,256.70487051317735,1.000572849776343,5.397600375803016e-19,-9.538194329607951e-43,0.7952514457298139,0.00018988313650319228,0.0,10387.01841989843,79.2253075201298
562514.1624959275,4267.0195046635345,-27.23333483596822,-73.91030073919279,414.89771639696613,25.38798602363978,-89.84266678772588,90.12660565314802,0.0784757274327007,256.7043021793801,1.0005706345500949,4.787242095202841e-19,-7.0660700720007434e-43,0.7965382612924574,0.0001895757488178681,0.0,10387.01853373605,79.1932250482809
562514.5624959274,4256.867048241198,-27.2333348360369,-73.91030070459051,414.8962129574762,25.374302031812636,-89.84266824321229,90.1278667339655,0.07842350751864414,256.7039259376577,1.0005691680518098,4.419181439989783e-19,-5.7852099194488945e-43,0.797396447218834,0.00018937130443888073,0.0,10387.01860952545,79.17186529946102
562515.1624959273,4241.648617476225,-27.233334836141054,-73.9103006527576,414.8939614223558,25.353810239581936,-89.84267042165216,90.12975950216807,0.07834532037768356,256.7033655290006,1.0005669837158215,3.919462343062181e-19,-4.285790083471691e-43,0.7986841891352083,0.00018906535641421816,0.0,10387.018723056404,79.13986841787234
562515.5624959272,4231.509822253138,-27.23333483621125,-73.91030061824894,414.8924628082023,25.340171785104605,-89.84267187076681,90.1310221109669,0.07829329052031246,256.7029945491482,1.0005655377270195,3.6181197643118886e-19,-3.508908778278745e-43,0.7995429922558517,0.0001888618685992604,0.0,10387.018798641837,79.11856559571362
562516.1624959271,4216.311849184334,-27.23333483631767,-73.9103005665561,414.8902184892255,25.319748117121165,-89.84267403968231,90.13291716830524,0.07821538766197222,256.702442001068,1.0005633840296388,3.2089843699520626e-19,-2.5994642640705404e-43,0.8008316594020245,0.0001885573506283257,0.0,10387.01891186756,79.08665390456227
562516.562495927,4206.186669746414,-27.233334836389382,-73.91030053214061,414.8887246713168,25.30615495803764,-89.84267548246876,90.13418130140705,0.07816354679331158,256.70207624021526,1.0005619583832224,2.962265932429012e-19,-2.1282617200958074e-43,0.8016910789687066,0.0001883548130005879,0.0,10387.018987249981,79.0654077434076
562517.1624959268,4191.009086430073,-27.23333483649806,-73.91030048058721,414.8864875250271,25.285799052694998,-89.8426776419264,90.13607864190753,0.07808592662172574,256.70153148881235,1.0005598350753844,2.6272942014162546e-19,-1.5766554890868883e-43,0.8029806702244203,0.00018805171555969494,0.0,10387.019100171898,79.03358084554388
562517.5624959267,4180.897477601655,-27.233334836571256,-73.91030044626484,414.8849984745124,25.272250948815977,-89.84267907843291,90.1373442952719,0.07803427368191473,256.701170904576,1.0005584296061532,2.4252982283737076e-19,-1.2908565697872201e-43,0.8038407054914936,0.00018785012179758847,0.0,10387.019175352252,79.01239108151255
562518.1624959266,4165.740216457285,-27.233334836682182,-73.91030039485022,414.88276845781274,25.251962447146678,-89.8426812284946,90.13924391329687,0.0779569346133408,256.7006338865135,1.0005563364409864,2.151046569571976e-19,-9.562903270596214e-44,0.8051312197397591,0.00018754843544539984,0.0,10387.019287971776,78.98064858243546
562518.5624959265,4155.642133302055,-27.23333483675688,-73.91030036061977,414.88128414607945,25.238459160033436,-89.84268265875082,90.14051108293245,0.07790546855055856,256.7002784369237,1.0005549509853529,1.985666253714581e-19,-7.829444414796015e-44,0.8059918699639137,0.00018734777928194868,0.0,10387.019362951007,78.95951495340555
562519.1624959264,4140.505127101205,-27.23333483687004,-73.91030030934328,414.8790612162284,25.218237705680995,-89.84268479947846,90.14241297232931,0.07782840901324237,256.6997490895826,1.000552887718783,1.7611279855804354e-19,-5.800196656515118e-44,0.8072833060917272,0.00018704749465860618,0.0,10387.019475269548,78.92785646124048
562519.5624959263,4130.420524921268,-27.233334836946224,-73.91030027520469,414.87758161489984,25.204778998627752,-89.84268622353727,90.14368165408037,0.07777712878362755,256.69939873302894,1.0005515221145596,1.6257260344369296e-19,-4.74880023692214e-44,0.8081445705319126,0.0001868477698808276,0.0,10387.01955004859,78.90677870682947
562520.1624959261,4115.303706797771,-27.233334837061605,-73.9103002240657,414.8753657295079,25.184624237826103,-89.84268835499047,90.14558580899104,0.07770034721771231,256.6988769942249,1.000549488504208,1.441889648261667e-19,-3.517998697915479e-44,0.8094369274291381,0.00018654887770704144,0.0,10387.019662067542,78.87520383230056
562520.562495926,4105.232541129924,-27.233334837139267,-73.91030019001853,414.8738908104408,25.171209875846046,-89.84268977288156,90.14685599918262,0.07764925178529154,256.6985316895459,1.0005481425909575,1.3310319063446834e-19,-2.880294245090354e-44,0.8102988053467166,0.0001863500781554388,0.0,10387.019736647322,78.85418169385714
562521.1624959259,4090.1358445612714,-27.23333483725687,-73.91030013901637,414.8716819274667,25.15112145739375,-89.84269189512459,90.14876241383614,0.0775727466426833,256.6980174979213,1.0005461383976666,1.180519402784312e-19,-2.1337750375469096e-44,0.8115920819074417,0.00018605256923175125,0.0,10387.019848368074,78.82269005027715
562521.5624959258,4080.078071177937,-27.233334837336013,-73.91030010506066,414.8702116627488,25.137751207201365,-89.84269330690081,90.15003410863596,0.07752183497929313,256.69767720429417,1.0005448120162719,1.089756759859709e-19,-1.7469875598889362e-44,0.8124545725659575,0.00018585468879968282,0.0,10387.019922749514,78.80172327085947
562522.1624959257,4065.001429999247,-27.233334837455825,-73.91030005419428,414.86800974049595,25.11772878243779,-89.842695419984,90.15194277709634,0.0774456047235642,256.6971704988589,1.0005428370023175,9.665275439284658e-20,-1.2942005673726098e-44,0.8137487676870613,0.00018555855400545864,0.0,10387.020034173445,78.77031447408991
562522.5624959256,4054.9570049028844,-27.233334837536432,-73.91030002032916,414.8665441024437,25.104402412434386,-89.84269682567972,90.15321597248492,0.0773948758087768,256.6968351759241,1.0005415299954665,8.922173766076493e-20,-1.059601997125457e-44,0.8146118703525603,0.00018536158663864398,0.0,10387.020108357461,78.74940279845757
562523.1624959254,4039.9003532947972,-27.23333483765844,-73.91029996959878,414.86434909955693,25.084445635217502,-89.8426989296766,90.15512688893298,0.07731891891504955,256.69633589633327,1.0005395839256392,7.913258274019848e-20,-7.849726794597775e-45,0.8159069829345145,0.00018506681693135905,0.0,10387.02021948594,78.71807646689953
562523.5624959253,4029.869232722558,-27.23333483774052,-73.91029993582343,414.86288806071303,25.07116291547558,-89.84270032932385,90.15640158111337,0.07726837173610504,256.69600550401583,1.0005382961371296,7.304858078816747e-20,-6.42681389433383e-45,0.8167706968749872,0.00018487075662726286,0.0,10387.020293473443,78.69721964149213
562524.1624959252,4014.8325052065775,-27.23333483786472,-73.910299885228,414.8606999361746,25.051271442157976,-89.84270242428015,90.15831473967422,0.0771926866909377,256.6955135906055,1.0005363787788737,6.478827934569254e-20,-4.761102127695633e-45,0.8180667258220297,0.0001845773430416844,0.0,10387.020404307832,78.66597539606471
562524.5624959251,4004.814645620063,-27.23333483794826,-73.91029985154239,414.85924346930557,25.038032144404706,-89.84270381792717,90.15959092468236,0.07714232024265978,256.69518808931883,1.0005351100544067,5.980711982380463e-20,-3.89806143669546e-45,0.8189310503081377,0.0001843821838490297,0.0,10387.020478099725,78.64517316899357
562525.162495925,3989.7977770641446,-27.233334838074647,-73.9102998010813,414.8570621824322,25.01820563381048,-89.84270590391412,90.1615063197433,0.0770669055439454,256.6947034828741,1.0005332211769171,5.3044156973322163e-20,-2.887755722396374e-45,0.8202279945275565,0.00018409011749632022,0.0,10387.020588641375,78.6140106331033
562525.5624959249,3979.793135159649,-27.233334838159628,-73.91029976748504,414.85561026052636,25.00500953141457,-89.84270729159066,90.16278399401135,0.07701671882868723,256.6943828332363,1.0005319713629917,4.89659284687748e-20,-2.3642948456386403e-45,0.8210929288315999,0.0001838958535144797,0.0,10387.020662238558,78.5932627541296
562526.1624959247,3964.79606077075,-27.23333483828819,-73.91029971715766,414.8534357709654,24.985247644818067,-89.84270936866328,90.16470161998298,0.07694157298554598,256.6939054751494,1.000530110737829,4.342888277673499e-20,-1.7515131766915356e-45,0.8223907872341473,0.00018360512558147468,0.0,10387.02077248881,78.56218155365765
562526.5624959246,3954.804593462497,-27.233334838374613,-73.91029968365076,414.85198836723055,24.97209451277303,-89.84271075041758,90.16598077946102,0.07689156501309946,256.693589638352,1.0005288796831797,4.008991166725344e-20,-1.4340179619775856e-45,0.8232563306313538,0.00018341175096004862,0.0,10387.020845892173,78.54148777418987
562527.1624959245,3939.827248783782,-27.233334838505343,-73.91029963345645,414.84982063495687,24.952396913874836,-89.84271281863089,90.1679006303094,0.07681668654576766,256.69311947059157,1.0005270470841525,3.555656205798427e-20,-1.0623469237135795e-45,0.8245551021312615,0.0001831223527084318,0.0,10387.020955852364,78.51048753746733
562527.5624959244,3929.848913212307,-27.23333483859321,-73.91029960003766,414.8483777228178,24.939286528783995,-89.84271419449965,90.16918127126317,0.07676685633330252,256.69280840812183,1.0005258346386654,3.2822843714953413e-20,-8.697762544581757e-46,0.8254212538989169,0.00018292986164662246,0.0,10387.021029062795,78.48984761053651
562528.1624959243,3914.8912341268733,-27.233334838726087,-73.91029954997586,414.8462167081303,24.919652883690006,-89.84271625389941,90.17110334158967,0.0766922437730375,256.69234537308574,1.0005240298412545,2.911125095901754e-20,-6.443462723218006e-46,0.8267209374133474,0.00018264178441211153,0.0,10387.021138734248,78.45892796832005
562528.5624959242,3904.925987659022,-27.233334838815395,-73.9102995166452,414.84477826122713,24.906585023753976,-89.84271762392396,90.17238546016914,0.07664259034503994,256.69203904672344,1.0005228358559568,2.6873071671451385e-20,-5.275462043557848e-46,0.8275876968306415,0.00018245017115823772,0.0,10387.021211752628,78.4383416485694
562529.162495924,3889.9879103759304,-27.233334838950416,-73.91029946671526,414.84262392474574,24.88701500095247,-89.84271967458838,90.17430974424127,0.0765682422340026,256.6915830875225,1.0005210586384221,2.383427652586002e-20,-3.908159466435633e-46,0.8288882912806714,0.00018216340634990015,0.0,10387.021321136663,78.40750223403002
562529.562495924,3880.035710594617,-27.233334839041145,-73.9102994334723,414.84118991693083,24.87398944595244,-89.8427210387915,90.17559333670079,0.0765187646221919,256.69128145952413,1.0005198829661988,2.2001810304143784e-20,-3.199730922794215e-46,0.8297556576294396,0.00018197266520092012,0.0,10387.021393963865,78.38696927770486
562530.1624959238,3865.1171716572717,-27.233334839178312,-73.91029938367365,414.83904221959284,24.85448271629342,-89.84272308076638,90.17751982888761,0.07644467951335761,256.6908325197072,1.0005181331085078,1.9513855255168797e-20,-2.3704196130527828e-46,0.8310571619391152,0.0001816872043003291,0.0,10387.021503061786,78.3562097263987
562530.5624959237,3855.177976367995,-27.233334839270462,-73.91029935051843,414.83761262492965,24.841499247577786,-89.84272443919633,90.17880489155752,0.07639537675662907,256.6905355526043,1.0005169756033154,1.801355879885476e-20,-1.9407357865057593e-46,0.8319251345031258,0.00018149732960127935,0.0,10387.021575698682,78.33572989132695
562531.1624959236,3840.278912646696,-27.233334839409753,-73.91029930085044,414.83547152798684,24.822055484250175,-89.84272647253671,90.18073358626188,0.07632155321367756,256.6900935762603,1.0005152528875403,1.5976593478997522e-20,-1.437732822880411e-46,0.8332275475998867,0.00018121316416177887,0.0,10387.021684511792,78.30504984117701
562531.5624959235,3830.35267986916,-27.23333483950332,-73.91029926778174,414.8340463207471,24.80911388471963,-89.8427278252372,90.18202011543626,0.07627242435802672,256.68980123302305,1.0005141134050466,1.474825462606066e-20,-1.1771162900582313e-46,0.8340961256654219,0.00018102415030532394,0.0,10387.021756959242,78.28462288676099
562532.1624959233,3815.473028560169,-27.233334839644733,-73.91029921824384,414.83191178576226,24.789732763231804,-89.8427298499935,90.18395100695429,0.07619886095524878,256.68936616477237,1.0005124176153306,1.3080528468383275e-20,-8.720294325128197e-47,0.8353994464799638,0.00018074127195130845,0.0,10387.021865488832,78.25402197803962
562532.5624959233,3805.559716537595,-27.233334839739708,-73.91029918526164,414.8304909404242,24.776832817326387,-89.84273119699193,90.18523899888105,0.07614990505371894,256.68907840853655,1.0005112960118474,1.2074849669846929e-20,-7.139574433340016e-47,0.8362686293348601,0.00018055311337716903,0.0,10387.021937747697,78.23364766523419
562533.1624959231,3790.6994151594117,-27.233334839883238,-73.91029913585321,414.8283629292682,24.757514015484375,-89.84273321323082,90.18717208189838,0.07607660037591349,256.68865019354604,1.0005096269344649,1.070943097082053e-20,-5.289128265466902e-47,0.8375728568012445,0.0001802715138033435,0.0,10387.022045995047,78.20312554054276
562533.562495923,3780.798982342705,-27.233334839979626,-73.91029910295717,414.8269464205145,24.744655509169284,-89.84273455456162,90.18846153305557,0.07602781648851573,256.6883669879875,1.0005085230684096,9.886050807108084e-21,-4.330372752438993e-47,0.8384426437361335,0.00018008420499793855,0.0,10387.02211806618,78.1828036318562
562534.1624959229,3765.95796873793,-27.23333484012526,-73.91029905367766,414.8248248953633,24.7253987070563,-89.84273656232192,90.19039680179644,0.07595476913089692,256.687945571857,1.0005068804913217,8.768140522455941e-21,-3.2080199091387514e-47,0.8397477767914044,0.00017980387596855849,0.0,10387.022226032566,78.15235993610167
562534.5624959228,3756.0703737931326,-27.233334840223048,-73.91029902086773,414.82341269807864,24.712581427807425,-89.84273789803106,90.19168770825856,0.07590615632455155,256.68766688093126,1.000505794222202,8.094013857976365e-21,-2.6265050319383663e-47,0.8406181670989188,0.00017961741146442294,0.0,10387.022297916812,78.13209019557165
562535.1624959226,3741.2485861191526,-27.233334840370773,-73.91029897171613,414.82129762141005,24.693386307763202,-89.84273989738179,90.19362515738264,0.07583336489264499,256.68725220987466,1.0005041779357637,7.178746324711926e-21,-1.9457633131387337e-47,0.8419242046837095,0.00017933834481264013,0.0,10387.0224056035,78.10172457595407
562535.5624959226,3731.37378792651,-27.23333484046995,-73.91029893899157,414.81988971067966,24.68061004455424,-89.84274122749903,90.19491751557813,0.07578492224112011,256.6869779978119,1.0005031091241572,6.6268180905978634e-21,-1.5930565512892871e-47,0.8427951976584193,0.00017915271918795989,0.0,10387.022477301703,78.08150676913584
562536.1624959224,3716.571164661087,-27.233334840619765,-73.91029888996812,414.8177810452704,24.661476291155026,-89.84274321848368,90.19685713960006,0.07571238535067547,256.68657001844446,1.000501518920288,5.8774604105147575e-21,-1.180165640484768e-47,0.8441021387162423,0.00017887490681504567,0.0,10387.022584709954,78.05121887512159
562536.5624959223,3706.7091223103926,-27.233334840720328,-73.91029885732813,414.81637739637756,24.648740834444066,-89.8427445430388,90.1981509457975,0.07566411193452087,256.68630024983173,1.0005004674281637,5.4255797897601444e-21,-9.662380786427784e-48,0.8449737336549239,0.00017869011469321896,0.0,10387.022656222947,78.03105276907857
562537.1624959222,3691.9256022395566,-27.233334840872228,-73.91029880843185,414.8142751053001,24.629668134482493,-89.84274652572174,90.20009273930269,0.07559182821140786,256.68589890942934,1.0004989031013576,4.81205760931447e-21,-7.158069686975929e-48,0.8462815771330311,0.00017841354856795553,0.0,10387.022763354007,78.0008422523913
562537.5624959221,3682.0762750282884,-27.233334840974173,-73.91029877587643,414.81287569372444,24.616973276198234,-89.84274784475613,90.20138799002672,0.07554372311789047,256.685633549206,1.0004978687920578,4.442089046750637e-21,-5.860532847146557e-48,0.8471537733346894,0.00017822958461712147,0.0,10387.022834682624,77.98072761568156
562538.162495922,3667.311797257513,-27.233334841128137,-73.91029872710673,414.81077974034423,24.597961318662264,-89.84274981918085,90.20333194756105,0.0754716911980143,256.68523879531335,1.0004963301378573,3.9397795677084385e-21,-4.341590695909182e-48,0.8484625181828716,0.0001779542567749588,0.0,10387.02294153774,77.9505941302667
562538.5624959219,3657.475144685246,-27.233334841231464,-73.91029869463553,414.8093845417595,24.585306852191504,-89.8427511327266,90.2046286391353,0.07542375352105436,256.68497780889174,1.0004953128765677,3.636874926529152e-21,-3.554594463998713e-48,0.8493353149490989,0.00017777111570759207,0.0,10387.023012682803,77.93053073293633
562539.1624959217,3642.7296486301348,-27.233334841387496,-73.91029864599184,414.80729488973213,24.566355328247052,-89.84275309894825,90.20657475523157,0.07535197205026342,256.6845895895566,1.0004937996924752,3.2256187066605264e-21,-2.6333090616736488e-48,0.8506449601203037,0.0001774970182500811,0.0,10387.023119263207,77.90047393495513
562539.5624959216,3632.905630413443,-27.2333348414922,-73.91029861360487,414.80590388000473,24.55374104842075,-89.84275440703976,90.20787288399929,0.07530420089038567,256.68433294235916,1.000492799344421,2.9776213605829895e-21,-2.155971501745313e-48,0.8515183567538148,0.0001773146948223666,0.0,10387.023190225538,77.88046154850682
562540.1624959215,3618.179055787623,-27.23333484165028,-73.91029856508666,414.80382049327284,24.53484965139167,-89.84275636510878,90.2098211532468,0.07523266852436923,256.6839512063781,1.0004913114308585,2.640913244496606e-21,-1.597183405802472e-48,0.8528289012050078,0.0001770418199165625,0.0,10387.023296532456,77.85048109632646
562540.5624959214,3608.367631841451,-27.233334841756353,-73.91029853278272,414.8024336484596,24.522275354473457,-89.8427576677898,90.21112071568865,0.07518506298863051,256.68369886432436,1.0004903278632022,2.4378701896855084e-21,-1.3076634095437624e-48,0.8537028970111579,0.00017686030892813878,0.0,10387.023367312873,77.83051949372815
562541.1624959212,3593.6599186733365,-27.233334841916477,-73.91029848438941,414.8003564912501,24.503443779821406,-89.84275961775205,90.2130711327216,0.07511377839284293,256.6833235607118,1.00048886502144,2.1621968990185426e-21,-9.687411435668899e-49,0.8550143397016328,0.0001765886488057393,0.0,10387.023473347524,77.800615047882
562541.5624959212,3583.861049113795,-27.23333484202391,-73.91029845216856,414.7989737875964,24.49090926349371,-89.8427609150477,90.21437212547895,0.07506633759477274,256.68307549007824,1.0004878981027359,1.9959593051124652e-21,-7.931383097018413e-49,0.8558889339880363,0.00017640794509919252,0.0,10387.02354394683,77.78070400354773
562542.162495921,3569.1721377326176,-27.23333484218608,-73.91029840389957,414.79690282441766,24.47213720879919,-89.84276285696296,90.21632468494839,0.07499529944433332,256.6827065683784,1.0004864601361099,1.770257103245562e-21,-5.875714710219994e-49,0.8572012738804501,0.00017613749205598993,0.0,10387.023649710425,77.7508752267294
562542.5624959209,3559.38578288164,-27.233334842294852,-73.91029837176143,414.79552423835554,24.459642272151495,-89.84276414890537,90.21762710413013,0.07494802250388277,256.6824627356477,1.000485509735715,1.6341532721965654e-21,-4.810629201104379e-49,0.8580764659564217,0.00017595759051637952,0.0,10387.023720129431,77.73101451650307
562543.1624959208,3544.7156139174476,-27.233334842459055,-73.91029832361623,414.79345943399477,24.440929437096163,-89.84276608282181,90.21958180088717,0.07487722948349265,256.68210014589545,1.0004840964494732,1.4493639376755456e-21,-3.563802733594932e-49,0.8593897020165921,0.00017568833691161418,0.0,10387.023825623173,77.70126107354889
562543.5624959207,3534.9417342934757,-27.233334842569192,-73.91029829156082,414.79208494214123,24.428473880611683,-89.84276736945006,90.22088564314495,0.07483011552696599,256.68186051794754,1.0004831624382944,1.337931545092434e-21,-2.9177954245102363e-49,0.8602654911938475,0.00017550923246609633,0.0,10387.023895862678,77.68145047469844
562544.1624959206,3520.2902486771345,-27.23333484273541,-73.91029824353888,414.7900262616614,24.4098199669596,-89.8427692954182,90.22284247173427,0.07475956633082219,256.6815042106045,1.0004817736393483,1.1866388334118543e-21,-2.16155660210793e-49,0.861579622390554,0.0001752411707217916,0.0,10387.024001087764,77.65177203256731
562544.5624959205,3510.5288050007075,-27.233334842846897,-73.91029821156505,414.78865584081655,24.397403592503576,-89.84277057675976,90.22414773373153,0.07471261449082703,256.6812687545395,1.0004808558891494,1.0954057063125404e-21,-1.7697331852844565e-49,0.8624560079825762,0.00017506285833914246,0.0,10387.02407114856,77.63201132376726
562545.1624959203,3495.8959439555183,-27.233334843015133,-73.91029816366576,414.7866032495541,24.378808304081687,-89.84277249482314,90.22610668906496,0.07464230782252679,256.68091868063163,1.0004794913866104,9.715377099966638e-22,-1.311050945685549e-49,0.8637710332881048,0.00017479598093950234,0.0,10387.024176106175,77.6024075515267
562545.5624959202,3486.1468971436843,-27.233334843127945,-73.91029813177356,414.7852368766992,24.366430914889026,-89.84277377091479,90.22741336695175,0.07459551723791258,256.680687363876,1.000478589770428,8.968423428114753e-22,-1.0733979225506461e-49,0.8646480146105131,0.0001746184556297329,0.0,10387.024245989052,77.58269651285052
562546.1624959201,3471.5326021946967,-27.233334843298184,-73.91029808399642,414.783190340261,24.347893957569923,-89.84277568113552,90.22937444372342,0.07452545181038113,256.6803434747054,1.0004772493744831,7.954278044581415e-22,-7.951929551633121e-50,0.865963932999626,0.0001743527551204318,0.0,10387.024350680382,77.55316708165005
562546.56249592,3461.795913358219,-27.23333484341234,-73.91029805218544,414.7818279925567,24.33555535823308,-89.84277695200709,90.23068253408381,0.0744788216261809,256.6801162650437,1.0004763637667489,7.342724099613975e-22,-6.510490449727583e-50,0.8668415093702898,0.000174176011934383,0.0,10387.024420386126,77.53350549455979
562547.1624959199,3447.2001263201237,-27.23333484358458,-73.91029800452992,414.77978747681755,24.317076439917045,-89.84277885441946,90.23264572681308,0.07440899616157784,256.67977851245394,1.0004750472896966,6.512412082360364e-22,-4.823091261420926e-50,0.8681583198211159,0.00017391148092203883,0.0,10387.024524812337,77.50405007762411
562547.5624959198,3437.4757567662746,-27.233334843700067,-73.91029797280024,414.7784291316025,24.304776436374233,-89.84278012011004,90.2339552261024,0.07436252552895642,256.67955537791823,1.000474177565808,6.011714058240605e-22,-3.948813856027763e-50,0.8690364905597759,0.00017373551495093658,0.0,10387.024594341727,77.48443772495521
562548.1624959196,3422.898419743404,-27.233334843874296,-73.91029792526535,414.7763946027024,24.286355266971054,-89.8427820147669,90.2359205299484,0.07429293875859283,256.6792237142256,1.0004728848217885,5.331912072066009e-22,-2.925354049598873e-50,0.8703541920536114,0.00017347214610247103,0.0,10387.02469850399,77.45505599756413
562548.5624959195,3413.186330974102,-27.2333348439911,-73.91029789361622,414.77504023749105,24.274093666494736,-89.84278327530397,90.2372314349225,0.0742466268347918,256.67900462311326,1.0004720308581756,4.921975199905404e-22,-2.395077757960509e-50,0.871232956481918,0.00017329695247753172,0.0,10387.0247678578,77.43549266351538
562549.1624959194,3398.627386366017,-27.23333484416731,-73.91029784620228,414.7730116618327,24.25572995790692,-89.8427851622582,90.23919884505791,0.07417727749905689,256.67867900091727,1.0004707616624338,4.36540040536552e-22,-1.7743177252224228e-50,0.8725515480025281,0.00017303473851951464,0.0,10387.024871757272,77.40618430298126
562549.5624959193,3388.9275400731713,-27.23333484428544,-73.91029781463291,414.771661254314,24.243506569091707,-89.84278641767624,90.2405111522203,0.07413112344733545,256.6784639218659,1.0004699233368541,4.029772479826462e-22,-1.4526887505524412e-50,0.8734309054443274,0.00017286031241156496,0.0,10387.024940936271,77.38666977310592
562550.1624959192,3374.386930557899,-27.23333484446363,-73.91029776733897,414.76963859856056,24.22520003519627,-89.84278829696676,90.24248066273779,0.07406201029559899,256.67814429442177,1.0004686775071898,3.574087577138411e-22,-1.076178587843122e-50,0.8747503859792684,0.00017259924612973287,0.0,10387.025044574104,77.35743445877013
562550.5624959191,3364.699288627133,-27.23333484458307,-73.91029773584943,414.7682921265957,24.213014667947512,-89.84278954728633,90.24379436859832,0.07401601328518467,256.6779331962756,1.000467854698206,3.2992986716956254e-22,-8.811006652989045e-51,0.875630335760141,0.00017242558274877123,0.0,10387.02511357906,77.3379685199602
562551.1624959189,3350.1769571751356,-27.233334844763213,-73.91029768867499,414.76627535766767,24.19476502457866,-89.84279141897528,90.24576597455749,0.07394713507573022,256.6776195170636,1.000466632053297,2.9262154265057677e-22,-6.527356044909223e-51,0.8769507042993063,0.0001721656569872917,0.0,10387.0252169564,77.30880593316027
562551.5624959188,3340.501481675543,-27.233334844883966,-73.91029765726489,414.764932799289,24.18261749010064,-89.84279266423549,90.24708107580666,0.07390129428175607,256.67741236909995,1.0004658246411589,2.701237298022663e-22,-5.3441480984480625e-51,0.8778312457473672,0.00017199275158216902,0.0,10387.025285788071,77.28938837364355
562552.1624959187,3325.997371534817,-27.233334845066075,-73.9102976102094,414.76292188436184,24.164424455032943,-89.8427945283572,90.24905477232085,0.07383264978168999,256.67710459216767,1.0004646250018936,2.3957825703801244e-22,-3.959043361232889e-51,0.8791525012841395,0.0001717339592431772,0.0,10387.02538890605,77.26029819771038
562552.5624959186,3316.33402473107,-27.233334845188136,-73.91029757887887,414.761583217771,24.152314565818603,-89.84279576859485,90.25037126569417,0.0737869643851568,256.67690136375893,1.0004638328672228,2.21158605700852e-22,-3.241391139848632e-51,0.8800336337288108,0.00017156180710111243,0.0,10387.025457565192,77.24092880702877
562553.1624959185,3301.8480794355273,-27.233334845372188,-73.91029753194181,414.7595781242731,24.13417785875133,-89.84279762519525,90.25234704757386,0.07371855237034203,256.67659944347173,1.000462656055729,1.9615008767113e-22,-2.4012822693112634e-51,0.8813557752591237,0.00017130414114406903,0.0,10387.025560424943,77.21191072726312
562553.5624959184,3292.1968237729743,-27.233334845495545,-73.91029750068964,414.7582433278391,24.12210542856984,-89.84279886044017,90.25366492944809,0.07367302155804974,256.6764001044171,1.00046187908081,1.8106935259389634e-22,-1.966003996884056e-51,0.8822374980323613,0.00017113273759036124,0.0,10387.025628912308,77.19258929627237
562554.1624959182,3277.7289871359244,-27.233334845681554,-73.91029745387047,414.75624402344914,24.1040247711073,-89.84280070957212,90.2556427914038,0.07360484081301433,256.6761039955089,1.0004607249206514,1.6059410970373418e-22,-1.456451978619655e-51,0.8835605245550894,0.00017087619103145965,0.0,10387.025731514954,77.16364299992625
562554.5624959181,3268.089785249904,-27.2333348458062,-73.91029742269674,414.7549130757072,24.091989614994098,-89.84280193984024,90.25696205852412,0.07355946377752297,256.675908515776,1.000459962988425,1.4824704806251385e-22,-1.1924422413101863e-51,0.8844428369904169,0.00017070553142904088,0.0,10387.025799831288,77.14436932077768
562555.162495918,3253.6400013566017,-27.233334845994133,-73.910297375995,414.7529195283513,24.073964730633403,-89.84280378154506,90.25894199578143,0.07349151309539073,256.6756181735856,1.000458831305523,1.3148333695764608e-22,-8.833831795349597e-52,0.8857667475078794,0.00017045009734078438,0.0,10387.025902177946,77.11549449705434
562555.5624959179,3244.012816064991,-27.233334846120066,-73.91029734489936,414.751592408001,24.06196666487867,-89.84280500688249,90.2602626444862,0.07344628903496185,256.6754265234573,1.0004580843001598,1.2137441783723546e-22,-7.232531068677768e-52,0.8866496489409369,0.00017028017708988846,0.0,10387.02597032399,77.09626836318894
562556.1624959178,3229.58102928102,-27.23333484630993,-73.91029729831452,414.7496045858509,24.043997278989185,-89.8428068412107,90.26224465238484,0.07337856721737206,256.6751419035605,1.0004569749213597,1.0764945195941963e-22,-5.3579922533723554e-52,0.8879744424579412,0.00017002584860035348,0.0,10387.026072415767,77.06746470320685
562556.5624959177,3219.965823584236,-27.233334846437156,-73.91029726729704,414.74828127175454,24.03203612112703,-89.84280806164033,90.26356667977747,0.07333349533591911,256.6749540536002,1.0004562427281225,9.937296895865093e-23,-4.3867538273312535e-52,0.8888579322263638,0.00016985666313813647,0.0,10387.02614039226,77.04828590934372
562557.1624959175,3205.5519785489887,-27.233334846628946,-73.91029722082857,414.7462991432249,24.014121960936762,-89.84280988862865,90.26555075283035,0.07326600119295437,256.67467511198413,1.000455155481873,8.813591725996655e-23,-3.249788048071166e-52,0.8901836077506197,0.00016960343343051803,0.0,10387.026242230255,77.01955310613184
562557.5624959174,3195.948715629056,-27.233334846757444,-73.91029718988813,414.74497961440613,24.00219752973409,-89.84281110418726,90.26687415525181,0.07322108069999139,256.67449103301584,1.0004544379870413,8.13597060700178e-23,-2.6607018979765633e-52,0.8910676851940024,0.00016943497823068275,0.0,10387.026310037927,77.00042144825665
562558.1624959173,3181.5527572510764,-27.23333484695115,-73.91029714353552,414.7430031481527,23.984338324312425,-89.84281292388395,90.26886028833317,0.07315381305009638,256.6742177261214,1.0004533727035596,7.215958622979273e-23,-1.9710969814745363e-52,0.8923942417363638,0.000169182840542749,0.0,10387.026411623241,76.97175919673882
562558.5624959172,3171.9614004706964,-27.233334847080926,-73.91029711267215,414.7416873837947,23.972450439759548,-89.84281413459216,90.27018506256697,0.07310904316069242,256.6740373892447,1.0004526697944862,6.66116937147568e-23,-1.6137980084017856e-52,0.893278906196223,0.0001690151111152076,0.0,10387.026479262822,76.95267447209619
562559.1624959171,3157.583273930475,-27.23333484727653,-73.91029706643494,414.7397165487111,23.954645920003017,-89.84281594704085,90.27217325080058,0.0730420008306086,256.6737696738739,1.0004516263053973,5.907927263633345e-23,-1.1955312940128544e-52,0.8946063427702506,0.0001687640587387553,0.0,10387.026580596541,76.9240824690751
562559.562495917,3148.003786836751,-27.23333484740757,-73.9102970356483,414.73840452815557,23.942794403301754,-89.84281715293082,90.2734993938042,0.07299738076533854,256.67359305030044,1.0004509378698725,5.453704239946499e-23,-9.788184140065245e-53,0.8954915935895597,0.00016859705062920096,0.0,10387.026648068753,76.90504447615031
562560.1624959168,3133.643437581137,-27.23333484760508,-73.91029698952597,414.7364392933718,23.92504430191649,-89.84281895818442,90.27548963271605,0.07293056259002184,256.67333088367155,1.0004499160084235,4.837001759022204e-23,-7.251267128900091e-53,0.8968199092118536,0.00016834707690951837,0.0,10387.026749151959,76.8765224202917
562560.5624959167,3124.075783890672,-27.233334847737382,-73.91029695881578,414.7351309961168,23.913228975471142,-89.84282015928602,90.27681714083198,0.07288609157490979,256.67315794511416,1.0004492419361908,4.4651153991331925e-23,-5.936836472781883e-53,0.8977057457362971,0.00016818078569922148,0.0,10387.026816457523,76.85753095881748
562561.1624959166,3109.7331576356664,-27.233334847936785,-73.91029691280781,414.73317133099687,23.895533026958464,-89.8428219573789,90.27880942534722,0.07281949639746528,256.67290128476,1.0004482415368545,3.960202110273632e-23,-4.398117827445312e-53,0.8990349394260619,0.00016793188403454654,0.0,10387.02691729129,76.8290785506333
562561.5624959165,3100.177301249467,-27.233334848070356,-73.91029688217412,414.73186673669574,23.883753714364307,-89.84282315372202,90.2801382954971,0.07277517366394698,256.67273200297734,1.0004475817178362,3.655727309439126e-23,-3.600874973355198e-53,0.8999213610025416,0.0001677663053398409,0.0,10387.02698443092,76.8101334215611
562562.1624959164,3085.852343974635,-27.23333484827164,-73.91029683628005,414.72991261083524,23.866111655005547,-89.8428249446955,90.28213262037283,0.07270880033555432,256.6724808068438,1.000446602616697,3.242339270388456e-23,-2.667594515584531e-53,0.9012514317819187,0.00016751846918087912,0.0,10387.027085016322,76.78175036339886
562562.5624959163,3076.3082489650697,-27.23333484840646,-73.91029680572171,414.7286116992951,23.85436818103944,-89.84282613631463,90.28346284903876,0.07266462512042145,256.6723151539681,1.000445956942271,2.993056386308277e-23,-2.184042062330892e-53,0.902138437759639,0.00016735359865293793,0.0,10387.027151990726,76.76285136890264
562563.1624959161,3062.0009069107473,-27.233334848609623,-73.91029675994106,414.7266630825188,23.836779748879405,-89.84282792020774,90.28545920964028,0.07259847250025873,256.6720693804095,1.0004449989770035,2.6546028842898527e-23,-1.617978594200169e-53,0.903469384653794,0.00016710682150233015,0.0,10387.02725232882,76.73453736492857
562563.562495916,3052.468537525274,-27.233334848745702,-73.91029672945817,414.7253658336988,23.82507193948944,-89.84282910713277,90.28679079420046,0.07255444404561519,256.6719073288084,1.0004443673394658,2.450507319977098e-23,-1.3246890728855215e-53,0.9043569743838022,0.0001669426548267775,0.0,10387.027319138706,76.71568430838957
562564.1624959159,3038.178757195361,-27.23333484895073,-73.9102966837904,414.72342269605923,23.80753687432323,-89.84283088400075,90.28878918553485,0.07248851100079835,256.6716669365012,1.0004434303490013,2.1734050281652768e-23,-9.813540686172552e-54,0.9056887964204864,0.00016669693023859276,0.0,10387.02741923055,76.68743906457408
562564.5624959158,3028.6580778583884,-27.23333484908805,-73.91029665338263,414.7221290900696,23.795864556618945,-89.842832066243,90.29012212232496,0.07244462855401694,256.67150845869776,1.0004428126412535,2.0063057123584847e-23,-8.034649011976963e-54,0.906576969255377,0.0001665334631351457,0.0,10387.02748587662,76.66863175056862
562565.1624959157,3014.385806016624,-27.233334849294952,-73.91029660782732,414.72019140184403,23.778382599976243,-89.84283383611562,90.29212253986857,0.07237891395952581,256.67127340667247,1.0004418964659028,1.7794335433029436e-23,-5.952216002386095e-54,0.907909665465099,0.00016628878471438015,0.0,10387.027585723263,76.64045497467188
562565.5624959156,3004.8767813211307,-27.233334849433508,-73.91029657749473,414.71890141894414,23.766745602218148,-89.84283501371657,90.29345682561937,0.07233517677319383,256.6711184755212,1.0004412925821384,1.6426241940301185e-23,-4.873263172998274e-54,0.908798420759681,0.00016612601293656618,0.0,10387.027652206214,76.62169320896759
562566.1624959154,2990.6226418456063,-27.23333484964225,-73.91029653205358,414.7161886843048,23.735759300138483,-89.84283680067183,90.29546285154832,0.0722284252606152,256.37791552622485,1.0208770326067707,1.4568769713874432e-23,-3.610203133817034e-54,0.9101319268186425,0.0001655984509472201,0.0,10387.027751794518,76.56078926016592
562566.5624959153,2981.176067790948,-27.233334849781293,-73.91029650196488,414.6966194345704,23.404216990300917,-89.84283973859615,90.29706377984223,0.07121140706537403,249.50800298897204,1.1615243975842315,1.3448669493350787e-23,-2.9557848660096885e-54,0.9110165022690515,0.00015883279469666722,0.0,10387.027817058957,75.76652671170298
562567.1624959152,2967.6028381558135,-27.23333484998212,-73.91029645895209,414.59382633336276,21.53589236547726,-89.84286425717256,90.30258062906157,0.06551596225687545,211.5573027821897,1.4656202299268013,1.1927899851878318e-23,-2.1896998802122602e-54,0.9122886528813793,0.00012383672556409594,0.0,10387.027903297847,71.1958532862164
562567.5624959151,2959.3966222116724,-27.233334850104256,-73.91029643339492,414.4874555938145,19.408940780866075,-89.84290973713343,90.3111556290739,0.05903955182860716,171.97774511378898,1.5967182545100693,1.1010839350760699e-23,-1.7927749567353415e-54,0.9130584418338641,9.068793239709013e-5,0.0,10387.027946244516,65.86121064364941
562568.162495915,2948.8423493914306,-27.23333485026246,-73.91029640190493,414.33089569675576,15.770398051395826,-89.84303925645199,90.33731386925203,0.04796545142529302,113.66451406174272,1.6006201588870463,9.76573847144723e-24,-1.3281207144519052e-54,0.9140492250086968,4.8675168731494154e-5,0.0,10387.027987199757,56.372747345930655
562568.5624959149,2942.989020932466,-27.23333485035096,-73.91029638573492,414.2509921381327,13.548953105251465,-89.84316162426596,90.36743352611697,0.04120604547385504,83.94836371538786,1.521311196069762,9.014912833436971e-24,-1.0873734697195212e-54,0.9145990625349973,3.087644577564536e-5,0.0,10387.028002847057,50.3094025645754
562569.1624959147,2935.7002110406756,-27.233334850462217,-73.91029636780503,414.1708715800416,10.887070656653215,-89.8433643871157,90.43818102225475,0.03310762576344294,54.24353752260029,1.3802008319036183,7.995510448361651e-24,-8.055462979635611e-55,0.9152840983644142,1.602528605933806e-5,0.0,10387.028016363469,42.7015640157557
562569.5624959146,2931.623782362789,-27.233334850525072,-73.91029635921474,414.1369943870367,9.547574176493464,-89.84348826724658,90.50556822945204,0.029032783447910052,41.7343674243691,1.3007717812014934,7.380786405611488e-24,-6.595256466561741e-55,0.9156673916538047,1.0810423437027393e-5,0.0,10387.02802164449,38.699291200602616
562570.1624959145,2926.3739728098735,-27.233334850606745,-73.91029634994557,414.103983876259,8.03745356151907,-89.84363259521668,90.63917874462992,0.024439178416812417,29.592308842461613,1.2137411460258045,6.546170319507491e-24,-4.885887488251333e-55,0.9161611957321754,6.451134315842666e-6,0.0,10387.028026674565,34.01350252160603
562570.5624959144,2923.317354697734,-27.23333485065466,-73.9102963454946,414.08936399050117,7.272336926578855,-89.84369942568763,90.74801206222723,0.022111902056958767,24.234060846856682,1.1734647566406946,6.042876838831304e-24,-4.0002270674255326e-55,0.9164487995029654,4.7793714547277795e-6,0.0,10387.028028897923,31.55622403975348
562571.1624959143,2919.236976277083,-27.233334850719014,-73.91029634054284,414.0739620473634,6.370675791542578,-89.84376491990506,90.93151063377786,0.019369403118806458,18.605064199680466,1.1310889816237277,5.3595509791099875e-24,-2.9634419037365822e-55,0.9168328391541636,3.213633159943036e-6,0.0,10387.028031253501,28.575340192542367
562571.5624959142,2916.7879192493856,-27.233334850757814,-73.91029633803923,414.06653185722416,5.888053776784636,-89.84379241417687,91.05991810167262,0.01790151027908329,15.8969168022104,1.1109516549610163,4.947489126838982e-24,-2.4262614611113054e-55,0.9170634004145782,2.5375212727738513e-6,0.0,10387.028032396434,26.936722817476518
562572.162495914,2913.4374135686085,-27.233334850811058,-73.91029633507515,414.0587907088466,5.342652163410873,-89.84381882407956,91.24925048247846,0.01624266375933906,13.09280051630088,1.042816722276616,4.388029228643713e-24,-1.7974191869827493e-55,0.917378898776232,1.8960063218609282e-6,0.0,10387.028033698689,25.043918378077194
562572.5624959139,2911.3231638725847,-27.233334850844745,-73.91029633341476,414.05744675875945,5.251234345362384,-89.84382830462589,91.34621704265328,0.015964329383459704,12.651319100439931,1.007653565054373,4.050661516530915e-24,-1.4716026311632756e-55,0.9175780287315775,1.8005301998712705e-6,0.0,10387.02803443316,24.72250292449133
562573.1624959138,2908.182130566798,-27.233334850894867,-73.91029633110318,414.056914692459,5.227047018414214,-89.8438344620391,91.42298563407915,0.015890195319474967,12.539085143836388,0.998714343334182,3.5926144907439624e-24,-1.0901903390311591e-55,0.9178739272831757,1.7760510486602183e-6,0.0,10387.028035503618,24.63804224446407
562573.5624959137,2906.091961979866,-27.233334850928266,-73.91029632961181,414.0567391511211,5.224328192224291,-89.84383608115273,91.44579795652994,0.015881529798269827,12.52873187919822,0.9978897254473217,3.316401168523181e-24,-8.925725189793663e-56,0.9180708705665067,1.7734713053386974e-6,0.0,10387.028036213413,24.629090576805
562574.1624959136,2902.957843330689,-27.233334850978395,-73.9102963274027,414.05651478829066,5.222929918783382,-89.84383710299124,91.4613643876066,0.015876679139694868,12.526054916154672,0.9976765104194708,2.9413839805011656e-24,-6.612341650319103e-56,0.9183662394407263,1.772332731510684e-6,0.0,10387.028037277096,24.625136637497487
562574.5624959135,2900.86879597418,-27.233334851011847,-73.91029632593823,414.05637070869545,5.222319721038697,-89.84383738870254,91.46621963097722,0.01587442439813706,12.525813480448655,0.9976572805235232,2.7152396381915707e-24,-5.41372843977185e-56,0.9185631581543786,1.7719015538419037e-6,0.0,10387.02803798594,24.623638784183825
562575.1624959133,2897.7356607466936,-27.23333485106207,-73.91029632374587,414.0561562111076,5.221469159481652,-89.8438375986704,91.47037063997526,0.015871239369996487,12.5257604672176,0.9976530581202432,2.4082015320706645e-24,-4.0105897598946806e-56,0.9188585559391329,1.7713206716334917e-6,0.0,10387.028039048902,24.621620445130073
562575.5624959132,2895.647184981033,-27.233334851095584,-73.91029632228572,414.05601354836205,5.220910041962879,-89.8438376774974,91.47225390338212,0.01586914030141768,12.525762247263472,0.9976531998975199,2.2230502035704366e-24,-3.2835937692892476e-56,0.9190555018227159,1.7709414699789393e-6,0.0,10387.028039757355,24.620302599498366
562576.1624959131,2892.5148900700733,-27.2333348511459,-73.9102963200969,414.0557997250588,5.220073190896977,-89.84383776201214,91.47458881997237,0.01586599754277493,12.52577234962692,0.9976540045316029,1.9716686626134966e-24,-2.4325467546577596e-56,0.9193509419399069,1.7703745068264717e-6,0.0,10387.028040819749,24.618331828476734
562576.562495913,2890.4269723119214,-27.233334851179475,-73.91029631863813,414.05565723316994,5.219515659835373,-89.84383780891629,91.47600822943551,0.015863903691250195,12.525779975961312,0.9976546119546691,1.820079575328403e-24,-1.9916011971537958e-56,0.919547916232022,1.7699968953794081e-6,0.0,10387.028041527825,24.617018983719728
562577.1624959129,2887.2955137370154,-27.233334851229877,-73.91029631645087,414.05544354614455,5.218679675811389,-89.84383787406914,91.47806170375944,0.01586076415981226,12.52579159276706,0.9976555372112083,1.6142657760829063e-24,-1.4754148561311313e-56,0.9198433989944821,1.769430777989586e-6,0.0,10387.028042589653,24.615050365245907
562577.5624959128,2885.2081533055753,-27.2333348512635,-73.91029631499299,414.0553011146376,5.218122541072988,-89.84383791604883,91.47940960661334,0.01585867190718939,12.52579935788453,0.9976561556880832,1.4901551279440813e-24,-1.207967735108414e-56,0.9200404017177425,1.7690535454420314e-6,0.0,10387.028043297349,24.613738313267238
562578.1624959126,2882.077530434355,-27.23333485131398,-73.91029631280695,414.0550875022021,5.2172871149236935,-89.843837978198,91.48141996739727,0.015855534662445415,12.525811008583167,0.9976570836441266,1.3216490403506347e-24,-8.94884751351352e-57,0.9203359271227602,1.7684879591009415e-6,0.0,10387.02804435861,24.61177075502454
562578.5624959125,2879.9907269533724,-27.23333485134767,-73.91029631135025,414.0549451160247,5.216730347551729,-89.84383801939352,91.48275707343808,0.015853443920201393,12.525818775385863,0.9976577022552267,1.220035835486686e-24,-7.326697991286004e-57,0.9205329582711015,1.768111075923257e-6,0.0,10387.02804506593,24.610459394138456
562579.1624959124,2876.860939233564,-27.233334851398244,-73.91029630916539,414.0547315691682,5.215895471292267,-89.84383808106195,91.48476115000484,0.015850308937119834,12.52583042443046,0.9976586300795289,1.0820747188844836e-24,-5.427752844383696e-57,0.9208285263084728,1.7675460124066424e-6,0.0,10387.028046126628,24.608492868979408
562579.5624959123,2874.7746923333034,-27.233334851431987,-73.91029630770907,414.0545892260284,5.215339070216482,-89.84383812212913,91.48609683751356,0.01584821970149348,12.525838189632799,0.9976592485631636,9.98880862776558e-25,-4.443868978892601e-57,0.9210255858752613,1.7671694774432038e-6,0.0,10387.02804683357,24.607182196131042
562580.1624959122,2871.645739217289,-27.23333485148265,-73.91029630552538,414.05437574333837,5.21450474309277,-89.84383818369025,91.4881003105951,0.015845086977021836,12.52584983617062,0.997660176187806,8.859278533870815e-25,-3.292100004523202e-57,0.921321196534404,1.7666049358831642e-6,0.0,10387.028047893704,24.605216702481794
562580.5624959121,2869.56004853826,-27.233334851516457,-73.91029630406985,414.0542334428582,5.21394870791316,-89.84383822472246,91.48943602659571,0.015842999246291786,12.525857599688957,0.9976607945373132,8.178144846239061e-25,-2.695344004222801e-57,0.9215182845120767,1.7662287486594662e-6,0.0,10387.02804860027,24.603906716983015
562581.1624959119,2866.4319294719025,-27.2333348515672,-73.91029630188731,414.0540200240773,5.2131149293447,-89.84383828625093,91.49143978007689,0.015839868777904997,12.525869243705708,0.997661721961157,7.2533638177608205e-25,-1.996760491958671e-57,0.9218139377830847,1.7656647283656218e-6,0.0,10387.028049659837,24.601942253884317
562581.5624959118,2864.346794645302,-27.233334851601064,-73.91029630043255,414.0538777661714,5.212559259676741,-89.8438383272575,91.49277574480911,0.015837782550395908,12.525877005540519,0.9976623401765744,6.695698718279232e-25,-1.6348095174737098e-57,0.9220110541649996,1.7652888884240003e-6,0.0,10387.028050366029,24.60063295510369
562582.1624959117,2861.2195090828463,-27.233334851651897,-73.91029629825118,414.0536644112191,5.211726029088339,-89.84383838875802,91.49477990705205,0.015834654335587794,12.525888647033403,0.9976632673993971,5.938552047060967e-25,-1.2110970070073809e-57,0.9223067500372374,1.7647253887109897e-6,0.0,10387.028051425032,24.598669521610923
562582.5624959116,2859.1349297445267,-27.233334851685818,-73.9102962967976,414.0535221958471,5.211170724549246,-89.84383842974592,91.49611615825673,0.015832569609631236,12.525896407185382,0.9976638854807801,5.4819744781829735e-25,-9.915625442375644e-58,0.9225038948163533,1.7643498955953772e-6,0.0,10387.028052130849,24.597360908920678
562583.1624959115,2856.0084771392867,-27.233334851736746,-73.91029629461698,414.0533089046702,5.210338041366869,-89.84383849121848,91.49812075265396,0.015829443645900103,12.525908046155097,0.9976648125026373,4.8620752111313595e-25,-7.345677993375452e-58,0.9227996332793322,1.7637869157794785e-6,0.0,10387.028053189288,24.59539850409209
562583.5624959114,2853.9244529213756,-27.233334851770717,-73.91029629316418,414.0531667317986,5.2097831015737395,-89.8438385321854,91.49945729345305,0.01582736041982737,12.525915804627006,0.9976654304502058,4.488261112676338e-25,-6.0141335649563386e-58,0.9229968064490006,1.7634117690342813e-6,0.0,10387.028053894728,24.59409057686422
562584.1624959112,2850.798832727596,-27.23333485182172,-73.91029629098514,414.05295350434807,5.20895096522407,-89.84383859363,91.50146232206095,0.015824236704674997,12.525927441073279,0.9976663572710756,3.9807305166917827e-25,-4.455380937295272e-58,0.923292587492206,1.7628493084327928e-6,0.0,10387.028054952607,24.59212919975879
562584.5624959111,2848.7153632659465,-27.233334851855755,-73.9102962895327,414.05281137394456,5.208396389795254,-89.84383863458294,91.502799157394,0.01582215497682263,12.525935197866955,0.9976669750849763,3.6746774170024274e-25,-3.647758050899981e-58,0.9234897890454664,1.7624745076036008e-6,0.0,10387.02805565767,24.590821957367535
562585.162495911,2845.5905749350786,-27.233334851906847,-73.91029628735483,414.05259821017194,5.207564799705693,-89.84383869599955,91.50480462327552,0.015819033507753596,12.525946831793341,0.9976679017051417,3.259146508108822e-25,-2.7023263631098158e-58,0.9237856126587095,1.7619125655351838e-6,0.0,10387.028056714988,24.588861607046166
562585.5624959109,2843.507659867406,-27.233334851940945,-73.91029628590316,414.05245612220443,5.207010588259452,-89.84383873693388,91.50614174453516,0.015816953276458993,12.52595458690567,0.9976685193851261,3.008571422212929e-25,-2.2124780991627725e-58,0.9239828425884671,1.7615381101675806e-6,0.0,10387.028057419677,24.58755504886385
562586.1624959108,2840.3837028536946,-27.233334851992122,-73.91029628372645,414.05224302206153,5.206179543858206,-89.84383879831786,91.50814764494352,0.01581383405098198,12.525966218312758,0.9976694458046345,2.6683634867465113e-25,-1.6390445341339304e-58,0.9242787087613537,1.760976685951836e-6,0.0,10387.028058476431,24.5855957243879
562586.5624959107,2838.301341816783,-27.23333485202627,-73.91029628227555,414.05210097649785,5.205625696013872,-89.84383883923351,91.50948505954045,0.015811755314586364,12.525973971744792,0.9976700633507865,2.463209957063382e-25,-1.3419364088764603e-58,0.9244759670606395,1.760602575592827e-6,0.0,10387.028059180748,24.584289849789936
562587.1624959105,2835.178215574473,-27.233334852077533,-73.91029628010001,414.05188793993665,5.204795196730101,-89.84383890060354,91.51149139425581,0.01580863833021409,12.525985600634572,0.9976709895697959,2.1846712566271227e-25,-9.941312128497866e-59,0.9247718757828378,1.7600416685507006e-6,0.0,10387.028060236942,24.582331550222648
562587.5624959104,2833.096408202313,-27.23333485211174,-73.91029627865029,414.0517459367446,5.2042417121071765,-89.84383894149823,91.51282909653287,0.01580656108705942,12.525993352389651,0.9976716069823818,2.0167057520320923e-25,-8.139259440125943e-59,0.9249691624449902,1.7596679027479664e-6,0.0,10387.028060940882,24.581026358584925
562588.1624959103,2829.974112186581,-27.233334852163097,-73.91029627647588,414.051532963717,5.203411757370426,-89.84383900283095,91.51483586750369,0.015803446341307065,12.526004978761522,0.9976725330008445,1.7886575510565496e-25,-6.029713334692291e-59,0.9252651137061392,1.7591075122010837e-6,0.0,10387.028061996514,24.57906908298909
562588.5624959102,2827.8928581196815,-27.233334852197356,-73.91029627502654,414.0513910028647,5.2028586355891395,-89.84383904370934,91.51617385977367,0.0158013705897395,12.526012728835969,0.9976731502795713,1.651139026381694e-25,-4.936712633733905e-59,0.9254624287239185,1.7587340905027054e-6,0.0,10387.028062700083,24.577764573687027
562589.1624959101,2824.7713917857036,-27.233334852248795,-73.91029627285329,414.05117809332273,5.202029224830412,-89.8438391050164,91.51818106358942,0.015798258080127806,12.526024352693165,0.9976740760977448,1.4644289502352648e-25,-3.657207663196029e-59,0.9257584225137198,1.7581742157745453e-6,0.0,10387.028063755157,24.575808321129106
562589.56249591,2822.690690659918,-27.233334852283107,-73.91029627140473,414.0510361747782,5.201476465511678,-89.8438391458808,91.5195193450324,0.01579618381849545,12.526032101090433,0.9976746932428874,1.35183830446937e-25,-2.9942689267183296e-59,0.9259557658803675,1.7578011377299661e-6,0.0,10387.028064458354,24.574504493541006
562590.1624959098,2819.5700534656644,-27.233334852334625,-73.91029626923265,414.0508233286738,5.200647598162527,-89.84383920715759,91.52152698277824,0.015793073542548493,12.526043722432052,0.9976756188607001,1.1989730225444131e-25,-2.2182095813386334e-59,0.926251802188317,1.7572417781446904e-6,0.0,10387.028065512868,24.572549263087048
562590.5624959097,2817.4899049168453,-27.233334852369,-73.91029626778483,414.050681452405,5.200095200927539,-89.84383924800335,91.5228655559396,0.01579100076920105,12.526051469154813,0.9976762358724715,1.106791597940321e-25,-1.8161167300373594e-59,0.9264491738971162,1.7568690433038859e-6,0.0,10387.02806621569,24.571246116591215
562591.1624959096,2814.3700963184237,-27.233334852420615,-73.91029626561391,414.0504686696904,5.1992668764201255,-89.84383930925217,91.5248736315108,0.01578789272444551,12.526063087982054,0.9976771612900187,9.816360899983174e-26,-1.3454127301162154e-59,0.9267452527129472,1.7563101981868095e-6,0.0,10387.02806726964,24.569291907308493
562591.5624959095,2812.2904999861494,-27.233334852455048,-73.91029626416726,414.0503268356655,5.198714840890548,-89.84383935008162,91.5262124903081,0.015785821437735565,12.526070833028333,0.9976777781682614,9.061643224794747e-26,-1.1015309772914927e-59,0.9269426527568667,1.755937806100146e-6,0.0,10387.028067972089,24.567989441282723
562592.1624959094,2809.17151944153,-27.23333485250675,-73.9102962619975,414.05011411629283,5.1978870586583,-89.84383941130247,91.52822100121267,0.01578271562170344,12.52608244934292,0.9976787033856805,8.036956587582354e-26,-8.160344403824988e-60,0.927238774070196,1.755379474778073e-6,0.0,10387.028069025486,24.566036252240938
562592.5624959093,2807.092474963516,-27.23333485254124,-73.91029626055122,414.04997232448005,5.1973353844566015,-89.84383945211326,91.52956015092259,0.015780645819986415,12.526090192714893,0.9976793201305679,7.419046014288247e-26,-6.68112612952908e-60,0.9274362024424233,1.7550074249971462e-6,0.0,10387.028069727563,24.56473446606547
562593.1624959091,2803.974321929738,-27.23333485259302,-73.9102962583826,414.04975966840146,5.196508143933228,-89.84383951331083,91.53156909134954,0.015777542230211508,12.526101806517893,0.9976802451479438,6.580103548433525e-26,-4.94950131646857e-60,0.9277323662430154,1.7544496067976207e-6,0.0,10387.028070780403,24.56278229633411
562593.562495909,2801.8958289436996,-27.23333485262757,-73.9102962569371,414.0496179187688,5.195956830682174,-89.84383955410064,91.53290852899066,0.01577547391184447,12.526109548217017,0.9976808617595919,6.074201157193877e-26,-4.0523096743437337e-60,0.9279298229367757,1.7540778988745748e-6,0.0,10387.02807148211,24.561481189389248
562594.1624959089,2798.7785028824583,-27.233334852679434,-73.91029625476963,414.0494053259367,5.195130131302508,-89.84383961527023,91.53491790684575,0.015772372545865988,12.526121159505797,0.9976817865767151,5.387333157305522e-26,-3.0020256584074317e-60,0.9282260292140152,1.7535205931262315e-6,0.0,10387.02807253439,24.559530038038837
562594.5624959088,2796.700561031699,-27.233334852714037,-73.9102962533249,414.04926361845247,5.1945791786261095,-89.84383965604141,91.53625763669125,0.015770305709211587,12.526128899530264,0.99768240305498,4.973135309714759e-26,-2.4578511733526076e-60,0.9284235142220459,1.7531492266142167e-6,0.0,10387.028073235722,24.558229609706547
562595.1624959087,2793.5840613972396,-27.233334852765992,-73.91029625115858,414.0490510888192,5.1937530198258735,-89.84383971718769,91.53826744376018,0.015767206564571146,12.526140508312816,0.9976833276724868,4.4107753524202295e-26,-1.8208214277568218e-60,0.928719762966083,1.7525924326476291e-6,0.0,10387.028074287442,24.556279475811625
562595.5624959086,2791.5066703176126,-27.23333485280066,-73.91029624971503,414.0489094234516,5.193202427347672,-89.84383975794023,91.53960745797494,0.015765141207989938,12.526148246666011,0.997683944017638,4.071658835243002e-26,-1.4907627688471577e-60,0.9289172762818692,1.7522214071002372e-6,0.0,10387.028074988408,24.554979725473572
562596.1624959084,2788.390996573493,-27.23333485285269,-73.91029624754945,414.04869695696954,5.192376808563101,-89.84383981905621,91.54161770387162,0.015762044282233576,12.526159852937711,0.9976848684351604,3.6112374418752683e-26,-1.104384521995458e-60,0.9292135674820313,1.751665124246032e-6,0.0,10387.028076039574,24.55303060810608
562596.5624959084,2786.31415590737,-27.233334852887413,-73.91029624610665,414.0485553336869,5.191826575907697,-89.84383985978776,91.54295800844827,0.015759980404091312,12.5261675896176,0.997685484647036,3.3335923191607837e-26,-9.041937351924518e-61,0.9294111090984755,1.7512944392175836e-6,0.0,10387.028076740165,24.551731535144636
562597.1624959082,2783.1993075106293,-27.23333485293954,-73.91029624394264,414.0483429303085,5.191001496575909,-89.84383992088277,91.54496867964599,0.015756885694767624,12.526179193383266,0.9976864088649573,2.956631163372695e-26,-6.698433760886229e-61,0.9297074427447699,1.7507386668082336e-6,0.0,10387.028077790774,24.54978343338022
562597.5624959081,2781.1230168985203,-27.233334852974316,-73.91029624250021,414.04820134907914,5.190451623368342,-89.84383996159569,91.54630927201615,0.01575482329343177,12.526186928390231,0.9976870249435876,2.7293145619614615e-26,-5.4842147110604386e-61,0.9299050126549928,1.7503683218539068e-6,0.0,10387.028078490996,24.54848503717891
562598.162495908,2778.008993311785,-27.233334853026523,-73.91029624033733,414.0479890087569,5.189627082927483,-89.84384002265807,91.54832037984164,0.015751730798094644,12.526198529649307,0.9976879489618639,2.420684869640458e-26,-4.062807288163439e-61,0.9302013887369541,1.7498130592227906e-6,0.0,10387.028079541049,24.546537950093622
562598.5624959079,2775.9332523914054,-27.233334853061365,-73.91029623889567,414.0478474695491,5.1890775687934045,-89.843840063357,91.54966126447255,0.015749669871934723,12.526206262988183,0.997688564907634,2.2345737765589094e-26,-3.326345873277934e-61,0.9303989869343846,1.749443053898881e-6,0.0,10387.028080240902,24.545240230038054
562599.1624959077,2772.8200530763716,-27.23333485311366,-73.91029623673394,414.0476351922356,5.188253566682184,-89.8438401243961,91.5516728020351,0.015746579588140686,12.526217861740868,0.997689488726281,1.9818891550280264e-26,-2.4642183008718888e-61,0.9306954054416967,1.7488883003803979e-6,0.0,10387.028081290402,24.54329415670877
562599.5624959077,2770.7448614910245,-27.233334853148556,-73.91029623529303,414.0474936950179,5.187704411247645,-89.84384016507872,91.55301397110638,0.01574452013552924,12.526225593409148,0.9976901045389915,1.829514278961024e-26,-2.0175316707346194e-61,0.9308930319192715,1.7485186342433474e-6,0.0,10387.028081989884,24.54199711218322
562600.1624959075,2767.632485908456,-27.233334853200933,-73.91029623313246,414.0472814806658,5.1868809469058315,-89.8438402260805,91.55502594372005,0.015741432060838955,12.526237189658783,0.9976910281582753,1.6226336075711951e-26,-1.4946246286510204e-61,0.9311894928417656,1.7479643891734157e-6,0.0,10387.028083038827,24.540052051689386
562600.5624959074,2765.557843300514,-27.233334853235885,-73.9102962316927,414.0471400254066,5.1863321497975985,-89.8438402667468,91.55636740058418,0.01573937408015125,12.526244919656467,0.997691643837926,1.4978796099883599e-26,-1.2236953694794316e-61,0.9313871475925467,1.7475950617807147e-6,0.0,10387.02808373794,24.538755682079977
562601.1624959073,2762.4462909149006,-27.23333485328834,-73.91029622953329,414.0469278739685,5.185509222665564,-89.84384032772995,91.55837980083619,0.01573628821212902,12.526256513401428,0.997692567257717,1.3285000413568936e-26,-9.065360726279008e-62,0.9316836509197622,1.7470413244958983e-6,0.0,10387.02808478633,24.53681163350055
562601.5624959072,2760.3721969239414,-27.23333485332335,-73.9102962280939,414.04678646063627,5.184960783510816,-89.84384036837295,91.55972154991004,0.015734231701741784,12.526264241732024,0.9976931828045874,1.2263601065158342e-26,-7.422090958999229e-62,0.9318813339371206,1.7466723354059472e-6,0.0,10387.028085485073,24.535515938194767
562602.162495907,2757.2614671960473,-27.233334853375904,-73.9102962259356,414.0465743720651,5.184138393029739,-89.84384042932348,91.5617343817942,0.015731148037954754,12.526275832976163,0.9976941060251929,1.0876838441224197e-26,-5.498421712195018e-62,0.9321778796590079,1.7461191052443193e-6,0.0,10387.028086532911,24.533572900611265
562602.562495907,2755.187921466306,-27.233334853410966,-73.91029622449699,414.0464330006284,5.18359031145633,-89.84384046995716,91.56307641499932,0.01572909299624837,12.526283559638365,0.9976947214391788,1.0040587379817632e-26,-4.501727764737123e-62,0.9323755909359094,1.74575045401603e-6,0.0,10387.028087231285,24.532277878996556
562603.1624959068,2752.0780138606206,-27.2333348534636,-73.91029622233984,414.04622097487675,5.182768457068173,-89.84384053088203,91.56508967645216,0.01572601153426786,12.526295148381411,0.9976956444605769,8.905202167375044e-27,-3.3349628589514445e-62,0.932672179042125,1.7451977303164859e-6,0.0,10387.02808827857,24.530335851490634
562603.5624959067,2750.005016031675,-27.23333485349872,-73.91029622090197,414.046079645304,5.182220732704076,-89.84384057149241,91.56643199751838,0.015723957959622926,12.526302873378395,0.9976962597419312,8.220537703087086e-27,-2.7304371476656807e-62,0.9328699185720207,1.7448294165095475e-6,0.0,10387.028088976576,24.529041502955355
562604.1624959066,2746.895930012688,-27.233334853551447,-73.91029621874597,414.045867682325,5.181399413851707,-89.843840632387,91.56844569399783,0.01572087869702411,12.52631445962135,0.9976971825642019,7.290962908969675e-27,-2.022758139107086e-62,0.9331665490522816,1.744277198612263e-6,0.0,10387.028090023308,24.527100484610436
562604.5624959065,2744.823479730636,-27.233334853586623,-73.91029621730927,414.0457263945849,5.180852046325974,-89.84384067298106,91.56978830335751,0.01571882658782646,12.52632218295101,0.9976977977127571,6.73040705404465e-27,-1.6560945945579735e-62,0.9333643168280386,1.7439092217871118e-6,0.0,10387.028090720945,24.52580680854374
562605.1624959063,2741.7152147656307,-27.23333485363943,-73.9102962151544,414.0455144943312,5.180031262452886,-89.84384073385701,91.57180242989739,0.015715749522188016,12.526333766691172,0.9976987203356852,5.969335579457236e-27,-1.2268653842251181e-62,0.9336609896718542,1.7433575090330049e-6,0.0,10387.028091767126,24.52386679844312
562605.5624959063,2739.6433116719127,-27.233334853674663,-73.91029621371807,414.04537324839237,5.179484251394877,-89.84384077442775,91.57314532417696,0.01571369887682426,12.526341488356799,0.9976993353517032,5.5103912601876336e-27,-1.0044726019307561e-62,0.933858785686823,1.7429898687510465e-6,0.0,10387.028092464396,24.522573794235758
562606.1624959061,2736.5358672216535,-27.23333485372754,-73.91029621156434,414.0451614108171,5.178664001945595,-89.84384083527341,91.57515988691755,0.015710624005727866,12.526353069601692,0.9977002577758877,4.887278635903739e-27,-7.441318079057599e-63,0.9341555008843847,1.7424386604830217e-6,0.0,10387.028093510024,24.520634791466982
562606.562495906,2734.4645109632984,-27.233334853762837,-73.91029621012878,414.04502020664825,5.178117346985175,-89.84384087583719,91.5765030700117,0.015708574822587938,12.526360789599812,0.9977008726590921,4.5115268061097e-27,-6.092437058517452e-63,0.9343533251314261,1.7420713563059162e-6,0.0,10387.028094206924,24.519342458508774
562607.1624959059,2731.3578864941373,-27.23333485381581,-73.91029620797617,414.04480843170444,5.1772976314048895,-89.8438409366502,91.57851805199437,0.015705502143619432,12.526372368349872,0.9977017948845678,4.001365335726845e-27,-4.513389607832396e-63,0.9346500826724501,1.7415206518674096e-6,0.0,10387.028095252002,24.517404462158552
562607.5624959058,2729.2870767116547,-27.23333485385116,-73.91029620654136,414.0446672692742,5.1767513321722625,-89.84384097719531,91.57986152308263,0.015703454421093777,12.526380086684865,0.9977024096353074,3.6937257557920346e-27,-3.695251542018219e-63,0.9348479351450824,1.7411536833579756e-6,0.0,10387.028095948539,24.51611279984158
562608.1624959056,2726.1812716936693,-27.233334853904218,-73.91029620438991,414.04445555691495,5.175932149906846,-89.8438410379827,91.58187694169295,0.015700383931842858,12.526391662935982,0.9977033316617471,3.276040869111553e-27,-2.7375104162553557e-63,0.9351447350189906,1.7406034820931415e-6,0.0,10387.028096993065,24.514175808996413
562608.5624959056,2724.1110080303624,-27.23333485393962,-73.91029620295625,414.0443144361921,5.175386206032924,-89.84384107850452,91.58322069614529,0.015698337668325325,12.52639937961004,0.9977039462801963,3.0241668830438255e-27,-2.2412843707097462e-63,0.9353426157105077,1.7402368488149064e-6,0.0,10387.028097689234,24.51288481671345
562609.1624959054,2721.006021927111,-27.233334853992776,-73.91029620080552,414.04410278637056,5.174567556529227,-89.84384113926859,91.58523654459827,0.015695269366384507,12.526410953368037,0.9977048681080637,2.6821954197140657e-27,-1.6603847507650968e-63,0.9356394579074017,1.7396871500698248e-6,0.0,10387.02809873321,24.510948830463914
562609.5624959053,2718.9363040318713,-27.233334854028232,-73.91029619937264,414.04396170732383,5.174021967645454,-89.84384117976944,91.58658058607155,0.015693224560272348,12.526418668376701,0.9977054825938674,2.4759784405103862e-27,-1.3594083036750995e-63,0.9358373668106034,1.7393208515865948e-6,0.0,10387.028099429013,24.509658507606893
562610.1624959052,2715.832136313431,-27.233334854081463,-73.91029619722346,414.04375011999304,5.17320385035098,-89.84384124051488,91.58859686371012,0.01569015844323844,12.526430239639119,0.9977064042229666,2.1959958855721296e-27,-1.0070747143838851e-63,0.9361342513200218,1.7387716547077814e-6,0.0,10387.02810047244,24.507723525042387
562610.5624959051,2713.7629638304934,-27.233334854116976,-73.9102961957909,414.0436090825914,5.1726586160895645,-89.84384128099474,91.58994119141902,0.01568811509293105,12.52643795298549,0.9977070185763718,2.027159702146438e-27,-8.2452318869096e-64,0.9363321884281894,1.7384056905847833e-6,0.0,10387.028101167876,24.506433871006458
562611.162495905,2710.6596139604226,-27.233334854170295,-73.91029619364286,414.04339755770474,5.171841030452649,-89.84384134171454,91.59195790199597,0.01568505115840324,12.526449521759169,0.9977079400072477,1.797929373081925e-27,-6.108219675494164e-64,0.9366291152403557,1.7378569949205323e-6,0.0,10387.028102210754,24.504499891219936
562611.5624959049,2708.590986534953,-27.233334854205868,-73.91029619221105,414.04325656191696,5.1712961504458805,-89.84384138217808,91.59330251181639,0.01568300926230116,12.52645723344352,0.9977085542282761,1.6596979968692086e-27,-5.000988200904728e-64,0.936827080546724,1.7374913647232328e-6,0.0,10387.028102905824,24.50321090539928
562612.1624959047,2705.488453986123,-27.233334854259265,-73.91029619006414,414.0430450994278,5.170479095915616,-89.84384144286294,91.59531965155162,0.015679947507883766,12.526468799723915,0.9977094754605668,1.4720200760979923e-27,-3.7048241874407494e-64,0.9371240496510268,1.736943169622129e-6,0.0,10387.028103948154,24.50127792748203
562612.5624959046,2703.420371263288,-27.233334854294892,-73.91029618863311,414.0429041452228,5.169934569796674,-89.84384148331483,91.59666455043305,0.015677907064390956,12.526476509748756,0.9977100895494184,1.3588457968530971e-27,-3.0332540465350425e-64,0.9373220431488694,1.7365778729171292e-6,0.0,10387.028104642857,24.499989609273022
562613.1624959045,2700.3186555039138,-27.23333485434837,-73.91029618648733,414.0426927450844,5.169118045822963,-89.84384154397404,91.59868211772805,0.015674847487690942,12.52648807353813,0.997711010583304,1.2051881107661308e-27,-2.247090476282777e-64,0.9376190545352033,1.7360301777293435e-6,0.0,10387.02810568464,24.498057632319224
562613.5624959044,2698.2511171307415,-27.233334854384054,-73.91029618505746,414.0425518324311,5.16857387322513,-89.84384158440263,91.60002730173119,0.015672808495212746,12.526495781902003,0.9977116245398626,1.112528847482147e-27,-1.8397624111883973e-64,0.9378170762176532,1.7356652140834177e-6,0.0,10387.028106378979,24.496769981117072
562614.1624959043,2695.150217629969,-27.233334854437626,-73.91029618291282,414.042340494597,5.167757879258943,-89.84384164503854,91.60204529571438,0.015669751093841576,12.526507343203528,0.9977125453755957,9.867245738809775e-28,-1.3629298863136705e-64,0.9381141298758838,1.7351180181604715e-6,0.0,10387.028107420214,24.49483900422297
562614.5624959042,2693.0832232534885,-27.233334854473366,-73.91029618148328,414.04219962346434,5.167214059816466,-89.84384168545316,91.60339076681689,0.015667713550786975,12.526515049907623,0.9977131591999561,9.108615851381717e-28,-1.1158728143751093e-64,0.9383121797361146,1.734753387141605e-6,0.0,10387.028108114187,24.493552019425355
562615.162495904,2689.983139479533,-27.233334854527016,-73.91029617933974,414.041988347888,5.166398595308852,-89.84384174606109,91.60540918677428,0.01566465832235724,12.526526608722941,0.9977140798376676,8.07861757017889e-28,-8.266591374993816e-65,0.9386092756562544,1.7342066898355346e-6,0.0,10387.028109154875,24.491622041686334
562615.5624959039,2687.9166887467727,-27.233334854562813,-73.91029617791098,414.041847518245,5.165855128656246,-89.84384178645706,91.60675494703911,0.01566262222713674,12.526534313767698,0.997714693529865,7.4575039483974995e-28,-6.768113808005819e-65,0.9388073536874803,1.7338423910122188e-6,0.0,10387.028109848487,24.49033572269093
562616.1624959038,2684.8174201743677,-27.23333485461655,-73.91029617576858,414.04163630488006,5.1650401930599195,-89.84384184703002,91.60877379408916,0.015659569169268382,12.526545870095116,0.9977156139694199,6.614212676239223e-28,-5.013943391171252e-65,0.9391044918589764,1.7332961916765136e-6,0.0,10387.028110888627,24.48840674320482
562616.5624959037,2682.751512729563,-27.233334854652398,-73.91029617434054,414.04149551669576,5.164497078832167,-89.84384188741436,91.61011983590633,0.015657534520294097,12.526553573484707,0.9977162275297863,6.105687850687868e-28,-4.1050703922535495e-65,0.9393025980547137,1.7329322246181902e-6,0.0,10387.028111581873,24.487121089410863
562617.1624959036,2679.653058828786,-27.233334854706225,-73.91029617219928,414.04128436549564,5.163682671599864,-89.8438419479687,91.61213911900916,0.01565448363060732,12.52656512732554,0.9977171477712895,5.415259349323908e-28,-3.04111177019303e-65,0.9395997784675196,1.7323865226071278e-6,0.0,10387.028112621469,24.4851931072756
562617.5624959035,2677.5876943236217,-27.23333485474214,-73.91029617077241,414.0411436187392,5.16313990943268,-89.84384198832504,91.61348544275954,0.015652450426295695,12.526572829056201,0.9977177611995255,4.998914434104752e-28,-2.489852180887296e-65,0.939797912820617,1.732022886883557e-6,0.0,10387.02811331435,24.48390811808168
562618.1624959033,2674.4900545673445,-27.23333485479604,-73.91029616863229,414.04093252965754,5.162326030018104,-89.8438420488514,91.6155051508748,0.015649401702415213,12.526584380409771,0.9977186812429227,4.433639384742906e-28,-1.8445283636611177e-65,0.9400951354644735,1.7314776815524922e-6,0.0,10387.028114353401,24.481981132396324
562618.5624959032,2672.4252326488495,-27.233334854832012,-73.91029616720574,414.040791824298,5.161783619547677,-89.84384208919143,91.61685176437483,0.01564736994118397,12.526592080483892,0.9977192945392184,4.0927649972616195e-28,-1.5101723698496623e-65,0.9402932979682602,1.7311143767345536e-6,0.0,10387.028115045918,24.480696807203202
562619.1624959031,2669.3284065071493,-27.233334854886,-73.91029616506675,414.0405807972887,5.160970267405676,-89.84384214969917,91.61887189904299,0.015644323380738522,12.526603629355623,0.997720214384942,3.629956928359791e-28,-1.1187635119818057e-65,0.9405905628332384,1.7305696674405954e-6,0.0,10387.028116084424,24.478770817070348
562619.562495903,2667.2641268232837,-27.23333485492202,-73.91029616364096,414.0404401332952,5.16042820826867,-89.84384219002523,91.62021879771518,0.0156422930610077,12.526611327774676,0.9977208275494146,3.3508725831611015e-28,-9.159662586252857e-66,0.940788753480994,1.7302066930997995e-6,0.0,10387.028116776579,24.47748715527924
562620.1624959029,2664.1681137699634,-27.233334854976096,-73.91029616150308,414.0402291683119,5.159615382854153,-89.84384225049565,91.62223935585757,0.01563924866162797,12.52662287416246,0.9977217471972964,2.971957382707011e-28,-6.78564678321107e-66,0.9410860605568655,1.7296624792001358e-6,0.0,10387.028117814541,24.4755621597991
562620.5624959028,2662.104375967756,-27.23333485501217,-73.91029616007806,414.0400885456537,5.1590736746875026,-89.84384229080307,91.62358653618584,0.015637219781818954,12.526630570928397,0.9977223602301015,2.7434624455822396e-28,-5.555618707442819e-66,0.9412842793420002,1.7292998349085817e-6,0.0,10387.028118506334,24.474279160811516
562621.1624959026,2659.0091754784808,-27.23333485506633,-73.91029615794129,414.0398776426502,5.158261375457143,-89.84384235125953,91.62560752280571,0.015634177541142377,12.526642114833233,0.9977232796802215,2.4332329167932346e-28,-4.115704684088012e-66,0.9415816286184147,1.7287561157623633e-6,0.0,10387.028119543751,24.47235515908859
562621.5624959025,2656.945979209617,-27.233334855102466,-73.91029615651742,414.03973706129653,5.157720017898848,-89.84384239154129,91.62695498999702,0.015632150099681386,12.526649809945196,0.9977238925812905,2.2461570840213067e-28,-3.369654605925304e-66,0.9417798755339297,1.7283938010930446e-6,0.0,10387.028120235182,24.471072822307445
562622.1624959024,2653.8515907544643,-27.2333348551567,-73.91029615438137,414.0395262202268,5.156908244309122,-89.84384245196512,91.62897640492902,0.015629110015344814,12.52666135137123,0.9977248118339784,1.992162627168397e-28,-2.496302207850584e-66,0.9420772670011327,1.7278505760600638e-6,0.0,10387.028121272055,24.469149813445835
562622.5624959023,2651.7889356687665,-27.233334855192894,-73.91029615295825,414.0393856801469,5.156367236997017,-89.8438424922399,91.63032415616019,0.015627084010657898,12.5266690448279,0.9977254246032067,1.8389978890446818e-28,-2.043799756815921e-66,0.9422755420402472,1.7274885905862043e-6,0.0,10387.028121963123,24.467868138273083
562623.1624959022,2648.6953587271273,-27.23333485524721,-73.91029615082373,414.0391749009648,5.15555598850611,-89.84384255263343,91.63234599818975,0.015624046080306164,12.526680583772672,0.9977263436582667,1.6310448151905114e-28,-1.5140845107307613e-66,0.9425729756876509,1.7269458590275031e-6,0.0,10387.028122999453,24.46594612137867
562623.5624959021,2646.633244473487,-27.23333485528346,-73.91029614940095,414.039034402128,5.155015331079031,-89.84384259287789,91.63369403495447,0.015622021510822951,12.526688275576719,0.9977269562958667,1.5056441332483032e-28,-1.2396277762758373e-66,0.9427712788437091,1.7265842023236445e-6,0.0,10387.028123690157,24.464665107219176
562624.1624959019,2643.5404785154387,-27.23333485533787,-73.91029614726756,414.0388236847874,5.154204607144696,-89.8438426532528,91.63571629914311,0.015618985732098887,12.526699812044475,0.9977278751536371,1.3353865557357301e-28,-9.183390930894948e-67,0.9430687546616754,1.7260419636009963e-6,0.0,10387.028124725946,24.462744081397783
562624.5624959018,2641.47890474461,-27.233334855374167,-73.91029614584552,414.0386832271631,5.153664299241926,-89.84384269348794,91.63706461922271,0.015616962596251404,12.526707502196407,0.9977284876596493,1.2327171605197824e-28,-7.518725934817601e-67,0.9432670859278875,1.7256806352422019e-6,0.0,10387.028125416291,24.46146372765648
562625.1624959017,2638.3869492504746,-27.23333485542866,-73.91029614371324,414.0384725716183,5.152854099323833,-89.84384275383255,91.63908731515939,0.015613928966806625,12.526719036184604,0.9977294063199276,1.093322045250759e-28,-5.5700106824909055e-67,0.943564603905853,1.7251388887187507e-6,0.0,10387.028126451538,24.459543692016144
562625.5624959016,2636.325915611349,-27.233334855465014,-73.91029614229197,414.03833215517574,5.152314140584952,-89.84384279405373,91.6404359180692,0.015611907263028154,12.526726724686675,0.9977300186945315,1.0092634536167328e-28,-4.560339866918221e-67,0.9437629632756425,1.724777888280774e-6,0.0,10387.02812714152,24.45826399809866
562626.1624959015,2633.2347700567916,-27.233334855519583,-73.9102961401608,414.0381215613807,5.151504464143123,-89.84384285437268,91.64245903761565,0.015608875780515518,12.526738256197445,0.9977309371574875,8.951363854136784e-29,-3.3783837839994174e-67,0.9440605234035528,1.7242366333207796e-6,0.0,10387.028128176224,24.456344951748736
562626.5624959014,2631.174276202917,-27.233334855556,-73.91029613874066,414.03798118608944,5.1509648542088575,-89.84384289457056,91.64380792441654,0.01560685550724439,12.52674594304954,0.9977315494006738,8.26315031078882e-29,-2.765987200770101e-67,0.9442589108699363,1.7238759603803487e-6,0.0,10387.028128865846,24.455065917062395
562627.1624959012,2628.083940059878,-27.23333485561066,-73.91029613661063,414.03777065399834,5.150155700703518,-89.84384295486622,91.64583146523191,0.015603826169317728,12.526757472087645,0.9977324676666867,7.328756901702189e-29,-2.049094273349961e-67,0.9445565131381474,1.7233351963489389e-6,0.0,10387.02812990001,24.453147859112683
562627.5624959011,2626.02398564294,-27.23333485564713,-73.91029613519082,414.03763031982766,5.149616439214022,-89.84384299504309,91.64718064135616,0.015601807324990875,12.526765157287237,0.9977330797782542,6.765295306592815e-29,-1.6776568014861984e-67,0.94475492869436,1.7229748504826003e-6,0.0,10387.028130589271,24.451869483062413
562628.162495901,2622.934458394535,-27.23333485570187,-73.91029613306189,414.03741984939467,5.148807808107212,-89.84384305530845,91.64920461080476,0.015598780129312645,12.52677668384906,0.9977339978470361,6.000278683725452e-29,-1.2428390643365487e-67,0.9450525730922172,1.7224345767460966e-6,0.0,10387.028131622896,24.449952412624306
562628.5624959009,2620.875043064356,-27.23333485573839,-73.91029613164285,414.0372795563142,5.148268894703897,-89.84384309547836,91.65055406442154,0.015596762712371181,12.526784367400063,0.9977346098272966,5.538955345595973e-29,-1.0175507474471629e-67,0.9452510167317083,1.7220745575320522e-6,0.0,10387.028132311798,24.448674694619157
562629.1624959008,2617.786324184388,-27.233334855793224,-73.91029612951502,414.03706914749364,5.147460785457448,-89.84384315571342,91.65257845855821,0.01559373765660252,12.526795891489792,0.9977355276991807,4.912612707075583e-29,-7.538203390299262e-68,0.9455487032495073,1.7215347734577235e-6,0.0,10387.028133344882,24.4467586108048
562629.5624959007,2615.727447594516,-27.2333348558298,-73.91029612809672,414.0369288954729,5.1469222197820415,-89.84384319586,91.65392819307434,0.015591721665489888,12.526803573390957,0.9977361395480349,4.5349131013702183e-29,-6.171760056723365e-68,0.945747174965412,1.7211750804743975e-6,0.0,10387.028134033422,24.445481550252854
562630.1624959005,2612.6395365623757,-27.233334855884706,-73.91029612597,414.03671854821897,5.146114631859385,-89.84384325607644,91.65595301523062,0.015588698747298865,12.52681509501043,0.9977370572231679,4.0221071189874006e-29,-4.572153546191703e-68,0.9460449035929699,1.7206357854309733e-6,0.0,10387.028135065966,24.443566452176945
562630.5624959004,2610.581198363565,-27.233334855921335,-73.91029612455286,414.0365783372274,5.145576413554233,-89.84384329620671,91.65730303933535,0.015586684180460561,12.526822775265025,0.9977376689408759,3.712872835006848e-29,-3.7433633942413155e-68,0.9462434033787268,1.72027641825788e-6,0.0,10387.028135754148,24.442290048488417
562631.1624959003,2607.4940946595743,-27.233334855976334,-73.91029612242727,414.03636805149466,5.14476934641859,-89.84384335638816,91.65932828073691,0.015583663397515827,12.526834294410886,0.9977385864189903,3.2930228050155614e-29,-2.7731525626988246e-68,0.9465411741058297,1.719737611614141e-6,0.0,10387.028136786152,24.44037593526323
562631.5624959002,2605.4362945044413,-27.23333485601303,-73.91029612101045,414.036227881502,5.144231475126588,-89.8438433965068,91.6606785861118,0.01558165025340006,12.526841973020497,0.9977391980056783,3.0398431856977676e-29,-2.2704656973954606e-68,0.9467397019547388,1.7193785698314146e-6,0.0,10387.028137473975,24.43910018784879
562632.1624959001,2602.349997607991,-27.2333348560681,-73.91029611888597,414.03601765724466,5.143424928242776,-89.84384345666962,91.6627042550506,0.01557863160337595,12.526853489695323,0.9977401152869796,2.69609905294681e-29,-1.6820028151523089e-68,0.947037514771319,1.7188402509581652e-6,0.0,10387.02813850544,24.437187058591164
562632.5624959,2600.292735152878,-27.233334856104843,-73.91029611746988,414.03587752822045,5.14288740360701,-89.84384349676495,91.66405484076303,0.015576619880432884,12.52686116665569,0.9977407267423085,2.4888131116443448e-29,-1.3771076810175001e-68,0.9472360706763582,1.71848153414603e-6,0.0,10387.028139192906,24.435911966860065
562633.1624958998,2597.207244541496,-27.233334856160006,-73.91029611534651,414.0356673653932,5.142081376440359,-89.84384355689745,91.66608093266034,0.015573603361005996,12.526872680863931,0.997741643827151,2.2073792177295104e-29,-1.0201867391770856e-68,0.9475339255725858,1.717943702415093e-6,0.0,10387.028140223836,24.433999820687863
562633.5624958997,2595.1505194371566,-27.23333485619681,-73.91029611393118,414.0355272773072,5.141544198104563,-89.84384359697648,91.66743180259128,0.01557159305768741,12.526880356179118,0.9977422551514445,2.037667842155807e-29,-8.352584085691581e-69,0.9477325095273121,1.7175853101551419e-6,0.0,10387.02814091094,24.432725384052482
562634.1624958996,2592.0658345948905,-27.233334856252057,-73.91029611180892,414.03531717586435,5.1407386901210534,-89.84384365708101,91.66945832072375,0.015568578666538555,12.526891867917104,0.9977431720395357,1.807249257232788e-29,-6.187748161994188e-69,0.9480304064927877,1.717047964938765e-6,0.0,10387.028141941328,24.430814220082464
562634.5624958995,2590.009646494873,-27.233334856288913,-73.91029611039474,414.03517712868614,5.140201857729587,-89.84384369714138,91.67080947609111,0.015566569781299331,12.52689954158863,0.9977437832329148,1.6683013342904807e-29,-5.066100630344368e-69,0.9482290184905255,1.716689896813199e-6,0.0,10387.028142628074,24.429540437955616
562635.1624958994,2586.9257669001818,-27.233334856344243,-73.91029610827319,414.03496708858245,5.139396868396346,-89.84384375722263,91.67283641800942,0.015563557516112778,12.526911050862402,0.997744699924736,1.4796505519010883e-29,-3.7530606746708863e-69,0.9485269575154454,1.716153037485604e-6,0.0,10387.028143657928,24.427630255308966
562635.5624958993,2584.8701154617593,-27.23333485638115,-73.91029610685973,414.034827082282,5.138860381593914,-89.84384379727135,91.67418785162891,0.015561550047410232,12.52691872288673,0.9977453109869188,1.3658896138100718e-29,-3.0727467492056437e-69,0.9487255975491984,1.715795293076871e-6,0.0,10387.028144344316,24.4263571271026
562636.1624958991,2581.787040596828,-27.23333485643657,-73.9102961047397,414.03461710347204,5.138055910378013,-89.84384385732695,91.67621521029612,0.015558539905871815,12.526930229694328,0.997746227482314,1.2114354159943021e-29,-2.2763473979557736e-69,0.9490235786234571,1.715258919012241e-6,0.0,10387.028145373632,24.42444792489778
562636.562495899,2579.7319254707545,-27.233334856473522,-73.91029610332657,414.03447713801893,5.137519768809869,-89.84384389735237,91.67756692710694,0.01555653385216439,12.52693790007696,0.9977468384137389,1.1182958370693147e-29,-1.863715957042102e-69,0.9492222466868994,1.7149014979041366e-6,0.0,10387.028146059663,24.42317545002692
562637.1624958989,2576.6496548214927,-27.23333485652902,-73.91029610120765,414.0342672204574,5.136715815180022,-89.84384395738466,91.6795947156711,0.01555352583196664,12.52694940441668,0.9977477547125722,9.918394348177098e-30,-1.380675114354345e-69,0.9495202698000876,1.714365608478311e-6,0.0,10387.028147088442,24.42126722738569
562637.5624958988,2574.595075665042,-27.23333485656603,-73.91029609979526,414.0341272958216,5.136180018492214,-89.84384399739378,91.68094671659952,0.015551521191717089,12.526957073156638,0.9977483655131613,9.155831968866953e-30,-1.1304013809245101e-69,0.9497189658862981,1.7140085102550782e-6,0.0,10387.028147774117,24.41999540526523
562638.1624958987,2571.5136087089777,-27.233334856621617,-73.91029609767743,414.0339174394634,5.135376581917137,-89.84384405740045,91.68297492290674,0.015548515290552003,12.52696857503455,0.9977492816159163,8.120494509829823e-30,-8.374221672444479e-70,0.9500170310288787,1.713473104844972e-6,0.0,10387.02814880236,24.41808816131059
562638.5624958986,2569.4595651766285,-27.233334856658686,-73.9102960962658,414.03377755561456,5.134841129755681,-89.8438440973909,91.68432720391185,0.015546512062223138,12.52697624213229,0.9977498922857057,7.496161235994135e-30,-6.856234058456222e-70,0.9502157551312455,1.7131163290912924e-6,0.0,10387.028149487678,24.416816991355255
562639.1624958984,2566.378901399672,-27.233334856714343,-73.91029609414909,414.03356776041426,5.134038209705243,-89.84384415736959,91.68635583893716,0.015543508277788802,12.526987741546375,0.9977508081922215,6.648498614727481e-30,-5.079224496056269e-70,0.9505138622929235,1.7125814070745767e-6,0.0,10387.028150515387,24.414910725210323
562639.5624958983,2564.325393148698,-27.23333485675147,-73.91029609273858,414.0334279173224,5.133503101716858,-89.8438441973484,91.68770840336887,0.01554150645984678,12.52699540700031,0.9977514187310851,6.137337761013432e-30,-4.1585180501008547e-70,0.9507126144046071,1.7122249533758214e-6,0.0,10387.02815120035,24.413640206835584
562640.1624958982,2561.2455320321023,-27.23333485680721,-73.91029609062296,414.0332181832351,5.132700697661772,-89.84384425729446,91.68973745849826,0.015538504789843982,12.527006903955645,0.9977523344417663,5.443330301686214e-30,-3.08070677973913e-70,0.9510107635755971,1.7116905141317553e-6,0.0,10387.028152227524,24.411734917626557
562640.5624958981,2559.19255871512,-27.2333348568444,-73.91029608921279,414.0330783808701,5.132165933494012,-89.84384429725229,91.69109030085909,0.015536504380757293,12.52701456777215,0.9977529448502116,5.024827189134761e-30,-2.522269838744164e-70,0.9512095436902424,1.7113343820747556e-6,0.0,10387.028152912128,24.410465050251368
562641.162495898,2556.1134997457266,-27.233334856900225,-73.91029608709827,414.03286870785047,5.13136404490524,-89.84384435717739,91.69311977620953,0.015533504822889635,12.52702606226499,0.9977538603647597,4.456621936811496e-30,-1.8685439617996166e-70,0.9515077348602786,1.7108004249827e-6,0.0,10387.028153938769,24.408560737102235
562641.5624958979,2554.061061021872,-27.233334856937468,-73.91029608568883,414.0327289461824,5.130829624205668,-89.84384439712125,91.69447290190014,0.015531505821128694,12.527033724440189,0.9977544706424779,4.113980566795253e-30,-1.529834682161406e-70,0.951706542970937,1.7104446141539504e-6,0.0,10387.028154623018,24.407291520142635
562642.1624958977,2550.9828036846593,-27.233334856993366,-73.91029608357545,414.03251933418557,5.130028250555479,-89.84384445701836,91.69650280373897,0.015528508373104419,12.527045216472539,0.9977553859610527,3.6487734506055676e-30,-1.133329715161486e-70,0.9520047761299878,1.7099111385950678e-6,0.0,10387.028155649125,24.40538818218124
562642.5624958976,2548.9308992112055,-27.23333485703067,-73.91029608216674,414.0323796131843,5.1294941729726915,-89.84384449694356,91.69785621141695,0.015526510777143104,12.527052877008074,0.997755996108175,3.368242422458976e-30,-9.278920592846521e-71,0.9522036122299332,1.7095556485824903e-6,0.0,10387.028156333017,24.404119615056654
562643.1624958975,2545.8534429892898,-27.233334857086657,-73.91029608005442,414.0321700621652,5.128693313733714,-89.84384455681506,91.69988652821837,0.015523515436672202,12.527064366583138,0.9977569112310315,2.987363048203563e-30,-6.873995311466792e-71,0.9525018873682063,1.7090226539387996e-6,0.0,10387.02815735859,24.402217251411333
562643.5624958974,2543.8020724216476,-27.233334857124007,-73.91029607864687,414.0320303818008,5.12815957891605,-89.84384459672627,91.7012402181832,0.01552151924498394,12.527072025479754,0.997757521247617,2.757683667254166e-30,-5.627952377619544e-71,0.9527007514509285,1.7086674843304363e-6,0.0,10387.028158042129,24.400949333539895
562644.1624958973,2540.725416802801,-27.23333485718007,-73.91029607653567,414.0318208917146,5.127359233562,-89.84384465656747,91.70327096160625,0.015518526009781586,12.52708351259715,0.9977584361747249,2.4458460089625353e-30,-4.169290799485887e-71,0.9529990685582367,1.708134969984974e-6,0.0,10387.028159067171,24.399047943340054
562644.5624958972,2538.6745797973126,-27.233334857217482,-73.91029607512843,414.0316812519571,5.126825841159,-89.84384469646005,91.70462492963212,0.015516531220844286,12.52709116985833,0.9977590460610511,2.257800435601815e-30,-3.413527214487865e-71,0.9531979606171754,1.7077801203702128e-6,0.0,10387.028159750353,24.397780674143014
562645.162495897,2535.5987242646515,-27.233334857273633,-73.91029607301832,414.0314718227589,5.126026009163576,-89.84384475628026,91.70665609392631,0.015513540088625747,12.527102654520572,0.9977599607926106,2.0024893536643658e-30,-2.5288038444949754e-71,0.9534963196838395,1.7072480857067336e-6,0.0,10387.028160774862,24.395880256518065
562645.562495897,2533.548420482315,-27.233334857311092,-73.91029607161182,414.0313322235784,5.125492958824655,-89.84384479616119,91.70801034176148,0.015511546700918484,12.527110310141282,0.9977605705482764,1.8485306590945957e-30,-2.070409851082962e-71,0.95369523971202,1.7068935556746524e-6,0.0,10387.028161457689,24.39461363541385
562646.1624958968,2530.473364526406,-27.233334857367332,-73.9102960695028,414.0311228552233,5.124693639663301,-89.8438448559511,91.71004192658027,0.015508557669406703,12.527121792347016,0.9977614850841797,1.6394996237886833e-30,-1.5337977587749736e-71,0.9539936407276982,1.7063620000783451e-6,0.0,10387.028162481665,24.392714189495784
562646.5624958967,2528.4235936235636,-27.233334857404845,-73.91029606809704,414.03098329658997,5.124160931039004,-89.84384489581107,91.71139645591987,0.01550656568141179,12.527129446331717,0.9977620947095406,1.5134489052846178e-30,-1.2557676216167201e-71,0.9541925887186343,1.706007789219779e-6,0.0,10387.02816316414,24.3914482159074
562647.1624958966,2525.3493367303163,-27.233334857461156,-73.91029606598914,414.03077398903326,5.123362124187509,-89.84384495558,91.7134284643175,0.015503578748330901,12.527140926084268,0.9977630090500527,1.342308767576978e-30,-9.302957878462707e-72,0.9544910316734928,1.7054767120769102e-6,0.0,10387.028164187584,24.3895497408295
562647.5624958965,2523.3000983642414,-27.233334857498733,-73.9102960645845,414.03063447091733,5.122829756928276,-89.84384499541432,91.71478327505278,0.015501588158531164,12.527148578433758,0.9977636185451719,1.239107167434865e-30,-7.616619089578146e-72,0.9546900076206468,1.7051228199827266e-6,0.0,10387.028164869706,24.38828441417838
562648.1624958963,2520.22664002236,-27.23333485755513,-73.91029606247729,414.03042522411425,5.122031461863042,-89.84384505515996,91.71681570247962,0.015498603321608686,12.527160055732919,0.997764532690276,1.0989894729895104e-30,-5.642531734925329e-72,0.9549884925046355,1.7045922206802624e-6,0.0,10387.02816589262,24.3863869090739
562648.5624958962,2518.177933854051,-27.233334857592755,-73.91029606107338,414.0302857464859,5.121499435620594,-89.84384509498261,91.71817079192446,0.015496614128492198,12.527167706447607,0.9977651420551864,1.0144951488135707e-30,-4.619715093548786e-72,0.9551874964011482,1.70423864694251e-6,0.0,10387.028166574386,24.38512222878399
562649.1624958961,2515.1052735513076,-27.233334857649236,-73.91029605896767,414.0300765603918,5.120701651818592,-89.84384515469563,91.7202036390805,0.015493631385458203,12.527179181294267,0.9977660560049536,8.997764828147103e-31,-3.422370045697834e-72,0.9554860232043673,1.7037085248683997e-6,0.0,10387.028167596769,24.383225692787157
562649.562495896,2513.0570992389694,-27.233334857686913,-73.91029605756408,414.02993712322126,5.120169966244142,-89.84384519450664,91.7215590148377,0.015491643587511655,12.527186830373635,0.997766665239614,8.305983808461588e-31,-2.802000112459937e-72,0.9556850550436858,1.7033552690790778e-6,0.0,10387.028168278182,24.381961658280552
562650.1624958959,2509.9852364649996,-27.23333485774347,-73.91029605545947,414.02972799779167,5.119372693183626,-89.84384525419868,91.7235922792894,0.015488662936101443,12.52719830276961,0.9977675789941887,7.366746806264796e-31,-2.075773301759693e-72,0.9559836237561079,1.7028256236227165e-6,0.0,10387.028169300036,24.380066090528217
562650.5624958958,2507.9375936659053,-27.233334857781212,-73.91029605405662,414.02958860104917,5.118841347929479,-89.84384529398405,91.72494793151705,0.01548667653181532,12.527205950217757,0.9977681880989253,6.800364408554106e-31,-1.6994997464647416e-72,0.9561826835318105,1.7024726853752167e-6,0.0,10387.028169981097,24.378802701230303
562651.1624958956,2504.8665279103443,-27.233334857837857,-73.91029605195308,414.0293795362394,5.118044585088791,-89.84384535365513,91.72698161572154,0.015483697969765474,12.527217420162428,0.9977691016582583,6.031382187034566e-31,-1.259020720367411e-72,0.9564812941434686,1.7019435159264196e-6,0.0,10387.028171002421,24.37690810085831
562651.5624958955,2502.8194162882864,-27.233334857875647,-73.91029605055097,414.0292401798952,5.117513579807646,-89.84384539342184,91.72833754987748,0.015481712957633334,12.527225065975104,0.9977697106327327,5.5676674979811695e-31,-1.0307991692755568e-72,0.9566803818485344,1.7015908948141816e-6,0.0,10387.028171683127,24.375645356192948
562652.1624958954,2499.749147041701,-27.233334857932366,-73.91029604844853,414.0290311756608,5.1167173266664845,-89.84384545306727,91.73037165796602,0.015478736482685695,12.527236533470376,0.9977706239969757,4.938078101875554e-31,-7.636350139828429e-73,0.9569790343494269,1.7010622007643632e-6,0.0,10387.028172703924,24.373751722340323
562652.5624958953,2497.70256625209,-27.233334857970213,-73.91029604704755,414.0288918596855,5.116186661011735,-89.84384549282235,91.73172786886472,0.015476752861202309,12.527244177655504,0.997771232841819,4.55842062361874e-31,-6.252115833435473e-73,0.9571781499776917,1.700709896382464e-6,0.0,10387.028173384277,24.372489621735568
562653.1624958952,2494.6330930031836,-27.23333485802702,-73.91029604494621,414.02868291598196,5.115390917049847,-89.84384555243514,91.73376239252904,0.015473778471099542,12.527255642702965,0.9977721460110985,4.0429564209413826e-31,-4.631682585894245e-73,0.957476844358053,1.7001816771235766e-6,0.0,10387.028174404546,24.37059695354075
562653.5624958951,2492.5870427126065,-27.23333485806492,-73.91029604354554,414.0285436403457,5.114860590674735,-89.84384559216457,91.73511888400434,0.015471796238761954,12.52726328525152,0.997772754725592,3.73211916648528e-31,-3.792101658576826e-73,0.9576759879023004,1.6998296890661916e-6,0.0,10387.028175084548,24.36933549641974
562654.1624958949,2489.518364951946,-27.23333485812181,-73.91029604144528,414.0283347571286,5.114065355373182,-89.84384565176107,91.73715383043265,0.015468823931252026,12.527274747853948,0.9977736677001293,3.310092769780796e-31,-2.809258766774933e-73,0.9579747241522434,1.6993019439916652e-6,0.0,10387.028176104286,24.367443793023945
562654.5624958948,2487.4728448176757,-27.23333485815976,-73.91029604004535,414.02819552180193,5.1135353679320925,-89.84384569147886,91.73851059801558,0.015466843086559687,12.527282388772448,0.997774276284792,3.0556007492326052e-31,-2.3000269624050507e-73,0.9581738956062017,1.6989502718551353e-6,0.0,10387.028176783937,24.3661829788159
562655.1624958947,2484.4049620386213,-27.233334858216725,-73.91029603794618,414.02798669902705,5.112740640772496,-89.8438457510427,91.74054596439481,0.015463872859393777,12.527293848928913,0.9977751890645129,2.710074758115718e-31,-1.7039023448490717e-73,0.9584726737156235,1.698423000359044e-6,0.0,10387.028177803148,24.364292239360136
562655.5624958946,2482.359971722588,-27.23333485825474,-73.91029603654697,414.02784750398035,5.112210991920027,-89.84384579074418,91.74190301421133,0.0154618934008483,12.527301488217054,0.9977757975193206,2.5017143135608085e-31,-1.3950375027065034e-73,0.958671873072606,1.6980716437397366e-6,0.0,10387.028178482447,24.363032067492693
562656.1624958945,2479.292883416638,-27.23333485831179,-73.9102960344489,414.0276387416034,5.111416772384711,-89.84384585028707,91.74393879714285,0.01545892525178036,12.527312945929491,0.9977767101043793,2.218821557397723e-31,-1.0334694813874957e-73,0.9589706930316382,1.6975448452173383e-6,0.0,10387.028179501132,24.361142291119705
562656.5624958944,2477.2484225817025,-27.233334858349856,-73.91029603305081,414.0274995868072,5.110887461775989,-89.8438458899699,91.74529612250493,0.015456947177885792,12.527320583586455,0.9977773184292668,2.0482304529630803e-31,-8.46133400072234e-74,0.9591699202849058,1.6971938037122832e-6,0.0,10387.028180180081,24.35988276102122
562657.1624958942,2474.1821282403544,-27.233334858406984,-73.91029603095383,414.0272908847838,5.110093749347674,-89.84384594948715,91.74733232480425,0.015453981104671968,12.527332038855919,0.9977782308197474,1.8166174526476435e-31,-6.2683121024400355e-74,0.9594687820837411,1.69666747755956e-6,0.0,10387.028181198239,24.35799394687384
562657.5624958941,2472.1381965465844,-27.2333348584451,-73.91029602955606,414.0271517702086,5.109564776638455,-89.843845989156,91.74868993489535,0.015452004413934406,12.5273396748856,0.9977788390150248,1.6769492686293379e-31,-5.132060817926436e-74,0.9596680372268634,1.6963167507668735e-6,0.0,10387.028181876836,24.356735057974884
562658.162495894,2469.072695665993,-27.233334858502317,-73.91029602746015,414.02694312849457,5.108771570801145,-89.8438460486406,91.75072655631162,0.015449040414336573,12.527351127710585,0.9977797512108072,1.4873205816219103e-31,-3.801925196750336e-74,0.9599669408552943,1.6957908963810057e-6,0.0,10387.028182894468,24.35484720519775
562658.5624958939,2467.029292775318,-27.233334858540484,-73.91029602606312,414.0268040541111,5.108242935647207,-89.8438460882908,91.75208444285151,0.015447065105263186,12.527358762112668,0.9977803592764497,1.3729699436351275e-31,-3.1127536434145365e-74,0.9601662238816964,1.6954404838988808e-6,0.0,10387.028183572715,24.353588956927506
562659.1624958938,2463.964584847912,-27.233334858597786,-73.91029602396831,414.02659547266245,5.107450235885274,-89.84384614775678,91.75412147916217,0.015444103177044633,12.527370212495336,0.9977812712777063,1.217715105231463e-31,-2.305985242192773e-74,0.9604651693299355,1.6949151006780617e-6,0.0,10387.028184589819,24.35170206466639
562659.5624958937,2461.921710421331,-27.233334858636006,-73.910296022572,414.026456438441,5.106921937943381,-89.84384618738834,91.75547964573018,0.015442129248146048,12.527377845273655,0.997781879214019,1.124092720864595e-31,-1.887981375969999e-74,0.9606644802331743,1.6945650021059678e-6,0.0,10387.028185267714,24.350444456456962
562660.1624958935,2458.857794941403,-27.23333485869338,-73.91029602047827,414.02624791721365,5.10612974374194,-89.84384624682635,91.75751709918231,0.015439169389073644,12.52738929321458,0.9977827910207953,9.969808095386265e-32,-1.3986513837137069e-74,0.9609634674913095,1.6940400894492953e-6,0.0,10387.028186284297,24.348558523858394
562660.5624958934,2456.815448647365,-27.233334858731666,-73.91029601908268,414.0261089231249,5.105601782669133,-89.84384628644858,91.75887554403396,0.015437196838863371,12.527396924362893,0.9977833988272812,9.203292839428472e-32,-1.1451191081410222e-74,0.9611628062642492,1.6936903043865536e-6,0.0,10387.028186961841,24.347301555139694
562661.1624958933,2453.7523251073435,-27.233334858789128,-73.91029601699002,414.02590046207484,5.104810093514318,-89.84384634586328,91.76091341472001,0.015434239046707697,12.527408369867127,0.9977843104399795,8.162588525986637e-32,-8.483253306964281e-75,0.9614618353226058,1.6931658616946181e-6,0.0,10387.0281879779,24.34541658135307
562661.5624958932,2451.7105066059157,-27.233334858827458,-73.91029601559556,414.0257615080896,5.104282468967776,-89.84384638545754,91.76227214130624,0.015432267873698773,12.52741599938864,0.997784918116894,7.53501891046212e-32,-6.945501626868417e-75,0.9616612019589674,1.6928163897416224e-6,0.0,10387.028188655097,24.34416025155721
562662.1624958931,2448.648174503818,-27.23333485888499,-73.91029601350401,414.02555310717264,5.103491284346167,-89.84384644484895,91.76431043043722,0.015429312146233788,12.527427442453455,0.9977858295352973,6.682962280427658e-32,-5.145355555223274e-75,0.9619602728073816,1.6922924164153031e-6,0.0,10387.02818967063,24.342276235730488
562662.562495893,2446.606883458793,-27.233334858923385,-73.91029601210985,414.0254141932617,5.102963995984317,-89.84384648442456,91.76566942996381,0.015427342348944344,12.527435070350844,0.9977864370828532,6.169151734233808e-32,-4.212661591783608e-75,0.9621596673005606,1.6919432571735835e-6,0.0,10387.028190347475,24.341020544291997
562663.1624958928,2443.5453422898427,-27.233334858980996,-73.91029601001938,414.02520585243394,5.102173315383176,-89.84384654378799,91.76770814290782,0.015424388683946523,12.52744651097756,0.9977873483070667,5.471546764783223e-32,-3.1208173128501016e-75,0.9624587799291985,1.6914197526149994e-6,0.0,10387.028191362484,24.339137485575108
562663.5624958928,2441.504578365013,-27.233334859019443,-73.91029600862595,414.02506697856796,5.101646362864161,-89.8438465833543,91.76906741947963,0.015422420260894508,12.52745413725018,0.9977879557252127,5.050874267502787e-32,-2.5551095716739945e-75,0.9626582022726254,1.6910709056860148e-6,0.0,10387.028192038983,24.337882431926616
562664.1624958926,2438.4438276235014,-27.233334859077154,-73.91029600653656,414.02485869778565,5.100856185771535,-89.84384664269443,91.77110654363983,0.015419468656143518,12.527465575442296,0.9977888667555149,4.479723622994016e-32,-1.8928722409276335e-75,0.9629573566718004,1.6905478692984657e-6,0.0,10387.028193053467,24.336000329471265
562664.5624958925,2436.4035904826596,-27.233334859115644,-73.91029600514385,414.0247198639352,5.100329568754141,-89.84384668224675,91.77246610003986,0.015417501605849466,12.527473200090773,0.9977894740443011,4.1353061109770616e-32,-1.54975299606155e-75,0.9631568068589451,1.6901993342845315e-6,0.0,10387.028193729617,24.334745913046827
562665.1624958924,2433.3436296684667,-27.233334859173414,-73.91029600305554,414.0245116431545,5.0995398946590615,-89.84384674155658,91.77450564423111,0.01541455205912994,12.527484635846646,0.9977903848805613,3.667687511614591e-32,-1.148085569033915e-75,0.9634560030184793,1.689676765472135e-6,0.0,10387.02819474358,24.332864766005184
562665.5624958923,2431.3039189763367,-27.23333485921197,-73.91029600166395,414.02437284929056,5.099013612803059,-89.84384678108324,91.77586547157648,0.015412586380118196,12.527492258873345,0.9977909920401759,3.3857023013837675e-32,-9.399731328266446e-76,0.9636554810427571,1.6893285419766764e-6,0.0,10387.028195419382,24.331610986241213
562666.1624958921,2428.244747582823,-27.233334859269835,-73.91029599957672,414.0241646884677,5.098224441194492,-89.8438468403721,91.77790543218772,0.015409638889214353,12.527503692196463,0.9977919026826716,3.0028485716855565e-32,-6.963494129841382e-76,0.9639547189531676,1.6888064401443656e-6,0.0,10387.02819643282,24.329730793765915
562666.562495892,2426.2055630069226,-27.233334859308435,-73.91029599818543,414.02402593456105,5.097698494159695,-89.84384687988714,91.7792655410145,0.015407674580010538,12.527511313598534,0.9977925097128877,2.7719786071379724e-32,-5.701227825862165e-76,0.96415422480776,1.688458527770826e-6,0.0,10387.028197108275,24.32847765009723
562667.1624958919,2423.1471805348992,-27.23333485936638,-73.91029599609928,414.0238178336523,5.096909824528157,-89.84384693914802,91.78130591678112,0.015404729142713642,12.52752274448766,0.9977934201615206,2.4585244833206841e-32,-4.2235746014244144e-76,0.964453504458888,1.6879368923247532e-6,0.0,10387.028198121194,24.326598411342843
562667.5624958918,2421.1085217371583,-27.233334859405037,-73.91029599470872,414.0236791196738,5.096384211974829,-89.84384697864907,91.782666302793,0.01540276620184437,12.527530364269655,0.9977940270627007,2.269504142549717e-32,-3.457971040580754e-76,0.9646530381375586,1.6875892906777128e-6,0.0,10387.028198796297,24.32534590320673
562668.1624958917,2418.0509276846424,-27.233334859463067,-73.91029599262365,414.02347107863534,5.095596043811075,-89.84384703787964,91.78470709548803,0.015399822815946842,12.527541792725478,0.9977949373175257,2.0128696105692835e-32,-2.5617286496088045e-76,0.9649523595195794,1.687068121024827e-6,0.0,10387.028199808694,24.323467617328223
562668.5624958916,2416.0127943316475,-27.23333485950178,-73.9102959912338,414.02333240455596,5.095070765400095,-89.84384707736905,91.78606776379435,0.015397861241942085,12.527549410887143,0.9977955440896497,1.858112843940126e-32,-2.097366406452432e-76,0.9651519210156727,1.686720829709289e-6,0.0,10387.028200483452,24.322215744161845
562669.1624958914,2412.955988196656,-27.233334859559886,-73.91029598914979,414.0231244233443,5.094283098195597,-89.84384713657167,91.78810896879456,0.0153949199052395,12.527560836910986,0.997796454150772,1.6479982593790798e-32,-1.5537676715863713e-76,0.9654512841188124,1.6862001252575664e-6,0.0,10387.028201495328,24.32033841031544
562669.5624958914,2410.9183799549937,-27.23333485959865,-73.91029598776107,414.0229857891349,5.09375815358846,-89.8438471760424,91.78946991144291,0.015392959696631747,12.527568453453254,0.997797060793914,1.5212941347339394e-32,-1.2721176063338001e-76,0.9656508734257134,1.6858531438793595e-6,0.0,10387.028202169739,24.3190871715573
562670.1624958912,2407.8623612364754,-27.233334859656836,-73.91029598567815,414.0227778677066,5.092970986835892,-89.84384723522406,91.79151153912431,0.015390020406924438,12.527579877048378,0.9977979706615936,1.3492668619247337e-32,-9.424081577241213e-77,0.9659502782401671,1.6853329040382094e-6,0.0,10387.028203181095,24.317210788901928
562670.5624958911,2405.8252777745947,-27.23333485969565,-73.91029598428975,414.02263927333826,5.0924463756942036,-89.84384727467382,91.79287275394626,0.015388061562247484,12.5275874919684,0.9977985771755268,1.2455302980783122e-32,-7.71578680466073e-77,0.9661498953511103,1.684986232203321e-6,0.0,10387.028203855158,24.315960183989468
562671.162495891,2402.770045972429,-27.233334859753917,-73.9102959822079,414.02243141164973,5.09165970888666,-89.84384733383683,91.79491479210421,0.01538512431733821,12.52759891313611,0.9977994868498673,1.1046862788399668e-32,-5.715997005126272e-77,0.9664493418670356,1.6844664563828053e-6,0.0,10387.028204865994,24.314084751683968
562671.5624958909,2400.733486955054,-27.23333485979279,-73.91029598082022,414.0222928570933,5.091135430872739,-89.8438473732703,91.7962762909101,0.015383166835127979,12.527606526437463,0.9978000932348766,1.0197539634255975e-32,-4.679863380442458e-77,0.9666489867756626,1.6841200936984636e-6,0.0,10387.028205539711,24.31283478005748
562672.1624958907,2397.679041570984,-27.233334859851137,-73.91029597873943,414.022085055101,5.090349263503509,-89.843847432403,91.79831873632233,0.015380231632821378,12.527617945174795,0.9978010027156421,9.044406329793687e-33,-3.466929004680479e-77,0.9669484749830888,1.6836007813089915e-6,0.0,10387.028206550027,24.310960297259495
562672.5624958907,2395.6430066637695,-27.233334859890068,-73.91029597735245,414.02194654032763,5.089825318279967,-89.84384747181547,91.7996805104208,0.015378275511615492,12.527625556859405,0.9978016089718809,8.349039341127544e-33,-2.8384819091135215e-77,0.9671481476829844,1.6832547273828435e-6,0.0,10387.028207223397,24.30971095835914
562673.1624958905,2392.589347196743,-27.233334859948485,-73.91029597527273,414.0217387979882,5.089039649843859,-89.84384753092954,91.80172338220521,0.015375342349721254,12.527636973171662,0.9978025182594938,7.404933638201048e-33,-2.1027996887883694e-77,0.9674476775722741,1.6827358778368908e-6,0.0,10387.028208233196,24.30783742423134
562673.5624958904,2390.5538360709324,-27.233334859987465,-73.91029597388648,414.021600322969,5.088516037074086,-89.84384757032336,91.80308543536579,0.01537338758806134,12.527644583236297,0.9978031243867047,6.835615297393383e-33,-1.7216270846784837e-77,0.9676473780565131,1.6823901322770886e-6,0.0,10387.02820890622,24.306588717497494
562674.1624958903,2387.5009620217606,-27.233334860045982,-73.91029597180786,414.021392640239,5.087730867066118,-89.84384762940714,91.80512871559077,0.015370456464391084,12.527655997124565,0.9978040334812516,6.0626469208413165e-33,-1.2754130601460023e-77,0.9679469496178975,1.681871744987487e-6,0.0,10387.0282099155,24.30471613120139
562674.5624958902,2385.4659743439406,-27.233334860085005,-73.91029597042271,414.02125420494497,5.087207586413516,-89.84384766879398,91.80649104066921,0.01536850306081861,12.527663605570103,0.9978046394795043,5.596528484874535e-33,-1.0442200843986403e-77,0.9681466778800479,1.681526307402801e-6,0.0,10387.028210588178,24.30346805607503
562675.16249589,2382.4138852152973,-27.233334860143597,-73.91029596834512,414.02104658178115,5.086422914329251,-89.84384772784745,91.80853473530541,0.015365573973186906,12.527675017033038,0.9978055483808781,4.963675501042857e-33,-7.735774751461372e-78,0.9684462911036353,1.6810083817830844e-6,0.0,10387.028211596938,24.301596416772238
562675.56249589,2380.3794206492603,-27.233334860182683,-73.9102959669603,414.02090818618353,5.085899965457935,-89.84384776722032,91.80989733873683,0.01536362192624561,12.527682623865536,0.9978061542506552,4.582050001256756e-33,-6.3335178353396795e-78,0.9686460471375768,1.6806632517834399e-6,0.0,10387.028212269273,24.300348972696888
562676.1624958898,2377.3281159466133,-27.233334860241353,-73.91029596488382,414.02070062254273,5.085115790794334,-89.84384782625747,91.81194144936677,0.015360694872472724,12.527694032902282,0.9978070629587876,4.0639137989309156e-33,-4.6919866884926565e-78,0.9689457020132541,1.6801457872485984e-6,0.0,10387.028213277516,24.298478279551862
562676.5624958897,2375.2941741636023,-27.23333486028049,-73.91029596349968,414.02056226661256,5.08459317336923,-89.8438478655977,91.81330432855566,0.015358744180710796,12.527701638120458,0.9978076686999872,3.751465264718959e-33,-3.841474490855719e-78,0.9691454858121715,1.6798009644442966e-6,0.0,10387.028213949507,24.2972314659708
562677.1624958896,2372.2436533859,-27.233334860339244,-73.91029596142425,414.02035476245146,5.0838094956233375,-89.84384792460922,91.81534885343494,0.015355819158617006,12.527713044736052,0.9978085772152793,3.3272512197204e-33,-2.8458350704735116e-78,0.9694451823305211,1.6792839604102733e-6,0.0,10387.02821495723,24.29536171814901
562677.5624958895,2370.2102340552956,-27.233334860378434,-73.91029596004084,414.0202164461601,5.083287209309171,-89.84384796394247,91.81671200862999,0.015353869820582336,12.52772064833816,0.9978091828277621,3.0714399948784587e-33,-2.329973112502297e-78,0.969644993887821,1.6789394444117864e-6,0.0,10387.028215628876,24.294115534504506
562678.1624958894,2367.1604967080057,-27.233334860437264,-73.91029595796648,414.0200090014355,5.08250402797905,-89.84384802292834,91.81875694477134,0.015350946827993144,12.527732052531574,0.9978100911501322,2.7241229088183918e-33,-1.7260870045091242e-78,0.9699447320388402,1.678422900295289e-6,0.0,10387.028216636085,24.29224673117177
562678.5624958893,2365.1275994963944,-27.23333486047652,-73.9102959565842,414.0198707247541,5.081982072441414,-89.84384806224294,91.82012037622783,0.015348998842236351,12.527739654521806,0.9978106966342322,2.514682391133832e-33,-1.4132007691073692e-78,0.9701445713482394,1.6780786907143908e-6,0.0,10387.028217307387,24.291001176909194
562679.1624958891,2362.0786450840533,-27.23333486053542,-73.9102959545109,414.01966333942306,5.08119938702552,-89.84384812120086,91.82216572824365,0.015346077876979228,12.527751056292345,0.997811604763625,2.2303232104526134e-33,-1.046925163740972e-78,0.9704443511220733,1.6775626059329069e-6,0.0,10387.028218314077,24.289133317231727
562679.562495889,2360.0462696636096,-27.233334860574722,-73.91029595312891,414.019525102323,5.080677761930518,-89.8438481604968,91.82352943100886,0.015344131242054153,12.527758656668436,0.9978122101191615,2.0588478169272524e-33,-8.571499830145318e-79,0.970644218176774,1.6772187023816109e-6,0.0,10387.028218985033,24.28788839179571
562680.1624958889,2356.998097686097,-27.233334860633718,-73.91029595105668,414.0193177763423,5.079895571927973,-89.84384821942675,91.82557519647153,0.015341212301958678,12.52777005602183,0.9978131180560331,1.8260342097564568e-33,-6.349924978351617e-79,0.9709440395640822,1.6767030763539945e-6,0.0,10387.02821999121,24.28602147494227
562680.5624958888,2354.966243728064,-27.233334860673065,-73.91029594967542,414.01917957879465,5.079374276941933,-89.84384825871571,91.82693918073652,0.015339267016420282,12.527777654781966,0.9978137232828622,1.6856420310617744e-33,-5.198879801387882e-79,0.9711439343574177,1.6763594784448214e-6,0.0,10387.028220661823,24.284777177777666
562681.1624958887,2351.9188536927104,-27.233334860732132,-73.91029594760424,414.0189723121213,5.078592581853387,-89.84384831762469,91.82898535700508,0.015336350099322972,12.527789051719187,0.9978146310272903,1.4950303702951717e-33,-3.851425930637967e-79,0.9714437973481783,1.6758443105911167e-6,0.0,10387.028221667486,24.282911202918903
562681.5624958886,2349.887520861812,-27.23333486077154,-73.91029594622367,414.0188341540977,5.07807161664324,-89.84384835689266,91.83034961524571,0.015334406161727484,12.527796648870947,0.9978152361260151,1.38008697559916e-33,-3.1532814238906286e-79,0.9716437198741594,1.6755010179379442e-6,0.0,10387.028222337754,24.28166753347388
562682.1624958884,2346.8409122759476,-27.23333486083069,-73.91029594415356,414.01862694668887,5.07729041596878,-89.84384841577601,91.83239620204952,0.015331491265464089,12.527808043387452,0.9978161436776378,1.2240273463458401e-33,-2.3360089685722822e-79,0.9719436244584095,1.6749863076779455e-6,0.0,10387.028223342899,24.27980249977714
562682.5624958883,2344.810100247152,-27.23333486087015,-73.91029594277411,414.01848882816057,5.076769780201958,-89.84384845502535,91.83376073531072,0.015329548674371758,12.527815638926015,0.9978167486478745,1.1299196538298922e-33,-1.912562728532269e-79,0.9721435747100746,1.6746433198944839e-6,0.0,10387.028224012824,24.27855945749765
562683.1624958882,2341.764272614382,-27.233334860929375,-73.91029594070466,414.0182816799732,5.0759890734434405,-89.84384851388539,91.83580773835932,0.015326635796783651,12.527827031027929,0.9978176560071796,1.0021488354826083e-33,-1.4168617025295424e-79,0.9724435208782714,1.674129066650365e-6,0.0,10387.028225017453,24.2766953641365
562683.5624958881,2339.733981056139,-27.233334860968885,-73.91029593932593,414.0181436009117,5.075468766787893,-89.8438485531184,91.83717254847717,0.015324694550755722,12.52783462495745,0.9978182608492592,9.250999731787052e-34,-1.1600284588800063e-79,0.9726434988493375,1.6737863833515943e-6,0.0,10387.028225687036,24.275452948471504
562684.162495888,2336.6889338837937,-27.2333348610282,-73.91029593725794,414.0179365119029,5.074688553446856,-89.84384861195046,91.8392199599113,0.015321783689684933,12.52784601464182,0.9978191680160116,8.20490074390372e-34,-8.593704523839444e-80,0.9729434865916263,1.6732725865452027e-6,0.0,10387.028226691153,24.273589794615926
562684.5624958879,2334.659162468277,-27.233334861067764,-73.9102959358795,414.01779847227954,5.074168575570652,-89.84384865117185,91.84058504325755,0.015319843787284324,12.527853606960512,0.9978197727297917,7.574078010542173e-34,-7.035931451222036e-80,0.9731434922754835,1.672930207346114e-6,0.0,10387.028227360392,24.27234800501283
562685.1624958877,2331.614895261824,-27.233334861127155,-73.91029593381258,414.01759144240657,5.073388855150258,-89.8438487099806,91.84263287309227,0.015316934940578376,12.52786499423197,0.9978206797043601,6.71760459462013e-34,-5.212347635002766e-80,0.9734435215822471,1.6724168664013685e-6,0.0,10387.028228363994,24.270485789837924
562685.5624958876,2329.5856436584145,-27.233334861166774,-73.91029593243485,414.01745344219285,5.072869205722149,-89.84384874917868,91.8439982283185,0.015314996380370195,12.52787258494306,0.9978212842900976,6.20113062079797e-34,-4.26751007764855e-80,0.9736435549725925,1.6720747909180658e-6,0.0,10387.028229032894,24.26924462574657
562686.1624958875,2326.542155927047,-27.233334861226236,-73.91029593036899,414.01724647141305,5.072089977725935,-89.84384880796179,91.84604646902177,0.01531208954587938,12.527883969800646,0.9978221910724058,5.499909492895507e-34,-3.1614500815977228e-80,0.9739436258339043,1.67156190525925e-6,0.0,10387.028230035987,24.267383348426375
562686.5624958874,2324.5134238088503,-27.23333486126592,-73.91029592899194,414.0171085105805,5.071570656415105,-89.84384884714821,91.84741209778973,0.015310152326431323,12.527891558902969,0.9978227955300082,5.077056365497557e-34,-2.588376875057366e-80,0.9741436869241089,1.671220133108155e-6,0.0,10387.028230704544,24.266142809296174
562687.1624958873,2321.47071506083,-27.233334861325464,-73.91029592692716,414.0169015988511,5.0707919203470935,-89.84384890590569,91.84946074876704,0.01530724750200817,12.527902941346497,0.9978237021200412,4.502945060843172e-34,-1.917517272124338e-80,0.9744437993301852,1.6707077021604161e-6,0.0,10387.028231707121,24.264282469005472
562687.5624958872,2319.4425021028146,-27.233334861365183,-73.91029592555124,414.0167636773712,5.070272926823471,-89.84384894507814,91.85082665543366,0.015305311621891166,12.527910528838326,0.9978243064493709,4.156742199880044e-34,-1.5699306446684127e-80,0.9746438881134691,1.6703662329587316e-6,0.0,10387.028232375336,24.263042554287072
562688.162495887,2316.400571842678,-27.233334861424808,-73.91029592348751,414.01655682464957,5.069494682188561,-89.84384900380763,91.85287572330242,0.015302408805391096,12.527921908873955,0.9978252128476192,3.6866996169962524e-34,-1.1630335428345451e-80,0.9749440420549533,1.6698542561487038e-6,0.0,10387.0282333774,24.261183150203667
562688.5624958869,2314.372877713293,-27.233334861464588,-73.91029592211189,414.01641894249394,5.068976016122168,-89.84384904296375,91.85424190368514,0.015300474263175774,12.527929494760476,0.9978258170490892,3.403252686671773e-34,-9.522115008906316e-81,0.9751441585252179,1.6695130895144808e-6,0.0,10387.028234045274,24.259943859349217
562689.1624958868,2311.3317254520953,-27.233334861524295,-73.91029592004921,414.0162121487375,5.068198262425871,-89.84384910167464,91.85629137610255,0.015297573452458189,12.527940872386313,0.9978267232554021,3.018414367110948e-34,-7.054158215011706e-81,0.97544435399216,1.6690015662691557e-6,0.0,10387.02823504683,24.258085390649835
562689.5624958867,2309.3045498272404,-27.233334861564128,-73.91029591867431,414.0160743058778,5.067679923487187,-89.8438491407981,91.85765782871908,0.015295640246718561,12.527948456663701,0.9978273273287076,2.7863476473650163e-34,-5.775457314038837e-81,0.9756444981426083,1.6686607018204722e-6,0.0,10387.02823571436,24.25684672310999
562690.1624958866,2306.264175074175,-27.23333486162392,-73.91029591661267,414.0158675710438,5.066902660235943,-89.84384919948802,91.85970771490041,0.015292741439646249,12.527959831882105,0.9978282333432732,2.4712686787877914e-34,-4.278565173721412e-81,0.9759447351253011,1.668149631568222e-6,0.0,10387.028236715405,24.254989188973994
562690.5624958865,2304.237517623231,-27.233334861663796,-73.91029591523848,414.0157297674517,5.066384648095936,-89.84384923861151,91.8610744398926,0.015290809568957224,12.527967414555379,0.997828837288814,2.2812685177277095e-34,-3.50299352140632e-81,0.9761449069498165,1.667809068924389e-6,0.0,10387.028237382598,24.25375114420232
562691.1624958863,2301.197919889353,-27.233334861723655,-73.91029591317789,414.0155230914979,5.0656078747961315,-89.84384929726643,91.86312473095563,0.015287912763394097,12.527978787363294,0.9978297431113886,2.0233036753674697e-34,-2.595082132808579e-81,0.9764451854384194,1.6672984510936788e-6,0.0,10387.028238383127,24.25189454380704
562691.5624958862,2299.171780287288,-27.233334861763602,-73.91029591180481,414.01538532714494,5.065090189126388,-89.84384933636196,91.8644917365631,0.015285982226334085,12.527986368431593,0.9978303469290963,1.867744699731585e-34,-2.124673933817622e-81,0.976645384930368,1.6669581898743493e-6,0.0,10387.02823904998,24.250657121256758
562692.1624958861,2296.1329590817913,-27.233334861823554,-73.91029590974527,414.0151787100287,5.064313905285839,-89.84384939500525,91.86654244018571,0.015283087420148955,12.527997738832713,0.9978312525599744,1.6565409491466482e-34,-1.5739975909178055e-81,0.9769457049152845,1.6664480238955189e-6,0.0,10387.028240050002,24.24880145378398
562692.562495886,2294.107337001711,-27.233334861863543,-73.91029590837248,414.0150409848867,5.0637965457583265,-89.84384943409145,91.8679097150852,0.015281158215297809,12.528005318297604,0.9978318562499736,1.5291800313144065e-34,-1.288680466423401e-81,0.9771459320682527,1.6661080637210804e-6,0.0,10387.028240716512,24.24756465290941
562693.1624958859,2291.069291836582,-27.23333486192357,-73.910295906314,414.0148344265656,5.063020750885244,-89.8438494927091,91.86996083496916,0.015278265406362112,12.528016686291227,0.9978327616890991,1.3562610247823e-34,-9.546782295995258e-82,0.9774462935396588,1.6655983490249212e-6,0.0,10387.028241716025,24.245709917540196
562693.5624958858,2289.044186952524,-27.23333486196361,-73.9102959049419,414.0146967406062,5.062503717172381,-89.84384953177432,91.87132838267324,0.015276337532301825,12.528024264153542,0.9978333652514563,1.2519867241528147e-34,-7.816245674729428e-82,0.9776465483471816,1.665258689516332e-6,0.0,10387.028242382195,24.24447373779616
562694.1624958856,2286.006917337887,-27.233334862023707,-73.9102959028845,414.0144902410379,5.061728410775502,-89.84384959035934,91.87337991417552,0.015273446718489184,12.52803562974125,0.9978342704989551,1.1104126150887528e-34,-5.790418786726585e-82,0.9779469512954955,1.6647494255346177e-6,0.0,10387.028243381197,24.24261993371279
562694.5624958855,2283.982329324819,-27.233334862063803,-73.9102959015131,414.014352594233,5.061211702549961,-89.84384962941992,91.87474773308439,0.015271520173803298,12.528043206000046,0.997834873933595,1.0250400380310857e-34,-4.740794792776341e-82,0.9781472337510484,1.664410066313207e-6,0.0,10387.02824404703,24.24138437455389
562695.1624958854,2280.94583477173,-27.233334862123986,-73.91029589945673,414.0141461533753,5.06043688413952,-89.84384968797697,91.87679967196635,0.015268631352992945,12.528054569186878,0.9978357789898686,9.091289605893969e-35,-3.5120681174159695e-82,0.9784476781666486,1.6639012524794077e-6,0.0,10387.028245045522,24.23953150094246
562695.5624958853,2278.9217633036897,-27.23333486216414,-73.91029589808643,414.01400854569664,5.059920501074604,-89.84384972701189,91.87816776290035,0.015266706136267367,12.52806214384369,0.9978363822969135,8.392318059744239e-35,-2.8754386955721284e-82,0.9786479882638354,1.6635621931674072e-6,0.0,10387.028245711015,24.238296561825013
562696.1624958852,2275.886043326929,-27.23333486222439,-73.91029589603073,414.0138021635072,5.059146170160245,-89.8438497855503,91.88022010702778,0.015263819306338345,12.528073504624363,0.9978372871615412,7.443318418318723e-35,-2.130177957014869e-82,0.9789484741367889,1.6630538289144007e-6,0.0,10387.028246709,24.236444617867118
562696.5624958851,2273.8624880807474,-27.23333486226459,-73.91029589466113,414.01366459492664,5.058630111930054,-89.84384982456892,91.88158847601011,0.015261895416162498,12.528081077679317,0.9978378903410011,6.871048915434988e-35,-1.744042518902508e-82,0.9791488118689736,1.66271506913479e-6,0.0,10387.028247374154,24.235210298248607
562697.1624958849,2270.8275421895087,-27.23333486232494,-73.91029589260687,414.0134582713632,5.057856268023053,-89.84384988308169,91.88364123677111,0.015259010574998687,12.528092436060964,0.997838795014551,6.094073720912429e-35,-1.2920188267563152e-82,0.9794493391899532,1.6622071538978326e-6,0.0,10387.02824837163,24.233359283132156
562697.5624958848,2268.8045028392226,-27.233334862365194,-73.91029589123757,414.0133207418526,5.057340534301328,-89.84384992208865,91.88500987871525,0.015257088009961024,12.528100007514169,0.9978393980664345,5.625539077785993e-35,-1.0578157386640436e-82,0.9796497045508146,1.661868693273677e-6,0.0,10387.028249036444,24.232125582468804
562698.1624958847,2265.7703305482864,-27.23333486242561,-73.91029588918435,414.01311447687306,5.0565671769130125,-89.84384998057811,91.88706304512203,0.015254205155448399,12.528111363494368,0.9978403025487136,4.989405588845415e-35,-7.83649386285107e-83,0.9799502733099927,1.6613612264879046e-6,0.0,10387.028250033412,24.230275495378923
562698.5624958846,2263.7478067688644,-27.23333486246592,-73.91029588781576,414.01297698640434,5.056051767374611,-89.84385001955944,91.88843195657456,0.015252283914141514,12.528118933348424,0.9978409054732281,4.6058018659431724e-35,-6.4159796841966034e-83,0.9801506662931502,1.6610230646434874e-6,0.0,10387.02825069789,24.229042413129832
562699.1624958845,2260.714407593012,-27.233334862526412,-73.91029588576359,414.0127707799666,5.055278896017583,-89.8438500780256,91.89048552751176,0.015249403044170808,12.52813028692841,0.9978418097643347,4.084979813187197e-35,-4.753075945238142e-83,0.9804512764807585,1.6605160457455939e-6,0.0,10387.028251694352,24.227193253255
562699.5624958844,2258.6923990603536,-27.233334862566778,-73.9102958843957,414.01263332851164,5.0547638103375645,-89.8438501169976,91.89185470957271,0.015247483125188699,12.528137855183955,0.9978424125615308,3.77091164686646e-35,-3.891490153097188e-83,0.9806516970797773,1.6601781823055179e-6,0.0,10387.02825235849,24.225960788878883
562700.1624958842,2255.6597725134343,-27.23333486262736,-73.91029588234457,414.0124271805736,5.053991424524822,-89.84385017543813,91.89390869907196,0.015244604237652587,12.528149206365327,0.9978433166615923,3.3444986135128804e-35,-2.882887594450581e-83,0.9809523486861874,1.6596716107329597e-6,0.0,10387.028253354445,24.224112555408002
562700.5624958841,2253.638278907165,-27.233334862667764,-73.91029588097777,414.0122897681045,5.053476662378669,-89.84385021438915,91.89527815571752,0.015242685639591802,12.528156773018585,0.9978439193311693,3.087361346048959e-35,-2.36030915885742e-83,0.9811527968942999,1.6593340453221341e-6,0.0,10387.028254018245,24.222880708363135
562701.162495884,2250.6064245011657,-27.23333486272843,-73.91029587892768,414.01208367862404,5.052704761623625,-89.84385027280403,91.89733254859946,0.015239808732384792,12.528168121804697,0.9978448232404529,2.7382438805890344e-35,-1.748560506499681e-83,0.9814534899101268,1.6588279205132314e-6,0.0,10387.028255013694,24.221033400485947
562701.5624958839,2248.5854454953223,-27.23333486276889,-73.9102958775612,414.01194630511276,5.052190322687391,-89.84385031174341,91.8987022796531,0.015237891453843206,12.52817568685999,0.997845425782755,2.527717691025178e-35,-1.4316005196498527e-83,0.9816539657211552,1.658490652757793e-6,0.0,10387.028255677158,24.21980217023353
562702.1624958838,2245.5543627487496,-27.233334862829626,-73.91029587551216,414.011740274048,5.0514189065042805,-89.84385037013266,91.90075707726992,0.015235016524864382,12.528187033247281,0.9978463295009772,2.2418844843555855e-35,-1.06055603790307e-83,0.981954700136418,1.657984974151427e-6,0.0,10387.0282566721,24.217955787139488
562702.5624958837,2243.533898017369,-27.233334862870148,-73.91029587414636,414.0116029394665,5.050904790454487,-89.84385040905337,91.90212708173125,0.015233100564441885,12.528194596709438,0.9978469319163891,2.069520217870971e-35,-8.683100009042214e-84,0.9821552035442198,1.6576480036781693e-6,0.0,10387.028257335227,24.216725173141565
562703.1624958835,2240.503586445935,-27.233334862930956,-73.91029587209836,414.01139696677564,5.050133858358727,-89.84385046742865,91.90418228643183,0.015230227611594298,12.528205940701111,0.9978478354438047,1.835499780287334e-35,-6.432600446777066e-84,0.9824559793492739,1.6571427707149186e-6,0.0,10387.028258329665,24.214879714023994
562703.5624958834,2238.483635671437,-27.23333486297152,-73.91029587073324,414.01125967109607,5.049620064872077,-89.8438505063354,91.90555256175368,0.015228312967893455,12.528213502563478,0.9978484377317962,1.6943798539621212e-35,-5.266568762176034e-84,0.9826565103469123,1.6568060971503117e-6,0.0,10387.028258992454,24.213649715739887
562704.1624958833,2235.4540947908536,-27.233334863032404,-73.9102958686863,414.0110537567371,5.048849616378925,-89.84385056467337,91.9076081792981,0.015225441989080591,12.52822484415918,0.9978493410683773,1.5027801240184168e-35,-3.901571159755946e-84,0.9829573275321605,1.6563013092708863e-6,0.0,10387.028259986386,24.21180517979028
562704.5624958832,2233.4346576472744,-27.233334863073033,-73.91029586732228,414.01091649993157,5.048336145132836,-89.84385060355447,91.90897872724595,0.015223528660705215,12.528232404427428,0.9978499432294005,1.3872408999541816e-35,-3.194336872527614e-84,0.9831578861135641,1.6559649322430006e-6,0.0,10387.02826064884,24.210575796683603
562705.1624958831,2230.405886972323,-27.23333486313401,-73.91029586527638,414.01071064386264,5.047566179758766,-89.84385066188314,91.9110347512554,0.015220659653834958,12.52824374363138,0.9978508463754833,1.2303723080758309e-35,-2.366423601246084e-84,0.983458744669561,1.6554605888896866e-6,0.0,10387.028261642266,24.20873218309688
562705.562495883,2228.3869631402194,-27.23333486317468,-73.91029586391267,414.0105734259032,5.047053030431018,-89.84385070075493,91.91240557046692,0.015218747639391733,12.528251302302987,0.9978514484093369,1.1357767917303793e-35,-1.9374641281572306e-84,0.983659330828051,1.6551245080266015e-6,0.0,10387.028262304384,24.20750341462975
562706.1624958828,2225.358962189406,-27.23333486323573,-73.91029586186781,414.0103676280827,5.046283547693086,-89.84385075905095,91.91446200445827,0.015215880602375317,12.52826263911489,0.9978523513648976,1.0073436508009708e-35,-1.435309118105327e-84,0.9839602307450325,1.6546206086422405e-6,0.0,10387.028263297307,24.205660722600566
562706.5624958827,2223.3405513465405,-27.233334863276458,-73.91029586050477,414.0102304489416,5.045770719961811,-89.84385079789709,91.91583309359778,0.015213969900472092,12.528270196190789,0.9978529532716559,9.29895392124007e-36,-1.1751319280629842e-84,0.9841608444742399,1.6542848235728112e-6,0.0,10387.02826395909,24.204432568236378
562707.1624958826,2220.313319636509,-27.23333486333758,-73.91029585846096,414.01002470932775,5.045001719377662,-89.84385085617448,91.91788993110423,0.015211104831223088,12.52828153061292,0.9978538560368758,8.247432294668382e-36,-8.705593805908215e-85,0.9844617857426806,1.65378136760127e-6,0.0,10387.028264951508,24.202590796960823
562707.5624958825,2218.295421459712,-27.23333486337836,-73.91029585709862,414.00988756897715,5.0444892129214285,-89.8438508950183,91.91926128893255,0.015209195440469458,12.52828908609563,0.9978544578167398,7.613339580359484e-36,-7.1275386639879e-85,0.9846624270363673,1.653445877955055e-6,0.0,10387.028265612955,24.20136325616402
562708.1624958824,2215.2689585098997,-27.23333486343957,-73.91029585505585,414.0096818875282,5.043720694009088,-89.84385095326306,91.92131853689952,0.015206332336903994,12.528300418125985,0.9978553603914593,6.752426483360866e-36,-5.280211945807899e-85,0.98496340964652,1.6529428648406382e-6,0.0,10387.02826660487,24.199522404837477
562708.5624958823,2213.251572681591,-27.233334863480394,-73.9102958536946,414.0095447859403,5.043208508507109,-89.84385099208357,91.9226901703599,0.015204424255913122,12.528307972012334,0.997855962044176,6.23327527556332e-36,-4.32307268600735e-85,0.9851640784979248,1.6526076702475582e-6,0.0,10387.02826726598,24.198295477072282
562709.1624958821,2210.2258780086413,-27.233334863541682,-73.91029585165245,414.0093391626146,5.042440470785572,-89.843851050305,91.92474781965664,0.015201563115950646,12.528319301654557,0.9978568644286853,5.528419244213575e-36,-3.2026118854443584e-85,0.9854651024403713,1.6521050994360485e-6,0.0,10387.028268257394,24.19645554489324
562709.562495882,2208.2090042028576,-27.233334863582563,-73.91029585029192,414.0092020997617,5.041928605917311,-89.84385108911621,91.92611972064503,0.015199656343335519,12.528326853951471,0.9978574659548067,5.103374183017121e-36,-2.6220773158242293e-85,0.9856657988436056,1.6517701995271643e-6,0.0,10387.02826891817,24.195229229626523
562710.1624958819,2205.1840773299336,-27.233334863643922,-73.91029584825121,414.00899653451773,5.041161048906413,-89.84385114731434,91.92817778375877,0.015196797164900093,12.528338181202482,0.9978583681488604,4.5262868711128487e-36,-1.9424831794739893e-85,0.985966864108335,1.6512680704649194e-6,0.0,10387.028269909082,24.193390215793286
562710.5624958818,2203.167715229094,-27.233334863684856,-73.91029584689095,414.0088595103722,5.040649504352081,-89.84385118610457,91.92954995721978,0.01519489169927808,12.52834573190823,0.9978589695482485,4.178289406532259e-36,-1.5903710044972178e-85,0.9861675880567119,1.6509334648715232e-6,0.0,10387.028270569523,24.192164512491235
562711.1624958817,2200.1435556728393,-27.2333348637463,-73.91029584485128,414.0086540031684,5.039882427572017,-89.84385124427473,91.93160842499368,0.01519203448029457,12.528357056772313,0.9978598715521879,3.7058102749808516e-36,-1.1781761379480567e-85,0.9864686946344141,1.6504317770060905e-6,0.0,10387.028271559931,24.190326416204158
562711.5624958816,2198.1277049556375,-27.233334863787285,-73.91029584349171,414.0085170177024,5.039371203011793,-89.84385128305796,91.93298086969617,0.015190130320282864,12.5283646058879,0.9978604728249226,3.42089404747869e-36,-9.646092114375468e-86,0.9866694461216504,1.6500974653599446e-6,0.0,10387.028272220037,24.18910132433315
562712.1624958814,2195.104312234558,-27.233334863848807,-73.91029584145308,414.0083115684973,5.038604605983375,-89.84385134120483,91.9350397427184,0.015187275058679233,12.528375928367382,0.9978613746389331,3.034060850583517e-36,-7.146002738649638e-86,0.9869705940028841,1.649596218139611e-6,0.0,10387.028273209946,24.18726414479302
562712.5624958813,2193.0889725852758,-27.233334863889848,-73.9102958400942,414.0081746216834,5.038093701098018,-89.84385137996242,91.9364124577178,0.015185372202898378,12.528383475887923,0.9978619757846255,2.8007911720474993e-36,-5.8506532636661495e-86,0.9871713730221805,1.6492622000727823e-6,0.0,10387.028273869717,24.186039663819024
562713.1624958812,2190.0663462216035,-27.23333486395145,-73.9102958380566,414.00796923043555,5.03732758334291,-89.84385143808598,91.93847173286596,0.015182518896606718,12.528394795982008,0.9978628774086435,2.484078936040821e-36,-4.334271718465197e-86,0.9874725621971867,1.6487613929466533e-6,0.0,10387.028274859125,24.184203400227332
562713.5624958811,2188.0515173161402,-27.233334863992525,-73.91029583669884,414.0078323222459,5.036816997813815,-89.84385147683425,91.93984471887731,0.015180617343678265,12.528402341914536,0.9978634784278537,2.2930938756202652e-36,-3.548602190998627e-86,0.9876733687426091,1.6484276680927179e-6,0.0,10387.028275518562,24.182979529620322
562714.162495881,2185.0296568293124,-27.233334864054207,-73.91029583466225,414.00762698891396,5.036051358854278,-89.84385153493217,91.9419043993468,0.015177765990632874,12.528413659626255,0.997864379862121,2.0337918269816328e-36,-2.6288698754455246e-86,0.9879745992019595,1.6479273005110064e-6,0.0,10387.028276507468,24.18114418118034
562714.5624958809,2183.015338349156,-27.23333486409534,-73.91029583330474,414.0074901193211,5.035541092363013,-89.84385157366178,91.9432776580985,0.015175865739180497,12.528421203969899,0.9978649807547795,1.877426483947084e-36,-2.1523370028032506e-86,0.9881754332670577,1.6475938685034435e-6,0.0,10387.028277166572,24.179920920408428
562715.1624958807,2179.9942432641983,-27.233334864157097,-73.91029583126922,414.00728484386366,5.034775931721932,-89.84385163173641,91.9453377449682,0.015173016337319429,12.528432519295725,0.9978658819990148,1.665127921453988e-36,-1.5944909020314487e-86,0.9884767050008242,1.6470939399168018e-6,0.0,10387.028278154978,24.17808648632276
562715.5624958806,2177.980434889905,-27.23333486419829,-73.9102958299124,414.0071480128401,5.034265983950715,-89.84385167044738,91.94671127458938,0.015171117385969192,12.528440062052189,0.9978664827652576,1.5371068058312684e-36,-1.305458973504273e-86,0.9886775665792712,1.6467608003899955e-6,0.0,10387.02827881375,24.176863834855837
562716.1624958805,2174.960104729049,-27.233334864260122,-73.9102958278779,414.00694279521593,5.033501301151707,-89.84385172850337,91.94877176667853,0.015168269933233112,12.528451374993054,0.9978673838195352,1.3632914431171614e-36,-9.671080567387126e-87,0.9889788795778519,1.646261310250312e-6,0.0,10387.028279801656,24.175030314329348
562716.5624958804,2172.946806143038,-27.23333486430137,-73.91029582652178,414.00680600273404,5.032991671783281,-89.84385176719802,91.9501455652155,0.015166372280613582,12.528458916162638,0.997867984459386,1.2584766182511132e-36,-7.91801251050933e-87,0.9891797686631777,1.6459284628392027e-6,0.0,10387.028280460094,24.173808271637853
562717.1624958803,2169.927240423858,-27.233334864363272,-73.91029582448832,414.00660084290183,5.032227466350626,-89.84385182522135,91.95220646469627,0.0151635267749452,12.528470226726077,0.9978688853243062,1.116168634811899e-36,-5.865809533421106e-87,0.9894811229174929,1.6454294105996956e-6,0.0,10387.028281447501,24.171975663878012
562717.5624958802,2167.91445130948,-27.233334864404572,-73.91029582313328,414.00646408893425,5.031718155068132,-89.84385186390904,91.95358053479649,0.015161630419686909,12.52847776630801,0.9978694858377035,1.0303535139370217e-36,-4.802519526775237e-87,0.9896820395031618,1.6450968549397229e-6,0.0,10387.028282105606,24.170754229432692
562718.16249588,2164.895649557933,-27.233334864466553,-73.91029582110086,414.0062589868528,5.030954426526392,-89.84385192191372,91.9556418380864,0.015158786859032181,12.528489074489707,0.9978703865129225,9.138415909728493e-37,-3.557794937455474e-87,0.9899834350033471,1.6445982400534756e-6,0.0,10387.028283092515,24.168922533644214
562718.56249588,2162.8833695957437,-27.233334864507903,-73.91029581974611,414.0061222713721,5.0304454330128925,-89.84385196057343,91.95701617299396,0.015156891799765506,12.528496612484679,0.9978709868999215,8.435821121235435e-37,-2.9128766561615133e-87,0.9901843790831429,1.6442659757804297e-6,0.0,10387.028283750287,24.16770170691559
562719.1624958798,2159.865331334062,-27.233334864569965,-73.9102958177147,414.0059172270002,5.029682180887804,-89.84385201855716,91.95907788310441,0.015154050182074143,12.52850791828826,0.997871887385728,7.481902172717152e-37,-2.1579126879016395e-87,0.9904858158197606,1.6437677977022759e-6,0.0,10387.028284736698,24.165870922307352
562719.5624958797,2157.853560205549,-27.23333486461137,-73.91029581636063,414.0057805499789,5.029173504827369,-89.84385205720055,91.9604524853438,0.015152156417433268,12.528515454699022,0.9978724876465477,6.906666209887993e-37,-1.7667498001216933e-87,0.9906867873874077,1.6434358244530497e-6,0.0,10387.028285394139,24.164650702768494
562720.1624958796,2154.836284957826,-27.233334864673505,-73.91029581433025,414.0055755632756,5.028410728644976,-89.8438521151563,91.96251459990148,0.01514931674065713,12.52852675812463,0.997873387942953,6.125663427346982e-37,-1.308840798997049e-87,0.9909882653508837,1.6429380826382546e-6,0.0,10387.028286380051,24.16282082854869
562720.5624958795,2152.825022349134,-27.233334864714962,-73.91029581297688,414.0054389246863,5.0279023697218905,-89.8438521537927,91.96388947299447,0.015147424269278297,12.528534292947375,0.9978739880772901,5.65470005222474e-37,-1.0715884071601306e-87,0.9911892643996786,1.6426064000497533e-6,0.0,10387.02828703716,24.161601215671208
562721.1624958793,2149.8085096394643,-27.233334864777177,-73.91029581094752,414.0052339956105,5.027140069009028,-89.84385221172515,91.9659519901343,0.015144586531372503,12.528545593996492,0.9978748881844126,5.015269053098182e-37,-7.938524328271233e-88,0.9914907835804948,1.6421090939546444e-6,0.0,10387.028288022575,24.159772251049688
562721.5624958792,2147.797755230218,-27.233334864818687,-73.91029580959524,414.00509739542565,5.026632026907988,-89.84385225033824,91.96732713362196,0.01514269535189262,12.52855312723595,0.9978754881926439,4.629676852611218e-37,-6.499515179120952e-88,0.9916918101044188,1.6417777016649103e-6,0.0,10387.028288679352,24.158553244307864
562722.1624958791,2144.782004583627,-27.23333486488097,-73.9102958075665,414.00489252393635,5.025870201191897,-89.84385230824505,91.96939005378435,0.015139859550814571,12.528564425908279,0.9978763881104596,4.106155026845483e-37,-4.8149605787690866e-88,0.9919933704930165,1.641280830746421e-6,0.0,10387.02828966427,24.156725188494452
562722.562495879,2142.7717580581084,-27.233334864922533,-73.9102958062149,414.0047559621289,5.025362475598129,-89.84385234684649,91.97076546651753,0.015137969661873566,12.528571957564173,0.9978769879925631,3.790458832767145e-37,-3.9421570148911735e-88,0.9921944244856203,1.6409497283938174e-6,0.0,10387.028290320717,24.15550678736225
562723.1624958789,2139.7567689996213,-27.233334864984908,-73.91029580418761,414.00455114818504,5.024601124407151,-89.84385240473465,91.97282878974684,0.015135135795584845,12.528583253862294,0.9978778877212778,3.3618354122143953e-37,-2.9204225390525525e-88,0.9924960260724945,1.6404532921102443e-6,0.0,10387.028291305136,24.153679639569532
562723.5624958788,2137.7470300402492,-27.233334865026514,-73.91029580283627,414.00441462472764,5.024093715006272,-89.84385244331978,91.97420447694162,0.015133247195824073,12.528590783936945,0.9978784874774381,3.1033652283525813e-37,-2.3910401778856257e-88,0.9926971075275539,1.6401224793338626e-6,0.0,10387.028291961253,24.152461843522097
562724.1624958786,2134.7328020967543,-27.23333486508897,-73.91029580081,414.00420986828834,5.023332837869136,-89.84385250117064,91.97626820255358,0.015130415262288656,12.52860207786036,0.997879387017012,2.7524380509085027e-37,-1.7713266115226447e-88,0.9929987503030623,1.6396264771440106e-6,0.0,10387.028292945177,24.150635602962282
562724.5624958785,2132.723570392467,-27.233334865130633,-73.91029579945936,414.00407338315364,5.022825744347277,-89.84385253974646,91.97764415319995,0.015128527950352773,12.528609606348647,0.9978799866468215,2.5408205616935952e-37,-1.4502398333368135e-88,0.9931998592137323,1.6392959535830962e-6,0.0,10387.02829360096,24.149418411473828
562725.1624958784,2129.710103087127,-27.23333486519316,-73.9102957974341,414.0038686841781,5.022065340793364,-89.84385259758102,91.97970828581693,0.0151256979475368,12.528620897902265,0.9978808859976455,2.253505688161826e-37,-1.0743643848558293e-88,0.9935015431686636,1.6388003849470023e-6,0.0,10387.028294584388,24.147593077361424
562725.5624958783,2127.701378315687,-27.23333486523487,-73.91029579608414,414.00373223733897,5.021558562836753,-89.84385263613117,91.98108450874,0.015123811922069337,12.528628424811922,0.9978814855017203,2.0802479410881316e-37,-8.796153212517844e-89,0.9937026795292542,1.6384701502420056e-6,0.0,10387.028295239843,24.146376489909112
562726.1624958782,2124.688671180047,-27.233334865297476,-73.91029579405992,414.00352759578624,5.020798632395754,-89.8438526939471,91.98314904148047,0.01512098384794226,12.528639713988987,0.9978823846632564,1.845014417273262e-37,-6.516352342578059e-89,0.9940044046536086,1.6379750146196008e-6,0.0,10387.028296222777,24.144552061455993
562726.5624958781,2122.68045302853,-27.233334865339234,-73.91029579271105,414.00339118721547,5.020292169691404,-89.84385273248563,91.98452553212913,0.015119099107591362,12.52864723931817,0.9978829840414492,1.7031629709092646e-37,-5.335139027319662e-89,0.9942055684575324,1.6376450684111619e-6,0.0,10387.028296877901,24.14333607751619
562727.162495878,2119.6685055866838,-27.23333486540192,-73.91029579068784,414.0031866030449,5.019532711894485,-89.84385279027357,91.98659046662769,0.015116272960126622,12.528658526126083,0.9978838830142868,1.5105700499575336e-37,-3.952369275375849e-89,0.9945073347421083,1.6371503652647181e-6,0.0,10387.02829786034,24.14151255394062
562727.5624958778,2117.6607937412336,-27.233334865443723,-73.91029578933924,414.00305023271534,5.019026564129901,-89.84385282879578,91.98796722217293,0.015114389503542335,12.528666049874888,0.9978844822666055,1.3944319079384103e-37,-3.235926859518836e-89,0.9947085259829087,1.636820707194225e-6,0.0,10387.028298515135,24.14029717299095
562728.1624958777,2114.6496055228636,-27.233334865506485,-73.91029578731708,414.00284570588616,5.01826757850819,-89.84385288655574,91.99003255709968,0.01511156528071512,12.52867733431119,0.9978853810505488,1.236750160034521e-37,-2.397234229779971e-89,0.9950103334179966,1.6363264359857956e-6,0.0,10387.028299497078,24.13847455350816
562728.5624958776,2112.642399666831,-27.23333486554835,-73.91029578596915,414.0027093737706,5.017761745370633,-89.8438529250593,91.99140958395797,0.015109683106546833,12.528684856480245,0.9978859801770434,1.1416642911386688e-37,-1.962689741829673e-89,0.9952115520895296,1.635997065694813e-6,0.0,10387.028300151544,24.137259775025427
562729.1624958775,2109.631970196031,-27.233334865611187,-73.91029578394799,414.0025049042421,5.017003231455729,-89.8438529827983,91.99347532831365,0.01510686080633363,12.528696138549329,0.9978868787724424,1.012565394361164e-37,-1.4539967174201572e-89,0.9955134006660347,1.6355032258876586e-6,0.0,10387.028301132996,24.135438058852866
562729.5624958774,2107.6252700164914,-27.233334865653106,-73.91029578260076,414.0023686103134,5.016497712634035,-89.8438530212902,91.99485262602472,0.015104979913236715,12.528703659140685,0.9978874777732762,9.347156689695661e-38,-1.190432043095134e-89,0.9957146467618171,1.6351741430191713e-6,0.0,10387.02830178713,24.13422388231762
562730.1624958772,2104.6155988220125,-27.233334865716014,-73.91029578058061,414.00216419804497,5.015739669958752,-89.84385307901057,91.99691876771693,0.015102159533619368,12.52871493884452,0.9978883761802875,8.290184315231147e-38,-8.818939876653752e-90,0.9960165364702304,1.634680734077635e-6,0.0,10387.028302768085,24.132403068674506
562730.5624958772,2102.609404004179,-27.233334865757985,-73.91029577923445,414.00202794227613,5.015234465140762,-89.84385311748149,91.99829632534419,0.015100279920246455,12.528722457855931,0.997888975055282,7.652804669451668e-38,-7.220338594660249e-90,0.9962178099840037,1.6343519382739996e-6,0.0,10387.02830342189,24.131189493563493
562731.162495877,2099.600490621291,-27.233334865820968,-73.91029577721534,414.00182358722714,5.014476893238312,-89.84385317517854,92.00036287062215,0.015097461459210034,12.528733735187654,0.997889873273359,6.787428877506234e-38,-5.348959844010407e-90,0.9965197408142137,1.6338589596625562e-6,0.0,10387.028304402354,24.129369581667312
562731.5624958769,2097.5948008503765,-27.233334865862993,-73.91029577586944,414.00168736959114,5.013972002113771,-89.84385321363783,92.00174070392107,0.015095583124220067,12.528741252624645,0.9978904720229537,6.265586557818592e-38,-4.379358714672476e-90,0.9967210417397528,1.6335304505681766e-6,0.0,10387.028305055834,24.128156607463364
562732.1624958768,2094.5866448022425,-27.23333486592606,-73.91029577385133,414.0014830717211,5.013214900518026,-89.84385327130457,92.00380765012872,0.015092766579750339,12.528752527593399,0.9978913700528248,5.557076780858164e-38,-3.24430961238077e-90,0.997023013682916,1.6330379017532245e-6,0.0,10387.028306035805,24.126337596536477
562732.5624958767,2092.581459767185,-27.23333486596812,-73.91029577250613,414.00134689219084,5.01271032277577,-89.84385330974753,92.00518574869545,0.015090889521800759,12.528760043450506,0.9978919686765847,5.129828423587594e-38,-2.656216533385469e-90,0.9972243420136563,1.6327096790114908e-6,0.0,10387.028306688955,24.125125222717198
562733.1624958765,2089.574060586281,-27.233334866031267,-73.91029577048904,414.00114265145925,5.0119536910211435,-89.84385336739332,92.00725309990621,0.015088074891887645,12.528771316053804,0.9978928665180518,4.549749677774735e-38,-1.9677741407560614e-90,0.9975263550600462,1.6322175594594708e-6,0.0,10387.028307668435,24.12330711197992
562733.5624958765,2087.569379972294,-27.233334866073385,-73.91029576914453,414.00100651000787,5.011449426351512,-89.84385340581763,92.00863146707614,0.01508619910964033,12.5287788303361,0.997893465016381,4.1999483069321734e-38,-1.6110774960251193e-90,0.9977277107898342,1.6318896227157414e-6,0.0,10387.028308321258,24.122095338028707
562734.1624958763,2084.5627371864393,-27.23333486613661,-73.91029576712845,414.0008023263743,5.010693263973198,-89.84385346344008,92.01069921785712,0.015083386392276134,12.528790100578648,0.9978943626698188,3.7250199964332025e-38,-1.1935158883269375e-90,0.9980297649302445,1.631397931894515e-6,0.0,10387.028309300247,24.12027812670438
562734.5624958762,2082.558560680598,-27.233334866178772,-73.91029576578501,414.00066622297476,5.010189312066093,-89.8438535018551,92.01207784571308,0.01508151188439256,12.52879761328491,0.9978949610426199,3.438626855392179e-38,-9.771683390925948e-91,0.9982311480527712,1.6310702807937483e-6,0.0,10387.028309952742,24.119066952101694
562735.1624958761,2079.5526738241315,-27.233334866242075,-73.91029576376954,414.0004620963988,5.009433618599712,-89.84385355945193,92.01414599608017,0.015078701077572896,12.528808881162792,0.9978958585077164,3.0497884403639986e-38,-7.239043069960878e-91,0.9985332432773955,1.6305790181713419e-6,0.0,10387.028310931239,24.11725063941207
562735.562495876,2077.5490011135116,-27.233334866284302,-73.91029576242677,414.00032603102403,5.00892997914615,-89.84385359784127,92.01552490025678,0.015076827842718457,12.52881639229569,0.9978964567552021,2.815309567288743e-38,-5.926828257987738e-91,0.9987346537863906,1.6302516523597714e-6,0.0,10387.028311583406,24.116040063641595
562736.1624958758,2074.5438697161153,-27.233334866347676,-73.91029576041272,414.0001219614653,5.008174754128108,-89.84385365541479,92.01759345234473,0.015074018944441329,12.52882765781216,0.9978973540322167,2.496955597522699e-38,-4.3907035575544644e-91,0.9990367900859379,1.629760817405633e-6,0.0,10387.028312561411,24.11422464881148
562736.5624958758,2072.540700488724,-27.233334866389946,-73.91029575907024,413.99998593408867,5.007671426818841,-89.84385369380183,92.0189726213374,0.01507214698128137,12.528835167370142,0.9978979521542632,2.3049805323420485e-38,-3.5948046814841956e-91,0.9992382279750696,1.629433736529343e-6,0.0,10387.02831321325,24.113014671354893
562737.1624958756,2069.5363240828738,-27.233334866453387,-73.91029575705721,413.99978192150684,5.006916669785856,-89.84385375135439,92.02104157102013,0.015069339989547077,12.528846430523977,0.9978988492430985,2.0443343457803272e-38,-2.663097531539568e-91,0.9995404053400244,1.6289433287132755e-6,0.0,10387.028314190764,24.111200153608195
562737.5624958755,2067.533658027649,-27.233334866495724,-73.91029575571538,413.9996459321014,5.0064136543126025,-89.84385378970876,92.02242100073039,0.01506746929675059,12.528853938507442,0.9978994472397379,1.8871584553994198e-38,-2.1803602425301502e-91,0.9997418706029028,1.628616532419402e-6,0.0,10387.028314842275,24.1099907739496
562738.1624958754,2064.53003614489,-27.23333486655924,-73.91029575370337,413.99944197645624,5.005659364802911,-89.84385384724268,92.02449035828745,0.015064664209564697,12.528865199303622,0.9979003441407903,1.6737594058474584e-38,-1.615251034265291e-91,1.0000440890238944,1.6281265512130438e-6,0.0,10387.028315819296,24.108177152514827
562738.5624958753,2062.5278729489073,-27.23333486660162,-73.91029575236223,413.9993060249952,5.005156660858094,-89.84385388558542,92.02587006115809,0.015062794785803024,12.528872705717161,0.9979009420123879,1.5450746701825217e-38,-1.3224559352813994e-91,1.0002455816543534,1.6278000391497473e-6,0.0,10387.028316470482,24.106968370140645
562739.1624958751,2059.5250051217154,-27.233334866665214,-73.91029575035122,413.9991021262464,5.0044028384096055,-89.8438539430937,92.02793981348495,0.01505999160117113,12.528883964155268,0.9979018387256243,1.370358304865983e-38,-9.79699719141258e-92,1.0005478411219675,1.627310484024614e-6,0.0,10387.028317447015,24.10515564424366
562739.562495875,2057.523344475776,-27.23333486670764,-73.91029574901117,413.99896621270295,5.0039004456847405,-89.84385398142479,92.02931978127894,0.015058123445114127,12.528891468992503,0.9979024364716724,1.2650001538606162e-38,-8.02110434159972e-92,1.0007493611134983,1.626984255839047e-6,0.0,10387.028318097875,24.10394745863513
562740.1624958749,2054.521230235696,-27.23333486677131,-73.91029574700116,413.9987623708104,5.003147089836263,-89.84385403890276,92.03138993048321,0.015055322161045223,12.528902725075286,0.9979033329973117,1.1219544918789334e-38,-5.942181861050701e-92,1.0010516616184701,1.6264951262678857e-6,0.0,10387.028319073917,24.102135627504165
562740.5624958748,2052.520071825944,-27.233334866813795,-73.91029574566137,413.9986264951577,5.002645008024725,-89.84385407722219,92.03277016818306,0.01505345527136807,12.528910228343316,0.9979039306183756,1.0356945331828821e-38,-4.8650479114179084e-92,1.001253208965068,1.6261691816095794e-6,0.0,10387.028319724452,24.10092803814987
562741.1624958747,2049.5187107101083,-27.233334866877545,-73.91029574365237,413.99842271008134,5.001892118315641,-89.84385413467919,92.03484071497444,0.015050655885874722,12.528921482066771,0.9979048269560988,9.185786501074407e-39,-3.6041171166967406e-92,1.00155555049762,1.6256804770655133e-6,0.0,10387.028320700007,24.099117101012364
562741.5624958746,2047.5180542264134,-27.23333486692007,-73.91029574231325,413.9982868722926,5.001390347110698,-89.84385417297766,92.03622121933303,0.015048790261253518,12.528928983765807,0.9979054244521953,8.47954968852201e-39,-2.950802055726817e-92,1.0017571251929422,1.625354815583775e-6,0.0,10387.028321350212,24.097910107398608
562742.1624958745,2044.5174457682297,-27.2333348669839,-73.91029574030526,413.9980831439923,5.000637923081337,-89.84385423041135,92.03829217085767,0.015045992772351332,12.528940235132815,0.9979063206022322,7.520685932814631e-39,-2.186008522561372e-92,1.0020595077437213,1.6248665355414283e-6,0.0,10387.02832232528,24.096100063485373
562742.5624958744,2042.5172909004614,-27.233334867026485,-73.91029573896682,413.997947344041,5.000136462176086,-89.84385426869815,92.03967293892856,0.015044128411462217,12.52894773526048,0.9979069179731719,6.942468132871489e-39,-1.7897527281584168e-92,1.0022611097814582,1.6245411568855787e-6,0.0,10387.028322975162,24.09489366509705
562743.1624958742,2039.5174346324056,-27.233334867090395,-73.91029573695984,413.9977436724767,4.9993845033673185,-89.84385432611087,92.04174428704394,0.015041332817169104,12.528958984275329,0.9979078139358637,6.157416884598862e-39,-1.3258817918466213e-92,1.0025635333412641,1.6240533008204582e-6,0.0,10387.028323949738,24.09308451364
562743.5624958741,2037.5177810704336,-27.23333486713302,-73.91029573562247,413.997607910336,4.998883352455997,-89.84385436437903,92.04312532321744,0.015039469718692225,12.528966482833239,0.9979084111817754,5.6840121877199624e-39,-1.0855403945967181e-92,1.0027651627151373,1.62372820464111e-6,0.0,10387.028324599296,24.091878709965346
562744.162495874,2034.5186765305698,-27.23333486719701,-73.91029573361651,413.9974042954677,4.998131858409192,-89.84385442176846,92.045197070368,0.015036676017029446,12.528977729493064,0.997909306956894,5.041266585181527e-39,-8.041883221436766e-93,1.0030676272742518,1.6232407720290186e-6,0.0,10387.028325573387,24.090070450195316
562744.5624958739,2032.5195239651948,-27.233334867239687,-73.9102957322794,413.997268571111,4.997631017186484,-89.84385446002028,92.04657837279723,0.01503481417964702,12.528985226482288,0.9979099040778628,4.6536755994854107e-39,-6.58413829889072e-93,1.0032692839779296,1.622915957977332e-6,0.0,10387.028326222618,24.08886524072314
562745.1624958738,2029.5211706850678,-27.233334867303746,-73.91029573027444,413.99706501289876,4.9968799874433945,-89.8438545173794,92.04865052017799,0.01503202236863667,12.528996470791872,0.9979107996657893,4.127440005960144e-39,-4.877650944821742e-93,1.0035717895273475,1.6224289482952563e-6,0.0,10387.028327196222,24.08705787187318
562745.5624958737,2027.5225188070908,-27.233334867346468,-73.91029572893801,413.99692932629955,4.9963794556039165,-89.84385455562193,92.05003208696198,0.015030161791031274,12.529003966211395,0.9979113966617345,3.810107344955057e-39,-3.993483554798951e-93,1.0037734735545294,1.622104416022501e-6,0.0,10387.028327845128,24.085853256091262
562746.1624958735,2024.5249163256958,-27.2333348674106,-73.91029572693405,413.9967258247035,4.995628889707374,-89.84385461295773,92.05210463436866,0.015027371868700866,12.529015208169,0.9979122920623301,3.379262079271065e-39,-2.958446185353813e-93,1.0040760200845442,1.6216178287481407e-6,0.0,10387.028328818245,24.084046777394907
562746.5624958734,2022.5267648221925,-27.233334867453383,-73.91029572559829,413.9965901758351,4.995128666946628,-89.84385465117694,92.05348646415094,0.015025512549557639,12.529022702025257,0.9979128889337641,3.119452069604017e-39,-2.422171312096609e-93,1.0042777314293396,1.6212935779069365e-6,0.0,10387.028329466828,24.082842754794584
562747.1624958733,2019.5299126757309,-27.233334867517588,-73.91029572359534,413.99638673081535,4.994378564439399,-89.84385470849877,92.05555940892205,0.015022724513934837,12.529033941629812,0.9979137841469439,2.7667057992143888e-39,-1.7943891292439323e-93,1.004580318930579,1.620807412518427e-6,0.0,10387.028330439458,24.08103716548481
562747.5624958732,2017.5322612421587,-27.233334867560426,-73.91029572226064,413.99625111965116,4.993878650453102,-89.84385474670167,92.05694150960193,0.015020866451941619,12.529041433918088,0.9979143808934912,2.5539913534041292e-39,-1.4691218292594608e-93,1.0047820575862871,1.6204834427610996e-6,0.0,10387.028331087715,24.079833735554896
562748.162495873,2014.5361589659005,-27.233334867624713,-73.91029572025829,413.9960477311679,4.993129010879565,-89.84385480400485,92.05901484953907,0.01501808030105961,12.529052671175249,0.9979152759197054,2.2651871325285623e-39,-1.0883525152794773e-93,1.0050846860495237,1.6199976987384925e-6,0.0,10387.02833205986,24.078029034869637
562748.562495873,2012.5390072930604,-27.233334867667594,-73.91029571892427,413.9959121576815,4.9926294053636555,-89.84385484218677,92.06039721410457,0.01501622349490464,12.529060161896131,0.9979158725414128,2.0910312733514998e-39,-8.910678358825261e-94,1.0052864520099476,1.6196740097181459e-6,0.0,10387.028332707794,24.076826197100388
562749.1624958728,2009.543654423207,-27.23333486773195,-73.91029571692334,413.99570882569503,4.991880228267889,-89.84385489946432,92.0624709566599,0.015013439226796713,12.529071396806362,0.9979167673806983,1.8545783750588692e-39,-6.601194680744974e-94,1.0055891214259127,1.6191886865413944e-6,0.0,10387.028333679453,24.07502238427506
562749.5624958727,2007.5470022009686,-27.233334867774886,-73.91029571558958,413.99557328985986,4.991380930918934,-89.84385493763459,92.06385358095154,0.015011583675170515,12.529078885963088,0.9979173638778236,1.711991616692889e-39,-5.404602071324475e-94,1.005790914684985,1.618865277911999e-6,0.0,10387.028334327062,24.073820138158517
562750.1624958726,2004.552398278378,-27.23333486783933,-73.91029571358963,413.99537001433026,4.990632215846268,-89.84385499488182,92.06592772191416,0.015008801287875392,12.529090118524774,0.9979182585300522,1.518400356352292e-39,-4.003828778022895e-94,1.0060936250439918,1.6183803750621683e-6,0.0,10387.028335298237,24.072017212430513
562750.5624958725,2002.5562451994047,-27.233334867882313,-73.91029571225654,413.99523451612,4.99013322636119,-89.84385503304978,92.06731061070494,0.01500694698947061,12.529097606117146,0.9979188549025797,1.4016601917813823e-39,-3.2780583445069693e-94,1.0062954455953956,1.618057246477991e-6,0.0,10387.028335945524,24.070815557458378
562751.1624958724,1999.5623897612095,-27.233334867946827,-73.91029571025761,413.99503129700776,4.98938497285735,-89.84385509027372,92.06938515766882,0.015004166481028374,12.529108836332814,0.9979197493679524,1.2431610727142137e-39,-2.428446010005446e-94,1.0065981968881834,1.6175727634371018e-6,0.0,10387.028336916213,24.069013518066487
562751.5624958723,1997.5667355190963,-27.233334867989864,-73.91029570892518,413.9948958363957,4.988886290933247,-89.84385512841135,92.07076830974981,0.015002313434538908,12.529116322358702,0.9979203456157123,1.1475823094389934e-39,-1.9882437907881702e-94,1.0068000447255439,1.6172499145526851e-6,0.0,10387.028337563177,24.067812453730067
562752.1624958721,1994.5736281042919,-27.233334868054445,-73.91029570692724,413.9946926736613,4.988138498544743,-89.84385518560966,92.07284324443647,0.014999534802993172,12.529127550229969,0.997921239894358,1.0178142057504805e-39,-1.472927627645332e-94,1.0071028369427153,1.6167658508036385e-6,0.0,10387.02833853338,24.06601129991421
562752.562495872,1992.5784723898396,-27.233334868097522,-73.9102957055959,413.99455725062126,4.9876401238799035,-89.84385522373796,92.07422667201065,0.014997683007116557,12.529135034695033,0.9979218360178013,9.395609325706942e-40,-1.205931364288232e-94,1.007304712059972,1.616443281275088e-6,0.0,10387.028339180022,24.064810825709177
562753.1624958719,1989.5861125383526,-27.233334868162185,-73.91029570359896,413.994354144225,4.986892792153099,-89.84385528091995,92.07630199993103,0.01499490625051149,12.529146260219118,0.9979227301094983,8.333157948436113e-40,-8.933761703337355e-95,1.007607545192088,1.6159596363008362e-6,0.0,10387.028340149744,24.06301055670732
562753.5624958718,1987.5914550442249,-27.23333486820533,-73.91029570226786,413.9942187587305,4.98639472444519,-89.84385531902961,92.07768568581965,0.014993055703944281,12.529153743121912,0.9979233261085096,7.692474332796794e-40,-7.314346772322029e-95,1.0078094475830288,1.6156373457836822e-6,0.0,10387.028340796063,24.061810672125798
562754.1624958717,1984.5998422913253,-27.233334868270067,-73.91029570027193,413.9940157086328,4.985647852927752,-89.84385537618131,92.07976141275503,0.014990280820327983,12.529164966305927,0.9979242200138246,6.82261271273784e-40,-5.4186028338410136e-95,1.008112321621173,1.6151541190690892e-6,0.0,10387.0283417653,24.06001128718087
562754.5624958716,1982.6056827120483,-27.233334868313253,-73.9102956989415,413.99388036065756,4.985150091875496,-89.84385541428166,92.08114536603642,0.014988431521770793,12.529172447646305,0.9979248158883925,6.298065331306771e-40,-4.436377582513113e-95,1.0083142512794316,1.6148321072199163e-6,0.0,10387.028342411299,24.058811991717466
562755.1624958714,1979.6148166041821,-27.233334868378066,-73.91029569694655,413.99367736681893,4.9844036801158085,-89.84385547141939,92.08322149132492,0.014985658509196323,12.529183668484393,0.9979257096068588,5.58588286890058e-40,-3.286550240078764e-95,1.0086171662136052,1.6143492982499036e-6,0.0,10387.028343380054,24.057013490070492
562755.5624958713,1977.621154631488,-27.233334868421302,-73.91029569561681,413.99354205633654,4.983906225418449,-89.84385550949875,92.08460571028382,0.014983810457351391,12.529191148266651,0.9979263053573255,5.1564197943819235e-40,-2.690800240576614e-95,1.0088191231331305,1.6140275647262045e-6,0.0,10387.028344025728,24.055814783221777
562756.1624958712,1974.6310347067192,-27.233334868486185,-73.91029569362286,413.9933391187176,4.983160272965143,-89.84385556660848,92.08668222922567,0.014981039313871894,12.529202366762288,0.9979271988892199,4.573334108034973e-40,-1.9933943881443567e-95,1.0091220789542386,1.6135451729868807e-6,0.0,10387.028344994,24.054017164116058
562756.5624958711,1972.6378700360656,-27.23333486852948,-73.91029569229417,413.99320384570194,4.982663124321647,-89.84385560467155,92.08806671158945,0.014979192507441843,12.529209844982992,0.9979277945153117,4.221719480064031e-40,-1.6320535842635895e-95,1.0093240631286369,1.613223717445755e-6,0.0,10387.028345639354,24.052819045375713
562757.162495871,1969.6484958315268,-27.233334868594444,-73.91029569030121,413.9930009642632,4.981917630724037,-89.84385566176265,92.09014362657418,0.014976423231113195,12.529221061141737,0.9979286878610771,3.744329294866263e-40,-1.2090553609155185e-95,1.009627059827727,1.6127417424242359e-6,0.0,10387.028346607143,24.051022308056172
562757.5624958709,1967.6558281565085,-27.23333486863778,-73.91029568897278,413.9928657286879,4.981420787834154,-89.84385569980938,92.09152836929265,0.014974577668803217,12.52922853780209,0.9979292833628901,3.4564515844444474e-40,-9.898909854924213e-96,1.0098290712508284,1.612420564523874e-6,0.0,10387.028347252175,24.049824776920534
562758.1624958707,1964.667199216783,-27.23333486870282,-73.91029568698082,413.99266290339,4.980675752642073,-89.84385575687017,92.09360568789029,0.014971810257684988,12.529239751620265,0.9979301765222335,3.065597556881245e-40,-7.3332947782568624e-96,1.0101321088182467,1.6119390057074384e-6,0.0,10387.028348219485,24.048028920630575
562758.5624958706,1962.6750282300636,-27.23333486874621,-73.91029568565304,413.9925277052287,4.980179215206059,-89.84385579490292,92.09499069459652,0.014969965938202184,12.529247226723507,0.9979307719000254,2.829903221193496e-40,-6.003995044079987e-96,1.0103341474840088,1.6116181051067735e-6,0.0,10387.028348864194,24.046831976597318
562759.1624958705,1959.687144097872,-27.23333486881132,-73.91029568366208,413.9923249360325,4.979434637970277,-89.84385585194742,92.09706840790446,0.014967200390357259,12.529258438202028,0.9979316648730199,2.5098990074514606e-40,-4.4478701342582275e-96,1.0106372259103409,1.611136961984028e-6,0.0,10387.02834983102,24.04503700058318
562759.5624958704,1957.6954694986343,-27.233334868854758,-73.91029568233499,413.99218977525925,4.978938405688868,-89.84385588996619,92.09845367782688,0.014965357312411874,12.529265911743973,0.9979322601264575,2.3169288056463546e-40,-3.6416087243591774e-96,1.0108392918120948,1.6108163383421082e-6,0.0,10387.028350475412,24.043840643149
562760.1624958703,1954.708329712972,-27.23333486891995,-73.91029568034502,413.9919870621252,4.978194285960497,-89.84385594698037,92.10053178182564,0.014962593625904337,12.529277120887642,0.9979331529134854,2.054931513585447e-40,-2.6977708287254873e-96,1.0111424110883531,1.610335610402557e-6,0.0,10387.028351441755,24.042046546658135
562760.5624958702,1952.7171511910856,-27.233334868963436,-73.91029567901896,413.99185193871364,4.977698358534425,-89.84385598498983,92.101917317019,0.014960751788205514,12.52928459287415,0.9979337480430355,1.8969408742429897e-40,-2.2087483423899042e-96,1.0113445042204086,1.6100152633793567e-6,0.0,10387.028352085827,24.040850775321772
562761.16249587,1949.7307552965358,-27.233334869028702,-73.9102956770296,413.99164928160263,4.976954695865247,-89.8438560419807,92.10399582176737,0.01495798996110326,12.52929579968166,0.9979346406439927,1.682435633063312e-40,-1.6362814616070059e-96,1.0116476643370922,1.609534950112965e-6,0.0,10387.02835305169,24.039057557601247
562761.5624958699,1947.740072553046,-27.233334869072237,-73.91029567570422,413.9915141955268,4.976459072996099,-89.84385607996684,92.10538161978684,0.014956149362365223,12.529303270107196,0.9979352356492142,1.5530838373645733e-40,-1.3396741960158403e-96,1.0118497846926595,1.609214879368561e-6,0.0,10387.028353695441,24.037862371860413
562762.1624958698,1944.754420094192,-27.23333486913758,-73.91029567371623,413.9913115943998,4.975715866938794,-89.84385613693908,92.1074605201383,0.014953389392739673,12.529314474579289,0.99793612806416,1.3774617989396308e-40,-9.924553238881512e-97,1.012152985640317,1.6087349802664308e-6,0.0,10387.028354660824,24.036070032159422
562762.5624958697,1942.7642328217626,-27.233334869181157,-73.91029567239111,413.9911765456336,4.97522054832847,-89.84385617490891,92.10884658024439,0.014951550031676666,12.529321943448771,0.9979367229454448,1.2715575053680315e-40,-8.125538419323779e-97,1.0123551332134904,1.6084151854620574e-6,0.0,10387.028355304255,24.03487543151474
562763.1624958696,1939.779323338531,-27.23333486924657,-73.91029567040411,413.99097400045133,4.97447779843557,-89.84385623186016,92.11092586974219,0.0149487919175988,12.529333145588824,0.997937615174648,1.1277703409569914e-40,-6.019548549713385e-97,1.0126583749831939,1.6079357000157855e-6,0.0,10387.02835626916,24.033083969082213
562763.5624958695,1937.7896312307566,-27.233334869290214,-73.91029566907966,413.9908389889685,4.9739827837859965,-89.84385626981602,92.1123121974536,0.014946953792925847,12.529340612904502,0.9979382099321752,1.0410632385444285e-40,-4.928390410165524e-97,1.0128605497680077,1.607616180812799e-6,0.0,10387.02835691227,24.031889953033357
562764.1624958693,1934.8054642705247,-27.2333348693557,-73.91029566709365,413.9906364996918,4.973240489611156,-89.84385632673695,92.11439188417248,0.014944197532472137,12.52935181270973,0.9979391019754141,9.233402646239124e-41,-3.6510424066645606e-97,1.0131638323501257,1.6071371085147332e-6,0.0,10387.028357876696,24.030099367118922
562764.5624958692,1932.8162670275196,-27.23333486939939,-73.91029566576984,413.9905015254663,4.972745778624913,-89.84385636468816,92.1157784663083,0.014942360642907925,12.529359278467291,0.9979396966088403,8.523504930553038e-41,-2.98922124068092e-97,1.0133660343399846,1.6068178645747756e-6,0.0,10387.028358519487,24.02890593516523
562765.1624958691,1929.8328421339393,-27.233334869464954,-73.91029566378482,413.99029909205626,4.972003939722443,-89.84385642158581,92.11785855006936,0.014939606234156988,12.529370475940445,0.9979405884663337,7.559670735375984e-41,-2.214470162533642e-97,1.0136693577253142,1.6063392049184627e-6,0.0,10387.028359483435,24.027116225020894
562765.562495869,1927.8441394465044,-27.233334869508695,-73.91029566246209,413.99016415506225,4.9715095321028135,-89.84385645951602,92.11924540260229,0.014937770578421217,12.52937794014921,0.9979411829764013,6.978455641440031e-41,-1.8130551523084136e-97,1.0138715869146053,1.6060202359047828e-6,0.0,10387.028360125905,24.02592337666631
562766.1624958689,1924.8614561660215,-27.23333486957434,-73.91029566047806,413.9899617774798,4.9707681480273544,-89.84385651639502,92.12132587291237,0.014935018019453962,12.529389135288676,0.9979420746480211,6.189334941499317e-41,-1.343144656934224e-97,1.014174951093707,1.6055419883841226e-6,0.0,10387.028361089375,24.024134541543294
562766.5624958688,1922.8732477361336,-27.233334869618123,-73.91029565915557,413.9898268776911,4.970274043477473,-89.84385655430891,92.12271298729655,0.014933183596268395,12.529396597941506,0.9979426690341613,5.713476267841662e-41,-1.0996740356907453e-97,1.0143772074757131,1.6052232939590973e-6,0.0,10387.028361731527,24.0229422762871
562767.1624958686,1919.8913056105375,-27.233334869683844,-73.91029565717253,413.98962455589725,4.9695331137845535,-89.84385661116228,92.12479385838246,0.014930432885168397,12.529407790753616,0.9979435605204116,5.067398880059702e-41,-8.146587838360847e-98,1.0146806124396763,1.6047454580694902e-6,0.0,10387.028362694518,24.021154315440146
562767.5624958685,1917.9035911345854,-27.23333486972768,-73.9102956558507,413.989489693288,4.969039312008297,-89.84385664905754,92.12618123766642,0.01492859969325659,12.529415251852546,0.9979441547827866,4.677798748098616e-41,-6.66986320428637e-98,1.0148828960082854,1.6044270378968418e-6,0.0,10387.028363336352,24.019962632785262
562768.1624958684,1914.9223897121847,-27.23333486979347,-73.91029565386864,413.9892874272439,4.968298836254198,-89.84385670588759,92.12826250372254,0.01492585082811164,12.529426442336725,0.9979450460836216,4.148835319519789e-41,-4.9411575339631475e-98,1.015186341747583,1.6039496131341494e-6,0.0,10387.028364298867,24.018175545468747
562768.5624958683,1912.9351688884199,-27.23333486983735,-73.91029565254746,413.98915260178825,4.967805336955681,-89.84385674376652,92.12965014062333,0.014924018866198731,12.529433901880969,0.9979456402221687,3.829857708672884e-41,-4.045478361771931e-98,1.0153886524965237,1.6036314668778529e-6,0.0,10387.028364940383,24.016984444917636
562769.1624958682,1909.954707714729,-27.233334869903214,-73.9102956505664,413.988950391455,4.967065314696458,-89.84385680058027,92.1317318001348,0.014921271845096258,12.529445090036608,0.99794653133754,3.396779080531367e-41,-2.996964896207792e-98,1.0156921390019669,1.603154452738205e-6,0.0,10387.028365902417,24.015198230384843
562769.5624958681,1907.9679802376777,-27.233334869947146,-73.9102956492463,413.98881560312685,4.966572117580302,-89.84385683844756,92.1331197047627,0.014919441111908793,12.529452548031012,0.9979471253526453,3.1356222998356096e-41,-2.4537077709550935e-98,1.0158944769253822,1.602836580063199e-6,0.0,10387.028366543616,24.014007711442193
562770.1624958679,1904.9882588582113,-27.23333487001309,-73.91029564726621,413.98861344846557,4.965832548373123,-89.843856895231,92.13520175146022,0.014916695932940385,12.52946373386068,0.9979480162827574,2.7810475069111713e-41,-1.8177519189309798e-98,1.0161980041878336,1.6023599760440643e-6,0.0,10387.028367505174,24.01222236894933
562770.5624958678,1903.0020244279876,-27.233334870057075,-73.91029564594635,413.98847869723926,4.965339653144124,-89.84385693308663,92.13658991432837,0.014914866427206954,12.529471190302298,0.9979486101741863,2.567230418237489e-41,-1.488249667119302e-98,1.01640036927933,1.6020423766151787e-6,0.0,10387.028368146055,24.011032431118032
562771.1624958677,1900.0230423938483,-27.233334870123088,-73.91029564396726,413.98827659821114,4.964600536546924,-89.84385698984443,92.13867235823581,0.014912123088468295,12.52948237380294,0.997949500918796,2.2769291297233714e-41,-1.1025227699390991e-98,1.0167039372891298,1.6015661822145765e-6,0.0,10387.028369107138,24.009247959921293
562771.5624958676,1898.037300706841,-27.233334870167127,-73.91029564264805,413.98814188406067,4.964107942910851,-89.84385702768843,92.1400607830946,0.014910294808920293,12.52948982869682,0.9979500946869504,2.1018705029203806e-41,-9.026694612531543e-99,1.0169063295427299,1.6012488556980582e-6,0.0,10387.0283697477,24.008058602708147
562772.1624958675,1895.0590575607494,-27.233334870233218,-73.91029564066993,413.98793984062706,4.963369278481815,-89.84385708442292,92.14214362136215,0.01490755330850714,12.529501009874743,0.9979509852465597,1.8641919093072235e-41,-6.68714165874215e-99,1.0172099382911248,1.600773070415179e-6,0.0,10387.028370708307,24.006275002066026
562772.5624958674,1893.0738083189353,-27.233334870277297,-73.91029563935139,413.9878051635267,4.962876986144182,-89.84385712224825,92.14353231557281,0.014905726253876723,12.529508463216002,0.997951578891051,1.720866027319752e-41,-5.474969518093246e-99,1.0174123577003138,1.6004560164767498e-6,0.0,10387.028371348553,24.005086224974487
562773.1624958672,1890.0963036110625,-27.23333487034346,-73.91029563737426,413.98760317564887,4.962138773442728,-89.8438571789641,92.14561554544365,0.014902986589890664,12.529519642071955,0.9979524692657198,1.5262712525219093e-41,-4.0559582788983865e-99,1.0177160071778413,1.5999806398116406e-6,0.0,10387.028372308683,24.003303494146614
562773.5624958671,1888.1115465098992,-27.233334870387583,-73.91029563605636,413.9874685355727,4.961646782109597,-89.8438572167708,92.14700449507382,0.01490116075891101,12.529527093865036,0.9979530627869018,1.408925944709089e-41,-3.3207383777486185e-99,1.017918453736803,1.5996638581182478e-6,0.0,10387.028372948613,24.002115296683346
562774.162495867,1885.134779792279,-27.233334870453813,-73.91029563408021,413.98726660321205,4.960909020694846,-89.84385727346567,92.1490881162331,0.014898422929453868,12.529538270393498,0.9979539529761903,1.2496052174909905e-41,-2.460064164882482e-99,1.018222143933861,1.599188889570775e-6,0.0,10387.028373908268,24.000333434926603
562774.5624958669,1883.1505145318806,-27.233334870497995,-73.9102956327634,413.9871320001345,4.960417330072945,-89.84385731125371,92.15047732800218,0.014896598320861524,12.529545720638732,0.997954546374089,1.153531004831415e-41,-2.0141305512314485e-99,1.0184246176363363,1.5988723797898073e-6,0.0,10387.028374547881,23.999145816598546
562775.1624958668,1880.174485348165,-27.233334870564313,-73.91029563078821,413.9869301232523,4.959680019505071,-89.84385736792528,92.15256134563043,0.014893862324037603,12.529556894847621,0.997955436378628,1.0230902252797889e-41,-1.4921050166676439e-99,1.0187283485442304,1.5983978188617871e-6,0.0,10387.028375507061,23.997364823175047
562775.5624958667,1878.1907116286457,-27.233334870608537,-73.91029562947163,413.98679555714756,4.959188629301389,-89.84385740569934,92.15395081795742,0.01489203893657043,12.529564343545045,0.9979560296532466,9.444313124506478e-42,-1.2216324852890876e-99,1.0189308493839946,1.5980815806610566e-6,0.0,10387.028376146356,23.996177783489347
562776.1624958665,1875.2154195290059,-27.23333487067493,-73.91029562749743,413.9865937357053,4.958451769140815,-89.8438574623546,92.1560352208256,0.014889304770486743,12.52957551543289,0.9979569194729189,8.376354343051514e-42,-9.050078500172388e-100,1.0192346209934116,1.5976074268542764e-6,0.0,10387.028377105064,23.994397657659047
562776.5624958664,1873.232137048617,-27.233334870719215,-73.91029562618151,413.98645920654764,4.957960679062351,-89.84385750011235,92.15742495311787,0.014887482602882831,12.529582962583333,0.9979575126243234,7.7323496308416e-42,-7.409578928243463e-100,1.0194371489644651,1.597291459901927e-6,0.0,10387.028377744044,23.993211196122715
562777.1624958663,1870.2575815869495,-27.233334870785672,-73.9102956242083,413.9862574405066,4.957224268870829,-89.84385755674197,92.15950975664288,0.01488475026565182,12.529594132148315,0.997958402258984,6.857978929587575e-42,-5.489152569314499e-100,1.019740961265765,1.5968177127194185e-6,0.0,10387.028378702276,23.991431937148164
562777.5624958662,1868.2747900458053,-27.233334870830003,-73.91029562289302,413.9861229482704,4.956733478625712,-89.84385759448807,92.160899753791,0.014882929316653524,12.529601577754342,0.9979589952873786,6.330712464248223e-42,-4.494138831031293e-100,1.0199435163619492,1.5965020166847056e-6,0.0,10387.02837934094,23.99024605327102
562778.1624958661,1865.300970768556,-27.233334870896535,-73.91029562092079,413.98592123759244,4.955997517965287,-89.84385765108972,92.1629849487562,0.014880198806388021,12.529612745003034,0.9979598847375512,5.614838278383214e-42,-3.32934083705882e-100,1.0202473693463001,1.596028675630635e-6,0.0,10387.028380298698,23.98846766041697
562778.562495866,1863.3186698686332,-27.233334870940915,-73.91029561960656,413.98578678225203,4.955507027261433,-89.84385768881715,92.16437520263392,0.014878379074737899,12.52962018906224,0.9979604776427445,5.1831490062388266e-42,-2.7258342246138064e-100,1.0204499515613041,1.595713250182632e-6,0.0,10387.028380937047,23.98728235370676
562779.1624958658,1860.3455863269046,-27.23333487100753,-73.9102956176353,413.9855851268985,4.954771515694066,-89.84385774540483,92.16646078433273,0.014875650389552082,12.529631353992565,0.9979613669082635,4.597040792350951e-42,-2.0193482089152042e-100,1.0207538452194511,1.5952403147609682e-6,0.0,10387.028381894332,23.985504826235164
562779.5624958657,1858.36377577018,-27.233334871051955,-73.91029561632132,413.9854507084283,4.954281324240115,-89.84385778311595,92.16785130253304,0.014873831873995403,12.529638796504521,0.9979619596902214,4.2436035079133527e-42,-1.6533027793382416e-100,1.0209564545469911,1.5949251595696132e-6,0.0,10387.028382532366,23.984320096201532
562780.1624958656,1855.3914275169373,-27.233334871118632,-73.91029561435106,413.9852491083609,4.9535462613292145,-89.843857839678,92.16993727571321,0.014871105012008922,12.529649959116965,0.9979628487711255,3.763738686454886e-42,-1.2247971560795174e-100,1.0212603888695382,1.5944526292858287e-6,0.0,10387.02838348918,23.98254343337794
562780.5624958655,1853.410106997937,-27.23333487116312,-73.91029561303773,413.9851147267353,4.953056368833933,-89.84385787737514,92.17132805589942,0.014869287711290572,12.529657400089686,0.9979634414304862,3.47436871112494e-42,-1.0027792796367948e-100,1.0214630253041295,1.5941377440219517e-6,0.0,10387.028384126897,23.9813592795325
562781.1624958654,1850.4384935842827,-27.23333487122987,-73.91029561106842,413.98491318191566,4.952321754143085,-89.84385793391152,92.17341441740174,0.014866562670624077,12.529668560385547,0.9979643303268788,3.081488622743485e-42,-7.428773635560081e-101,1.0217670002819204,1.593665618382091e-6,0.0,10387.028385083238,23.979583480622566
562781.5624958653,1848.4576628096402,-27.2333348712744,-73.91029560975575,413.9847788371091,4.951832160315832,-89.84385797159702,92.17480545781814,0.014864746583493346,12.529675999813245,0.9979649228631814,2.8445725238783215e-42,-6.08216653498509e-101,1.021969663816874,1.5933510027162936e-6,0.0,10387.028385720643,23.978399902474713
562782.1624958651,1845.4867837866768,-27.23333487134122,-73.91029560778742,413.98457734749877,4.951097993408871,-89.8438580281101,92.17689221519916,0.014862023362269022,12.529687157792692,0.9979658115750761,2.5229095118294586e-42,-4.5057810147960255e-101,1.022273679440803,1.5928792812268963e-6,0.0,10387.028386676511,23.976624966743895
562782.562495865,1843.5064424565062,-27.233334871385804,-73.9102956064758,413.9844430394857,4.95060869795929,-89.84385806577927,92.17828351605962,0.014860208487475466,12.529694595677576,0.9979664039884965,2.328939014933612e-42,-3.689022151783118e-101,1.0224763700701276,1.5925649348307456e-6,0.0,10387.0283873136,23.975441963805288
562783.1624958649,1840.5362973734736,-27.233334871452705,-73.91029560450843,413.9842416050466,4.949874978401187,-89.84385812226905,92.1803706570204,0.014857487083819381,12.529705751346485,0.9979672925163613,2.0655836136797602e-42,-2.7328955692113584e-101,1.022780426331331,1.5920936169998511e-6,0.0,10387.028388268998,23.973667890522645
562783.5624958648,1838.5564451916143,-27.233334871497334,-73.91029560319706,413.9841073338015,4.949385981039275,-89.84385815992893,92.18176221905875,0.014855673420114771,12.529713187686287,0.9979678848067187,1.9067740019807474e-42,-2.2375060528295622e-101,1.0229831440486883,1.5917795395451239e-6,0.0,10387.028388905774,23.972485462304373
562784.1624958647,1835.587033605203,-27.23333487156431,-73.91029560123069,413.98390595449524,4.948652708395495,-89.84385821639306,92.18384975832335,0.01485295383215657,12.529724341041277,0.9979687731502842,1.6911568350338633e-42,-1.6575857032752798e-101,1.0232872409375884,1.591308624880906e-6,0.0,10387.0283898607,23.97071225073743
562784.5624958646,1833.6076702717692,-27.23333487160898,-73.91029559991995,413.98377171999266,4.948164008831828,-89.84385825403427,92.18524158165276,0.014851141378294307,12.529731775839762,0.9979693653178787,1.5611345214779345e-42,-1.3571166370006827e-101,1.0234899857370563,1.5909948160404076e-6,0.0,10387.028390497158,23.969530396753093
562785.1624958644,1830.6389917358756,-27.233334871676032,-73.91029559795454,413.98357039578116,4.947431182668515,-89.84385831047976,92.18732950884566,0.014848423604165962,12.529742926882,0.9979702534772378,1.3846021152282237e-42,-1.0053770054943908e-101,1.023794123244411,1.5905243040521683e-6,0.0,10387.028391451613,23.96775804617159
562785.5624958643,1828.6601169519126,-27.23333487172075,-73.91029559664446,413.9834361979958,4.9469427806138615,-89.84385834810466,92.18872158871149,0.014846612358900706,12.52975036014111,0.997970845522224,1.2781488480640332e-42,-8.23133221961539e-102,1.023996895120002,1.5902107634989784e-6,0.0,10387.028392087761,23.966576765934455
562786.1624958642,1825.692171019502,-27.233334871787882,-73.91029559468002,413.9832349288409,4.9462104004975584,-89.84385840452684,92.19080990718057,0.014843896396736025,12.529761508872587,0.9979717334975357,1.1336163375149551e-42,-6.097922545902925e-102,1.0243010732367164,1.5897406536967329e-6,0.0,10387.028393041746,23.964805275608775
562786.5624958641,1823.7137844888493,-27.233334871832657,-73.91029559337058,413.98310076774715,4.945722295662959,-89.84385844213543,92.19220224698489,0.014842086358824266,12.529768940590586,0.9979723254197751,1.0464597735375272e-42,-4.9925576227125965e-102,1.0245038721821935,1.589427381104142e-6,0.0,10387.02839367758,23.963624568631563
562787.162495864,1820.746570713818,-27.233334871899853,-73.9102955914071,413.98289955361076,4.94499036116057,-89.84385849853432,92.19429094912398,0.01483937220675907,12.529780087011538,0.9979732132110577,9.281265618094191e-43,-3.698578659807897e-102,1.0248080908991237,1.5889576729984277e-6,0.0,10387.028394631097,23.961853937832025
562787.5624958639,1818.7686721393839,-27.233334871944685,-73.91029559009873,413.98276542918336,4.944502553257934,-89.84385853613124,92.1956835530772,0.014837563374960267,12.529787517190655,0.9979738050107284,8.567688022337059e-43,-3.0281406400664396e-102,1.0250109169083772,1.5886446680408051e-6,0.0,10387.028395266618,23.960673803630158
562788.1624958637,1815.8021900756285,-27.23333487201195,-73.91029558813624,413.9825642700274,4.943771063937369,-89.84385859251381,92.19777265434375,0.014834851031134206,12.529798661304058,0.997974692618219,7.598857622540303e-43,-2.2433023705716556e-102,1.0253151762164314,1.5881753611433821e-6,0.0,10387.028396219665,23.95890403162966
562788.5624958636,1813.8247791631147,-27.23333487205682,-73.9102955868281,413.982430182241,4.943283552678523,-89.84385863008976,92.19916551579466,0.014833043404208573,12.529806089941017,0.9979752842950597,7.014629697609252e-43,-1.8366609719849087e-102,1.025518029283098,1.587862623494961e-6,0.0,10387.028396854874,23.9577244697167
562789.1624958635,1810.859028365463,-27.233334872124168,-73.91029558486656,413.9822290780275,4.942552508108078,-89.84385868644902,92.20125499962086,0.014830332866763376,12.529817231748257,0.9979761717188688,6.221418451279675e-43,-1.3606322830170094e-102,1.0258223291731388,1.5873937173181367e-6,0.0,10387.028397807451,23.955955555788186
562789.5624958634,1808.882104814984,-27.233334872169085,-73.91029558355906,413.98209502685665,4.94206529320535,-89.843858724011,92.20264811891981,0.014828526443472191,12.529824658847724,0.997976763273251,5.7430930802216266e-43,-1.1139916955569601e-102,1.0260252092914601,1.5870812466542438e-6,0.0,10387.028398442346,23.954776565680465
562790.1624958633,1805.917084839195,-27.233334872236505,-73.9102955815985,413.98189397754754,4.941334692953216,-89.8438587803446,92.20473799103104,0.014825817710550224,12.529835798346118,0.9979776505131649,5.093666636299435e-43,-8.252655700249234e-103,1.0263295497543043,1.5866127407104e-6,0.0,10387.028399394454,23.95300850909513
562790.5624958632,1803.9406483555213,-27.233334872281475,-73.91029558029165,413.9817599629671,4.940847774119709,-89.84385881789493,92.20613137373323,0.014824012489658416,12.52984322390932,0.9979782419451866,4.7020469433092005e-43,-6.756704240460483e-103,1.026532456918081,1.5863005367069079e-6,0.0,10387.028400029036,23.9518300903097
562791.162495863,1800.976358759217,-27.23333487234897,-73.91029557833204,413.98155896852455,4.940117617755904,-89.84385887420292,92.20822163475441,0.01482130555940863,12.529854361100734,0.997979129001354,4.170341539462487e-43,-5.0054909733466e-103,1.0268368379444028,1.585832430510288e-6,0.0,10387.028400980675,23.950062890343748
562791.562495863,1799.0004090452567,-27.233334872393986,-73.91029557702625,413.9814249905091,4.939630994704456,-89.84385891173692,92.20961527927169,0.014819501539680521,12.529861785128238,0.9979797203110603,3.8497104518860066e-43,-4.09815013658891e-103,1.027039772147655,1.585520492843123e-6,0.0,10387.028401614945,23.94888504239651
562792.1624958628,1796.0368493832648,-27.233334872461555,-73.91029557506762,413.9812240508952,4.938901281799116,-89.84385896803325,92.21170593259625,0.01481679641025253,12.529872920016263,0.997980607183767,3.414386884258588e-43,-3.0359851173117076e-103,1.027344193728464,1.5850527859085538e-6,0.0,10387.028402566117,23.947118698326324
562792.5624958627,1794.061386147514,-27.23333487250662,-73.91029557376206,413.9810901094196,4.938414954243413,-89.84385900554626,92.21309983445207,0.014814993590456484,12.529880342504448,0.9979811983708695,3.1518763513088557e-43,-2.4856548317525744e-103,1.0275471549646764,1.5847411142541856e-6,0.0,10387.028403200076,23.94594142073389
562793.1624958626,1791.0985559783876,-27.233334872574254,-73.9102955718044,413.9808892245965,4.937685684366712,-89.8438590618123,92.21519087371941,0.014812290260001417,12.52989147508587,0.9979820850598599,2.795463557380402e-43,-1.8414188900985452e-103,1.0278516170906524,1.5842738060964856e-6,0.0,10387.02840415078,23.944175931833822
562793.5624958625,1789.1235789181665,-27.233334872619373,-73.91029557049949,413.98075531963553,4.937199652020415,-89.84385909931366,92.21658502875911,0.014810488638904301,12.529898896043333,0.9979826761250431,2.580538110099453e-43,-1.5076265477568782e-103,1.028054605354485,1.5839624001324075e-6,0.0,10387.028404784427,23.942999224115336
562794.1624958623,1786.1614777967334,-27.233334872687077,-73.91029556854278,413.9805544895654,4.936470824743486,-89.8438591555634,92.21867645751314,0.014807787105576304,12.529910026322078,0.9979835626306295,2.2887319936325214e-43,-1.1168775200763336e-103,1.028359108016737,1.5834954902678573e-6,0.0,10387.028405734663,23.941234589663235
562794.5624958623,1784.186986623332,-27.233334872732254,-73.91029556723849,413.9804206210938,4.935985087320982,-89.84385919304843,92.22007087375782,0.014805986681950104,12.52991744574207,0.9979841535733561,2.112765919548319e-43,-9.144221387724738e-104,1.0285621233014515,1.5831843496713232e-6,0.0,10387.028406368001,23.940058451335588
562795.1624958621,1781.225614107214,-27.233334872800032,-73.91029556528277,413.98021984573893,4.9352567022157725,-89.8438592492772,92.22216269475197,0.014803286943907028,12.52992857372038,0.9979850398957172,1.873855277006667e-43,-6.77420765888366e-104,1.0288666664908532,1.5827178376170179e-6,0.0,10387.028407317772,23.93829467061039
562795.562495862,1779.2516085244715,-27.233334872845248,-73.91029556397952,413.9800860137315,4.934771259431679,-89.84385928674592,92.22355736881781,0.01480148771652364,12.529935991605093,0.997985630716162,1.729786440019993e-43,-5.546253142870942e-104,1.0290697087905094,1.582406962066256e-6,0.0,10387.028407950795,23.937119101192824
562796.1624958619,1776.2909641722217,-27.233334872913105,-73.91029556202434,413.9798852930542,4.934043316070404,-89.84385934294437,92.22564957547098,0.01479878977192507,12.529947117282992,0.9979865168552996,1.5341829488706456e-43,-4.108766501320724e-104,1.029374292497885,1.5819408473397156e-6,0.0,10387.0284089001,23.935356173473057
562796.5624958618,1774.3174438849092,-27.23333487295837,-73.91029556072176,413.979751497486,4.933558167639653,-89.84385938040845,92.2270445074668,0.014796991739558013,12.529954533633457,0.9979871075535444,1.4162293609491417e-43,-3.3639741012941206e-104,1.0295773618064785,1.5816302365133473e-6,0.0,10387.028409532813,23.934181172484966
562797.1624958616,1771.357527256012,-27.233334873026305,-73.91029555876796,413.9795508314484,4.932830665595023,-89.84385943658359,92.22913710454903,0.014794295586565958,12.529965657010031,0.9979879935093858,1.2560827666292903e-43,-2.4920939853735402e-104,1.0298819860226092,1.5811645186327464e-6,0.0,10387.028410481653,23.932419097049635
562797.5624958616,1769.3844919689,-27.233334873071616,-73.9102955574656,413.9794170722942,4.93234581123332,-89.84385947402436,92.23053229915531,0.01479249874799159,12.529973071829653,0.9979885840857018,1.1595105363360531e-43,-2.0403543550339726e-104,1.0300850823341692,1.5808541722103026e-6,0.0,10387.028411114057,23.931244664012517
562798.1624958614,1766.4253026219085,-27.23333487313962,-73.91029555551276,413.9792164608589,4.931618750078944,-89.84385953018551,92.232625279659,0.014789804384771356,12.529984192907323,0.99798946985844,1.0283935939872838e-43,-1.5115320936194983e-104,1.0303897470499779,1.5803888506949953e-6,0.0,10387.02841206243,23.9294834401431
562798.5624958613,1764.4527520425618,-27.233334873184987,-73.91029555421105,413.9790827380936,4.931134189501864,-89.84385956761697,92.23402072790005,0.01478800873876663,12.52999160619378,0.9979900603126423,9.493269388040902e-44,-1.2375380335135682e-104,1.030592870358279,1.5800787683558214e-6,0.0,10387.028412694523,23.928309574576424
562799.1624958612,1761.4942895369604,-27.23333487325306,-73.91029555225916,413.978882181223,4.930407568811676,-89.84385962375248,92.23611409656804,0.014785316163485435,12.53000272497315,0.9979909459023252,8.419774653800432e-44,-9.167909731539624e-105,1.0308975755646452,1.5796138427256486e-6,0.0,10387.02841364243,23.926549201554234
562799.5624958611,1759.522223373875,-27.233334873298464,-73.91029555095808,413.9787484948216,4.929923301735669,-89.84385966115828,92.2375098078516,0.014783521708830613,12.53001013672584,0.9979915362343659,7.772431629529841e-44,-7.506050998514567e-105,1.031100725863398,1.5793040241500238e-6,0.0,10387.028414274215,23.92537590297968
562800.162495861,1756.564487265423,-27.233334873366623,-73.91029554900715,413.978547992478,4.929197121083944,-89.84385971727284,92.23960356472293,0.014780830919656818,12.530021253211554,0.9979924216413635,6.893528473462739e-44,-5.560620856179926e-105,1.031405471551633,1.5788394939256923e-6,0.0,10387.028415221657,23.923616380087328
562800.5624958609,1754.592905221507,-27.233334873412073,-73.91029554770712,413.97841434241553,4.928713147225315,-89.84385975467164,92.24099952897784,0.014779037655131265,12.530028663434596,0.9979930118515705,6.363528829363883e-44,-4.552652125958585e-105,1.0316086488351588,1.5785299387943604e-6,0.0,10387.02841585313,23.922443648027
562801.1624958607,1751.6358950762078,-27.233334873480302,-73.91029554575715,413.9782138945615,4.927987406187427,-89.8438598107582,92.2430936741967,0.014776348650239064,12.53003977762171,0.997993897075489,5.643943783340102e-44,-3.3726885638729458e-105,1.031913434995566,1.5780658034970685e-6,0.0,10387.02841680011,23.920684974546962
562801.5624958606,1749.6647968599573,-27.23333487352581,-73.91029554445736,413.97808028081283,4.927503725263138,-89.84385984814772,92.24448989858324,0.014774556574625602,12.530047186313977,0.9979944871637729,5.210016773681777e-44,-2.7613243480622475e-105,1.03211663925764,1.577756511491125e-6,0.0,10387.028417431275,23.919512808522978
562802.1624958605,1746.7085122363642,-27.233334873594107,-73.91029554250835,413.9778798874109,4.926778423414795,-89.84385990421097,92.24658442756636,0.014771869352189671,12.530058298206256,0.9979953722049121,4.620870364448139e-44,-2.045639946164905e-105,1.0324214658813413,1.5772927706432239e-6,0.0,10387.02841837779,23.917754983740124
562802.5624958604,1744.7378975534812,-27.233334873639652,-73.9102955412092,413.9777463099512,4.926295035142001,-89.84385994158183,92.2479809112043,0.01477007846427171,12.530065705369562,0.997995962171417,4.265600975482482e-44,-1.6748286370762255e-105,1.032624697116061,1.5769837414443322e-6,0.0,10387.028419008646,23.916583383275423
562803.1624958602,1741.7823380138725,-27.23333487370802,-73.91029553926114,413.977545970964,4.9255701720594445,-89.84385999762645,92.25007582942104,0.014767393022469735,12.530076814966508,0.9979968470297372,3.78324869004961e-44,-1.2407439080411926e-105,1.0329295641938445,1.5765203945686364e-6,0.0,10387.028419954697,23.914826406474393
562803.5624958602,1739.812206572853,-27.233334873753627,-73.91029553796264,413.9774124297683,4.925087076156033,-89.84386003498098,92.25147256875084,0.014765603321033884,12.530084220601344,0.9979974368745025,3.492378714393072e-44,-1.0158353782448788e-105,1.0331328223950518,1.576211627859107e-6,0.0,10387.028420585244,23.91365537109306
562804.16249586,1736.8573716748506,-27.233334873822066,-73.91029553601552,413.9772121451584,4.924362651415857,-89.84386009100929,92.25356787224412,0.01476291965804456,12.530095327907706,0.997998321550382,3.0974620627496124e-44,-7.525495619243407e-106,1.033437729918231,1.5757486744793761e-6,0.0,10387.028421530831,23.911899241560093
562804.5624958599,1734.8877231860533,-27.233334873867705,-73.91029553471806,413.97707864020174,4.923879847600024,-89.84386012834284,92.25496486938715,0.014761131141879191,12.530102732012269,0.9979989112732639,2.8593178674820215e-44,-6.16135581187194e-106,1.0336410150796094,1.5754401699418313e-6,0.0,10387.028422161067,23.91072877078607
562805.1624958598,1731.9336124928668,-27.233334873936226,-73.91029553277193,413.9768784099318,4.923155860779588,-89.84386018434317,92.25706055676825,0.01475844925588523,12.53011383702743,0.9979997957666538,2.5359874584526117e-44,-4.564445889938757e-106,1.0339459630389745,1.5749776095823658e-6,0.0,10387.028423106194,23.908973487807486
562805.5624958597,1729.9644466610625,-27.233334873981924,-73.91029553147469,413.9767449411893,4.922673348769195,-89.84386022166974,92.25845781438208,0.014756661923777243,12.530121239603629,0.9980003853678042,2.341011481259919e-44,-3.7370528978896114e-106,1.0341492751548145,1.574669366899706e-6,0.0,10387.028423736123,23.90780358116445
562806.1624958595,1727.0110597377643,-27.23333487405051,-73.91029552952949,413.97654476522206,4.9219497994467325,-89.84386027765377,92.2605538889411,0.014753981812965077,12.530132342326729,0.9980012696786357,2.0762909308144816e-44,-2.76847763074951e-106,1.0344542635410088,1.5742071990857393e-6,0.0,10387.028424680788,23.90604914402814
562806.5624958595,1725.0423762705177,-27.233334874096258,-73.9102955282329,413.97641133266893,4.921467578960984,-89.84386031496402,92.26195140025189,0.014752195663706379,12.530139743378289,0.9980018591583517,1.9166581014711959e-44,-2.2666381861465857e-106,1.0346576026053478,1.5738992179420953e-6,0.0,10387.02842531041,23.904879801043133
562807.1624958593,1722.0897126784548,-27.23333487416492,-73.91029552628865,413.97621121096705,4.920744466714548,-89.84386037091541,92.26404785899844,0.014749517326261999,12.530150843809912,0.9980027432866714,1.6999232448936905e-44,-1.6791673243087252e-106,1.0349626314094496,1.5734374421992219e-6,0.0,10387.02842625461,23.903126209036383
562807.5624958592,1720.121511287056,-27.23333487421072,-73.91029552499269,413.9760778145784,4.9202625374727065,-89.84386040821168,92.26544563219439,0.014747732358645842,12.530158243334643,0.9980033326447785,1.5692269377329452e-44,-1.3747861770432037e-106,1.0351659974159704,1.5731297222786502e-6,0.0,10387.028426883924,23.901957429234848
562808.1624958591,1717.1695705885068,-27.233334874279432,-73.91029552304943,413.9758777471046,4.919539861881521,-89.84386046414676,92.26754247682787,0.014745055792759672,12.530169341477873,0.9980042165908319,1.3917794446062117e-44,-1.0184669262661777e-106,1.0354710666290121,1.5726683381337568e-6,0.0,10387.028427827663,23.900204681647885
562808.562495859,1715.2018509805202,-27.23333487432528,-73.91029552175448,413.9757443868558,4.919058223602959,-89.84386050142905,92.26894050120113,0.01474327200557948,12.530176739477273,0.9980048058274491,1.284774358147946e-44,-8.338503445943605e-107,1.0356744595718166,1.5723608791208706e-6,0.0,10387.02842845667,23.89903646455607
562809.1624958589,1712.2506327386945,-27.233334874394092,-73.91029551981174,413.9755443735729,4.9183359842462595,-89.8438605573408,92.27103773448142,0.014740597209442896,12.53018783533175,0.998005689591208,1.1394926378276066e-44,-6.177316964675325e-107,1.0359795691847808,1.5718998861010215e-6,0.0,10387.028429399948,23.897284560677836
562809.5624958588,1710.2833946235478,-27.233334874439976,-73.91029551851746,413.97541104943906,4.917854636650919,-89.84386059460911,92.27243601680762,0.014738814601494631,12.530195231806328,0.9980062787063758,1.0518842824219844e-44,-5.0575602867607483e-107,1.036182989057809,1.571592687680996e-6,0.0,10387.028430028648,23.896116905822815
562810.1624958586,1707.3328984025866,-27.233334874508852,-73.91029551657607,413.97521109031015,4.917132833109207,-89.84386065049524,92.2745336314064,0.014736141573303718,12.530206325374696,0.9980071622880503,9.329376696109321e-45,-3.746733830813922e-107,1.0364881390616327,1.571132085314637e-6,0.0,10387.028430971464,23.894365844945536
562810.5624958585,1705.366141489707,-27.2333348745548,-73.91029551528202,413.9750778022664,4.916651775917227,-89.84386068774488,92.27593216997452,0.01473436014338444,12.53021372032446,0.9980077512817697,8.612100144973473e-45,-3.0675667666315746e-107,1.0366915858588592,1.570825147172995e-6,0.0,10387.028431599856,23.893198751854403
562811.1624958584,1702.4163668546826,-27.23333487462375,-73.91029551334158,413.9748778972542,4.915930407771245,-89.84386074361937,92.27803017113123,0.014731688881336918,12.530224811607107,0.998008634681391,7.638247641848784e-45,-2.2725099714392582e-107,1.036996776244431,1.5703649349889687e-6,0.0,10387.028432542213,23.89144853326986
562811.5624958583,1700.4500908562914,-27.23333487466974,-73.91029551204815,413.97474464527596,4.915449640703448,-89.84386078085737,92.27942896927465,0.014729908628246715,12.530232205030504,0.9980092235535383,7.050991268381559e-45,-1.8605741373711554e-107,1.0372002499595725,1.5700582568118294e-6,0.0,10387.028433170297,23.890282001470666
562812.1624958582,1697.5010373722762,-27.233334874738755,-73.91029551010867,413.97454479434356,4.914728707534446,-89.8438608366992,92.28152735447986,0.01472723913054258,12.530243294028113,0.9980101067711603,6.25366827159413e-45,-1.378347596463502e-107,1.0375054807178286,1.5695984343397057e-6,0.0,10387.028434112193,23.888532624471456
562812.5624958581,1695.5352419940755,-27.233334874784795,-73.91029550881586,413.9744115784061,4.914248230311882,-89.84386087392556,92.28292640669174,0.014725460053081594,12.530250685931355,0.9980106955222301,5.772863416574462e-45,-1.1284957701037013e-107,1.0377089813453086,1.569292015814075e-6,0.0,10387.028434739972,23.88736665349433
562813.1624958579,1692.5869092252105,-27.233334874853888,-73.91029550687735,413.9742117815163,4.913527731701381,-89.84386092974877,92.28502517871108,0.01472279231792224,12.530261772644867,0.9980115785579283,5.120070556088595e-45,-8.360104556432276e-108,1.0380142524673324,1.5688325825839938e-6,0.0,10387.02843568141,23.885618117373255
562813.5624958578,1690.6215941784903,-27.23333487489997,-73.9102955055856,413.97407860159507,4.913047544045148,-89.84386096695181,92.28642448646987,0.01472101441489223,12.53026916302592,0.9980121671877588,4.726420833318264e-45,-6.844675939338296e-108,1.038217780001029,1.5685264233966468e-6,0.0,10387.028436308881,23.884452706746142
562814.1624958577,1687.673981692642,-27.233334874969135,-73.91029550364802,413.97387885871103,4.91232747957586,-89.84386102275403,92.28852363925682,0.014718348440484022,12.530280247455378,0.9980130500415363,4.19195924069104e-45,-5.070662028490025e-108,1.0385230914775638,1.568067378939836e-6,0.0,10387.02843724986,23.88270501079821
562814.5624958576,1685.709146690555,-27.233334875015263,-73.91029550235648,413.9737457147812,4.9118475812079465,-89.84386105995009,92.28992320752984,0.014716571710690225,12.530287636312895,0.9980136385500199,3.8696661052965985e-45,-4.151507693312082e-108,1.0387266459111961,1.567761478778413e-6,0.0,10387.028437877027,23.881540160051053
562815.1624958575,1682.7622540509328,-27.233334875084505,-73.91029550041983,413.973546025866,4.911127950462294,-89.84386111572667,92.29202274465838,0.014713907495238591,12.530298718460413,0.9980145212220453,3.432085961143332e-45,-3.075513378285206e-108,1.039031997733518,1.5673028226264258e-6,0.0,10387.028438817546,23.879793303570562
562815.5624958574,1680.7978988010436,-27.233334875130687,-73.91029549912894,413.9734129179031,4.910648341104769,-89.84386115290873,92.29342256844372,0.014712131937486033,12.530306105798902,0.9980151096095411,3.168214658525947e-45,-2.5180178404904283e-108,1.0392355790614136,1.5669971811792405e-6,0.0,10387.028439444406,23.878629012234573
562816.1624958572,1677.8517255773768,-27.233334875199997,-73.91029549719326,413.97321328291974,4.9099291436666865,-89.843861208662,92.29552248790743,0.014709469479202809,12.530317185663872,0.998015992099766,2.8099543359909576e-45,-1.8653940031629326e-108,1.0395409712201718,1.5665389128648046e-6,0.0,10387.028440384469,23.876882994518336
562816.5624958571,1675.8878497947007,-27.233334875246225,-73.91029549590299,413.9730802108991,4.909449823042064,-89.84386124583476,92.29692256350977,0.01470769509229962,12.53032457147928,0.9980165803659513,2.5939147847303305e-45,-1.5272557136874011e-108,1.0397445794359195,1.5662335298201703e-6,0.0,10387.028441011023,23.875719262123436
562817.162495857,1672.9423955483362,-27.233334875315613,-73.91029549396823,413.9728806298109,4.908731058495249,-89.84386130156939,92.29902286925444,0.014705034389395235,12.530335649068086,0.998017462674884,2.3005960397693646e-45,-1.1314191678061831e-108,1.04005001192268,1.5657756488766802e-6,0.0,10387.028441950626,23.873974082468894
562817.5624958569,1670.9789989395067,-27.233334875361884,-73.91029549267901,413.97274759370805,4.908252026326296,-89.8438613387165,92.30042320491403,0.014703261172149358,12.530343033366583,0.9980180508202503,2.123717814490849e-45,-9.263278351262653e-109,1.0402536470207682,1.5654705239239651e-6,0.0,10387.028442576877,23.872810908547716
562818.1624958568,1668.0342632457614,-27.23333487543134,-73.91029549074521,413.972548066478,4.9075336942554335,-89.84386139443482,92.30252389234191,0.014700602222840349,12.530354108670904,0.9980189329472281,1.883568736477686e-45,-6.8624072507400705e-109,1.0405591198256974,1.5650130298849042e-6,0.0,10387.028443516021,23.871066566250697
562818.5624958567,1666.0713455248624,-27.23333487547766,-73.9102954894562,413.97241506626847,4.907054950265484,-89.8438614315656,92.30392448005887,0.014698830174063208,12.530361491450787,0.9980195209716395,1.7387530932534766e-45,-5.618464874215205e-109,1.0407627817998784,1.5647081627135981e-6,0.0,10387.028444141966,23.869903950335072
562819.1624958565,1663.127327946946,-27.233334875547186,-73.91029548752337,413.9722155928599,4.906337050255945,-89.84386148725828,92.30602555482508,0.014696172976566824,12.530372564478649,0.9980204029173018,1.5421356568934274e-45,-4.162262282185153e-109,1.0410682949144447,1.5642510551142876e-6,0.0,10387.028445080652,23.868160444696475
562819.5624958564,1661.1648888261989,-27.23333487559356,-73.91029548623497,413.9720826285191,4.905858594168296,-89.84386152437742,92.30742639473478,0.014694402095069904,12.530379945738789,0.9980209908206685,1.423570635735966e-45,-3.4077727501826855e-109,1.0412719837586926,1.5639464454141455e-6,0.0,10387.028445706293,23.86699838631794
562820.1624958563,1658.2215889310464,-27.23333487566315,-73.91029548430308,413.97188320889535,4.905141125805313,-89.84386158004912,92.30952785771856,0.014691746647604365,12.530391016490595,0.9980218725850473,1.2625938932865149e-45,-2.524540831328951e-109,1.0415775371740283,1.563489723789719e-6,0.0,10387.028446644525,23.865255716636025
562820.5624958562,1656.2596281236038,-27.233334875709573,-73.9102954830153,413.9717502803988,4.90466295734437,-89.8438616171566,92.31092895447223,0.014689976932203119,12.530398396232846,0.9980224603675171,1.1655210637973368e-45,-2.0669195904708355e-109,1.0417812528822528,1.5631853712516388e-6,0.0,10387.028447269859,23.864094215329192
562821.162495856,1653.3170454818755,-27.23333487577923,-73.91029548108436,413.97155091452305,4.903945920214165,-89.84386167280734,92.31303079306295,0.014687323232990985,12.530409464707116,0.9980233419504944,1.0337244536422558e-45,-1.531212109415925e-109,1.0420868465891506,1.5627290351381198e-6,0.0,10387.028448207633,23.862352380903694
562821.562495856,1651.355562698096,-27.2333348758257,-73.91029547979764,413.9714180218464,4.903468039104125,-89.84386170989383,92.31443214431374,0.01468555468250027,12.530416842934295,0.9980239296122916,9.542479425005712e-46,-1.2536506705862658e-109,1.0422905891555867,1.5624249394531785e-6,0.0,10387.028448832663,23.861191436202585
562822.1624958558,1648.4136968776584,-27.233334875895434,-73.91029547786721,413.9712187096821,4.902751432793443,-89.84386176552592,92.31653436725085,0.014682902729765928,12.53042790913346,0.9980248110140609,8.46342004139165e-46,-9.287275115244358e-110,1.042596223145178,1.5619689883875447e-6,0.0,10387.028449769983,23.859450436334942
562822.5624958557,1646.4526918306947,-27.233334875941964,-73.91029547658113,413.97108585280074,4.902273838758652,-89.8438618025961,92.31793597563274,0.014681135343002003,12.530435285844078,0.9980253985550671,7.812721400330767e-46,-7.603779126711847e-110,1.042799992563799,1.5616651492468954e-6,0.0,10387.02845039471,23.85829004777258
562823.1624958556,1643.5115424031392,-27.23333487601176,-73.91029547465206,413.97088659431125,4.901557662854963,-89.84386185820489,92.32003858411757,0.014678485134973392,12.530446349767368,0.9980262797755673,6.9292622946713104e-46,-5.633019653896163e-110,1.0431056668268774,1.5612095827667626e-6,0.0,10387.028451331573,23.856549881764757
562823.5624958555,1641.551014808938,-27.233334876058322,-73.91029547336618,413.970753773201,4.901080355620725,-89.84386189527042,92.32144044493425,0.014676718910756371,12.530453724959871,0.9980268671956585,6.396515303898578e-46,-4.611927258873528e-110,1.0433094630913995,1.5609059998624153e-6,0.0,10387.028451955995,23.855390048876156
562824.1624958554,1638.610581339337,-27.233334876128215,-73.91029547143803,413.9705545683498,4.900364609711647,-89.84386195084889,92.32354342946428,0.014674070445661483,12.530464786613136,0.9980277482353556,5.67320016181761e-46,-3.4166006743029043e-110,1.043615177619483,1.5604508175062791e-6,0.0,10387.028452892402,23.853650716031552
562824.5624958553,1636.650530909188,-27.233334876174823,-73.9102954701528,413.97042178298614,4.899887589003282,-89.84386198790277,92.32494554949352,0.01467230538281121,12.530472160290364,0.9980283355347578,5.2370238149380935e-46,-2.797276549817219e-110,1.043819000724139,1.5601474905307775e-6,0.0,10387.028453516523,23.852491438352494
562825.1624958551,1633.7108129719272,-27.233334876244772,-73.91029546822561,413.97022263173665,4.8991722726774585,-89.84386204346028,92.32704891854394,0.014669658658883448,12.530483219670808,0.998029216393429,4.6448234613370296e-46,-2.0722739995364908e-110,1.0441247555078257,1.559692691837623e-6,0.0,10387.028454452475,23.850752937974473
562825.562495855,1631.7512394171208,-27.23333487629143,-73.910295466941,413.9700898820953,4.898695538220701,-89.84386208049317,92.32845128947106,0.014667894756221501,12.530490591836198,0.9980298035724163,4.287712470806216e-46,-1.6966347596012458e-110,1.0443286054468792,1.5593896204840602e-6,0.0,10387.02845507629,23.84959421504156
562826.1624958549,1628.812236581929,-27.233334876361454,-73.91029546501473,413.96989078441106,4.897980651066758,-89.84386213603669,92.33055503936738,0.014665249771694156,12.530501648944504,0.9980306842501161,3.802859827190512e-46,-1.2568982853201426e-110,1.0446344004772985,1.5589352049934513e-6,0.0,10387.028456011789,23.847856546433775
562826.5624958548,1626.8531396202743,-27.233334876408158,-73.91029546373115,413.9697580704677,4.897504202587693,-89.8438621730556,92.33195766460365,0.014663487028044766,12.530509019593673,0.9980312713083392,3.5104820756910125e-46,-1.0290614661161303e-110,1.0448382772443696,1.5586323889549055e-6,0.0,10387.028456635302,23.84669837778228
562827.1624958547,1623.9148514568806,-27.233334876478246,-73.91029546180583,413.96955902631225,4.896789744195028,-89.84386222856881,92.334061797653,0.01466084378115416,12.53052007443224,0.9980321518052584,3.1135183039005285e-46,-7.623476914703702e-111,1.0451441125127017,1.5581783562073763e-6,0.0,10387.028457570346,23.844961540250196
562827.5624958546,1621.9562308024615,-27.233334876524996,-73.91029546052246,413.96942634804265,4.8963135814203165,-89.84386226557375,92.33546468119398,0.014659082195343136,12.530527443566879,0.9980327387428521,2.874139646176112e-46,-6.2415761262251e-111,1.0453480161018271,1.557875795177919e-6,0.0,10387.028458193558,23.843803925417912
562828.1624958544,1619.018656881526,-27.233334876595173,-73.91029545859807,413.96922735737957,4.895599551379137,-89.8438623210683,92.3375691893082,0.014656440684328914,12.53053849613879,0.9980336190592367,2.549133196919694e-46,-4.623874576630302e-111,1.0456538915991993,1.5574221447149326e-6,0.0,10387.028459128145,23.842067918268633
562828.5624958543,1617.0605122456327,-27.233334876641972,-73.91029545731533,413.9690947147594,4.895123674035414,-89.84386235806159,92.33897232656355,0.014654680255181997,12.530545863762478,0.9980342058764862,2.353146527345619e-46,-3.78570900011397e-111,1.0458578220047412,1.5571198383889836e-6,0.0,10387.028459751054,23.84091085679343
562829.1624958542,1614.123652143404,-27.233334876712203,-73.9102954553919,413.9688957775524,4.894410071936227,-89.84386241353751,92.34107722137807,0.014652040478286393,12.530556914063189,0.9980350860119738,2.087053751216881e-46,-2.8045229676200874e-111,1.0461637377217499,1.5566665697520914e-6,0.0,10387.028460685191,23.8391756793325
562829.5624958541,1612.1659832410514,-27.233334876759056,-73.91029545410979,413.96876317055745,4.89393447975056,-89.84386245051448,92.34248060948464,0.014650281204631733,12.530564280175517,0.9980356727088461,1.9265934369354055e-46,-2.2961496172941253e-111,1.0463676949377108,1.5563645178243437e-6,0.0,10387.028461307797,23.83801917075201
562830.162495854,1609.2298365263268,-27.233334876829364,-73.91029545218726,413.9685642867701,4.893221305184117,-89.84386250596476,92.3445858826662,0.014647643160097154,12.530575328208759,0.9980365526637343,1.708735096985862e-46,-1.7010299361624417e-111,1.0466736508657755,1.5559116305561375e-6,0.0,10387.02846224148,23.83628482228705
562830.5624958539,1607.2726430753246,-27.233334876876263,-73.91029545090618,413.96843171537614,4.892745997884494,-89.84386254292308,92.34598952872828,0.014645885040766636,12.53058269280913,0.9980371392401821,1.5773613024555235e-46,-1.392685772953292e-111,1.0468776348859037,1.5556098327221058e-6,0.0,10387.028462863786,23.835128866140796
562831.1624958537,1604.3372093206272,-27.233334876946646,-73.9102954489846,413.96823288497217,4.89203325044263,-89.84386259835472,92.34809518456579,0.014643248726840108,12.53059373857729,0.9980380190146606,1.3989939789374732e-46,-1.0317272766627485e-111,1.0471836310161013,1.555157326366152e-6,0.0,10387.028463797014,23.833395345981263
562831.5624958536,1602.3804910331964,-27.233334876993585,-73.91029544770372,413.9681003491551,4.891558227756481,-89.84386263530604,92.34949908600203,0.014641491760663468,12.530601101667662,0.99803860547084,1.2914342127324528e-46,-8.447070032275075e-112,1.0473876418347547,1.5548557823214008e-6,0.0,10387.028464419018,23.832239941807693
562832.1624958535,1599.445769813843,-27.233334877064046,-73.91029544578309,413.96790157209824,4.890845907031351,-89.84386269070971,92.35160512103619,0.014638857175594173,12.530612145169087,0.9980394850647776,1.145399398979804e-46,-6.257745091843459e-112,1.0476936781579231,1.5544036564215874e-6,0.0,10387.028465351796,23.830507249262386
562832.5624958534,1597.4895264068618,-27.233334877111034,-73.91029544450284,413.96776907183397,4.8903711686872136,-89.84386272764706,92.35300926667635,0.014637101361405737,12.530619506749831,0.9980400714007178,1.0573369102054008e-46,-5.123409279815531e-112,1.0478977157690086,1.554102365862532e-6,0.0,10387.028465973497,23.829352396601944
562833.1624958533,1594.5555172953755,-27.23333487718156,-73.91029544258312,413.96757034808815,4.8896592742717395,-89.84386278303442,92.35511568584221,0.014634468503445406,12.530630547988022,0.9980409508143929,9.377737166386561e-47,-3.7955159779391326e-112,1.0482037922763217,1.5536506199639224e-6,0.0,10387.028466905824,23.827620530982273
562833.5624958532,1592.5997484857216,-27.233334877228597,-73.9102954413035,413.9674378833523,4.889184819998091,-89.8438628199531,92.35652009277464,0.014632713840079815,12.530637908057685,0.9980415370299786,8.656742485684113e-47,-3.10750621791993e-112,1.048407856673775,1.5533495825870723e-6,0.0,10387.028467527223,23.8264662293745
562834.162495853,1589.6664510546252,-27.23333487729919,-73.91029543938474,413.9672392128813,4.888473351485161,-89.84386287532416,92.35862689357656,0.014630082707480794,12.530648947033741,0.9980424162634791,7.67784184627274e-47,-2.3020978527182903e-112,1.048713973356454,1.5528982162349274e-6,0.0,10387.028468459099,23.82473518999074
562834.5624958529,1587.7111565582454,-27.23333487734627,-73.91029543810613,413.96710678364997,4.887999181011214,-89.84386291222187,92.36003154972154,0.0146283291937752,12.530656305594361,0.9980430023588722,7.08754132577198e-47,-1.8847986500814384e-112,1.0489180645343446,1.5525974317377207e-6,0.0,10387.028469080196,23.823581438977488
562835.1624958528,1584.7785703828558,-27.23333487741694,-73.9102954361879,413.9669081664176,4.887288137994179,-89.8438629675696,92.36213872298487,0.01462569978479243,12.530667342306044,0.9980438814120196,6.286085264542681e-47,-1.3962935617432811e-112,1.0492242213833678,1.5521464444777542e-6,0.0,10387.02847001162,23.82185122513977
562835.5624958527,1582.8237499147654,-27.23333487746407,-73.91029543490991,413.9667757726668,4.8868142510492945,-89.843863004458,92.36354363018832,0.014623947419584758,12.530674699360086,0.9980444673874167,5.802788072718774e-47,-1.14318868643382e-112,1.0494283393358912,1.5518459125579946e-6,0.0,10387.028470632418,23.82069802426303
562836.1624958526,1579.8918745703995,-27.233334877534805,-73.91029543299301,413.966577208637,4.886103633122912,-89.84386305977776,92.36565118978103,0.014621319732478105,12.53068573381014,0.9980453462604296,5.1466113452549675e-47,-8.468952387335017e-113,1.049734536342283,1.5513953039374904e-6,0.0,10387.02847156339,23.81896863528562
562836.5624958525,1577.9375278456137,-27.233334877581985,-73.91029543171524,413.9664448503425,4.885630029436589,-89.84386309665918,92.36705635459407,0.014619568514607176,12.530693089359255,0.998045932115962,4.750921069686975e-47,-6.933793022049411e-113,1.0499386810636648,1.5510950242932606e-6,0.0,10387.028472183889,23.817815984087208
562837.1624958523,1575.0063629075885,-27.23333487765279,-73.91029542979925,413.96624633947914,4.8849198361955875,-89.84386315195795,92.36916428693256,0.014616942547637136,12.530704121548087,0.998046810808873,4.2136890010883654e-47,-5.1366816050774226e-113,1.0502449182184999,1.5506447938597043e-6,0.0,10387.02847311441,23.81608741928327
562837.5624958522,1573.0524896476418,-27.233334877700017,-73.91029542852212,413.96611401661704,4.884446515497802,-89.84386318881837,92.37056970981877,0.014615192475944788,12.530711475586813,0.9980473965441059,3.8897252023578297e-47,-4.205559960761941e-113,1.0504490897023195,1.5503447661891943e-6,0.0,10387.028473734608,23.81493531730415
562838.1624958521,1570.1220346866176,-27.23333487777089,-73.91029542660705,413.9659155588842,4.883736746537259,-89.84386324410319,92.3726780238965,0.014612568227372833,12.530722505520197,0.9980482750573746,3.44987678431612e-47,-3.115556293762996e-113,1.050755366997205,1.5498949134909888e-6,0.0,10387.028474664681,23.8132075759885
562838.562495852,1568.168634605594,-27.233334877818162,-73.91029542533053,413.9657832714303,4.883263708558432,-89.84386328094729,92.37408369276837,0.014610819300701438,12.530729858053142,0.9980488606726748,3.1846376582414008e-47,-2.5508022127744927e-113,1.0509595652378505,1.5495951374935375e-6,0.0,10387.028475284578,23.8120560227728
562839.1624958519,1565.2388892024755,-27.233334877889117,-73.91029542341641,413.96558486679214,4.882554363474555,-89.84386333620414,92.37619238631648,0.01460819676879489,12.53074088572766,0.9980497390060292,2.8245202301093474e-47,-1.889681270104712e-113,1.0512658826633703,1.5491456620795992e-6,0.0,10387.0284762142,23.810329104260337
562839.5624958518,1563.285962017253,-27.233334877936436,-73.9102954221409,413.96545261472266,4.882081607945322,-89.84386337303425,92.37759830730113,0.014606448985988426,12.530748236755583,0.9980503245014574,2.607360799714479e-47,-1.5471404496433382e-113,1.0514701076549688,1.548846137454685e-6,0.0,10387.028476833799,23.80917809935148
562840.1624958516,1560.356925752014,-27.233334878007447,-73.91029542022771,413.96525426314304,4.881372686334514,-89.84386342827945,92.37970738500822,0.014603828169015735,12.530759262167752,0.99805120265462,2.3125215852827755e-47,-1.1461501465189707e-113,1.0517764652018493,1.5483970388744136e-6,0.0,10387.028477762971,23.8074520029571
562840.5624958515,1558.4044711794704,-27.233334878054826,-73.91029541895242,413.9651220464341,4.880900212986358,-89.84386346509325,92.38111355823031,0.014602081528921186,12.530766611694313,0.9980517880304675,2.134726480513282e-47,-9.383885426063824e-114,1.0519807169385624,1.548097765322475e-6,0.0,10387.02847838227,23.806301545900947
562841.1624958514,1555.4761436209083,-27.233334878125913,-73.91029541704015,413.96492374787715,4.880191714445064,-89.84386352031046,92.38322301187851,0.014599462425149748,12.530777634852631,0.9980526660041151,1.8933325473798187e-47,-6.951755193576451e-114,1.05228711459875,1.5476490431263997e-6,0.0,10387.028479310993,23.80457627094201
562841.5624958513,1553.5241613825783,-27.23333487817333,-73.91029541576549,413.96479156650463,4.879719523009138,-89.84386355711496,92.38462944017802,0.014597716926614388,12.530784982872477,0.9980532512599557,1.7477662267161676e-47,-5.6916167959924274e-114,1.052491393074279,1.5473500203473498e-6,0.0,10387.028479929993,23.80342636128116
562842.1624958512,1550.596542111598,-27.233334878244488,-73.91029541385413,413.9645933209346,4.879011447135248,-89.84386361231121,92.38673926975136,0.0145950995343187,12.530796003775572,0.9980541290539791,1.5501295891815059e-47,-4.2164545734425096e-114,1.0527978308385009,1.546901674086669e-6,0.0,10387.028480858271,23.80170190707574
562842.5624958511,1548.6450319243595,-27.233334878291952,-73.91029541258008,413.96446117487477,4.878539537343381,-89.8438636490947,92.38814594779147,0.014593355176191501,12.530803350291176,0.9980547141900095,1.43094996531602e-47,-3.452141653653091e-114,1.0530021360470676,1.5466029017815742e-6,0.0,10387.028481476973,23.80055254435598
562843.1624958509,1545.7181205190718,-27.233334878363184,-73.91029541066966,413.9642629822559,4.877831883734817,-89.84386370426763,92.3902561596075,0.01459073949364639,12.530814368939081,0.9980555918044112,1.2691387715176598e-47,-2.5574101323838186e-114,1.053308613906387,1.5461549310079545e-6,0.0,10387.0284824048,23.798828910222092
562843.5624958508,1543.7670821007341,-27.23333487841068,-73.91029540939664,413.9641308714849,4.877360255319258,-89.84386374104182,92.39166308961315,0.014588996274778209,12.530821713952468,0.998056176820793,1.1715627478882774e-47,-2.093830702952081e-114,1.05351294584215,1.5458564088783602e-6,0.0,10387.028483023201,23.79768009398981
562844.1624958507,1540.8408781373873,-27.233334878481998,-73.91029540748715,413.96393273178126,4.87665302357438,-89.8438637961961,92.39377367485103,0.014586382300260206,12.530832730347608,0.9980570542557662,1.0390829467488829e-47,-1.5511483572985776e-114,1.0538194637878733,1.545408813144253e-6,0.0,10387.028483950578,23.795957279246622
562844.5624958506,1538.8903112057596,-27.233334878529543,-73.91029540621433,413.96380065627517,4.876181676267456,-89.84386383295397,92.39518086525628,0.014584640219502627,12.530840073859723,0.9980576391525745,9.59194455088027e-48,-1.2699730927858884e-114,1.0540238224450196,1.5451105408919286e-6,0.0,10387.028484568682,23.794809009047842
562845.1624958505,1535.9648142652586,-27.233334878600918,-73.91029540430576,413.963602569451,4.875474865985189,-89.8438638880873,92.39729182765586,0.014582027951291454,12.530851087999455,0.9980585164079088,8.507291672550702e-48,-9.408194625815972e-115,1.0543303804680155,1.544663319750192e-6,0.0,10387.028485495613,23.793087013014226
562845.5624958504,1534.0147185400128,-27.233334878648513,-73.91029540303356,413.963470529186,4.875003799519843,-89.84386392483584,92.39869926058695,0.014580287007498673,12.530858430010612,0.9980591011851687,7.853220020267795e-48,-7.702779666599748e-115,1.0545347658405686,1.5443652970774965e-6,0.0,10387.028486113419,23.79193928839599
562846.1624958502,1531.0899281986058,-27.23333487871996,-73.91029540112591,413.9632724952058,4.874297410300071,-89.84386397994818,92.40081060963358,0.014577676443876841,12.530869441900792,0.9980599782613305,6.965181348447372e-48,-5.706361077633183e-115,1.0548413639322372,1.5439184500824794e-6,0.0,10387.028487039903,23.79021811039472
562846.5624958501,1529.1403033994138,-27.233334878767607,-73.91029539985432,413.9631404901582,4.873826624409497,-89.84386401668041,92.4022182946274,0.014575936635904287,12.530876782411198,0.9980605629190583,6.429672769644509e-48,-4.671974148840156e-115,1.0550457760142562,1.5436206766921646e-6,0.0,10387.02848765741,23.78907093090435
562847.16249585,1526.2162192352116,-27.23333487883912,-73.9102953979476,413.96294250898615,4.8731206558516185,-89.84386407176243,92.40433001081661,0.014573327775153884,12.530887792050695,0.9980614398159575,5.702608195895263e-48,-3.46108451657406e-115,1.0553524141658501,1.543174203397836e-6,0.0,10387.028488583446,23.787350570254873
562847.5624958499,1524.2670650817454,-27.23333487888683,-73.91029539667703,413.96281053913214,4.872650150269363,-89.84386410848768,92.40573794912773,0.01457158910185851,12.530895131060838,0.9980620243541922,5.2641708519581727e-48,-2.833696846097895e-115,1.0555568529514199,1.542876678993133e-6,0.0,10387.028489200657,23.786203935440312
562848.1624958498,1521.3436866775155,-27.2333348789584,-73.91029539477083,413.9626126107326,4.871944601974415,-89.84386416355106,92.40785005050223,0.014568981942268015,12.53090613844899,0.9980629010717761,4.668900723330183e-48,-2.099254825955957e-115,1.055863531153754,1.5424305789548859e-6,0.0,10387.028490126248,23.784484391465718
562848.5624958497,1519.3950028922409,-27.233334879006144,-73.91029539350087,413.9624806760485,4.871474376434784,-89.84386420025534,92.40925824513575,0.014567244402509987,12.530913475958354,0.9980634854904765,4.309938584967548e-48,-1.7187247959363412e-115,1.0560679966366993,1.542133303239682e-6,0.0,10387.028490743161,23.7833383008762
562849.1624958495,1516.4723298233002,-27.2333348790778,-73.91029539159601,413.962282800386,4.8707692480037466,-89.8438642553024,92.4113707163861,0.014564638942367151,12.53092448110127,0.9980643620292315,3.8225726221211824e-48,-1.2732629911798564e-115,1.056374714881413,1.541687576013648e-6,0.0,10387.028491668309,23.781619572900578
562849.5624958494,1514.5241161240265,-27.233334879125586,-73.91029539032625,413.962150900848,4.870299302240218,-89.84386429199036,92.41277915514809,0.014562902535003844,12.530931817109444,0.9980649463283653,3.528679278956592e-48,-1.042459756495902e-115,1.0565792070560798,1.5413905486915528e-6,0.0,10387.028492284926,23.780474026083038
562850.1624958493,1511.6021479750052,-27.233334879197304,-73.9102953884223,413.961953077887,4.86959459327498,-89.84386434700946,92.41489201209276,0.01456029877260142,12.530942820004128,0.9980658226880528,3.129657775410585e-48,-7.72273391807026e-116,1.0568859653338831,1.5409451938342344e-6,0.0,10387.028493209626,23.77875611343007
562850.5624958492,1509.6544040795416,-27.23333487924515,-73.91029538715316,413.96182121347147,4.869124927022585,-89.84386438368576,92.4163007024317,0.014558563496495326,12.530950154517233,0.9980664068681071,2.889038256175376e-48,-6.322840902062286e-116,1.0570904841946478,1.5406484146104784e-6,0.0,10387.028493825943,23.77761110993647
562851.1624958491,1506.7331404322758,-27.23333487931693,-73.91029538525012,413.9616234431764,4.868420637125038,-89.84386443868621,92.41841392924661,0.014555961430126304,12.53096115516203,0.9980672830485954,2.562347078641694e-48,-4.6840770196302856e-116,1.0573972824965914,1.540203431678819e-6,0.0,10387.028494750199,23.77589401192969
562851.562495849,1504.7858660621569,-27.233334879364822,-73.9102953839816,413.9614916138597,4.867951250118601,-89.84386447535319,92.41982287563489,0.014554227284140384,12.530968488179035,0.9980678671094881,2.365344477583941e-48,-3.834998600538205e-116,1.0576018280374717,1.5399069002582988e-6,0.0,10387.028495366221,23.774749551309473
562852.1624958488,1501.8653064947575,-27.233334879436676,-73.91029538207948,413.9612938961952,4.867247378891368,-89.84386453033265,92.4219364781474,0.014551626912100017,12.530979486578522,0.9980687431111417,2.0978723625979422e-48,-2.841037611627438e-116,1.057908666355044,1.5394622888104424e-6,0.0,10387.028496290033,23.773033267275224
562852.5624958487,1499.9185013733804,-27.233334879484605,-73.91029538081197,413.9611621019537,4.866778270866304,-89.843864566981,92.42334567572537,0.014549893895099789,12.53098681809764,0.9980693270527305,1.9365802739640898e-48,-2.3260452846967923e-116,1.0581132385698904,1.539166004898619e-6,0.0,10387.028496905757,23.771889349078794
562853.1624958486,1496.998645465821,-27.23333487955654,-73.91029537891077,413.9609644368842,4.866074817912511,-89.84386462194415,92.42545965651264,0.014547295215685844,12.530997814254508,0.9980702028757639,1.7175926268682104e-48,-1.723177197312358e-116,1.0584201168944334,1.5387217644932666e-6,0.0,10387.028497829124,23.77017387834372
562853.5624958485,1495.0523093119264,-27.233334879604516,-73.91029537764346,413.9608326776943,4.865605988604109,-89.84386465857384,92.42686910081305,0.014545563326536136,12.531005144277696,0.9980707866982048,1.5855378330929552e-48,-1.4108184200382426e-116,1.058624715777619,1.5384257277959874e-6,0.0,10387.028498444553,23.769030502121744
562854.1624958484,1492.1331566497684,-27.233334879676526,-73.91029537574317,413.9606350651845,4.864902953527454,-89.8438647135137,92.42898345808287,0.014542966338049735,12.531016138188415,0.9980716623423366,1.4062459110804497e-48,-1.0451602756629254e-116,1.0589316340999304,1.5379818579921728e-6,0.0,10387.028499367476,23.76731584401195
562854.5624958483,1490.1872891876847,-27.233334879724545,-73.91029537447649,413.96050334102256,4.864434402672043,-89.84386475013171,92.43039315235356,0.014541235575619878,12.53102346671459,0.9980722460455431,1.298128589848333e-48,-8.557050146075116e-117,1.059136259645273,1.5376860682159917e-6,0.0,10387.02849998261,23.76617300931661
562855.1624958481,1487.2688393509015,-27.233334879796622,-73.91029537257712,413.9603057810371,4.863731785076875,-89.84386480505526,92.43250788791009,0.014538640276363849,12.531034458383784,0.9980731215111418,1.1513367788706851e-48,-6.339220386200315e-117,1.0594432179567845,1.5372425685740142e-6,0.0,10387.02850090509,23.764459163161266
562855.562495848,1485.323440301232,-27.23333487984469,-73.91029537131105,413.9601740918796,4.863263512410714,-89.84386484166164,92.43391783386973,0.01453691063952281,12.531041785414683,0.9980737050952525,1.0628178026470519e-48,-5.1901156210066594e-117,1.0596478701585235,1.5369470254258488e-6,0.0,10387.028501519926,23.763316869544926
562856.1624958479,1482.4056928735226,-27.233334879916832,-73.9102953694126,413.9599765843832,4.862561311901802,-89.84386489655489,92.43603294657383,0.01453431702780256,12.531052774842388,0.9980745803823208,9.426348321694713e-49,-3.844933264357816e-117,1.0599548684503257,1.5365038955063445e-6,0.0,10387.028502441963,23.76160383467267
562856.5624958478,1480.4607619578019,-27.233334879964946,-73.91029536814753,413.9598449302066,4.862093317161353,-89.84386493314494,92.43744314521523,0.014532588515420537,12.531060100378184,0.9980751638473493,8.70161623784499e-49,-3.14796567737455e-117,1.060159547302632,1.5362085986933814e-6,0.0,10387.028503056505,23.76046208168752
562857.1624958477,1477.543716522865,-27.233334880037155,-73.91029536625001,413.95964747516405,4.861391533343814,-89.84386498802421,92.43955862729688,0.01452999658954321,12.531071087564055,0.9980760389558597,7.717641294241744e-49,-2.3320709656264828e-117,1.0604665855658604,1.5357658380575342e-6,0.0,10387.028503978097,23.758749857427286
562857.5624958476,1475.5992534626275,-27.23333488008532,-73.91029536498515,413.95951585594497,4.860923816266249,-89.84386502460028,92.44096907406005,0.014528269200492978,12.531078411607162,0.9980766223019985,7.12428084683416e-49,-1.9093385638307138e-117,1.0606712910629383,1.535470787287777e-6,0.0,10387.028504592345,23.75760864462746
562858.1624958474,1472.6829096022993,-27.233334880157603,-73.91029536308851,413.9593184533209,4.860222448745905,-89.84386507945624,92.44308493560509,0.014525678958768204,12.531089396554618,0.9980774972322234,6.318670296694177e-49,-1.4144731819230642e-117,1.0609783692889685,1.535028395497799e-6,0.0,10387.028505513495,23.755897230310342
562858.5624958473,1470.7389141209424,-27.233334880205806,-73.91029536182427,413.95918686903576,4.859755009068422,-89.84386511601132,92.4444956320494,0.0145239526919234,12.531096719103813,0.9980780804593749,5.832867848598431e-49,-1.1580729032508371e-117,1.061183101424855,1.5347335904792813e-6,0.0,10387.028506127446,23.75475655724888
562859.1624958472,1467.8232714207843,-27.23333488027816,-73.91029535992854,413.958989518795,4.8590540574513765,-89.84386517085096,92.44661186589272,0.014521364132662971,12.531107701810999,0.9980789552111666,5.17328971328512e-49,-8.579217407486077e-118,1.0614902196047218,1.534291567097589e-6,0.0,10387.028507048155,23.75304595220494
562859.5624958471,1465.879743238911,-27.233334880326417,-73.91029535866492,413.95885796942036,4.858586894911692,-89.84386520739439,92.4480228119941,0.014519638986898774,12.531115022869793,0.9980795383196105,4.7755483073539834e-49,-7.024070401391265e-118,1.0616949783737817,1.533997007539194e-6,0.0,10387.028507661813,23.751905818436956
562860.162495847,1462.9648012844846,-27.23333488039883,-73.9102953567701,413.95866067152787,4.857886358804834,-89.84386526221307,92.45013942186483,0.01451705210841753,12.531126003336704,0.9980804128929684,4.235531401532939e-49,-5.203560750783857e-118,1.062002136498561,1.533555352129163e-6,0.0,10387.028508582078,23.750196021998157
562860.5624958469,1461.0217401264235,-27.233334880447135,-73.9102953555075,413.95852915704023,4.857419473141122,-89.84386529874484,92.45155062316927,0.01451532808261157,12.531133322904923,0.9980809958826908,3.909888279288116e-49,-4.26031598401145e-118,1.0622069218947987,1.5332610377400707e-6,0.0,10387.028509195441,23.749056427078706
562861.1624958467,1458.1074984977022,-27.233334880519628,-73.9102953536132,413.95833191146073,4.856719352151522,-89.8438653535332,92.45366760281047,0.014512742883224631,12.53114430113731,0.9980818702780733,3.467759829360025e-49,-3.1561205645017567e-118,1.0625141199562045,1.5328197498658933e-6,0.0,10387.028510115264,23.74734743857836
562861.5624958467,1456.1649040887132,-27.23333488056798,-73.91029535235118,413.9582004318368,4.856252743101779,-89.84386539006034,92.45507905629816,0.01451101997625463,12.53115161921122,0.9980824531487769,3.201145789473727e-49,-2.584013434721326e-118,1.0627189319735517,1.532525680355186e-6,0.0,10387.028510728334,23.74620838206091
562862.1624958465,1453.2513623740524,-27.233334880640545,-73.9102953504582,413.95800323853524,4.855553036837466,-89.84386544482305,92.45719641021232,0.01450843645428209,12.531162595207249,0.9980833273660376,2.839161629110059e-49,-1.9142847551400964e-118,1.0630261699624628,1.5320847595815432e-6,0.0,10387.028511647717,23.744500200832412
562862.5624958464,1451.3092344338074,-27.233334880688943,-73.91029534919639,413.9578717937516,4.855086704140497,-89.84386548133153,92.45860811193728,0.014506714665027703,12.531169911792862,0.9980839101182011,2.620876514489854e-49,-1.5672840831240936e-118,1.0632310085954764,1.5317909346596428e-6,0.0,10387.028512260493,23.743361682274415
562863.1624958463,1448.3963922197,-27.233334880761568,-73.91029534730433,413.957674652693,4.8543874122097606,-89.8438655360826,92.46072584419818,0.014504132818790814,12.531180885552159,0.9980847841573103,2.324508948965624e-49,-1.1610729212875538e-118,1.0635382865030094,1.5313503805518175e-6,0.0,10387.028513179435,23.741654307651682
562863.5624958462,1446.45473047439,-27.233334880810006,-73.91029534604311,413.95754324272633,4.8539213556048715,-89.84386557257477,92.46213779185284,0.014502412146134746,12.531188200648526,0.9980853667908582,2.1457922118985268e-49,-9.506062794441469e-119,1.0637431517455878,1.5310567999292662e-6,0.0,10387.028513791918,23.74051632660986
562864.162495846,1443.5425873445347,-27.233334880882712,-73.91029534415195,413.95734615387573,4.853222477616533,-89.84386562730253,92.46425589520088,0.014499831973956557,12.53119917217486,0.9980862406521163,1.9031469707185918e-49,-7.042266438822235e-119,1.0640504695632051,1.530616612053477e-6,0.0,10387.028514710419,23.73880975792864
562864.562495846,1441.6013915175572,-27.233334880931203,-73.91029534289136,413.95721477870273,4.8527566968427855,-89.84386566378072,92.46566809021043,0.014498112416780777,12.531206485781832,0.9980868231670366,1.756826081346534e-49,-5.76572114939991e-119,1.0642553614095736,1.5303232754409444e-6,0.0,10387.028515322607,23.737672313958996
562865.1624958458,1438.689947059378,-27.233334881003973,-73.91029534100109,413.957017742025,4.852058232406097,-89.84386571848749,92.4677865710678,0.014495533916986944,12.531217455074396,0.9980876968503791,1.5581649594281323e-49,-4.2713524435972583e-119,1.0645627191283877,1.5298834533637487e-6,0.0,10387.028516240669,23.735966550554544
562865.5624958457,1436.7492168759927,-27.233334881052507,-73.9102953397415,413.9568864016223,4.851592727203307,-89.84386575496103,92.46919901643226,0.014493815474176441,12.531224767191937,0.9980882792466691,1.4383675469530384e-49,-3.497088236370172e-119,1.064767637572602,1.5295903604726174e-6,0.0,10387.028516852564,23.734829643214653
562866.1624958456,1433.8384706759825,-27.23333488112535,-73.91029533785216,413.95668941708266,4.850894675927899,-89.84386580964451,92.47131787269431,0.014491238645094284,12.531235734250927,0.9980891527521116,1.2757175762799617e-49,-2.5907073888666326e-119,1.0650750351838716,1.5291509037612192e-6,0.0,10387.028517770186,23.733124684422933
562866.5624958455,1431.8982058595866,-27.233334881173928,-73.91029533659277,413.95655811142706,4.850429446036274,-89.84386584609705,92.47273056598488,0.014489521315535355,12.531243044881986,0.9980897350300062,1.1776357501147606e-49,-2.1210921957666104e-119,1.0652799802202197,1.528858054303531e-6,0.0,10387.028518381789,23.731988313271724
562867.1624958453,1428.9881575042382,-27.233334881246822,-73.91029533470433,413.9563611789906,4.849731807532951,-89.84386590076187,92.47484979670874,0.014486946155496375,12.531254009711516,0.9980906083578764,1.044469216550036e-49,-1.5713441733868335e-119,1.065587417715248,1.5284189625264566e-6,0.0,10387.02851929897,23.730284158432042
562867.5624958453,1427.0483577810228,-27.233334881295455,-73.91029533344555,413.9562299080588,4.849266852692644,-89.84386593719344,92.47626273796871,0.014485229938076095,12.531261318853835,0.9980911905171956,9.64166608796294e-50,-1.2865080314964608e-119,1.0657923893377517,1.528126356214132e-6,0.0,10387.028519910278,23.729148323026784
562868.1624958451,1424.139006856829,-27.233334881368428,-73.910295331558,413.95603302769064,4.848569626571818,-89.84386599183495,92.47838233543179,0.014482656445411307,12.531272281453898,0.9980920636674933,8.551390720051034e-50,-9.530688497850498e-120,1.0660998667078911,1.5276876289397553e-6,0.0,10387.028520827023,23.727444971476057
562868.562495845,1422.199671952054,-27.233334881417104,-73.91029533029982,413.9559017914594,4.84810494652382,-89.84386602826653,92.47979553236357,0.014480941339019539,12.531279589109305,0.9980926457083829,7.893928571947262e-50,-7.803069184867316e-120,1.0663048649107005,1.5273952654857203e-6,0.0,10387.02852143804,23.726309671376725
562869.1624958449,1419.29101804737,-27.233334881490144,-73.9102953284132,413.95570496312473,4.847408132396755,-89.84386608289175,92.48191550484508,0.014478369512063497,12.531290549479817,0.9980935186811007,7.001286594976612e-50,-5.7806574002994216e-120,1.066612382147149,1.52695690228329e-6,0.0,10387.028522354345,23.72460712245347
562869.5624958448,1417.3521476844326,-27.23333488153887,-73.91029532715604,413.95557376157086,4.846943726881805,-89.843866119293,92.48332894637662,0.014476655515589501,12.531297855649706,0.9980941006036715,6.463002112964781e-50,-4.732802844067856e-120,1.066817406924641,1.526664781400516e-6,0.0,10387.028522965069,23.723472357219023
562870.1624958446,1414.444190390408,-27.23333488161198,-73.91029532527031,413.9553769852349,4.846247324360707,-89.84386617389723,92.48544929667793,0.014474085352680731,12.53130881378994,0.9980949733987521,5.732168671706616e-50,-3.506147534585035e-120,1.067124964018352,1.5262267818401798e-6,0.0,10387.028523880936,23.721770610263476
562870.5624958446,1412.5057842954993,-27.23333488166075,-73.91029532401332,413.9552458183353,4.845783193120406,-89.84386621029617,92.48686298269922,0.014472372465017258,12.531316118475313,0.9980955552030841,5.29145861043475e-50,-2.8705913314541063e-120,1.067330015364641,1.5259349032423837e-6,0.0,10387.028524491368,23.72063637945458
562871.1624958444,1409.5985231949016,-27.233334881733928,-73.9102953221285,413.9550490939633,4.84508720181711,-89.8438662648771,92.48898370311777,0.014469803964492439,12.531327074390857,0.9980964278209722,4.693102794059319e-50,-2.1265869403780907e-120,1.0676376123074969,1.5254972668947826e-6,0.0,10387.028525406799,23.718935433807097
562871.5624958443,1407.6605810942128,-27.233334881782742,-73.91029532087212,413.9549179616948,4.84462334459289,-89.84386630125505,92.49039763678434,0.014468092184532193,12.53133437759043,0.998097009506963,4.332279912113442e-50,-1.7411024426145134e-120,1.067842690216727,1.5252056302956657e-6,0.0,10387.028526016938,23.717801736983166
562872.1624958442,1404.754015782848,-27.23333488185599,-73.91029531898822,413.954721289252,4.843927764120649,-89.84386635581733,92.4925187332286,0.01446552534473512,12.531345331275894,0.9980978819472295,3.842387601802705e-50,-1.2898407640800799e-120,1.0681503269992754,1.5247683567320065e-6,0.0,10387.02852693193,23.716101591984522
562872.5624958441,1402.816537401639,-27.23333488190485,-73.91029531773245,413.9545901915914,4.843464180654974,-89.8438663921883,92.49393291729807,0.014463814671374179,12.531352632993478,0.9980984635151828,3.5469708106362003e-50,-1.0560324914458101e-120,1.0683554314657213,1.5244769618464575e-6,0.0,10387.028527541781,23.7149684287084
562873.162495844,1399.9106674632058,-27.233334881978173,-73.91029531584944,413.95439357104317,4.842769010627042,-89.8438664467226,92.49605438683804,0.014461249490647277,12.531363584456427,0.9980993357784302,3.145880908719029e-50,-7.823283238948572e-121,1.068663108079839,1.5240400506390772e-6,0.0,10387.028528456336,23.71326908370199
562873.5624958439,1397.9736525313929,-27.23333488202707,-73.91029531459426,413.9542625079675,4.842305700661887,-89.84386648307958,92.49746881825357,0.014459539922781501,12.531370884686094,0.9980999172278737,2.904014095748435e-50,-6.405163738180773e-121,1.0688682390973103,1.5237488971813124e-6,0.0,10387.028529065894,23.71213645353272
562874.1624958437,1395.0684775598347,-27.233334882100458,-73.91029531271215,413.95406593927925,4.8416109406923535,-89.84386653759991,92.49959065742524,0.0144569763994721,12.531381833923618,0.9981007893138703,2.575629456851194e-50,-4.745063293178246e-121,1.0691759555338378,1.523312347902777e-6,0.0,10387.02852998001,23.710437907861056
562874.5624958436,1393.1319257989526,-27.233334882149403,-73.910295311458,413.9539349107653,4.841147903970914,-89.84386657393824,92.50100533808778,0.014455267936000018,12.53138913267479,0.9981013706455544,2.377605658049655e-50,-3.884929947253533e-121,1.0693811130970654,1.5230214355889393e-6,0.0,10387.028530589278,23.709305810364
562875.1624958435,1390.2274453826249,-27.23333488222286,-73.9102953095768,413.95373839390254,4.8404535536736715,-89.84386662843059,92.50312754740712,0.014452706068454594,12.53140007968774,0.998102242554368,2.1087470541600444e-50,-2.878027673109481e-121,1.0696888693474764,1.5225852478122614e-6,0.0,10387.028531502961,23.70760806336955
562875.5624958434,1388.29135652259,-27.23333488227186,-73.91029530832282,413.95360739992736,4.839990789938682,-89.84386666476428,92.50454247354688,0.014450998708275231,12.53140737695562,0.9981028237679105,1.9466188795246925e-50,-2.3563301910770576e-121,1.069894053450332,1.5222945763575665e-6,0.0,10387.028532111937,23.70647649810527
562876.1624958433,1385.3875702489167,-27.233334882345392,-73.91029530644252,413.95341093485536,4.839296848928514,-89.84386671923798,92.50666505683624,0.014448438494843436,12.53141832174855,0.9981036954999036,1.726496071319617e-50,-1.7456128138674397e-121,1.0702018495062469,1.5218587496568825e-6,0.0,10387.028533025183,23.70477954913311
562876.5624958432,1383.4519440177828,-27.233334882394423,-73.91029530518914,413.9532799753958,4.838834357923354,-89.84386675555535,92.50808023478008,0.014446732236857879,12.5314256175326,0.9981042765952621,1.5937567482196964e-50,-1.4291871526039894e-121,1.07040706014283,1.521568318777438e-6,0.0,10387.02853363387,23.703648515664465
562877.162495843,1380.5488514807075,-27.233334882468036,-73.91029530330974,413.9530835620801,4.83814082581592,-89.84386681001274,92.51020319119306,0.014444173675893743,12.531436560104403,0.9981051481503468,1.4135354348932947e-50,-1.058768171136444e-121,1.0707148959952246,1.5211328527274292e-6,0.0,10387.02853454668,23.701952364060023
562877.5624958429,1378.6136876037344,-27.233334882517116,-73.91029530205697,413.95295263711324,4.837678607284486,-89.84386684630911,92.51161861169352,0.014442468519004594,12.531443854408844,0.998105729127857,1.304857668449219e-50,-8.668462191347874e-122,1.070920133159962,1.5208426621401813e-6,0.0,10387.028535155074,23.70082186195196
562878.1624958428,1375.7112883953378,-27.233334882590775,-73.91029530017846,413.9527562755194,4.836985483695474,-89.84386690074321,92.51374193570314,0.014439911608862604,12.531454794758785,0.9981066005059746,1.1573049362178836e-50,-6.421756481771204e-122,1.0712280088000548,1.5204075563159096e-6,0.0,10387.028536067448,23.699126507060384
562878.5624958427,1373.776586599648,-27.233334882639916,-73.91029529892668,413.9526253850223,4.836523537381717,-89.84386693703027,92.51515761112047,0.01443820755197339,12.531462087584396,0.998107181365699,1.0683271062617794e-50,-5.257690472931966e-122,1.0714332724872062,1.520117605737854e-6,0.0,10387.028536675552,23.697996535876868
562879.1624958426,1370.8748803110793,-27.23333488271365,-73.91029529704907,413.95242907511584,4.8358308219273205,-89.84386699144338,92.51728130386275,0.014435652291010044,12.531473025713423,0.9981080525669248,9.475211461503862e-51,-3.8949939595280843e-122,1.07174118790636,1.5196828597151376e-6,0.0,10387.028537587494,23.696301977044488
562879.5624958425,1368.940640325658,-27.233334882762836,-73.91029529579751,413.9522982190656,4.835369147575679,-89.84386702771177,92.51869721937393,0.014433949333026509,12.531480317059822,0.9981086333088328,8.746722601018183e-51,-3.1889519154563273e-122,1.0719464781100176,1.5193931488637332e-6,0.0,10387.028538195309,23.69517253635011
562880.1624958423,1366.0396265508607,-27.233334882836626,-73.9102952939208,413.95210196081206,4.834676839872953,-89.84386708210857,92.5208212831843,0.01443139571960202,12.531491252967788,0.9981095043331555,7.757647049671922e-51,-2.3624343258459896e-122,1.072254433299345,1.518958762219202e-6,0.0,10387.028539106814,23.693478772924657
562880.5624958422,1364.1058481028304,-27.233334882885863,-73.91029529266983,413.9519711391857,4.834215437228276,-89.84386711837,92.52223745217974,0.014429693859431266,12.53149854283762,0.9981100849574577,7.161210813686469e-51,-1.9341979851129536e-122,1.0724597500138282,1.518669290812572e-6,0.0,10387.02853971434,23.692349862285432
562881.1624958421,1361.2055264301598,-27.23333488295973,-73.91029529079401,413.9517749325508,4.8335235368943525,-89.84386717273883,92.52436188866326,0.014427141891905804,12.531509476529626,0.9981109558052832,6.35142423910947e-51,-1.432889499169236e-122,1.0727677449650797,1.5182352631235589e-6,0.0,10387.028540625412,23.69065689361563
562881.562495842,1359.2722092494369,-27.233334883009,-73.91029528954361,413.9516441453253,4.833062405701359,-89.84386720898159,92.52577830616299,0.014425441128455454,12.531516764920031,0.9981115363117519,5.863103548303946e-51,-1.1731509112703784e-122,1.0729730881844441,1.5179460308796344e-6,0.0,10387.028541232647,23.68952851259565
562882.1624958419,1356.3725792756304,-27.233334883082943,-73.9102952876687,413.95144799027474,4.832370912354299,-89.84386726333877,92.52790311455993,0.014422890805194042,12.531527696393507,0.9981124069828757,5.2001063733433624e-51,-8.690918068565655e-123,1.073281122888525,1.5175123617239274e-6,0.0,10387.028542143285,23.687836338030227
562882.5624958418,1354.4397230902687,-27.233334883132255,-73.91029528641934,413.9513172374274,4.8319100523585305,-89.84386729956756,92.52931977167376,0.014421191137374313,12.531534983306804,0.9981129873716956,4.800303204652921e-51,-7.115523184324624e-123,1.0734864926070529,1.5172233683616955e-6,0.0,10387.028542750231,23.686708486196537
562883.1624958416,1351.5407844055444,-27.233334883206265,-73.91029528454531,413.9511211339268,4.831218965616434,-89.84386735390375,92.53144494945964,0.014418642456741656,12.53154591256539,0.9981138578664076,4.257487025914313e-51,-5.2713106571241636e-123,1.0737945670556075,1.5167900573178166e-6,0.0,10387.028543660437,23.68501710508535
562883.5624958415,1349.6083889454603,-27.233334883255633,-73.91029528329614,413.9509904154347,4.830758376563475,-89.8438673901139,92.53286185769097,0.014416943883463642,12.531553198000424,0.9981144381374866,3.930155875085451e-51,-4.3157849258996384e-123,1.0739999632674135,1.5165013025563027e-6,0.0,10387.028544267094,23.683889782003973
562884.1624958414,1346.7101411428303,-27.2333348833297,-73.910295281423,413.95079436344986,4.8300676960452185,-89.8438674444221,92.53498740650308,0.0144143968438279,12.531564125046264,0.9981153084559576,3.4857355743233825e-51,-3.1972129785014406e-123,1.0743080774518354,1.5160683492035067e-6,0.0,10387.028545176865,23.682199193697983
562884.5624958413,1344.7782061388716,-27.233334883379097,-73.91029528017441,413.9506636792901,4.829607377681153,-89.8438674806276,92.53640456134791,0.01441269936400479,12.531571409001941,0.9981158886092086,3.2177394935171594e-51,-2.6176570638762456e-123,1.0745135001509665,1.5157798327622766e-6,0.0,10387.028545783236,23.68107239893589
562885.1624958412,1341.8806488141418,-27.23333488345325,-73.91029527830217,413.9504676787868,4.828917103005698,-89.84386753492417,92.53853047545937,0.014410153963735503,12.531582333832073,0.9981167587512029,2.853878924385969e-51,-1.939208575401037e-123,1.0748216540623978,1.5153472366798955e-6,0.0,10387.028546692572,23.67938260278461
562885.5624958411,1339.949173990637,-27.2333348835027,-73.91029527705417,413.9503370289367,4.828457055076816,-89.84386757110633,92.53994787449219,0.014408457576280453,12.531589616315038,0.998117338787155,2.6344622903576177e-51,-1.5876899849528204e-123,1.0750271032436212,1.515058958279335e-6,0.0,10387.028547298654,23.67825633591081
562886.1624958409,1337.052306738682,-27.23333488357691,-73.91029527518285,413.9501410798807,4.827767185864554,-89.84386762537727,92.54207416171302,0.014405913813751938,12.531600538933008,0.9981182087529546,2.3365584512632952e-51,-1.176189989279822e-123,1.0753352968733478,1.5146267190483253e-6,0.0,10387.028548207558,23.676567331268355
562886.5624958408,1335.121291829273,-27.2333348836264,-73.91029527393545,413.9500104643175,4.827307408117649,-89.84386766155478,92.54349181012135,0.014404218517581599,12.53160781993963,0.9981187886713191,2.1569153044549575e-51,-9.629830901480762e-124,1.0755407725304742,1.5143386784087355e-6,0.0,10387.028548813352,23.675441591850365
562887.1624958407,1332.2251142421737,-27.23333488370068,-73.91029527206499,413.9498145666746,4.8266179439882695,-89.84386771580242,92.54561846919299,0.014401676391166275,12.531618740346719,0.9981196584610261,1.9130122688524985e-51,-7.133956132573157e-124,1.0758490058701233,1.5139067956098093e-6,0.0,10387.028549721825,23.673753378068163
562887.5624958406,1330.2945589758456,-27.23333488375022,-73.9102952708186,413.94968398537543,4.826158436170389,-89.8438677519636,92.5470363635752,0.01439998218519772,12.531626019879084,0.9981202382619687,1.7659328993319904e-51,-5.840790335014266e-124,1.076054507997489,1.5136189924522187e-6,0.0,10387.02855032733,23.672628165675178
562888.1624958405,1327.3990706522018,-27.233334883824572,-73.91029526894904,413.9494881391117,4.825469376744803,-89.84386780619492,92.5491633878269,0.014397441693273397,12.531636938072774,0.9981211078753828,1.5662419824342753e-51,-4.326965079224999e-124,1.0763627810380398,1.5131874656669558e-6,0.0,10387.028551235371,23.6709407421063
562888.5624958404,1325.4689747570083,-27.23333488387416,-73.91029526770284,413.94935759205384,4.825010138603163,-89.84386784234214,92.55058152925224,0.014395748576424491,12.5316442161336,0.9981216875591202,1.4458235789333066e-51,-3.5426200196672485e-124,1.0765683096301086,1.5128998997127574e-6,0.0,10387.02855184059,23.669816056307788
562889.1624958402,1322.5741752907634,-27.233334883948576,-73.91029526583418,413.9491617971351,4.824321483502695,-89.84386789655014,92.55270892249399,0.014393209717370096,12.53165513211726,0.9981225569965094,1.2823304834375816e-51,-2.6244381727196726e-124,1.0768766223630841,1.5124687285236832e-6,0.0,10387.028552748201,23.668129422307274
562889.5624958401,1320.644538499415,-27.233334883998218,-73.91029526458854,413.94903128429587,4.823862514784843,-89.8438679326857,92.55412730791046,0.014391517688560902,12.531662408703825,0.9981231365628247,1.1837402328198685e-51,-2.1487086308357492e-124,1.0770821774138528,1.5121813994943706e-6,0.0,10387.02855335313,23.667005262671932
562890.16249584,1317.7504274854437,-27.233334884072693,-73.91029526272077,413.94883554068804,4.823174263631139,-89.84386798687504,92.55625507473997,0.014388980460757135,12.531673322479243,0.9981240058243318,1.0498834070311128e-51,-1.5918029372360507e-124,1.0773905298307187,1.5117505834844483e-6,0.0,10387.028554260309,23.665319417594795
562890.5624958399,1315.821249528788,-27.23333488412237,-73.91029526147575,413.9487050620448,4.822715564085213,-89.84386802299429,92.55767370932129,0.014387289518909609,12.531680597592887,0.9981245852733317,9.691645365406459e-52,-1.3032582536643883e-124,1.0775961113344175,1.5114634911023494e-6,0.0,10387.028554864952,23.66419578369344
562891.1624958398,1312.9278265656903,-27.23333488419692,-73.91029525960887,413.948509369714,4.822027716500422,-89.84386807716265,92.55980184049137,0.014384753920739948,12.531691509157808,0.998125454358777,8.595718362745375e-52,-9.654777229396628e-125,1.0779045034262889,1.511033029854944e-6,0.0,10387.028555771702,23.66251072689453
562891.5624958397,1310.9991071717814,-27.233334884246652,-73.91029525836484,413.9483789252441,4.821569285874784,-89.84386811326326,92.5612207178251,0.014383064064776692,12.531698782803064,0.9981260336908224,7.9348481435874e-52,-7.904664463900438e-125,1.07811011137747,1.5107461738429406e-6,0.0,10387.028556376057,23.661387618298992
562892.1624958395,1308.106371854432,-27.233334884321273,-73.91029525649886,413.9481832841562,4.820881841481535,-89.84386816742,92.56334921146106,0.014380530094626079,12.531709692160291,0.998126902600429,7.037578999422022e-52,-5.855921054595507e-125,1.0784185431359046,1.5103160669423513e-6,0.0,10387.028557282376,23.6597033491351
562892.5624958394,1306.178110758774,-27.233334884371043,-73.910295255255,413.948052873837,4.82042367952465,-89.84386820350893,92.56476833905661,0.014378841323471675,12.531716964331665,0.9981274818150827,6.496504224817129e-52,-4.794423523592818e-125,1.07862417752836,1.5100294470230039e-6,0.0,10387.028557886446,23.65858076541479
562893.1624958393,1303.2860626839101,-27.23333488444573,-73.9102952533899,413.9478572839583,4.819736637946354,-89.84386825763535,92.5668972039651,0.014376308979728353,12.531727871483723,0.9981283505490517,5.761882379460294e-52,-3.551797269153358e-125,1.078932648944763,1.509599694054332e-6,0.0,10387.028558792335,23.656897283244113
562893.5624958392,1301.358259614557,-27.233334884495537,-73.91029525214664,413.94772690776705,4.819278744407177,-89.84386829371265,92.56831657333821,0.014374621292308036,12.531735142186138,0.9981289296467055,5.318887819822325e-52,-2.9079661797861856e-125,1.079138309773109,1.5093133099513554e-6,0.0,10387.028559396116,23.655775223971823
562894.1624958391,1298.4668983779848,-27.2333348845703,-73.91029525028242,413.94753136906337,4.818592105267219,-89.84386834781807,92.5704458126694,0.014372090573360669,12.531746047134469,0.9981297982051519,4.7174303204925434e-52,-2.154274916541995e-125,1.0794468208390264,1.508883910499948e-6,0.0,10387.028560301576,23.654092528151804
562894.562495839,1296.539553070441,-27.233334884620152,-73.91029524903976,413.9474010269777,4.8181344798948915,-89.84386838389072,92.57186542635523,0.014370403968601913,12.531753316363202,0.9981303771854297,4.354737049470731e-52,-1.7637714442973015e-125,1.079652508097113,1.5085977619368115e-6,0.0,10387.028560905072,23.65297099289821
562895.1624958388,1293.6488782735541,-27.23333488469498,-73.91029524717644,413.94720553941534,4.817448242817825,-89.84386843797286,92.57399503250288,0.014367874872844234,12.531764219106444,0.9981312455682451,3.862305295927768e-52,-1.306634378135065e-125,1.0799610588035455,1.508168715588908e-6,0.0,10387.028561810102,23.651289082788065
562895.5624958387,1291.7219904568046,-27.233334884744885,-73.91029524593478,413.9470752314126,4.816990885362099,-89.84386847401984,92.57541489489691,0.01436618934967568,12.531771486866663,0.9981318244315586,3.565357159697819e-52,-1.0697819422189169e-125,1.0801667724859487,1.5078828022902755e-6,0.0,10387.028562413312,23.650168071127386
562896.1624958386,1288.8320016954094,-27.23333488481978,-73.91029524407192,413.9468797949578,4.816305049972274,-89.84386852809033,92.57754486775265,0.01436366187550054,12.531782387407187,0.9981326926389313,3.1621881375015562e-52,-7.92514170319973e-126,1.0804753628245314,1.5074541086325383e-6,0.0,10387.028563317914,23.64848694608627
562896.5624958385,1286.9055711021647,-27.233334884869716,-73.91029524283086,413.94674952101553,4.815847960183146,-89.843868564128,92.57896497156736,0.014361977432852611,12.531789653699372,0.9981332713853187,2.919067565228415e-52,-6.488558410432978e-126,1.0806811029254602,1.5071684303231632e-6,0.0,10387.028563920838,23.647366457591925
562897.1624958384,1284.016267974861,-27.233334884944686,-73.91029524096929,413.9465541356343,4.815162526105531,-89.84386861817283,92.58109531073443,0.014359451578655808,12.531800552037314,0.9981341394172603,2.5889806866118244e-52,-4.806843602679429e-126,1.0809897328875795,1.506740088942834e-6,0.0,10387.02856482501,23.645686116979547
562897.5624958383,1282.0902943369001,-27.233334884994683,-73.9102952397284,413.9464238957299,4.81470570373305,-89.84386865419653,92.58251566259416,0.014357768215459367,12.531807816862,0.9981347180467641,2.389930396507804e-52,-3.935511395740595e-126,1.0811954994013717,1.5064546453477238e-6,0.0,10387.028565427649,23.64456615122482
562898.1624958381,1279.2016764450818,-27.233334885069706,-73.91029523786771,413.94622856138875,4.814020670593497,-89.84386870822505,92.58464636859146,0.014355243979640461,12.531818712996618,0.9981355859032148,2.119678116604704e-52,-2.9154993419601997e-126,1.0815041689781606,1.5060266558328698e-6,0.0,10387.028566331392,23.642886594402423
562898.562495838,1277.2761594951153,-27.233334885119756,-73.9102952366274,413.9460983554997,4.8135641153882816,-89.84386874423708,92.58606696004568,0.014353561694828649,12.531825976354822,0.9981361644159162,1.956709521968536e-52,-2.387009404292403e-126,1.0817099618990869,1.5057414466776332e-6,0.0,10387.028566933746,23.641767150961797
562899.1624958379,1274.3882264355198,-27.233334885194854,-73.91029523476762,413.9459030721647,4.812879482812404,-89.84386879823998,92.58819803399439,0.014351039075786358,12.531836870287815,0.9981370320970119,1.735445668346355e-52,-1.7683405401898694e-126,1.0820186710822182,1.5053138086166437e-6,0.0,10387.028567837062,23.640088377290176
562899.5624958378,1272.4631659071892,-27.233334885244936,-73.9102952335279,413.94577290026854,4.8124231945252856,-89.84386883423102,92.58961887097979,0.014349357868293547,12.531844132179103,0.9981376104928762,1.6020182675432296e-52,-1.4477950444628671e-126,1.0822244904044744,1.5050288336271528e-6,0.0,10387.028568439131,23.638969455738046
562900.1624958377,1269.575917280279,-27.233334885320097,-73.91029523166897,413.9455776679062,4.8117389621402165,-89.84386888822226,92.5917503134976,0.014346836864432385,12.531855023913456,0.9981384779988542,1.4208627452390637e-52,-1.0725532402201061e-126,1.0825332391852682,1.5046015466097717e-6,0.0,10387.028569342021,23.6372914645816
562900.5624958376,1267.6513129072264,-27.23333488537023,-73.91029523043026,413.9454475299805,4.811282940522517,-89.843868924197,92.59317139806815,0.01434515673319483,12.531862284338652,0.9981390562779471,1.3116216284163815e-52,-8.781324811716017e-127,1.082739084903086,1.504316805512496e-6,0.0,10387.028569943805,23.63617306449356
562901.1624958374,1264.764748312533,-27.233334885445462,-73.91029522857224,413.9452523485571,4.810599107955057,-89.84386897816492,92.595303210619,0.014342637342918815,12.531873173874773,0.9981399236088403,1.1633040305617753e-52,-6.505367190095249e-127,1.0830478732730084,1.5038898691284251e-6,0.0,10387.028570846265,23.634495855214826
562901.5624958373,1262.840599829331,-27.23333488549564,-73.91029522733369,413.94512224457964,4.810143352758188,-89.843869014135,92.59672453792871,0.014340958286873633,12.531880432832613,0.998140501771061,1.0738649683239133e-52,-5.326145143525327e-127,1.0832537453805444,1.5036053616499823e-6,0.0,10387.028571447765,23.633377976165914
562902.1624958372,1259.9547188673168,-27.233334885570933,-73.91029522547655,413.94492711406156,4.809459919635907,-89.84386906808196,92.59885671526774,0.01433844050858987,12.531891320171722,0.998141368926966,9.524327892020136e-53,-3.945706440575669e-127,1.0835625733310064,1.5031787754897782e-6,0.0,10387.0285723498,23.631701548129083
562902.5624958371,1258.0310260066763,-27.233334885621154,-73.9102952242386,413.94479704400976,4.809004430611636,-89.84386910403805,92.60027828900789,0.014336762526675354,12.531898577663787,0.9981419469724407,8.792062780983923e-53,-3.230471790776964e-127,1.0837684718226492,1.502894501357393e-6,0.0,10387.028572951016,23.630584189695597
562903.162495837,1255.1458282768726,-27.233334885696518,-73.91029522238233,413.9446019643634,4.808321396562281,-89.84386915795935,92.60241082916285,0.01433424635879197,12.531909462807121,0.9981428139534566,7.797860181994409e-53,-2.393193014362709e-127,1.0840773393452028,1.5024682650120463e-6,0.0,10387.028573852624,23.62890854226486
562903.5624958369,1253.2225907715037,-27.233334885746793,-73.91029522114496,413.9444719282149,4.80786617346302,-89.84386919390612,92.60383264805084,0.01433256944994876,12.531916718837014,0.9981433918824718,7.1983322135382665e-53,-1.9593810738883215e-127,1.0842832642153717,1.502184223953682e-6,0.0,10387.028574453554,23.62779170402487
562904.1624958367,1250.3380758771673,-27.233334885822213,-73.91029521928958,413.9442768994069,4.807183538115082,-89.84386924781346,92.60596555167001,0.01433005489087736,12.531927601783119,0.9981442586884827,6.38434796736472e-53,-1.4515455952569193e-127,1.0845921713012199,1.50175833701481e-6,0.0,10387.028575354736,23.626116836565185
562904.5624958366,1248.4152934616432,-27.233334885872523,-73.91029521805321,413.9441468971393,4.806728580692912,-89.84386928373691,92.60738761444941,0.014328379054045859,12.531934856349041,0.9981448365008955,5.893495980093988e-53,-1.1884252336369693e-127,1.0847981225441623,1.5014745287581153e-6,0.0,10387.028575955383,23.62500051809438
562905.1624958365,1245.5314610041678,-27.23333488594802,-73.91029521619869,413.94395191913594,4.806046343675402,-89.8438693376256,92.60952088501283,0.01432586610219993,12.531945737099417,0.9981457031320206,5.227062042290829e-53,-8.804073062493205e-128,1.0851070691847478,1.5010489908181575e-6,0.0,10387.028576856139,23.623326429972252
562905.5624958364,1243.6091334149241,-27.233334885998367,-73.91029521496252,413.94382195072706,4.80559165168328,-89.84386937353973,92.61094319489875,0.014324191336323877,12.531952990200475,0.9981462808277597,4.825186423330022e-53,-7.208166674501545e-128,1.085313046794541,1.500765415091596e-6,0.0,10387.028577456502,23.62221063084841
562906.1624958363,1240.7259829938412,-27.233334886073944,-73.91029521310887,413.9436270234951,4.804909812625788,-89.84386942740511,92.61307683581711,0.014321679990118965,12.531963868759973,0.9981471472843857,4.279556461148751e-53,-5.339942661325711e-128,1.0856220329815545,1.5003402257438749e-6,0.0,10387.028578356836,23.62053732143212
562906.5624958362,1238.8041099635884,-27.23333488612434,-73.91029521187326,413.9434970889226,4.804455385816721,-89.84386946330292,92.6144993793117,0.014320006294142056,12.531971120398836,0.9981477248636637,3.950528531541829e-53,-4.371976068564889e-128,1.085828036952707,1.5000568822763673e-6,0.0,10387.028578956915,23.619422041233687
562907.162495836,1235.921641184017,-27.233334886199973,-73.91029521002051,413.94330221242836,4.80377394434867,-89.84386951714731,92.61663338651293,0.014317496551994772,12.531981996762493,0.998148591145395,3.503804499732587e-53,-3.238840412141154e-128,1.086137062677283,1.499632041113835e-6,0.0,10387.028579856824,23.61774950988837
562907.5624958359,1234.0002224445343,-27.233334886250425,-73.9102952087855,413.94317231166997,4.8033197824760645,-89.84386955303115,92.6180561790326,0.01431582392486218,12.531989246943693,0.9981491686085731,3.2344192139534692e-53,-2.6517387301433166e-128,1.0863430930044295,1.499348929634879e-6,0.0,10387.028580456621,23.616634748194933
562908.1624958358,1231.1184349087998,-27.233334886326126,-73.91029520693361,413.94297748588014,4.802638738228217,-89.84386960685924,92.62019055201871,0.014313315785193303,12.532000121114951,0.9981500347156839,2.868672509358817e-53,-1.964456901624179e-128,1.0866521582580444,1.4989244362521453e-6,0.0,10387.028581356104,23.61496299429056
562908.5624958357,1229.197470200248,-27.233334886376618,-73.9102952056996,413.94284761891356,4.802184841045677,-89.84386964273608,92.6216135862129,0.014311644225852588,12.532007369832389,0.9981506120622761,2.6481184904918102e-53,-1.6083615698404928e-128,1.0868582149349553,1.498641556490936e-6,0.0,10387.028581955617,23.6138487506794
562909.1624958356,1226.3163635097444,-27.233334886452383,-73.91029520384818,413.94265284379486,4.801504193648672,-89.84386969653853,92.62374832387559,0.014309137687083019,12.532018241813226,0.998151477994924,2.3486704142822687e-53,-1.191503880176571e-128,1.0871673197092322,1.498217410482766e-6,0.0,10387.028582854677,23.612177773584868
562909.5624958355,1224.395852567628,-27.233334886502924,-73.91029520261473,413.942523010598,4.801050560910776,-89.84386973239906,92.62517160607268,0.014307467194484304,12.532025489070286,0.9981520552251998,2.168096055524331e-53,-9.755210458460085e-129,1.0873734027302038,1.497934762169888e-6,0.0,10387.028583453906,23.61106404763761
562910.1624958353,1221.5154263246804,-27.23333488657876,-73.91029520076461,413.94232828611706,4.800370309995683,-89.84386978618285,92.62730670660825,0.014304962255037012,12.53203635886178,0.9981529209834709,1.9229287055000192e-53,-7.226839618125785e-129,1.0876825470167106,1.4975109631315803e-6,0.0,10387.028584352542,23.609393846722245
562910.5624958352,1219.5953688835725,-27.23333488662934,-73.91029519953133,413.94219848666756,4.799916941456342,-89.84386982203172,92.6287302297009,0.0143032928281287,12.53204360465817,0.9981534980974072,1.775086924115377e-53,-5.916836914866523e-129,1.0878886563761685,1.4972285459971932e-6,0.0,10387.02858495149,23.608280638017714
562911.1624958351,1216.7156226933002,-27.233334886705236,-73.91029519768209,413.94200381279114,4.7992370866552685,-89.84386987579221,92.63086569628281,0.014300789486430845,12.532054472261327,0.9981543636813812,1.5743608741143655e-53,-4.383301786509735e-129,1.088197840166216,1.4968050935250064e-6,0.0,10387.028585849697,23.606611212652943
562911.562495835,1214.7960184896365,-27.233334886755856,-73.91029519644943,413.94187404706696,4.798783982069176,-89.8438699116271,92.63228945899502,0.014299121124164404,12.532061716597221,0.9981549406789917,1.453318260570965e-53,-3.588744622804741e-129,1.088403975858416,1.4965229072999985e-6,0.0,10387.028586448363,23.60549852077173
562912.1624958349,1211.916951955296,-27.23333488683183,-73.91029519460103,413.9416794237618,4.7981045230140795,-89.84386996537127,92.63442528492641,0.014296619378643025,12.532072582012622,0.9981558060887151,1.2889776697663032e-53,-2.65860812843142e-129,1.0887131991435623,1.4960998009903902e-6,0.0,10387.02858734615,23.60382987032808
562912.5624958348,1209.9978007227182,-27.233334886882503,-73.91029519336892,413.9415496917407,4.7976516821362765,-89.84387000118984,92.63584929017422,0.014294952079970917,12.532079824892131,0.9981563829703273,1.1898763591882165e-53,-2.17668462947664e-129,1.08891936116309,1.4958178454063122e-6,0.0,10387.028587944535,23.602717694852263
562913.1624958346,1207.119413452223,-27.23333488695854,-73.91029519152143,413.9413551189735,4.796972618459915,-89.84387005491304,92.63798549090001,0.014292451929056841,12.532090688116732,0.9981572482055577,1.0553256629238845e-53,-1.6125280724031026e-129,1.089228623934434,1.4953950848563396e-6,0.0,10387.028588841898,23.60104981870096
562913.5624958345,1205.2007149290293,-27.233334887009253,-73.91029519029031,413.9412254206333,4.796520041045704,-89.84387009072464,92.63940974228039,0.0142907856929335,12.532097929538248,0.9981578249710436,9.741883719253471e-54,-1.320226562261475e-129,1.0894348122754047,1.4951133596447748e-6,0.0,10387.02858944,23.59993815921163
562914.1624958344,1202.3230065247044,-27.233334887085352,-73.91029518844367,413.941030898371,4.795841372381515,-89.84387014442451,92.64154629935788,0.014288287135059292,12.532108790577487,0.998158690032214,8.640275785597252e-54,-9.780481585385855e-130,1.0897441145246893,1.4946909444527417e-6,0.0,10387.02859033694,23.598271056727146
562914.5624958343,1200.4047604454681,-27.233334887136103,-73.91029518721274,413.94090123368966,4.7953890581864345,-89.84387018022211,92.6429707992543,0.01428662196043966,12.532116030543902,0.9981592666818037,7.975979829047407e-54,-8.00758250459019e-130,1.0899503291816475,1.4944094493458996e-6,0.0,10387.02859093476,23.597159912806752
562915.1624958342,1197.5277305124328,-27.23333488721228,-73.91029518536698,413.9407067618992,4.794710784167642,-89.84387023390336,92.64510771790033,0.014284124994038331,12.532126889396702,0.9981601315688285,7.074059531949682e-54,-5.932164635094744e-130,1.0902596709003647,1.4939873791099024e-6,0.0,10387.02859183128,23.595493583361066
562915.5624958341,1195.6099366191775,-27.233334887263076,-73.91029518413663,413.94057713085465,4.794258732947636,-89.84387026968696,92.64653245760226,0.014282460879880212,12.53213412790249,0.9981607081020821,6.530180000777724e-54,-4.8568464989813975e-130,1.0904659118670819,1.4937061138399537e-6,0.0,10387.028592428818,23.594382954590795
562916.1624958339,1192.7335847634822,-27.233334887339314,-73.91029518229173,413.9403827095027,4.793580853208783,-89.84387032334489,92.64866974659941,0.014279965503389495,12.532144984571481,0.9981615728151706,5.791750113461109e-54,-3.5980413592773437e-130,1.090775293046663,1.4932843881594479e-6,0.0,10387.028593324916,23.592717397559586
562916.5624958338,1190.8162427870557,-27.23333488739016,-73.91029518106195,413.94025311207287,4.793129064719921,-89.84387035911685,92.65009472620561,0.014278302448649633,12.532152221624308,0.9981621492326985,5.346459213356655e-54,-2.9458276453781083e-130,1.0909815603181467,1.493003352459637e-6,0.0,10387.028593922174,23.591607283523757
562917.1624958337,1187.940568614751,-27.233334887466455,-73.91029517921795,413.9400587411265,4.792451578895376,-89.84387041275613,92.65223237557296,0.014275808660507368,12.532163076109232,0.9981630137718303,4.741883952951637e-54,-2.1823233877364547e-130,1.0912909809500677,1.4925819709341102e-6,0.0,10387.028594817848,23.589942498281165
562917.5624958336,1186.0236782962456,-27.23333488751735,-73.91029517798916,413.93992917728934,4.792000052894314,-89.84387044850945,92.65365759567592,0.014274146664146371,12.53217031170579,0.9981635900733693,4.377310597362083e-54,-1.7867355944014088e-130,1.091497274520248,1.4923011645376028e-6,0.0,10387.028595414826,23.588832898562668
562918.1624958335,1183.1486814105883,-27.23333488759372,-73.91029517614601,413.9397348567154,4.791322960618788,-89.84387050213242,92.65579560937323,0.014271654462791588,12.532181164009675,0.9981644544387854,3.882326236934814e-54,-1.323646643577788e-130,1.0918067345963312,1.4918801267672672e-6,0.0,10387.028596310081,23.58716888448404
562918.5624958334,1181.232242487371,-27.23333488764466,-73.91029517491738,413.93960532644894,4.790871696862486,-89.84387053787174,92.65722107231892,0.014269993523770771,12.53218839815155,0.9981650306244616,3.583838817644077e-54,-1.0837104096398e-130,1.0920130544595696,1.4915995494079188e-6,0.0,10387.028596906777,23.58605979866739
562919.1624958332,1178.357922499068,-27.2333348877211,-73.91029517307511,413.93941105621445,4.790194997771772,-89.84387059147375,92.65935945190516,0.014267502907647575,12.532199248271889,0.9981658948159623,3.178579897681894e-54,-8.028326355756065e-131,1.0923225539708799,1.4911788549936425e-6,0.0,10387.02859780161,23.584396555129
562919.5624958331,1176.4419347075745,-27.233334887772077,-73.91029517184708,413.93928155949664,4.78974399601705,-89.84387062720607,92.66078515524278,0.014265843024928098,12.532206480959768,0.9981664708858307,2.9341990670236354e-54,-6.573038874031716e-131,1.092528900121668,1.4908985064053771e-6,0.0,10387.028598398025,23.583287982797877
562920.162495833,1173.568291220814,-27.233334887848592,-73.91029517000567,413.9390873395687,4.7890676897470135,-89.84387068078942,92.6629238985511,0.014263353992480358,12.532217328900499,0.9981673349037297,2.6024011248277495e-54,-4.869428286412574e-131,1.0928384390600137,1.4904781549487696e-6,0.0,10387.02859929244,23.581625509177275
562920.5624958329,1171.6527543021366,-27.233334887899613,-73.9102951687782,413.9389578763776,4.788616949751779,-89.84387071650079,92.664349848868,0.014261695165027814,12.532224560133724,0.9981679108577374,2.4023190224224568e-54,-3.9867514102676583e-131,1.093044811492373,1.4901980348663159e-6,0.0,10387.028599888574,23.580517449917433
562921.1624958328,1168.7797869248316,-27.233334887976188,-73.91029516693766,413.93876370672325,4.7879410359389025,-89.84387077005614,92.66648894992643,0.014259207714702479,12.532235405895436,0.998168774702082,2.1306658421403354e-54,-2.9534588886654565e-131,1.0933543898492055,1.4897780259694846e-6,0.0,10387.028600782567,23.57885574559249
562921.5624958327,1166.8647006144747,-27.23333488802725,-73.91029516571119,413.93863427703684,4.78749055746054,-89.84387080576285,92.66791514144977,0.014257549941480385,12.532242635676148,0.9981693505403998,1.9668524710379853e-54,-2.4180880581833706e-131,1.0935607885577847,1.4894981341276198e-6,0.0,10387.02860137842,23.57774819898878
562922.1624958325,1163.9924089545384,-27.23333488810389,-73.91029516387111,413.9384401576233,4.786815035741601,-89.84387085930891,92.6700546072197,0.014255064071725904,12.53225347925903,0.9981702142112046,1.744441657188442e-54,-1.791364179523297e-131,1.0938704063246016,1.4890784673931427e-6,0.0,10387.028602271996,23.57608726333757
562922.5624958324,1162.0777729945257,-27.233334888154996,-73.91029516264521,413.9383107614197,4.7863648185384955,-89.84387089499229,92.67148104560137,0.014253407351702257,12.53226070758528,0.9981707899336771,1.610322611909925e-54,-1.4666452094479766e-131,1.0940768313033795,1.4887988035272313e-6,0.0,10387.028602867571,23.57498022897606
562923.1624958323,1159.2061566608027,-27.2333348882317,-73.91029516080641,413.9381166922139,4.785689688550915,-89.84387094851738,92.67362087068919,0.014250923060969778,12.532271548989783,0.9981716534309782,1.4282280379909176e-54,-1.0865177896988367e-131,1.0943864884716221,1.4883794785584138e-6,0.0,10387.028603760724,23.573320061377885
562923.5624958322,1157.2919707857072,-27.233334888282855,-73.91029515958067,413.93798732947135,4.785239732381186,-89.84387098418911,92.67504754270371,0.01424926739311096,12.532278775866095,0.9981722290379661,1.318420650563538e-54,-8.89565689354055e-132,1.094592939715407,1.4881000424042458e-6,0.0,10387.02860435602,23.57221353884523
562924.1624958321,1154.4210293851793,-27.233334888359625,-73.91029515774272,413.93779331044055,4.784564993762926,-89.84387103769788,92.67718773662739,0.014246784679853552,12.532289615095799,0.9981730923620485,1.1693342222697417e-54,-6.590066502536608e-132,1.0949026362767582,1.4876810588052254e-6,0.0,10387.028605248755,23.570554138681047
562924.562495832,1152.5072933370247,-27.23333488841082,-73.91029515651758,413.93766398113706,4.784115298385262,-89.84387107335328,92.6786146485453,0.014245130063129297,12.532296840519178,0.9981736678533131,1.0794315368712047e-54,-5.39549108794893e-132,1.0951091137795859,1.4874018500987065e-6,0.0,10387.028605843772,23.569448127563266
562925.1624958318,1149.6370264813304,-27.233334888487647,-73.91029515468051,413.93747001224847,4.78344095077451,-89.84387112683874,92.68075520273125,0.014242648925802081,12.532307677571156,0.9981745310039437,9.573698926220609e-55,-3.9970791936957435e-132,1.0954188497252717,1.486983207473684e-6,0.0,10387.028606736088,23.567789494212633
562925.5624958317,1147.7237399965525,-27.2333348885389,-73.91029515345593,413.9373407163622,4.782991515948055,-89.84387116248949,92.68218236276157,0.014240995359182955,12.53231490154661,0.9981751063798837,8.837637989772814e-55,-3.272532251246683e-132,1.0956253534818114,1.4867042259516825e-6,0.0,10387.028607330825,23.566683994098458
562926.1624958316,1144.8541472926736,-27.233334888615804,-73.91029515161972,413.9371467975831,4.78231755898308,-89.84387121595165,92.68432327510581,0.014238515796241162,12.532325736422148,0.998175969357165,7.838281766183915e-55,-2.4243521783165295e-132,1.0959351288036046,1.486285923905469e-6,0.0,10387.028608222721,23.56502612694171
562926.5624958315,1142.9413101123646,-27.233334888667088,-73.91029515039614,413.9370175350922,4.78186838446706,-89.84387125158841,92.68575067036622,0.014236863278699165,12.532332958948029,0.9981765446176494,7.235646038716286e-55,-1.984892044279298e-132,1.0961416588080495,1.4860071693047172e-6,0.0,10387.028608817182,23.563921137418248
562927.1624958314,1140.072391170077,-27.233334888744057,-73.91029514856076,413.9368236663898,4.781194817787393,-89.84387130503193,92.68789194352064,0.01423438528860285,12.5323437916496,0.9981774074217783,6.417442361574791e-55,-1.4704445920856812e-132,1.0964514734974626,1.485589207443288e-6,0.0,10387.02860970866,23.56226403583869
562927.5624958313,1138.160003034398,-27.23333488879539,-73.91029514733735,413.9366944372724,4.7807459033412805,-89.84387134064536,92.68931958285327,0.014232733819110974,12.53235101272543,0.9981779825667688,5.924045956416974e-55,-1.2038984263462555e-132,1.0966580297441386,1.4853106795009451e-6,0.0,10387.02861030284,23.56115955649364
562928.1624958311,1135.2917574634776,-27.23333488887243,-73.91029514550284,413.9365006186141,4.780072726586757,-89.8438713940749,92.69146122263426,0.014230257400321722,12.5323618432552,0.9981788451979181,5.254157440704628e-55,-8.918701324555342e-133,1.096967883792732,1.4848930574307534e-6,0.0,10387.0286111939,23.559503219874845
562928.562495831,1133.379818111658,-27.233334888923803,-73.91029514428001,413.93637142284854,4.779624071970633,-89.84387142967903,92.69288910113711,0.014228606977855026,12.532369062883486,0.9981794202276144,4.8501986285617934e-55,-7.30201637482631e-133,1.0971744662760896,1.484614755884739e-6,0.0,10387.028611787802,23.558399250297832
562929.1624958309,1130.512245522812,-27.2333348890009,-73.91029514244637,413.93617765420146,4.7789512847810185,-89.84387148308524,92.69503110317802,0.014226132128834976,12.532379891240131,0.9981802826856783,4.301740297194888e-55,-5.409468248225588e-133,1.0974843596753647,1.4841974732122956e-6,0.0,10387.028612678447,23.55674367802196
562929.5624958308,1128.6007546968758,-27.233334889052323,-73.91029514122411,413.93604849176603,4.778502889755088,-89.84387151868239,92.69645922755402,0.014224482752369757,12.532387109419338,0.9981808575999582,3.971006793257715e-55,-4.428898814998224e-133,1.0976909683895875,1.4839193978005718e-6,0.0,10387.02861327207,23.555640217801695
562930.1624958307,1125.7338547017425,-27.233334889129488,-73.91029513939135,413.9358547730978,4.777830491771092,-89.84387157206295,92.698601589492,0.014222009471584638,12.532397935603365,0.9981817198849772,3.5219670886049215e-55,-3.2810098313298694e-133,1.0980009011309866,1.4835024541333887e-6,0.0,10387.028614162296,23.553985409253244
562930.5624958306,1123.8228121418506,-27.23333488918094,-73.91029513817006,413.9357256439706,4.777382356095887,-89.84387160764612,92.70002995000208,0.014220361140098274,12.532405152334649,0.9981822946839328,3.251185396663806e-55,-2.686264136727472e-133,1.0982075360704848,1.4832246045944847e-6,0.0,10387.028614755642,23.552882457979592
562931.1624958304,1120.9565843492746,-27.233334889258185,-73.91029513633815,413.9355319752486,4.776710346958685,-89.84387166100804,92.70217266967428,0.014217889426015349,12.532415976350528,0.998183156796263,2.8835427794897072e-55,-1.9900339588488023e-133,1.098517508145798,1.4828079995409056e-6,0.0,10387.02861564545,23.551228412544738
562931.5624958304,1119.0459897946566,-27.233334889309692,-73.91029513511702,413.93540287940795,4.776262470395021,-89.84387169657721,92.70360127403544,0.01421624213848631,12.532423191636381,0.9981837314800928,2.661845479949042e-55,-1.6293022969573278e-133,1.0987241693051124,1.482530375613808e-6,0.0,10387.028616238518,23.550125969808303
562932.1624958302,1116.1804338162765,-27.23333488938698,-73.91029513328598,413.9352092605995,4.7755908497457105,-89.84387174992283,92.70574435282049,0.014213771989573682,12.532434013482801,0.9981845934196296,2.3608451617987123e-55,-1.2070171565948218e-133,1.099034180705872,1.4821141087820902e-6,0.0,10387.028617127911,23.548472686871246
562932.5624958301,1114.2702870098874,-27.233334889438538,-73.91029513206544,413.93508019802385,4.7751432320545995,-89.84387178547567,92.70717319849588,0.014212125744982058,12.53244122732087,0.9981851679881462,2.1793347639897217e-55,-9.882222446316873e-134,1.0992408680791699,1.4818367102058279e-6,0.0,10387.028617720702,23.54737075226171
562933.16249583,1111.4054024582729,-27.233334889515906,-73.91029513023524,413.93488662909647,4.7744719995353035,-89.84387183880031,92.70931664105755,0.014209657159711649,12.532452046998769,0.9981860297549644,1.932896545746664e-55,-7.320932438545084e-134,1.0995509187968477,1.4814207812053034e-6,0.0,10387.028618609678,23.545718231209296
562933.5624958299,1109.4957031393424,-27.233334889567505,-73.91029512901527,413.93475759976405,4.774024640478429,-89.84387187433917,92.7107457261842,0.01420801195703931,12.532459259393537,0.9981866042085248,1.7842884004014614e-55,-5.993873614544272e-134,1.0997576323787293,1.4811436077199268e-6,0.0,10387.028619202192,23.544616804319315
562934.1624958297,1106.631489626132,-27.233334889644937,-73.91029512718593,413.93456408068533,4.773353795731418,-89.8438719276475,92.712889528966,0.01420554493388394,12.532470076903882,0.9981874658027015,1.5825218515020627e-55,-4.440371992801183e-134,1.1000677224049455,1.4807280161603273e-6,0.0,10387.028620090752,23.54296504453836
562934.5624958297,1104.722237537615,-27.233334889696582,-73.91029512596694,413.9344350845744,4.772906695070043,-89.84387196317705,92.71431884815132,0.014203900772112532,12.532477287851702,0.9981880401410151,1.4608517922133328e-55,-3.6354697642451793e-134,1.1002744621896337,1.4804510675053484e-6,0.0,10387.02862068299,23.541864124957375
562935.1624958295,1101.8586946763098,-27.233334889774074,-73.91029512413806,413.9342416153118,4.772236237738064,-89.84387201646206,92.71646301188966,0.014201435309547358,12.532488103193716,0.9981889015624883,1.2956593129582598e-55,-2.6932229739811073e-134,1.1005845915158476,1.4800358129969011e-6,0.0,10387.028621571135,23.54021312583503
562935.5624958294,1099.9498895583674,-27.23333488982576,-73.91029512291963,413.934112652401,4.7717893952346495,-89.84387205197996,92.71789257693463,0.014199792187662033,12.532495312699407,0.9981894757859392,1.1960442932503181e-55,-2.2050248731755736e-134,1.100791357497899,1.479759088913279e-6,0.0,10387.028622163092,23.539112713157152
562936.1624958293,1097.0870169615373,-27.233334889903322,-73.91029512109202,413.93391923292205,4.77111932496114,-89.84387210524399,92.72003709774916,0.014197328284164718,12.53250612587515,0.998190337034873,1.0607961297103656e-55,-1.6335230470192757e-134,1.1011015261157147,1.4793441710671102e-6,0.0,10387.028623050825,23.53746247408254
562936.5624958292,1095.178658556193,-27.233334889955056,-73.91029511987377,413.93379030318954,4.770672740377861,-89.84387214075024,92.72146689945227,0.014195686201150493,12.532513333938459,0.9981909111434409,9.792382492472239e-56,-1.3374157967539756e-134,1.1013083182895136,1.4790676712955286e-6,0.0,10387.028623642505,23.536362567899708
562937.162495829,1092.3164558364078,-27.23333489003269,-73.91029511804699,413.93359693346207,4.770003056806463,-89.8438721939886,92.7236117823596,0.014193223855199917,12.53252414494914,0.9981917722199316,8.68506417971267e-56,-9.907822601107281e-135,1.1016185261905784,1.4786530897231447e-6,0.0,10387.028624529823,23.534713088261846
562937.562495829,1090.4085438875481,-27.23333489008446,-73.9102951168293,413.93346803688627,4.769556729905943,-89.84387222948088,92.72504182985969,0.014191582810043861,12.53253135156858,0.9981923462134981,8.017324727856713e-56,-8.11184052917778e-135,1.1018253445503352,1.4783768140046952e-6,0.0,10387.02862512123,23.533613688166547
562938.1624958288,1087.5470106573775,-27.23333489016215,-73.91029511500341,413.9332747168779,4.768887432680963,-89.84387228270761,92.7271870752267,0.014189122020121491,12.532542160416952,0.9981932071177652,7.110729167754714e-56,-6.009400900350683e-135,1.1021355917263382,1.4779625683184078e-6,0.0,10387.02862600813,23.531964967356036
562938.5624958287,1085.639544907026,-27.23333489021397,-73.91029511378628,413.9331458534374,4.76844136322602,-89.84387231818589,92.72861735559968,0.014187482011811334,12.532549365593082,0.9981937809963747,6.564030341065124e-56,-4.920082216055645e-135,1.1023424362664962,1.477686516394623e-6,0.0,10387.028626599262,23.530866072941432
562939.1624958286,1082.7786807809025,-27.23333489029172,-73.91029511196123,413.93295258311565,4.767772451991663,-89.84387237138698,92.73076295733779,0.014185022776399245,12.532560172277195,0.9981946417282626,5.821772672131298e-56,-3.6448875434144e-135,1.1026527227089722,1.4772726062067046e-6,0.0,10387.028627485748,23.52921811034711
562939.5624958285,1080.871660972014,-27.233334890343578,-73.9102951107451,413.9328237527888,4.767326639745741,-89.84387240685359,92.73219347978025,0.014183383803925151,12.53256737601138,0.9981952154920238,5.374173528074363e-56,-2.984182063944084e-135,1.1028595934238963,1.4769967778197547e-6,0.0,10387.028628076601,23.52811972120784
562940.1624958284,1078.0114655634388,-27.2333348904214,-73.91029510892089,413.9326305321215,4.766658114147608,-89.84387246004071,92.73433944157259,0.014180926121510028,12.532578180535806,0.9981960760518968,4.766464345129442e-56,-2.210737047575274e-135,1.1031699191245201,1.4765832027440304e-6,0.0,10387.028628962675,23.52647251622312
562940.5624958283,1076.1048914371058,-27.2333348904733,-73.91029510770491,413.9325017348869,4.766212558874112,-89.84387249549103,92.73577020296636,0.014179288183862132,12.532585382830288,0.9981966497009883,4.400001159222048e-56,-1.8099987357334958e-135,1.1033768160088127,1.476307597636314e-6,0.0,10387.028629553253,23.525374631953646
562941.1624958281,1073.2453643633053,-27.233334890551195,-73.91029510588157,413.9323085638417,4.765544418557197,-89.84387254865715,92.73791652086169,0.01417683205293006,12.532596185189908,0.9981975100884386,3.902450960022277e-56,-1.3408804072302151e-135,1.1036871809589002,1.4758943572859605e-6,0.0,10387.028630438912,23.523728183967755
562941.562495828,1071.3392356624827,-27.23333489060315,-73.91029510466616,413.9321797996778,4.765099120020083,-89.84387258409346,92.73934752369667,0.014175195149100856,12.532603386046222,0.998198083622983,3.6024162785253995e-56,-1.0978202244895737e-135,1.1038941040069874,1.4756189752003758e-6,0.0,10387.028631029214,23.522630804163473
562942.1624958279,1068.4803765360266,-27.233334890681107,-73.91029510284368,413.93198667822253,4.764431364630674,-89.84387263724562,92.74149420671993,0.014172740568141618,12.532614186246546,0.9981989438384493,3.1950566274434634e-56,-8.132854463473446e-136,1.1042045081984022,1.475206069190299e-6,0.0,10387.028631914462,23.520985112570916
562942.5624958278,1066.5746930064633,-27.2333348907331,-73.91029510162883,413.9318579471079,4.763986322593854,-89.84387267266796,92.74292544885836,0.014171104697124315,12.532621385661296,0.9981995172581758,2.9494090056283734e-56,-6.658619265885459e-136,1.1044114574044377,1.4749309098696257e-6,0.0,10387.02863250449,23.519888236825675
562943.1624958277,1063.7165014445782,-27.233334890811115,-73.9102950998072,413.9316648752106,4.763318951778533,-89.84387272579212,92.74507248489256,0.01416865166462993,12.532632183701702,0.9982003773016088,2.6158911302532096e-56,-4.932827817259907e-136,1.104721900828579,1.4745183378148518e-6,0.0,10387.028633389325,23.518243301019847
562943.5624958276,1061.8112628273666,-27.23333489086315,-73.91029509859334,413.93153617712363,4.7628741660063865,-89.84387276120748,92.74650396074998,0.014167016825418776,12.532639381678408,0.9982009506067979,2.414771866965517e-56,-4.038658565307028e-136,1.1049288761872496,1.4742434010027677e-6,0.0,10387.028633979078,23.517146928930007
562944.1624958274,1058.9537384426221,-27.23333489094123,-73.91029509677256,413.9313431547519,4.762207179411716,-89.84387281431067,92.74865135878221,0.01416456533988104,12.532650177562042,0.998201810478448,2.1417105244900706e-56,-2.9919126653522927e-136,1.1052393588360687,1.4738311625188307e-6,0.0,10387.028634863498,23.515502748304723
562944.5624958273,1057.0489444863051,-27.233334890993312,-73.91029509555884,413.9312144896714,4.7617626496692536,-89.8438728497097,92.75008307880657,0.014162931531473777,12.532657374097054,0.9982023836688091,1.977047997873664e-56,-2.4495713534326585e-136,1.105446360341278,1.4735564479591802e-6,0.0,10387.028635452976,23.514406879466254
562945.1624958272,1054.1920868959278,-27.23333489107146,-73.91029509373891,413.9310215167932,4.761096046942584,-89.8438729027989,92.75223083650938,0.014160481591388198,12.532668167823568,0.9982032433686486,1.7534842783260377e-56,-1.8146875846292715e-136,1.105756882206264,1.4731445426621957e-6,0.0,10387.028636336987,23.51276345341605
562945.5624958271,1052.2877373388037,-27.233334891123587,-73.91029509252577,413.9308928846977,4.760651772994554,-89.8438729381863,92.75366279133986,0.01415884881278051,12.532675362923245,0.9982038164446878,1.6186700033109502e-56,-1.485740801934254e-136,1.1059639098530607,1.4728700500994486e-6,0.0,10387.028636926188,23.51166808742634
562946.162495827,1049.43154616002,-27.2333348912018,-73.91029509070668,413.930699961281,4.759985553783728,-89.84387299125919,92.7558109035191,0.014156400416644654,12.532686154492927,0.9982046759727399,1.4356315100373596e-56,-1.1006641563916983e-136,1.106274470925742,1.4724584776061723e-6,0.0,10387.028637809788,23.510025415346718
562946.5624958269,1047.5276407506317,-27.23333489125397,-73.91029508949411,413.93057136214907,4.7595415353955906,-89.84387302662792,92.75724309966718,0.01415476866683642,12.532693348153472,0.998205248934155,1.3252549166416846e-56,-9.01147756908125e-137,1.106481524708088,1.4721842067848397e-6,0.0,10387.028638398715,23.50893055180227
562947.1624958267,1044.672115597874,-27.23333489133226,-73.91029508767588,413.93037848816164,4.758875699348619,-89.84387307967518,92.75939157259174,0.0141523218131485,12.532704137569079,0.998206108290639,1.175395672540456e-56,-6.675868592625781e-137,1.1067921249803425,1.4717729667125735e-6,0.0,10387.028639281903,23.507288633089317
562947.5624958266,1042.7686540801078,-27.233334891384462,-73.91029508646427,413.93024992197206,4.758431936286099,-89.84387311503457,92.76082400127804,0.014150691091140019,12.532711329792566,0.9982066811375951,1.0850269607087843e-56,-5.465739910510179e-137,1.1069992048927362,1.4714989173778754e-6,0.0,10387.028639870558,23.506194271588395
562948.1624958265,1039.9137945733964,-27.233334891462807,-73.91029508464648,413.9300570973821,4.757766483051638,-89.84387316806786,92.76297283372394,0.014148245778401677,12.532722117051454,0.9982075403223006,9.623325883888397e-57,-4.0491208155730093e-137,1.1073098443558766,1.4710880093442996e-6,0.0,10387.028640753333,23.504553105638124
562948.5624958264,1038.010776689276,-27.233334891515057,-73.91029508343544,413.9299285641134,4.757322975080489,-89.8438732034086,92.76440550742895,0.014146616083193425,12.532729307841128,0.9982081130550562,8.883449445698224e-57,-3.3151403352368996e-137,1.1075169503930467,1.4708141812417371e-6,0.0,10387.028641341714,23.503459245779062
562949.1624958263,1035.156582443975,-27.23333489159347,-73.91029508161891,413.9297357888889,4.756657904307835,-89.8438732564209,92.76655469576106,0.014144172309908037,12.532740092947867,0.9982089720683471,7.878912882787471e-57,-2.455917031862656e-137,1.1078276290389344,1.4704036048656495e-6,0.0,10387.028642224079,23.501818831990356
562949.5624958262,1033.2540079420432,-27.23333489164576,-73.91029508040803,413.9296072885199,4.7562146511942025,-89.84387329175466,92.7679876035354,0.014142543640503127,12.532747282299733,0.9982095446865841,7.273153286691153e-57,-2.010735165275874e-137,1.1080347611949275,1.4701299977407407e-6,0.0,10387.028642812187,23.500725473370494
562950.162495826,1030.40047857631,-27.233334891724244,-73.91029507859234,413.9294145626288,4.7555499625326165,-89.84387334474599,92.77013714471546,0.014140101405175015,12.532758065253352,0.9982104035283831,6.450708306416768e-57,-1.48958965220195e-137,1.1083454790151628,1.4697197526408856e-6,0.0,10387.028643694142,23.499085811140443
562950.5624958259,1028.498347199522,-27.233334891776583,-73.91029507738202,413.9292860951381,4.755106964043059,-89.8438733800681,92.77157029873888,0.014138473760577265,12.532765253171258,0.9982109760324078,5.954754293932786e-57,-1.219573078672725e-137,1.1085526372846664,1.4694463662400611e-6,0.0,10387.028644281974,23.49799295335972
562951.1624958258,1025.645482333377,-27.233334891855126,-73.91029507556719,413.9290934185486,4.754442657142628,-89.84387343303379,92.7737202048105,0.014136033061714114,12.532776033970956,0.9982118347026512,5.281393292897098e-57,-9.034822036574463e-138,1.1088633942706876,1.4690364520359997e-6,0.0,10387.02864516352,23.49635404208709
562951.5624958257,1023.7437938284129,-27.233334891907504,-73.91029507435744,413.92896498391497,4.753999913043942,-89.84387346834657,92.7751535904392,0.01413440644092905,12.53278322045411,0.9982124070924007,4.875340488972797e-57,-7.397087990049661e-138,1.109070578648009,1.4687632861057606e-6,0.0,10387.02864575108,23.495261684744666
562952.1624958256,1020.8915930753574,-27.23333489198611,-73.91029507254345,413.9287723565952,4.753335987555055,-89.84387352129828,92.77730384452387,0.014131967277038965,12.532793999106842,0.998213265591642,4.324039127069518e-57,-5.479899052192453e-138,1.109381374792011,1.4683537024179904e-6,0.0,10387.028646632216,23.4936235238304
562952.5624958255,1018.9903471870348,-27.23333489203853,-73.91029507133467,413.92864395479734,4.752893497614283,-89.84387355659474,92.77873747055985,0.014130341679072947,12.53280118415679,0.9982138378672395,3.991591207656603e-57,-4.486562690616783e-138,1.1095885852716885,1.4680807567053246e-6,0.0,10387.028647219502,23.49253166652633
562953.1624958253,1016.1388101698831,-27.233334892117206,-73.91029506952151,413.9284513767153,4.752229953187762,-89.84387360952311,92.78088808524534,0.014127904048667428,12.532811960658423,0.9982146961951499,3.5402238264614725e-57,-3.323728292672083e-138,1.1098994205648927,1.4676715031542536e-6,0.0,10387.02864810023,23.490894255369426
562953.5624958252,1014.2380066448823,-27.233334892169665,-73.9102950683129,413.9283230077322,4.751787717172419,-89.84387364480328,92.78232195287784,0.01412627947252891,12.532819144275665,0.998215268356635,3.2680384898406216e-57,-2.7212390610888704e-138,1.1101066571412914,1.467398777406574e-6,0.0,10387.028648687243,23.489802897704415
562954.1624958251,1011.3871329817921,-27.23333489224841,-73.9102950665006,413.9281304788563,4.751124553459305,-89.84387369771768,92.78447291827398,0.014123843374119954,12.53282991862705,0.9982161265132824,2.898490132289687e-57,-2.0159440271238236e-138,1.1104175315754676,1.4669898536133332e-6,0.0,10387.028649567557,23.48816623570519
562954.562495825,1009.486771565862,-27.233334892300917,-73.91029506529253,413.9280021426665,4.750682571136649,-89.84387373298851,92.78590702125959,0.014122219818816869,12.532837100810617,0.9982166985605779,2.675643625678259e-57,-1.650515670511634e-138,1.110624794243082,1.4667173475780036e-6,0.0,10387.0286501543,23.4870753772787
562955.1624958249,1006.6365608768538,-27.233334892379716,-73.91029506348107,413.92780966296476,4.750019787789248,-89.84387378588195,92.788058352914,0.014119785250921111,12.53284787301515,0.9982175565462326,2.3730830192671483e-57,-1.2227324145166444e-138,1.1109357078098434,1.4663087531649458e-6,0.0,10387.028651034208,23.485439463840795
562955.5624958248,1004.7366413157433,-27.233334892432275,-73.91029506227359,413.92768135954736,4.749578058927728,-89.8438738211388,92.78949268844823,0.01411816271546533,12.53285505376908,0.9982181284796602,2.1906317302835185e-57,-1.0010888119158528e-138,1.1111429965631954,1.466036466590555e-6,0.0,10387.028651620676,23.484349104256136
562956.1624958246,1001.8870932199061,-27.233334892511138,-73.91029506046296,413.92748892898817,4.748915655597481,-89.84387387400658,92.79164437325345,0.014115729676597284,12.532865823824825,0.998218986294168,1.9429160560520569e-57,-7.41625033926536e-139,1.1114539492542956,1.46562820117948e-6,0.0,10387.028652500176,23.482713938779398
562956.5624958245,999.9876152621582,-27.23333489256374,-73.91029505925644,413.9273606583218,4.748474179964923,-89.84387390925176,92.79307894545514,0.014114108159999667,12.532873003145212,0.9982195581134168,1.7935375741634798e-57,-6.071913325321135e-139,1.1116612640876333,1.4653561338139607e-6,0.0,10387.028653086372,23.48162407763622
562957.1624958244,997.138729378581,-27.233334892642674,-73.91029505744666,413.9271682768735,4.747812156305043,-89.84387396211024,92.7952309885671,0.014111676648679695,12.532883771057698,0.998220415757218,1.5907251327560575e-57,-4.498185248192326e-139,1.1119722558948695,1.4649481970284916e-6,0.0,10387.028653965463,23.479989659526233
562957.5624958243,995.2396927699447,-27.233334892695314,-73.91029505624029,413.92704003893704,4.747370933670237,-89.84387399734145,92.7966658006657,0.014110056149953911,12.53289094894792,0.9982209874625567,1.4684243752462647e-57,-3.6828032629448e-139,1.1121795968027735,1.4646763486209932e-6,0.0,10387.028654551388,23.478900296428005
562958.1624958242,992.3914687233046,-27.23333489277431,-73.91029505443136,413.92684770656774,4.746709289333441,-89.84387405017426,92.79881819764454,0.014107626164702397,12.532901714711326,0.998221844935188,1.3023755916266815e-57,-2.728288501795555e-139,1.1124906277173763,1.4642687400840725e-6,0.0,10387.028655430071,23.477266625086067
562958.5624958241,990.492873207666,-27.233334892826996,-73.91029505322554,413.92671950134024,4.746268319465093,-89.84387408539382,92.8002532456567,0.014106006682861952,12.53290889117531,0.9982224165269296,1.202244199886966e-57,-2.2337341043713823e-139,1.1126979946946567,1.463997110383919e-6,0.0,10387.028656015724,23.476177759635917
562959.1624958239,987.6453106123954,-27.233334892906054,-73.91029505141746,413.9265272180184,4.745607054104646,-89.843874138208,92.80240600038877,0.014103578222199837,12.532919654797443,0.9982232738290122,1.0662949536267014e-57,-1.6547913743706213e-139,1.113009064709017,1.4635898297199159e-6,0.0,10387.028656894,23.474544834467476
562959.5624958238,985.7471559438854,-27.233334892958787,-73.91029505021221,413.92639904547866,4.7451663367719465,-89.84387417341357,92.80384128302744,0.01410195975626173,12.532926829827856,0.9982238453065727,9.84314303499252e-58,-1.354828833577746e-139,1.1132164577493953,1.4633184184762652e-6,0.0,10387.02865747938,23.47345646626683
562960.1624958237,982.9002544246614,-27.23333489303791,-73.91029504840496,413.9262068111726,4.744505450041755,-89.8438742262091,92.80599438792035,0.014099532818714105,12.532937591305451,0.9982247024378472,8.730084742371919e-58,-1.003682158572762e-139,1.1135275668548301,1.4629114653095895e-6,0.0,10387.02865835725,23.471824286675933
562960.5624958236,981.002540346235,-27.233334893090685,-73.91029504720066,413.9260786712996,4.744064985014119,-89.84387426139601,92.80742991120285,0.014097915367694575,12.532944764908638,0.9982252738017316,8.058883945244321e-58,-8.217455984136482e-140,1.113734985953276,1.4626402722727302e-6,0.0,10387.028658942361,23.470736415329704
562961.1624958235,978.1562995258719,-27.23333489316987,-73.91029504539385,413.92588648597786,4.743404476568965,-89.84387431417522,92.80958337732476,0.014095489951789417,12.532955524243448,0.9982261307623373,7.147588887087319e-58,-6.087642775032124e-140,1.1140461341413446,1.4622336462289124e-6,0.0,10387.028659819824,23.469104980723337
562961.5624958234,976.2590257879347,-27.233334893222686,-73.91029504419012,413.92575837875046,4.74296426361606,-89.84387434935515,92.81101913630387,0.014093873514707062,12.532962696416702,0.9982267020123303,6.598056150564313e-58,-4.984141256641297e-140,1.1142535792920432,1.4619626711489545e-6,0.0,10387.028660404663,23.468017605834685
562962.1624958232,973.4134452864528,-27.233334893301933,-73.91029504238456,413.92556624238154,4.742304133110329,-89.84387440211573,92.81317295564915,0.014091449618971299,12.53297345360996,0.9982275588023656,5.851950858031851e-58,-3.692343660775972e-140,1.1145647665546534,1.4615563718535417e-6,0.0,10387.028661281718,23.46638691561835
562962.5624958231,971.5166116338223,-27.23333489335479,-73.91029504118099,413.9254381677788,4.741864172002265,-89.843874437284,92.81460895592787,0.014089834194845502,12.532980624358514,0.998228129938884,5.402031504832613e-58,-3.0230358536887646e-140,1.1147722377524274,1.4612856144815224e-6,0.0,10387.028661866289,23.46530003679312
562963.162495823,968.6716910731047,-27.233334893434115,-73.91029503937624,413.92524608033114,4.741204419091364,-89.84387449002361,92.81676312394097,0.01408741181780998,12.532991379412723,0.998228986558548,4.791172154107324e-58,-2.239520650782694e-140,1.115083464081327,1.4608796415610532e-6,0.0,10387.028662742936,23.463670090374737
562963.5624958229,966.7752972580492,-27.233334893487015,-73.91029503817323,413.925118038332,4.740764709598174,-89.84387452517089,92.81819935722415,0.014085797405661502,12.532998548731012,0.9982295575811484,4.422809341613174e-58,-1.8335647611332265e-140,1.1152909613202133,1.4606091016475255e-6,0.0,10387.028663327235,23.4625837072158
562964.1624958228,963.931036262773,-27.233334893566393,-73.91029503636935,413.9249259997741,4.740105333937687,-89.84387457789417,92.82035388864038,0.01408337654585863,12.533009301644295,0.9982304140302917,3.9226800031628826e-58,-1.3583385529796833e-140,1.115602226706886,1.46020345472868e-6,0.0,10387.028664203479,23.460954504002306
562964.5624958227,962.0350820291787,-27.233334893619332,-73.91029503516688,413.9247979903577,4.739665875830039,-89.84387461303447,92.82179035715934,0.01408176314470914,12.533016469539202,0.9982309849395224,3.6210900389532025e-58,-1.1121137478959176e-140,1.1158097499818684,1.459933132025507e-6,0.0,10387.028664787505,23.45986861611675
562965.1624958225,959.1914802202955,-27.233334893698785,-73.91029503336382,413.92460600065795,4.7390068770756555,-89.8438746657321,92.82394523578978,0.014079343800671622,12.533027220312965,0.998231841218257,3.211618767241079e-58,-8.23874351802069e-141,1.1161210544182467,1.4595278107355103e-6,0.0,10387.028665663345,23.458240155515725
562965.5624958224,957.2959653176367,-27.23333489375177,-73.91029503216234,413.92447802380326,4.738567670124233,-89.8438747008631,92.82538194062838,0.014077731409544124,12.53303438678329,0.9982324120140226,2.964697787633671e-58,-6.745313906963979e-141,1.1163286037237214,1.4592577049942837e-6,0.0,10387.0286662471,23.457154762508523
562966.1624958223,954.4530223226175,-27.233334893831284,-73.9102950303601,413.92428608293045,4.737909047932918,-89.84387475354208,92.82753718265279,0.014075313579810084,12.533045135415865,0.9982332681222157,2.6294510635021123e-58,-4.997052804459654e-141,1.1166399472010713,1.4588527089612544e-6,0.0,10387.028667122533,23.455527043929585
562966.5624958222,952.5579465031624,-27.23333489388431,-73.91029502915877,413.9241581386165,4.737470091909322,-89.84387478866142,92.8289741276009,0.014073702197731158,12.53305230046063,0.9982338388044382,2.4272892630255783e-58,-4.091241546969882e-141,1.1168475225311596,1.4585828199343364e-6,0.0,10387.028667706021,23.454442145407775
562967.1624958221,949.7156619410962,-27.23333489396388,-73.91029502735739,413.9239662465392,4.736811845937939,-89.84387484131707,92.83112972008266,0.014071285880837637,12.533063046958167,0.9982346947425793,2.1528124588996063e-58,-3.0308671068518846e-141,1.117158905041699,1.458178148787073e-6,0.0,10387.028668581052,23.452815168261733
562967.562495822,947.821024951525,-27.233334894016956,-73.9102950261566,413.92383833474526,4.736373140613172,-89.8438748764201,92.83256689374979,0.014069675506831563,12.533070210578888,0.9982352653113793,1.9872963750217027e-58,-2.481464558435397e-141,1.1173665063911633,1.4579084762267927e-6,0.0,10387.028669164267,23.451730763831186
562968.1624958218,944.9793984470889,-27.233334894096593,-73.91029502435606,413.9236464914321,4.735715270518775,-89.8438749290688,92.8347228371776,0.014067260701317655,12.533080954939896,0.9982361210793501,1.7625737734858766e-58,-1.83831465843196e-141,1.1176779279265456,1.4575041295940522e-6,0.0,10387.028670038892,23.45010452752714
562968.5624958217,943.0852000378072,-27.23333489414971,-73.91029502315583,413.9235186121371,4.73527681566477,-89.84387496415548,92.8361602534213,0.014065651334412458,12.533088117137156,0.9982366915347742,1.6270606648882056e-58,-1.5050850173663212e-141,1.1178855552897664,1.4572346732534482e-6,0.0,10387.02867062184,23.44902061679556
562969.1624958216,940.2442312147468,-27.233334894229408,-73.9102950213561,413.92332681755687,4.73461932110544,-89.8438750167762,92.83831655041112,0.014063238038820734,12.533098859364872,0.9982375471328322,1.4430733592875021e-58,-1.1149947075429333e-141,1.118197015841789,1.4568306507651795e-6,0.0,10387.02867149606,23.447395120745863
562969.5624958215,938.3504711352289,-27.23333489428257,-73.91029502015685,413.9231989707399,4.734181116494112,-89.84387505185124,92.839754207072,0.014061629678044621,12.53310602013908,0.9982381174749129,1.3321246093439582e-58,-9.128806219698238e-142,1.1184046692132765,1.4565614103974591e-6,0.0,10387.028672078737,23.4463117033206
562970.1624958214,935.5101596210152,-27.233334894362336,-73.91029501835796,413.9230072248612,4.733523997127982,-89.84387510446031,92.841910854807,0.01405921789091898,12.53311676023058,0.9982389729028255,1.181488543408196e-58,-6.762787818431386e-142,1.1187161687733698,1.4561577116835716e-6,0.0,10387.028672952552,23.44468694693591
562970.5624958213,933.6168376216665,-27.23333489441553,-73.91029501715886,413.92287941050154,4.733086042531359,-89.84387513952369,92.84334873979303,0.01405761053530104,12.533123919580392,0.9982395431314557,1.0906513894131425e-58,-5.536903366603536e-142,1.118923848147561,1.4558886870421012e-6,0.0,10387.028673534962,23.443604022423926
562971.1624958211,930.7771830372512,-27.23333489449536,-73.91029501536082,413.92268771329316,4.732429298016896,-89.84387519210945,92.84550574354294,0.014055200255185895,12.533134657540694,0.9982403983896225,9.67321009164797e-59,-4.10184001482024e-142,1.1192353867079115,1.4554853117334544e-6,0.0,10387.028674408373,23.441980005117184
562971.562495821,928.884298867546,-27.233334894548605,-73.91029501416224,413.9225599313699,4.731991593208015,-89.84387522715885,92.84694386907086,0.014053593903758429,12.53314181547001,0.9982409685051129,8.929498373388885e-59,-3.3583031727580006e-142,1.1194430920793739,1.455216502572714e-6,0.0,10387.028674990514,23.44089757312891
562972.1624958209,926.0453008413315,-27.233334894628502,-73.91029501236504,413.9223682828005,4.7313352232044,-89.84387527972595,92.84910122457099,0.014051185129202103,12.533152551296919,0.9982418235933588,7.91975461795333e-59,-2.4878928570441306e-142,1.1197546696313936,1.4548134503004732e-6,0.0,10387.028675863523,23.43927429431276
562972.5624958208,924.152854250744,-27.233334894681796,-73.91029501116704,413.92224053329295,4.730897767955551,-89.8438753147637,92.85053958268693,0.014049579780995582,12.533159707804469,0.9982423935956082,7.310854960104076e-59,-2.0369147614499113e-142,1.1199624009947227,1.4545448563743721e-6,0.0,10387.028676445396,23.438192354455307
562973.1624958207,921.3145124064758,-27.233334894761757,-73.91029500937063,413.9220489333314,4.730241772121885,-89.84387536731218,92.85269729042528,0.014047172510545965,12.533170441499243,0.9982432485140338,6.48414669115363e-59,-1.5089839793282286e-142,1.1202740175303763,1.4541421267701367e-6,0.0,10387.028677318003,23.4365698135426
562973.5624958206,919.4225031472743,-27.23333489481509,-73.91029500817359,413.92192121621866,4.729804566206621,-89.84387540233593,92.85413588518604,0.014045568164595448,12.533177596585771,0.9982438184031016,5.985621813534616e-59,-1.2354518136029905e-142,1.1204817748798874,1.4538737478336673e-6,0.0,10387.028677899609,23.435488365426416
562974.1624958204,916.5848171114922,-27.233334894895115,-73.91029500637764,413.92172966483383,4.72914894420317,-89.84387545486341,92.85629394921003,0.014043162396804927,12.533188328150601,0.9982446731518809,5.3087703269351905e-59,-9.152454630118607e-143,1.1207934303908762,1.453471340530092e-6,0.0,10387.028678771812,23.433866561832737
562974.5624958203,914.693244934082,-27.233334894948484,-73.91029500518115,413.9216019800952,4.728711987394644,-89.84387548987318,92.85773277723537,0.01404155905214436,12.533195481815815,0.9982452429277439,4.900612676653537e-59,-7.493397429396814e-143,1.1210012137211185,1.4532031763381288e-6,0.0,10387.028679353149,23.43278560506678
562975.1624958202,911.8562143323943,-27.23333489502858,-73.91029500338642,413.9214104772559,4.7280567388818815,-89.84387554238668,92.85989119332643,0.014039154785566346,12.53320621125324,0.9982460975070796,4.346453546863445e-59,-5.5512468590734285e-143,1.1213129081992832,1.452801090968296e-6,0.0,10387.028680224952,23.431164538207902
562975.5624958201,909.9650789881125,-27.23333489508199,-73.91029500219008,413.92128282487073,4.727620030953953,-89.84387557738715,92.86133025386887,0.01403755244123231,12.533213363498248,0.9982466671698256,4.01228232499966e-59,-4.544977344857802e-143,1.1215207175047328,1.4525331412764183e-6,0.0,10387.02868080602,23.430084072402952
562976.16249582,907.1287034489214,-27.233334895162134,-73.91029500039619,413.92109137054604,4.726965155592367,-89.84387562987266,92.86348902429079,0.014035149674421292,12.533224090805703,0.9982475215795131,3.5585752013401147e-59,-3.3670029446486595e-143,1.1218324509416553,1.4521313774734061e-6,0.0,10387.02868167742,23.42846374169312
562976.5624958199,905.2380046863109,-27.233334895215595,-73.91029499920039,413.92096375049346,4.726528696318921,-89.84387566486146,92.86492832264213,0.014033548329450364,12.533231241633898,0.9982480911294128,3.284978943999658e-59,-2.7566693559096953e-143,1.1220402862171186,1.4518636420375283e-6,0.0,10387.02868225822,23.427383766460288
562977.1624958197,902.4022838389501,-27.233334895295815,-73.91029499740733,413.92077234465216,4.725874193769857,-89.84387571733535,92.86708744481149,0.014031147060964083,12.533241966810365,0.9982489453693713,2.9135149673303736e-59,-2.0421914422240237e-143,1.1223520586043179,1.4514621994353137e-6,0.0,10387.028683129218,23.425764171315834
562977.5624958196,900.512021410279,-27.233334895349316,-73.91029499621209,413.92064475691154,4.725437982925288,-89.84387575230782,92.86852697832323,0.014029546714395344,12.533249116222112,0.9982495148064535,2.6895132965305533e-59,-1.6720052403362046e-143,1.1225599198442244,1.4511946780116752e-6,0.0,10387.02868370975,23.424684686266538
562978.1624958195,897.6769548775628,-27.233334895429593,-73.91029499441984,413.92045339952267,4.72478385285015,-89.84387580476073,92.87068645194468,0.01402714694279124,12.533259839273036,0.9982503688771165,2.3853843138291475e-59,-1.238652283723567e-143,1.1228717311739753,1.4507935562449264e-6,0.0,10387.028684580346,23.423065826105073
562978.5624958194,895.7871285378933,-27.233334895483132,-73.91029499322558,413.9203258440734,4.724347890208889,-89.84387583972155,92.8721262181814,0.014025547593664697,12.53326698726422,0.9982509382010536,2.2019872563954545e-59,-1.014122900781906e-143,1.1230796183724732,1.4505262485897163e-6,0.0,10387.028685160609,23.42198683084951
562979.1624958193,892.9527159482241,-27.233334895563484,-73.91029499143416,413.9201345351059,4.723694132270112,-89.84387589215581,92.87428604375691,0.01402314931750474,12.53327770819186,0.9982517921026011,1.9529875042570655e-59,-7.512809270725085e-144,1.1233914686364803,1.4501254472938313e-6,0.0,10387.028686030804,23.420368705090066
562979.5624958192,891.063325448893,-27.233334895617062,-73.91029499024003,413.9200070119272,4.723258417606931,-89.84387592710497,92.87572604396885,0.014021550964861195,12.533284854763542,0.9982523613134774,1.802834692649715e-59,-6.150969106313981e-144,1.123599381788155,1.4498583531639355e-6,0.0,10387.028686610802,23.419290199240237
562980.162495819,888.2295664325356,-27.23333489569746,-73.91029498844945,413.91981575135026,4.722605031466647,-89.84387597952058,92.8778862219567,0.014019154182707317,12.533295573564448,0.9982532150456346,1.5989709371659053e-59,-4.5567512271175173e-144,1.1239112709779606,1.4494578719740733e-6,0.0,10387.028687480597,23.417672807299372
562980.562495819,886.3406115202233,-27.233334895751096,-73.91029498725588,413.9196882604216,4.722169564556627,-89.84387601445576,92.8793264598452,0.014017556825588123,12.533302718723833,0.9982537841440242,1.4760362120995338e-59,-3.730753039661961e-144,1.1241192100779385,1.4491909911271107e-6,0.0,10387.028688060327,23.416594790469222
562981.1624958188,883.5075057046488,-27.233334895831554,-73.91029498546611,413.9194970482043,4.721516549877759,-89.84387606685506,92.88148698908715,0.014015161536004721,12.533313435400352,0.9982546377069779,1.3091266853106713e-59,-2.763810579718471e-144,1.124431138185432,1.4487908296795331e-6,0.0,10387.02868892972,23.41497813176643
562981.5624958187,881.61898613628,-27.23333489588523,-73.91029498427311,413.9193695895049,4.721081330496641,-89.8438761017716,92.88292746109211,0.014013565173455204,12.533320579144341,0.998255206692634,1.2084762448336416e-59,-2.262817127249034e-144,1.1246391032277383,1.4485241618731146e-6,0.0,10387.028689509183,23.41390060356887
562982.1624958186,878.7865331517532,-27.233334895965758,-73.91029498248417,413.9191784256162,4.720428686942315,-89.84387615415692,92.88508834008147,0.014011171375008295,12.533331293694658,0.9982560600862398,1.0718222816670777e-59,-1.6763366134858674e-144,1.1249510702445435,1.4481243198042467e-6,0.0,10387.028690378178,23.412284677522795
562982.5624958185,876.8984486786649,-27.23333489601947,-73.9102949812921,413.9190509991257,4.719993714865377,-89.8438761890688,92.88652904202198,0.014009576006071896,12.5333384360234,0.998256628959174,9.894166703741678e-60,-1.3724685866195848e-144,1.1251590612238498,1.4478578647960746e-6,0.0,10387.028690957375,23.411207637570094
562983.1624958183,874.0666481489316,-27.233334896100068,-73.910294979504,413.91885988353476,4.719341442099292,-89.84387624142379,92.88869027698881,0.01400718369732871,12.53334914845491,0.9982574821840209,8.775338677061612e-60,-1.0167500125857075e-144,1.125471067142349,1.4474583417435027e-6,0.0,10387.02869182597,23.409592443602563
562983.5624958182,872.1789985252544,-27.23333489615382,-73.91029497831205,413.9187324892324,4.718906717102592,-89.84387627632168,92.8901312097592,0.014005589321051996,12.533356289367996,0.998258050944201,8.100658592168404e-60,-8.324446543091123e-145,1.1256790840530428,1.447192099291911e-6,0.0,10387.0286924049,23.408515891508547
562984.1624958181,869.3478500843048,-27.233334896234474,-73.91029497652478,413.91854142190834,4.71825481478895,-89.84387632866037,92.89229279673829,0.014003198500583467,12.533366999676417,0.9982589039999478,7.184639675278996e-60,-6.166903352085925e-145,1.1259911288645337,1.4467928948931333e-6,0.0,10387.028693273096,23.406901429039525
562984.562495818,867.4606350604445,-27.233334896288273,-73.91029497533339,413.9184140597737,4.717820336648531,-89.84387636354427,92.89373397003513,0.01400160511601275,12.533374139176766,0.998259472647606,6.632258338850911e-60,-5.049034340338534e-145,1.1261991717014435,1.4465268647568244e-6,0.0,10387.028693851758,23.405825364418494
562985.1624958179,864.6301383376122,-27.233334896369,-73.91029497354695,413.9182230406858,4.717168804451958,-89.84387641586898,92.89589590255598,0.013999215782390889,12.533384847363964,0.9982603255344014,5.882285477883972e-60,-3.7404176526393495e-145,1.1265112553977772,1.4461279786502323e-6,0.0,10387.028694719556,23.40421163287005
562985.5624958178,862.7433576704934,-27.233334896422832,-73.91029497235613,413.91809571069837,4.716734572944617,-89.84387645073657,92.89733730858202,0.013997623388576134,12.53339198544926,0.9982608940693533,5.430033888328942e-60,-3.0623955163812644e-145,1.1267193241550377,1.4458621605882531e-6,0.0,10387.028695297953,23.403136055336702
562986.1624958176,859.9135122932494,-27.23333489650361,-73.91029497057049,413.9179047398157,4.716083410529927,-89.84387650303796,92.89949959227638,0.013995235540373756,12.533402691518594,0.9982617467874648,4.8160080403727447e-60,-2.2686790139890502e-145,1.127031446728314,1.4454635924127162e-6,0.0,10387.028696165351,23.401523054131346
562986.5624958175,858.0271657351404,-27.233334896557498,-73.9102949693802,413.9177774419549,4.715649425432384,-89.84387653789857,92.90094123272557,0.01399364413636433,12.533409828190663,0.9982623152098559,4.445735754242238e-60,-1.8574376141246976e-145,1.1272395414006031,1.4451979861844906e-6,0.0,10387.028696743484,23.400447963300905
562987.1624958174,855.1979713346809,-27.233334896638347,-73.91029496759539,413.9175865192469,4.714998632464881,-89.84387659018364,92.90310387008981,0.01399125777215688,12.533420532141683,0.9982631677592477,3.943013907118029e-60,-1.376024002261491e-145,1.127551702842549,1.4447997355792351e-6,0.0,10387.028697610482,23.398835691861084
562987.5624958173,853.31205863785,-27.233334896692266,-73.91029496640607,413.9174592534923,4.714564893554083,-89.84387662503026,92.90454574388798,0.013989667357003188,12.53342766740233,0.9982637360692217,3.639860598113177e-60,-1.1265933717281862e-145,1.1277598234245716,1.444534340944508e-6,0.0,10387.02869818835,23.397761087349064
562988.1624958172,850.4835148490965,-27.233334896773183,-73.91029496462208,413.9172683789283,4.713914469699858,-89.84387667729203,92.90670872571756,0.013987282475369595,12.533438369232446,0.9982645884496876,3.2282667598127325e-60,-8.34601123880661e-146,1.1280720237265474,1.444136407549396e-6,0.0,10387.02869905495,23.396149545098304
562988.5624958171,848.5980357676744,-27.23333489682714,-73.91029496343289,413.91714114525945,4.713480976753141,-89.84387671213166,92.90815083375705,0.013985693048123877,12.533445503082076,0.9982651566472767,2.980065821738205e-60,-6.833137304694828e-146,1.1282801702128313,1.4438712242682548e-6,0.0,10387.028699632552,23.39507542652062
562989.1624958169,845.7701422153041,-27.233334896908126,-73.91029496164971,413.9169503188086,4.712830921678336,-89.84387676437477,92.91031416802149,0.013983309647642137,12.53345620279971,0.9982660088594875,2.643081287057666e-60,-5.062113995381404e-146,1.1285924093673672,1.4434736077240896e-6,0.0,10387.028700498755,23.393464612884756
562989.5624958168,843.8850965062156,-27.233334896962127,-73.91029496046109,413.91682311720496,4.7123976744731975,-89.84387679920042,92.91175651045012,0.013981721207357927,12.533463335234945,0.9982665769444227,2.4398715452168163e-60,-4.14450915445981e-146,1.1288005817521576,1.443208635556685e-6,0.0,10387.028701076091,23.392390979856582
562990.1624958167,841.0578528251499,-27.233334897043164,-73.91029495867875,413.9166323388367,4.711747987844125,-89.84387685142255,92.91392019595912,0.013979339286608744,12.533474032835063,0.9982674289879772,2.1639719421450945e-60,-3.070328731776352e-146,1.1291128597506945,1.4428113355038731e-6,0.0,10387.0287019419,23.390780894258356
562990.5624958166,839.173240239732,-27.233334897097222,-73.91029495749066,413.9165051692779,4.711314986158592,-89.84387688623654,92.91536276452187,0.01397775183234062,12.533481163861028,0.9982679969606668,1.997597876441018e-60,-2.5137730101807613e-146,1.1293210580288842,1.4425465742113548e-6,0.0,10387.02870251897,23.38970774639791
562991.1624958165,836.3466460611671,-27.23333489717832,-73.91029495570912,413.9163144389616,4.710665667642478,-89.8438769384377,92.9175267968795,0.013975371389907369,12.533491859346261,0.9982688488357748,1.7717103856477207e-60,-1.8622493546712624e-146,1.1296333748633176,1.4421495902915793e-6,0.0,10387.028703384378,23.388098388263746
562991.5624958164,834.4624663535506,-27.233334897232417,-73.91029495452199,413.9161873014273,4.710232911254739,-89.84387697323304,92.91896960565269,0.013973784920711206,12.53349898896429,0.998269416696325,1.635494820940281e-60,-1.5246810927932103e-146,1.1298415990295152,1.4418850396351593e-6,0.0,10387.028703961185,23.38702572518851
562992.1624958162,831.6365213096142,-27.23333489731358,-73.91029495274128,413.91599661913233,4.709583960518869,-89.84387702542254,92.92113399066176,0.013971405955178144,12.533509682334607,0.9982702684029839,1.4505537846763486e-60,-1.1295118412180974e-146,1.1301539546916755,1.44148837149026e-6,0.0,10387.028704826196,23.38541709394398
562992.5624958161,829.7527742357925,-27.23333489736772,-73.91029495155428,413.9158695136021,4.709151449207231,-89.8438770602109,92.92257702984101,0.01396982047011085,12.533516810543212,0.9982708361512761,1.3390299123105126e-60,-9.247662479095258e-147,1.1303622047403137,1.4412240312312426e-6,0.0,10387.02870540274,23.38434491527082
562993.162495816,826.9274779604748,-27.233334897448938,-73.9102949497744,413.915678879298,4.708502865919784,-89.84387711237943,92.92474176498332,0.013967442980065727,12.533527501799298,0.9982716876895407,1.1876129977471671e-60,-6.850838724962848e-147,1.1306745992218692,1.440827678503921e-6,0.0,10387.028706267354,23.382737010343487
562993.5624958159,825.0441632736474,-27.23333489750312,-73.91029494858795,413.9155518057515,4.708070599463067,-89.84387714715145,92.9261850358861,0.013965858478185643,12.533534628601913,0.9982722553258483,1.0963049733361212e-60,-5.608993364677677e-147,1.1308828751477131,1.4405635484043902e-6,0.0,10387.028706843632,23.381665315691443
562994.1624958158,822.219515399076,-27.233334897584413,-73.91029494680889,413.91536121940766,4.707422383291979,-89.84387719930601,92.92835011552404,0.013963482462215751,12.533545317743675,0.9982731066957109,9.723352883000544e-61,-4.155245613435594e-147,1.1311953084405808,1.4401675107374276e-6,0.0,10387.028707707852,23.380058136507724
562994.5624958157,820.3366328570992,-27.23333489763863,-73.91029494562298,413.9152341778245,4.70699036146916,-89.84387723406405,92.92979362266765,0.013961898942582799,12.533552443137735,0.9982736742198299,8.975786003821577e-61,-3.4020279866524896e-147,1.1314036102379137,1.4399035905594008e-6,0.0,10387.028708283866,23.37898692549457
562995.1624958155,817.512633013539,-27.233334897719992,-73.91029494384473,413.9150436394106,4.706342512083238,-89.84387728619295,92.93195905130223,0.013959524399278273,12.533563130170172,0.9982745254216888,7.960808063459958e-61,-2.5202850046757415e-147,1.131716082334253,1.4395078675966767e-6,0.0,10387.02870914769,23.37738047148386
562995.5624958155,815.6301823724061,-27.233334897774256,-73.91029494265977,413.9149166297705,4.705910734673482,-89.84387732093934,92.93340278989864,0.013957941860953005,12.533570254155151,0.9982750928335772,7.348752066793608e-61,-2.0634352136788244e-147,1.131924409997586,1.4392441571025847e-6,0.0,10387.02870972344,23.376309743728065
562996.1624958153,812.8068301938474,-27.233334897855666,-73.91029494088234,413.91472613925595,4.705263251741776,-89.84387737305427,92.93556856706829,0.01395556878890584,12.533580939078249,0.9982759438674311,6.517758409657992e-61,-1.5286308188992098e-147,1.1322369208891903,1.4388487484881098e-6,0.0,10387.028710586868,23.3747040143188
562996.5624958152,810.9248112076893,-27.233334897909977,-73.91029493969751,413.91459916153855,4.7048317185244946,-89.84387740779133,92.93701254105407,0.013953987230949604,12.533588061656069,0.998276511167242,6.016649340370886e-61,-1.251537288274724e-147,1.1324452744132727,1.4385852474408568e-6,0.0,10387.028711162355,23.373633769439763
562997.1624958151,808.102106329985,-27.23333489799146,-73.9102949379209,413.91440871889296,4.7041846017166336,-89.84387745988528,92.93917867429158,0.013951615628754369,12.533598744468799,0.9982773620330092,5.336289274659905e-61,-9.271618789753142e-148,1.1327578240917657,1.4381901528192114e-6,0.0,10387.028712025387,23.37202876406122
562997.562495815,806.2205187547952,-27.2333348980458,-73.91029493673662,413.914281773078,4.70375331247188,-89.8438774946107,92.94062287317647,0.013950035050231093,12.533605865641311,0.9982779292208899,4.9260158671784054e-61,-7.590960809229715e-148,1.1329662034711643,1.4379268609822694e-6,0.0,10387.02871260061,23.37095900167967
562998.1624958148,803.398460811004,-27.233334898127346,-73.91029493496082,413.914091378271,4.703106561457531,-89.84387754668833,92.94278934991534,0.013947664916482567,12.533616546344527,0.9982787799186382,4.368984155757405e-61,-5.62352360816634e-148,1.1332787919285232,1.4375320799984348e-6,0.0,10387.028713463247,23.369354719761276
562998.5624958148,801.5173044037074,-27.233334898181727,-73.9102949337771,413.9139644643384,4.702675515965258,-89.84387758139742,92.94423378253587,0.01394608531645638,12.53362366611075,0.9982793469945107,4.033080698400418e-61,-4.604152552793355e-148,1.1334871971577325,1.4372689971352335e-6,0.0,10387.028714038206,23.368285439496777
562999.1624958146,798.6958930278197,-27.233334898263344,-73.9102949320021,413.91377411733947,4.702029130415036,-89.84387763345174,92.94640060796088,0.013943716649752856,12.533634344707433,0.9982801975244778,3.577021703808546e-61,-3.410841028813068e-148,1.1337998243858718,1.436874529435163e-6,0.0,10387.02871490045,23.36668188047044
562999.5624958145,796.815167545341,-27.233334898317764,-73.9102949308189,413.9136472352689,4.70159832845562,-89.8438776681515,92.94784527658376,0.013942138027289523,12.533641463067429,0.998280764488347,3.3020072119919755e-61,-2.7925609500735438e-148,1.1340082554594106,1.4366116553096303e-6,0.0,10387.028715475148,23.365613081943607
563000.1624958144,793.9944023722783,-27.23333489839944,-73.91029492904472,413.91345693604785,4.700952308040053,-89.84387772019184,92.95001244767495,0.013939770826229733,12.53365213955717,0.9982816148504999,2.928617686254632e-61,-2.0687805963755924e-148,1.1343209214501802,1.4362175005393017e-6,0.0,10387.028716336998,23.364010245239857
563000.5624958143,792.1141075687483,-27.233334898453904,-73.91029492786251,413.91333008581904,4.700521749394178,-89.84387775487296,92.95145734985246,0.013938193180395844,12.533659256514909,0.9982821817026821,2.7034548632690188e-61,-1.6937746024823484e-148,1.134529378362906,1.4359548349159579e-6,0.0,10387.02871691143,23.36294192807273
563001.1624958141,789.2939882334322,-27.23333489853564,-73.91029492608914,413.9131398343456,4.69987609378441,-89.84387780689465,92.953624870968,0.013935827443580889,12.53366993089885,0.9982830318971121,2.397749374322077e-61,-1.2547794282366454e-148,1.1348420831082013,1.435560992722081e-6,0.0,10387.028717772886,23.361339813123603
563001.562495814,787.4141238667071,-27.233334898590147,-73.91029492490703,413.9130130159384,4.699445778232766,-89.84387784156878,92.95507000035333,0.013934250773444007,12.53367704645257,0.9982835986374669,2.213401645880678e-61,-1.0273266923462077e-148,1.1350505658545846,1.435298535365301e-6,0.0,10387.028718347057,23.360271976936655
563002.1624958139,784.5946500059217,-27.233334898671938,-73.91029492313449,413.91282281218224,4.698800487100426,-89.84387789356482,92.95723787060845,0.013931886499477275,12.533687718730356,0.9982844486641458,1.963111159590955e-61,-7.610625391036072e-149,1.1353633093461313,1.4349050053950672e-6,0.0,10387.028719208118,23.358670583174685
563002.5624958138,782.7152158338577,-27.233334898726486,-73.91029492195294,413.9126960255765,4.698370414424427,-89.84387792823198,92.95868323427901,0.013930310804107487,12.533694832880988,0.998285015292747,1.8121800043901025e-61,-6.231054186668257e-149,1.1355718179206702,1.4346427560700016e-6,0.0,10387.028719782027,23.357603227590563
563003.1624958137,779.8963870815933,-27.233334898808344,-73.9102949201812,413.9125058695074,4.697725487441239,-89.84387798020937,92.96085144968171,0.013927947991592743,12.533705503054467,0.9982858651518218,1.607259485157886e-61,-4.61607972997141e-149,1.1358846001505483,1.434249537971054e-6,0.0,10387.028720642696,23.356002554448647
563003.5624958136,778.0173828601837,-27.233334898862946,-73.91029491900017,413.9123791146829,4.697295657421929,-89.84387801486253,92.96229704265818,0.013926373270059092,12.533712615802079,0.9982864316686754,1.4836875062522424e-61,-3.7793271182826117e-149,1.136093134547975,1.4339874964427572e-6,0.0,10387.028721216344,23.354935679088634
563004.1624958134,775.1991988532245,-27.233334898944864,-73.91029491722925,413.91218900627064,4.696651094260313,-89.84387806682595,92.96446560510199,0.013924011917603162,12.533723283871579,0.9982872813601722,1.3159127744800048e-61,-2.7997951519923826e-149,1.1364059555079908,1.4335945898633456e-6,0.0,10387.028722076619,23.35333572600069
563004.5624958134,773.3206243421882,-27.233334898999498,-73.91029491604917,413.9120622832073,4.696221506679765,-89.84387810146512,92.9659114248925,0.013922438168978707,12.533730395216,0.9982878477652641,1.214740594684944e-61,-2.292278808543572e-149,1.1366145157226517,1.4333327558976654e-6,0.0,10387.028722650004,23.352269330488312
563005.1624958132,770.5030847154558,-27.233334899081488,-73.91029491427905,413.9118722224216,4.695577307012606,-89.84387815340288,92.96808034050845,0.013920078275190036,12.533741061184887,0.9982886972894511,1.0773782615876495e-61,-1.6981623697319886e-149,1.1369273754048628,1.4329401604867656e-6,0.0,10387.028723509886,23.350670096889743
563005.5624958131,768.6249396679923,-27.23333489913616,-73.91029491309911,413.91174553109937,4.6951479616525456,-89.84387818803042,92.9695263932763,0.013918505498546122,12.533748171130897,0.9982892635831623,9.945454862680937e-62,-1.3903380077048446e-149,1.1371359614318552,1.4326785338497983e-6,0.0,10387.02872408301,23.349604180848583
563006.162495813,765.8080440610647,-27.233334899218217,-73.9102949113298,413.91155551791013,4.6945041251529895,-89.84387823995652,92.97169565067384,0.013916147062035221,12.533758834996469,0.9982901129398243,8.820827193506838e-62,-1.0299880089161644e-149,1.1374488598278416,1.4322862492564647e-6,0.0,10387.0287249425,23.348005666173652
563006.5624958129,763.9303282378241,-27.233334899272936,-73.9102949101504,413.9114288583088,4.694075021795798,-89.8438782745724,92.97314194097936,0.013914575256446692,12.533765943542035,0.9982906791219927,8.142649785345965e-62,-8.4328301097756e-150,1.1376574716614611,1.4320248297144953e-6,0.0,10387.028725515362,23.34694022922708
563007.1624958128,761.1140762865543,-27.233334899355036,-73.91029490838191,413.9112388926861,4.693431548137217,-89.84387832647519,92.97531154748161,0.013912218275824683,12.53377660530559,0.9982915283112331,7.221882522768888e-62,-6.247195894927979e-150,1.1379704087632565,1.4316328555884156e-6,0.0,10387.028726374458,23.34534243291118
563007.5624958127,759.2367894463241,-27.2333348994098,-73.91029490720305,413.9111122647857,4.693002686565569,-89.84387836107241,92.97675806759327,0.013910647440367314,12.533783712451406,0.998292094381914,6.66663782021548e-62,-5.114772326315808e-150,1.1381790463980364,1.431371642908242e-6,0.0,10387.02872694706,23.34427747468369
563008.1624958125,756.4211807856336,-27.233334899491965,-73.91029490543536,413.91092234669924,4.692359575422071,-89.8438784129659,92.9789280169033,0.013908291914247898,12.533794372117567,0.9982929434041009,5.91277734259065e-62,-3.78911756367657e-150,1.1384920221978192,1.430979978900009e-6,0.0,10387.028727805766,23.34268039616444
563008.5624958124,754.5443226881325,-27.233334899546772,-73.91029490425746,413.91079575047974,4.691930955418431,-89.84387844754913,92.98037476976653,0.013906722047997354,12.533801477860857,0.9982935093630734,5.458181427121155e-62,-3.1022676384431724e-150,1.1387006856282123,1.4307189728482808e-6,0.0,10387.028728378105,23.341615916278947
563009.1624958123,751.7293569585308,-27.233334899628996,-73.91029490249018,413.91060587989955,4.6912882064644155,-89.84387849942398,92.98254506775756,0.013904367974996524,12.533812135427224,0.9982943582180157,4.8409726678369235e-62,-2.2982170165367912e-150,1.1390137001175815,1.4303276186085304e-6,0.0,10387.02872923642,23.3400195549927
563009.5624958122,749.8529273578897,-27.233334899683847,-73.91029490131281,413.91047931534087,4.690859827811944,-89.84387853399788,92.98399204755768,0.013902799077029994,12.533819239774601,0.9982949240658062,4.468781009976539e-62,-1.88162128957635e-150,1.1392223893386897,1.4300668189530334e-6,0.0,10387.028729808499,23.338955553075788
563010.162495812,747.0386041970924,-27.23333489976613,-73.91029489954674,413.9102894922369,4.6902174407221935,-89.84387858584942,92.98616269236656,0.013900446455764973,12.533829895242496,0.9982957727536091,3.963453215452253e-62,-1.3939397145477726e-150,1.1395354425095958,1.4296757741331117e-6,0.0,10387.028730666423,23.33735990846034
563010.562495812,745.1626028539613,-27.233334899821017,-73.91029489836949,413.91016295931905,4.689789303204198,-89.84387862041167,92.98760990110743,0.01389887852516149,12.533836998192223,0.9982963384900797,3.658728457778628e-62,-1.1412615189976689e-150,1.1397441575158231,1.4294151806414212e-6,0.0,10387.02873123824,23.33629638413677
563011.1624958118,742.3489219006151,-27.233334899903376,-73.91029489660423,413.9099731836613,4.689147277653513,-89.84387867224689,92.98978088941806,0.013896527354250243,12.533847651560139,0.9982971870106233,3.2450010501914254e-62,-8.454675575945202e-151,1.1400572493601502,1.42902444489279e-6,0.0,10387.028732095774,23.334701455628934
563011.5624958117,740.4733485756442,-27.233334899958308,-73.91029489542753,413.9098466823643,4.688719381053854,-89.84387870679048,92.99122833572346,0.013894960390090833,12.533854753112298,0.9982977526357801,2.9955135187592153e-62,-6.922104155391022e-151,1.1402659901459298,1.428764057333101e-6,0.0,10387.028732667331,23.333638408525022
563012.1624958116,737.6603094646707,-27.233334900040727,-73.91029489366306,413.9096569541229,4.688077716718233,-89.84387875860939,92.99339966564185,0.013892610668154818,12.533865404388012,0.9982986009896838,2.656782165282079e-62,-5.128022277324573e-151,1.140579120656022,1.4283736303087446e-6,0.0,10387.028733524474,23.332044195566386
563012.5624958115,735.7851639157161,-27.233334900095688,-73.9102948924869,413.9095304844267,4.687650060820221,-89.84387879314833,92.99484733939946,0.01389104466951879,12.533872504541971,0.9982991665034767,2.4525190498879415e-62,-4.198470301545279e-151,1.1407878872161228,1.428113448449049e-6,0.0,10387.02873409577,23.330981625306674
563013.1624958114,732.9727662866935,-27.23333490017818,-73.91029489072325,413.90934080357147,4.687008757375197,-89.84387884494626,92.99701902355636,0.013888696395179364,12.533883153723261,0.9983000146905635,2.1751892725410814e-62,-3.110304143609582e-151,1.1411010563838415,1.4277233298013626e-6,0.0,10387.02873495252,23.329388127334973
563013.5624958113,731.0980482753366,-27.233334900233185,-73.91029488954801,413.90921436545625,4.68658134196322,-89.84387887946653,92.99846692175858,0.013887131361150166,12.53389025247845,0.998300580092947,2.007952777510645e-62,-2.5465021151450676e-151,1.141309848712646,1.4274633534104902e-6,0.0,10387.02873552356,23.328326033546443
563014.1624958111,728.2862917715684,-27.233334900315736,-73.91029488778517,413.90902473195763,4.685940399085661,-89.84387893125282,93.00063894758334,0.013884784533033776,12.533900899563992,0.9983014281131114,1.780894359050866e-62,-1.88649567856443e-151,1.1416230565294814,1.4270735427929976e-6,0.0,10387.02873637992,23.326733250002583
563014.562495811,726.412001054734,-27.23333490037078,-73.91029488661007,413.9088983254033,4.68551322394417,-89.84387896576379,93.00208708170524,0.013883220462694667,12.533907996924714,0.9983019934044283,1.6439726969284642e-62,-1.544532307410051e-151,1.1418318746219172,1.4268137716402696e-6,0.0,10387.028736950697,23.325671632313274
563015.1624958109,723.6008853130043,-27.23333490045339,-73.91029488484804,413.9087087392312,4.684872641310428,-89.84387901751974,93.00425945693001,0.013880875079425722,12.533918641916634,0.9983028412578396,1.458072986170124e-62,-1.1442179867053521e-151,1.1421451210801243,1.4264242687066389e-6,0.0,10387.02873780667,23.32407956263731
563015.5624958108,721.7270216504112,-27.23333490050848,-73.91029488367349,413.90858236421803,4.684445706223874,-89.84387905202139,93.0057078240424,0.013879311971860755,12.533925737882619,0.9983034064380684,1.345971010133439e-62,-9.368066236605176e-152,1.1423539649308347,1.4261647025612892e-6,0.0,10387.028738377187,23.323018420673943
563016.1624958107,718.9165463121608,-27.233334900591142,-73.91029488191224,413.90839282534273,4.683805483511435,-89.84387910376572,93.00788053981611,0.013876968032068301,12.5339363807817,0.9983042541247891,1.193769199275868e-62,-6.9400360466043576e-152,1.1426672500221922,1.4257755069660648e-6,0.0,10387.028739232768,23.321427064308068
563016.5624958106,717.0431094663218,-27.233334900646277,-73.91029488073822,413.90826648185083,4.683378788264917,-89.84387913824871,93.0093291326984,0.013875405886364255,12.533943475351567,0.9983048191938195,1.101987863608943e-62,-5.682021968228253e-152,1.1428761196255361,1.425516145597836e-6,0.0,10387.028739803027,23.320366397698486
563017.1624958104,714.2332741711289,-27.23333490072901,-73.91029487897778,413.9080769902424,4.682738925151503,-89.8438791899767,93.01150219314238,0.013873063388678275,12.53395411616038,0.9983056667140545,9.77375559835982e-63,-4.20934654827888e-152,1.143189443342067,1.4251272569960696e-6,0.0,10387.02874065822,23.31877575408554
563017.5624958103,712.3602638989687,-27.233334900784175,-73.9102948778047,413.90795067825184,4.682312469529871,-89.84387922445272,93.01295101685912,0.013871502203920655,12.533961209337077,0.9983062316721217,9.022313574354096e-63,-3.446322093803655e-152,1.143398338693051,1.4248681001749725e-6,0.0,10387.028741228218,23.317715562457725
563018.1624958102,709.5510682854801,-27.233334900866968,-73.91029487604509,413.9077612338806,4.681672965692791,-89.84387927615508,93.01512442139986,0.013869161146970293,12.533971848055442,0.9983070790258564,8.00207431674527e-63,-2.5530988952394188e-152,1.1437117010269282,1.4244795182215708e-6,0.0,10387.028742083023,23.316125631038517
563018.5624958101,707.6784843513742,-27.233334900922188,-73.91029487487212,413.9076349533715,4.681246749481887,-89.84387931062176,93.01657347395413,0.013867600922249082,12.533978939836997,0.9983076438728031,7.386845619822631e-63,-2.0903009598786704e-152,1.1439206221197578,1.4242205657181135e-6,0.0,10387.028742652761,23.31506591402153
563019.16249581,704.8699280619621,-27.23333490100504,-73.9102948731133,413.9074455562076,4.680607604599905,-89.8438793623078,93.01874723079949,0.013865261304668915,12.533989576466176,0.9983084910601381,6.551544360436026e-63,-1.5485334586048637e-152,1.1442340230627734,1.423832290069209e-6,0.0,10387.028743507179,23.313476694240457
563019.5624958099,702.9977702246979,-27.233334901060296,-73.91029487194089,413.9073193071602,4.680181627585242,-89.84387939675582,93.020196511558,0.013863702039072587,12.533996666854543,0.9983090557961202,6.047837703867338e-63,-1.267832194421298e-152,1.1444429698923049,1.4235735416540973e-6,0.0,10387.028744076659,23.312417451463215
563020.1624958097,700.1898529017344,-27.233334901143213,-73.91029487018285,413.90712995717405,4.679542841337191,-89.8438794484279,93.0223706079555,0.013861363859497926,12.534007301394466,0.9983099028170497,5.363950871705888e-63,-9.392334456334762e-153,1.144756409436293,1.4231855719660515e-6,0.0,10387.028744930685,23.310828942764175
563020.5624958096,698.3181209200993,-27.233334901198514,-73.91029486901097,413.9070037395685,4.679117103304634,-89.84387948286661,93.02382011765819,0.013859805552116355,12.534014390392306,0.9983104674422789,4.95155073962377e-63,-7.689794455743941e-153,1.144965381997406,1.4229270274104197e-6,0.0,10387.028745499909,23.3097701738564
563021.1624958095,695.5108422059566,-27.23333490128149,-73.91029486725375,413.9068144367303,4.678478675369452,-89.84387953451302,93.02599455689392,0.013857468809183354,12.534025022841774,0.9983113142967077,4.3916315560381074e-63,-5.696741394217632e-153,1.1452788601342425,1.4225393633398539e-6,0.0,10387.02874635355,23.30818237568293
563021.5624958094,693.639535841532,-27.233334901336825,-73.9102948660828,413.9066882505469,4.678053176105283,-89.84387956894008,93.02744429889756,0.01385591145910844,12.534032110449425,0.9983118788112111,4.053986883839585e-63,-4.664098216766099e-153,1.145487858421534,1.4222810224151288e-6,0.0,10387.028746922513,23.30712408027459
563022.1624958093,690.8328953748569,-27.233334901419862,-73.91029486432596,413.9064989948269,4.6774151061623925,-89.84387962057251,93.02961908483692,0.013853576151454628,12.534042740812637,0.9983127254994736,3.59556382697742e-63,-3.455249881003168e-153,1.1458013751435492,1.4218936636195238e-6,0.0,10387.028747775765,23.30553699207232
563022.5624958092,688.962014393881,-27.233334901475242,-73.91029486315556,413.90637284004595,4.676989845453334,-89.84387965498792,93.03106905813839,0.013852019757780672,12.534049827025983,0.9983132899029231,3.31912374901608e-63,-2.828919849657562e-153,1.1460103991511232,1.421635526097323e-6,0.0,10387.02874834447,23.304479169793208
563023.162495809,686.1560118189082,-27.233334901558347,-73.91029486139995,413.90618363141476,4.676352133183101,-89.84387970660403,93.03324418242941,0.01384968588404778,12.534060455303647,0.9983141364250757,2.943798692787317e-63,-2.0957159389911235e-153,1.1463239544500634,1.4212484722347947e-6,0.0,10387.028749197336,23.30289279100895
563023.5624958089,684.2855559773743,-27.23333490161377,-73.91029486022966,413.9060575080164,4.675927110815491,-89.84387974100312,93.03469438019282,0.013848130445866672,12.534067540127863,0.9983147007178835,2.7174686985786706e-63,-1.7158273998216483e-153,1.1465330041731934,1.4209905378871998e-6,0.0,10387.028749765783,23.30183544148982
563024.1624958088,681.4801909346133,-27.233334901696935,-73.91029485847481,413.90586834644415,4.675289755897881,-89.84387979260059,93.03686985744272,0.013845798004695186,12.534078166321407,0.99831554707404,2.4101785312878934e-63,-1.271116546762257e-153,1.146846598041263,1.4206037886159217e-6,0.0,10387.028750618261,23.300249771569206
563024.5624958087,679.610159996897,-27.233334901752396,-73.91029485730506,413.90574225440855,4.674864971658783,-89.84387982699035,93.03832028547718,0.01384424352110264,12.534085249754167,0.9983161112560212,2.2248752038678743e-63,-1.0407023961230624e-153,1.1470556734743127,1.420346057215203e-6,0.0,10387.028751186452,23.299192894440633
563025.1624958086,676.80543212872,-27.23333490183563,-73.91029485555103,413.90555313986596,4.674227973774285,-89.84387987857384,93.04049610096064,0.013841912511135418,12.53409587386381,0.9983169574461987,1.9732872926785932e-63,-7.709715068687318e-154,1.147369305903547,1.4199596121938534e-6,0.0,10387.028752038543,23.29760793282993
563025.5624958085,674.9358258573338,-27.23333490189113,-73.9102948543818,413.90542707917353,4.673803427451329,-89.84387991294494,93.04194675494121,0.013840358981228882,12.534102955906992,0.9983175215175026,1.821573759202883e-63,-6.312181967771716e-154,1.1475784070411172,1.4197020835130358e-6,0.0,10387.028752606475,23.296551527724645
563026.1624958083,672.1317348117009,-27.233334901974416,-73.91029485262858,413.90523801163096,4.67316678628166,-89.84387996449813,93.04412291368374,0.013838029401113835,12.534113577930984,0.9983183675415621,1.6155909983009032e-63,-4.676180684748932e-154,1.147892078022964,1.419315942401188e-6,0.0,10387.02875345818,23.294967273872388
563026.5624958082,670.262552967295,-27.233334902029956,-73.91029485146029,413.9051119822621,4.67274247766214,-89.84387999887626,93.04557380262709,0.013836476823989814,12.534120658585781,0.9983189315022838,1.4913784622382675e-63,-3.8285336271629884e-154,1.1481012048598893,1.4190586162132244e-6,0.0,10387.028754025856,23.293911340421875
563027.1624958081,667.4590983837843,-27.233334902113302,-73.91029484970787,413.90492296169,4.672106192888429,-89.8438800504131,93.04775030301602,0.013834148672372301,12.534131278527804,0.9983197773605184,1.322734040539957e-63,-2.83624824025333e-154,1.148414914386779,1.4186727786706582e-6,0.0,10387.028754877176,23.292327793776025
563027.562495808,665.5903407298028,-27.233334902168895,-73.9102948485397,413.9047969636249,4.671682121760208,-89.8438800847679,93.04920141551149,0.013832597047129788,12.5341383577939,0.9983203412106326,1.2210374168990496e-63,-2.3221240783544995e-154,1.148624066917606,1.4184156547489348e-6,0.0,10387.028755444593,23.291272331612603
563028.1624958079,662.7875222526491,-27.233334902252302,-73.91029484678806,413.90460798999374,4.6710461930643925,-89.84388013629079,93.05137826297047,0.013830270322658822,12.534148975654544,0.9983211869030894,1.0829630419104962e-63,-1.7202722954175196e-154,1.1489378149814853,1.4180301204360034e-6,0.0,10387.028756295525,23.289689491622063
563028.5624958078,660.9191885497421,-27.233334902307934,-73.91029484562043,413.9044820232128,4.670622359215544,-89.8438801706316,93.05282960930421,0.013828719648397332,12.534156053535034,0.9983217506428426,9.997008882841888e-64,-1.4084400870913847e-154,1.1491469932011014,1.4177731985543962e-6,0.0,10387.028756862686,23.288634500379132
563029.1624958076,658.1170058231801,-27.233334902391398,-73.9102948438696,413.90429309649323,4.6699867862797895,-89.8438802221335,93.05500679270187,0.013826394349723133,12.534166669314402,0.9983225961695298,8.866551507703537e-64,-1.0433983628022407e-154,1.149460779793956,1.417387967131819e-6,0.0,10387.028757713235,23.28705236649289
563029.5624958075,656.2490958375856,-27.233334902447066,-73.9102948427025,413.9041671609769,4.669563189498592,-89.843880256465,93.05645836912012,0.013824844625544019,12.534173745805548,0.9983231597986245,8.184858647282736e-64,-8.54262482102884e-155,1.1496699836966522,1.4171312470641135e-6,0.0,10387.02875828014,23.285997845802527
563030.1624958074,653.4475485058501,-27.2333349025306,-73.91029484095245,413.90397828113953,4.668927972005894,-89.84388030795292,93.05863590097975,0.013822520751319777,12.534184359506506,0.9983240051597702,7.25931842513027e-64,-6.328533839662679e-155,1.1499838088105085,1.4167463181935271e-6,0.0,10387.028759130302,23.284416417471938
563030.5624958073,651.580061997287,-27.233334902586304,-73.91029483978629,413.9038523768682,4.668504612080876,-89.84388034226342,93.06008770022864,0.013820971976324455,12.534191434612692,0.9983245686785555,6.701195513687984e-64,-5.181366215126982e-155,1.1501930383913275,1.416489799714291e-6,0.0,10387.02875969695,23.2833623669685
563031.1624958072,648.7791497064754,-27.233334902669903,-73.91029483803703,413.90366354388357,4.6678697497138755,-89.84388039373034,93.06226557097824,0.013818649525203137,12.534202046232254,0.9983254138739217,5.9434272672583466e-64,-3.838451543300586e-155,1.150506902018045,1.4161051730570408e-6,0.0,10387.028760546727,23.281781643642315
563031.5624958071,646.9120864402503,-27.23333490272565,-73.910294836871,413.9035376708375,4.667446626433955,-89.84388042804088,93.06371760484515,0.013817101698495397,12.534209119952049,0.9983259772822837,5.4864748736473485e-64,-3.1426588920506998e-155,1.1507161572714348,1.415848855940918e-6,0.0,10387.028761113119,23.280728062959525
563032.1624958069,644.1118088336661,-27.233334902809307,-73.91029483512254,413.9033488846763,4.666812118876316,-89.84388047949385,93.06589581429576,0.01381478066913307,12.534219729494376,0.9983268223122023,4.866066703852589e-64,-2.328139601296969e-155,1.1510300594032212,1.4154645311596304e-6,0.0,10387.028761962512,23.279148044090352
563032.5624958068,642.2451685722917,-27.2333349028651,-73.91029483395704,413.90322304283603,4.666389232030462,-89.84388051378336,93.06734807327764,0.01381323378981677,12.53422680182888,0.9983273856102283,4.491945724860289e-64,-1.906119834369455e-155,1.1512393403239678,1.4152084151816104e-6,0.0,10387.028762528647,23.27809493286243
563033.1624958067,639.4455252951011,-27.233334902948812,-73.91029483220937,413.90303430346887,4.6657550789659865,-89.84388056521534,93.06952662586392,0.013810914180870723,12.53423740929497,0.9983282304747785,3.983998474547757e-64,-1.4120886878427259e-155,1.151553280952867,1.4148243919390684e-6,0.0,10387.028763377655,23.276515617902117
563033.5624958066,637.5793078020215,-27.233334903004646,-73.91029483104438,413.90290849281496,4.665332428343548,-89.84388059949555,93.07097911110074,0.013809368248051335,12.534244480245055,0.9983287936625382,3.6776941223239025e-64,-1.1561206442630438e-155,1.1517625875356772,1.4145684768745274e-6,0.0,10387.028763943536,23.275462975763933
563034.1624958065,634.7802985012531,-27.233334903088426,-73.91029482929751,413.9027198002125,4.664698629456459,-89.84388065090654,93.07315800922055,0.013807050058180921,12.534255085634161,0.9983296383616607,3.261822085717073e-64,-8.564754713259329e-156,1.1520765666535606,1.414184754833928e-6,0.0,10387.028764792161,23.27388436416463
563034.5624958064,632.9145035399124,-27.233334903144293,-73.91029482813346,413.9025940207253,4.664276214846965,-89.84388068517744,93.07461072403785,0.01380550507096479,12.534262155200533,0.9983302014392101,3.0110412916434905e-64,-7.012229346710238e-156,1.1522858988931681,1.4139290404585095e-6,0.0,10387.028765357783,23.27283219075122
563035.1624958062,630.1161278616637,-27.233334903228144,-73.91029482638697,413.9024053748583,4.663642769821799,-89.84388073657678,93.07678995766842,0.013803188298830656,12.53427275851307,0.9983310459729379,2.6705540644262968e-64,-5.194788679340229e-156,1.1525999164920546,1.4135456192835575e-6,0.0,10387.028766206025,23.271254281965767
563035.5624958061,628.2507551973686,-27.23333490328405,-73.91029482522345,413.9022796265183,4.66322059101547,-89.84388077083135,93.07824290254598,0.013801644256326823,12.53427982669677,0.9983316089403601,2.4652321151311897e-64,-4.253134018051209e-156,1.1528092743830114,1.4132901053735147e-6,0.0,10387.028766771393,23.270202576913743
563036.162495806,625.453012787737,-27.233334903367957,-73.91029482347817,413.9020910273576,4.6625874995373495,-89.84388082220971,93.08042248353394,0.013799328900591873,12.534290427934591,0.9983324533088407,2.186464749948481e-64,-3.1508000318122253e-156,1.153123330454956,1.4129069847286052e-6,0.0,10387.028767619253,23.26862537039643
563036.5624958059,623.5880621857941,-27.2333349034239,-73.91029482231477,413.9019653101454,4.662165556323908,-89.84388085645496,93.08187565595627,0.01379778580190824,12.534297494732845,0.998333016165915,2.018361355037095e-64,-2.579657350196464e-156,1.1533327139918406,1.4126516710598405e-6,0.0,10387.028768184364,23.26757413334003
563037.1624958058,620.7909526899457,-27.233334903507867,-73.91029482057027,413.90177675766176,4.661532818078099,-89.84388090781002,93.08405557688397,0.01379547186123617,12.534308093898014,0.9983338603693125,1.7901259392006635e-64,-1.911057687476284e-156,1.1536468085290421,1.4122688506097192e-6,0.0,10387.028769031838,23.265997628545183
563037.5624958057,618.9264239137992,-27.23333490356386,-73.9102948194074,413.9016510715578,4.661111110248246,-89.84388094204361,93.08550897168641,0.013793929705483586,12.53431515931448,0.9983344231163299,1.6524945194827578e-64,-1.5646419831068016e-156,1.153856217706669,1.412013736959262e-6,0.0,10387.028769596696,23.264946859122357
563038.1624958055,616.1299469806254,-27.233334903647886,-73.91029481766368,413.901462565722,4.660478724920737,-89.84388099338467,93.08768924027054,0.013791617178541332,12.534325756406766,0.9983352671546264,1.4656311647716095e-64,-1.1591156049219741e-156,1.1541703507009522,1.411631216369236e-6,0.0,10387.02877044379,23.263371055505235
563038.5624958054,614.2658397909254,-27.23333490370392,-73.91029481650135,413.90133691070696,4.660057252264811,-89.84388102760661,93.08914286339574,0.013790075964829484,12.534332820445407,0.9983358297919027,1.3529480883616917e-64,-9.490037640518185e-157,1.154379785514474,1.4113763025140774e-6,0.0,10387.02877100839,23.262320753352853
563039.1624958053,611.4699950674549,-27.233334903788,-73.91029481475842,413.90114845148986,4.659425219541237,-89.84388107892904,93.09132346542118,0.013787764850283157,12.534343415463207,0.9983366736649701,1.1999573125614582e-64,-7.030394709580463e-157,1.1546939569579073,1.4109940814494149e-6,0.0,10387.0287718551,23.260745650367152
563039.5624958052,609.606309235096,-27.23333490384408,-73.910294813597,413.90102282754424,4.659003981850323,-89.843881113137,93.09277731498348,0.013786224577725893,12.534350478118421,0.9983372361920592,1.1077002121462434e-64,-5.756001397816543e-157,1.1549034174013553,1.41073936716663e-6,0.0,10387.028772419448,23.25969581512149
563040.1624958051,606.8110963692889,-27.233334903928224,-73.91029481185488,413.90083441491674,4.658372301417677,-89.84388116444543,93.0949582613506,0.01378391487424628,12.534361071064676,0.9983380799001322,9.824419585087747e-65,-4.2641518725670244e-157,1.1552176272859462,1.4103574452939274e-6,0.0,10387.02877326578,23.258121412225
563040.562495805,604.9478316558525,-27.233334903984336,-73.9102948106936,413.9007088220211,4.657951298482996,-89.84388119863239,93.09641233730865,0.013782375541956727,12.534368132341784,0.9983386423174576,9.06908232875829e-65,-3.491192906359948e-157,1.1554271133544198,1.4101029303614557e-6,0.0,10387.02877382987,23.257072043524982
563041.1624958048,602.1532502938062,-27.233334904068546,-73.91029480895226,413.90052045595405,4.657319970027917,-89.84388124992452,93.0985936236719,0.013780067248213795,12.534378723218095,0.9983394858606635,8.043554480935946e-65,-2.586340019791282e-157,1.1557413616724221,1.409721307347271e-6,0.0,10387.028774675817,23.25549834017394
563041.5624958047,600.2904064664617,-27.233334904124696,-73.91029480779147,413.9003948940891,4.656899201640604,-89.84388128410916,93.10004792936664,0.013778528855306048,12.534385783114075,0.9983400481679846,7.4251366375054094e-65,-2.1175164957467746e-157,1.1559508733604238,1.4094669915426968e-6,0.0,10387.028775239654,23.2544494376561
563042.1624958046,597.4964562570676,-27.233334904208963,-73.91029480605093,413.9002065745535,4.656268224850573,-89.84388133537797,93.10222955712678,0.013776221969973202,12.534396371921497,0.9983408915464074,6.585505446651469e-65,-1.568695228940589e-157,1.156265160103817,1.4090856670543183e-6,0.0,10387.02877608522,23.252876433308376
563042.5624958045,595.6340330829844,-27.233334904265156,-73.91029480489068,413.90008104369986,4.65584769080257,-89.84388136954631,93.10368408250457,0.013774684515564083,12.534403430436528,0.9983414537437386,6.079187737749178e-65,-1.2843392588222121e-157,1.1564746974058726,1.4088315501560623e-6,0.0,10387.028776648805,23.251827996611773
563043.1624958044,592.8407136714086,-27.233334904349487,-73.91029480315092,413.8998927706666,4.655217065364976,-89.84388142079646,93.10586605118674,0.013772379037314385,12.534414017178507,0.9983422969576528,5.391755857521062e-65,-9.514621830348333e-158,1.1567890225670963,1.4084505238611068e-6,0.0,10387.028777493992,23.250255690725208
563043.5624958043,590.9787109140307,-27.233334904405726,-73.91029480199161,413.89976727080483,4.654796765447808,-89.84388145496247,93.10732081428615,0.013770842520519234,12.534421074313961,0.9983428590451032,4.9772179765860965e-65,-7.789914907700675e-158,1.1569985854781788,1.4081966056475696e-6,0.0,10387.02877805732,23.24920771948789
563044.1624958041,588.1860219556838,-27.23333490449011,-73.91029480025263,413.899579044245,4.654166491051195,-89.843881506194,93.10950312071391,0.013768538448031284,12.534431658985971,0.9983437020941484,4.414396353114311e-65,-5.770912469446265e-158,1.1573129490485563,1.407815877214154e-6,0.0,10387.028778902122,23.247636111521008
563044.562495804,586.3244393803179,-27.233334904546386,-73.91029479909344,413.8994535753558,4.653746425057388,-89.84388154034134,93.11095810712906,0.01376700286796904,12.534438714745198,0.998344264071985,4.075001440179884e-65,-4.724824368046309e-158,1.1575225375634526,1.4075621574646204e-6,0.0,10387.028779465198,23.24658860538377
563045.1624958039,583.5323805185035,-27.233334904630837,-73.91029479735523,413.8992653952404,4.653116501389669,-89.84388159155887,93.1131407537777,0.013764700199918175,12.534449297352435,0.9983451069565747,3.614202066513507e-65,-3.500236932568778e-158,1.1578369395357118,1.4071817265612756e-6,0.0,10387.02878030962,23.245017694795415
563045.5624958038,581.671217892319,-27.23333490468716,-73.91029479619657,413.89913995730444,4.652696669111364,-89.84388162569456,93.11459596211871,0.013763165555707271,12.534456351733391,0.9983456688246348,3.336329012630071e-65,-2.865752138937483e-158,1.1580465536490305,1.40692820505466e-6,0.0,10387.02878087244,23.24397065339659
563046.1624958037,578.8797887824476,-27.233334904771667,-73.91029479445915,413.8989518236044,4.652067095861543,-89.84388167688645,93.1167789501618,0.013760864290774465,12.5344669322705,0.9983465115443426,2.9590583927460607e-65,-2.123001977414166e-158,1.1583609940145756,1.4065480713502329e-6,0.0,10387.028781716483,23.242400439645547
563046.5624958036,577.0190458707511,-27.233334904828027,-73.910294793301,413.8988264166025,4.6516474970915285,-89.84388171101283,93.11823438897082,0.01375933058153529,12.534473985275714,0.9983470733028275,2.731555177076399e-65,-1.7381673226555514e-158,1.1585706337211543,1.4062947478662639e-6,0.0,10387.02878227905,23.24135386262592
563047.1624958034,574.2282461561263,-27.233334904912592,-73.91029479156438,413.89863832928916,4.651018273948993,-89.84388176219773,93.12041772102228,0.013757030718401269,12.534484563752494,0.9983479158584342,2.422672116981973e-65,-1.2876663731436976e-158,1.1588851124727915,1.4059149110309323e-6,0.0,10387.028783122712,23.239784345175092
563047.5624958033,572.3679227288812,-27.233334904968995,-73.91029479040716,413.8985129532019,4.650598908480233,-89.84388179630778,93.12187338019399,0.01375549794325581,12.534491615378707,0.9983484775070842,2.2364082370674124e-65,-1.054252250394456e-158,1.1590947777669742,1.405661785349285e-6,0.0,10387.028783685028,23.238738232174306
563048.1624958032,569.5777520602569,-27.23333490505363,-73.91029478867091,413.89832491224615,4.649970035134038,-89.84388184746471,93.12405704238078,0.01375319948060198,12.53450219179241,0.9983493198983706,1.9835161755476754e-65,-7.810094885284115e-159,1.1594092948967085,1.4052822450525685e-6,0.0,10387.02878452831,23.237169410482505
563048.5624958031,567.71784788277,-27.233334905110073,-73.91029478751422,413.8981995670544,4.649550902759632,-89.8438818815701,93.12551293474453,0.01375166763867223,12.534509242041679,0.9983498814373497,1.831016208201268e-65,-6.394366025497007e-159,1.1596189857733916,1.4050293169534647e-6,0.0,10387.02878509037,23.23612376114155
563049.162495803,564.9283059155568,-27.233334905194763,-73.91029478577916,413.89801157242744,4.648922378900141,-89.84388193271538,93.12769693928662,0.013749370575185112,12.534519816389285,0.9983507236640755,1.6239656993123966e-65,-4.737064148706635e-159,1.1599335412727432,1.4046500728659082e-6,0.0,10387.028785933273,23.23455563467045
563049.5624958029,563.0688207503408,-27.233334905251247,-73.9102947846226,413.8978862581119,4.64850347941378,-89.84388196680446,93.12915305927473,0.013747839665594702,12.53452686526909,0.9983512850939792,1.4991092856517193e-65,-3.878380800489814e-159,1.1601432577271586,1.4043973421303926e-6,0.0,10387.02878649508,23.233510448632806
563050.1624958027,560.2799071324989,-27.233334905335994,-73.9102947828883,413.8976983097849,4.647875304731047,-89.84388201792409,93.13133739606707,0.013745543999959238,12.53453743755334,0.9983521271563627,1.3295906658361473e-65,-2.8731759445385287e-159,1.1604578515885275,1.4040183939229224e-6,0.0,10387.028787337607,23.23194301684429
563050.5624958026,558.4208407532424,-27.23333490539252,-73.91029478173225,413.89757302632654,4.6474566379260684,-89.84388205200618,93.13279374076645,0.013744014021832857,12.5345444850546,0.998352688476468,1.2273668798021796e-65,-2.3523579309707834e-159,1.1606675936146784,1.4037658603310656e-6,0.0,10387.028787899166,23.2308982937485
563051.1624958025,555.6325551355258,-27.233334905477335,-73.91029477999875,413.89738512427056,4.6468288121111305,-89.8438821031095,93.13497842061463,0.013741719752737839,12.534555055278476,0.9983535303747465,1.0885767719275835e-65,-1.742670090403731e-159,1.1609822258301885,1.403387207675462e-6,0.0,10387.02878874131,23.229331556106622
563051.5624958024,553.7739073047414,-27.233334905533898,-73.91029477884321,413.89725987165,4.646410377781339,-89.84388213717526,93.13643498966724,0.013740190705200134,12.534562101407086,0.9983540915855228,1.0048830142363077e-65,-1.4267778539699578e-159,1.16119199342336,1.4031348710086185e-6,0.0,10387.028789302616,23.228287295595617
563052.1624958023,550.9862493388355,-27.233334905618772,-73.9102947771105,413.89707201583644,4.645782900525172,-89.84388218826926,93.1386200129822,0.013737897831334821,12.534572669570471,0.9983549333196872,8.912512841950957e-66,-1.056983318324251e-159,1.1615066639850709,1.4027565135766982e-6,0.0,10387.028790144383,23.226721251563212
563052.5624958022,549.1280198264867,-27.233334905675378,-73.91029477595588,413.8969467940346,4.645364698465167,-89.84388222232337,93.1400768073695,0.013736369713514293,12.534579714326469,0.9983554944211376,8.227286306303132e-66,-8.653849049829833e-160,1.1617164571397371,1.4025043736165386e-6,0.0,10387.028790705433,23.225677453280333
563053.162495802,546.3409891631454,-27.2333349057603,-73.91029477422396,413.89675898443477,4.6447375694590285,-89.84388227338705,93.1422621665604,0.013734078233569137,12.534590280430198,0.9983563359912542,7.296948383097126e-66,-6.410930797331329e-160,1.1620311660398477,1.4021263110805856e-6,0.0,10387.028791546823,23.22411210232081
563053.562495802,544.4831777373329,-27.233334905816946,-73.91029477306947,413.89663379343233,4.644319599462916,-89.84388230743652,93.14371918511947,0.013732551044592872,12.534597323812129,0.9983568969832627,6.735932343062325e-66,-5.2488271505521676e-160,1.162240984750718,1.4018743676085635e-6,0.0,10387.028792107623,23.223068765907588
563054.1624958018,541.696774029173,-27.23333490590194,-73.9102947713383,413.89644603001744,4.643692818398764,-89.84388235848154,93.14590487875103,0.013730260957261192,12.534607887856954,0.9983577383893916,5.974236071218751e-66,-3.888427847028995e-160,1.1625557319812614,1.401496599641527e-6,0.0,10387.028792948635,23.221504107485746
563054.5624958017,539.8393804579973,-27.233334905958625,-73.91029477018432,413.8963208697954,4.643275080261431,-89.84388239251469,93.14736212931629,0.013728734696258923,12.534614929866468,0.9983582992720897,5.514914984246004e-66,-3.183576036251213e-160,1.1627655762430702,1.401244852439904e-6,0.0,10387.028793509182,23.22046123258615
563055.1624958016,537.0536033567041,-27.233334906043673,-73.91029476845395,413.8961331525367,4.642648646831438,-89.84388244354807,93.1495481616374,0.013726446000235024,12.534625491853749,0.998359140514339,4.891290819231796e-66,-2.3584517754963882e-160,1.1630803617962198,1.4008673787151409e-6,0.0,10387.028794349817,23.21889726616712
563055.5624958015,535.1966274073347,-27.233334906100396,-73.9102947673005,413.896008023076,4.642231140347687,-89.84388247756722,93.15100563654973,0.013724920666336418,12.534632532492106,0.9983597012878271,4.515230518131065e-66,-1.9309373480753286e-160,1.163290231603836,1.4006158275662687e-6,0.0,10387.028794910113,23.21785485242459
563056.1624958013,532.4114765655249,-27.23333490618551,-73.91029476557091,413.89582035194485,4.64160505424443,-89.8438825285843,93.15319200996457,0.013722633360316453,12.534643092422634,0.9983605423662602,4.0046502336190035e-66,-1.4304739591843036e-160,1.1636050554717015,1.4002386477575925e-6,0.0,10387.02879575037,23.21629157747403
563056.5624958012,530.5549180069938,-27.233334906242273,-73.91029476441838,413.89569525322634,4.641187779209567,-89.8438825625918,93.15464970313906,0.013721108952653297,12.534650131690402,0.9983611030305835,3.6967580987378477e-66,-1.1711732340411324e-160,1.1638149508198048,1.3999872924442497e-6,0.0,10387.028796310415,23.215249624532873
563057.1624958011,527.7703930791467,-27.233334906327446,-73.91029476268956,413.89550762819414,4.640562040126032,-89.84388261359256,93.15683641709957,0.013718823035335413,12.534660689563253,0.9983619439451263,3.278730316048448e-66,-8.676267071323676e-161,1.164129812994322,1.39961040622587e-6,0.0,10387.028797150295,23.213687040516742
563057.562495801,525.9142516786233,-27.233334906384247,-73.91029476153714,413.89538256019875,4.640144996335204,-89.84388264758839,93.1582943398792,0.01371729955303906,12.534667727461343,0.9983625045003574,3.0266495554783946e-66,-7.1035279601461994e-161,1.1643397338778316,1.3993592465309227e-6,0.0,10387.028797710087,23.212645548020713
563058.1624958009,523.1303523173556,-27.233334906469487,-73.91029475980912,413.8951949812369,4.639519603964694,-89.84388269856584,93.16048138744893,0.013715015023122556,12.534678283277954,0.9983633452511244,2.6843973526397874e-66,-5.262424374076753e-161,1.1646546343511892,1.398982653577613e-6,0.0,10387.02879854959,23.21108365440594
563058.5624958008,521.2746278457344,-27.233334906526334,-73.9102947586572,413.8950699439455,4.639102791213852,-89.84388273255236,93.16193952805918,0.01371349246532765,12.534685319805991,0.9983639056972333,2.478011080791353e-66,-4.308509451370081e-161,1.1648645807646278,1.398731689284502e-6,0.0,10387.028799109134,23.21004262200029
563059.1624958006,518.4913537018001,-27.233334906611628,-73.91029475692996,413.8948824110255,4.638477745250095,-89.84388278351115,93.16412691715095,0.013711209321513285,12.534695873570696,0.9983647462845702,2.1977986757825857e-66,-3.191823172941143e-161,1.165179519529261,1.3983553892716988e-6,0.0,10387.028799948259,23.20848141825521
563059.5624958006,516.6360459271818,-27.2333349066685,-73.91029475577857,413.8947574044191,4.638061163334916,-89.84388281748835,93.16558528829759,0.013709687687353563,12.534702908729138,0.9983653066215933,2.0288238872617522e-66,-2.613244263511459e-161,1.1653894914674945,1.3981046201639077e-6,0.0,10387.02880050755,23.20744084558446
563060.1624958004,513.853396656923,-27.233334906753857,-73.91029475405209,413.8945699175123,4.637436463471851,-89.84388286843082,93.16777301465801,0.013707405928344088,12.53471346043898,0.9983661470452643,1.7994053728750848e-66,-1.9359394915981894e-161,1.165704468515245,1.3977286127670108e-6,0.0,10387.028801346301,23.2058803311759
563060.5624958003,511.9985053502023,-27.233334906810775,-73.91029475290165,413.89444494157186,4.637020112188601,-89.84388290238704,93.16923160924082,0.013705885216955795,12.53472049422698,0.9983667072731344,1.6610605164079417e-66,-1.5850134850241428e-161,1.1659144659728484,1.3974780386284674e-6,0.0,10387.028801905342,23.20484021788552
563061.1624958002,509.21648060623556,-27.233334906896186,-73.91029475117551,413.8942575006498,4.6363957581208375,-89.84388295331787,93.17141966511475,0.01370360484145586,12.534731043885543,0.9983675475334248,1.47322852252552e-66,-1.174207188826173e-161,1.1662294812960212,1.3971023235238863e-6,0.0,10387.028802743716,23.20328039228316
563061.5624958001,507.36200553458184,-27.233334906953157,-73.91029475002559,413.8941325553564,4.635979637265852,-89.84388298726009,93.17287848538821,0.013702085051975184,12.534738076306073,0.9983681076523786,1.359961333506049e-66,-9.613597101453513e-162,1.1664395042680171,1.3968519441389357e-6,0.0,10387.028803302506,23.202240738019434
563062.1624958,504.58060497045517,-27.233334907038635,-73.91029474830066,413.89394516039044,4.635355628687927,-89.84388303817461,93.17506688987828,0.01369980605868987,12.534748623913782,0.9983689477493222,1.2061775030241595e-66,-7.121929834453889e-162,1.166754557858849,1.396476521003103e-6,0.0,10387.028804140506,23.2006816006917
563062.5624957999,502.7265459066257,-27.23333490709563,-73.91029474715081,413.89382024572507,4.63493973805819,-89.84388307211685,93.17652593334566,0.013698287190256132,12.53475565496541,0.9983695077592456,1.1134421716501333e-66,-5.830944033114497e-162,1.166964606339652,1.3962263361563942e-6,0.0,10387.028804699046,23.199642405101304
563063.1624957997,499.9457691796124,-27.23333490718116,-73.91029474542667,413.89363289668705,4.634316074665614,-89.84388312300806,93.17871466504353,0.013696009577894477,12.53476620052178,0.9983703476928041,9.875346197530564e-67,-4.3196707573890646e-162,1.1672796981899953,1.3958512046665195e-6,0.0,10387.02880553667,23.1980839555185
563063.5624957996,498.0921258898452,-27.233334907238202,-73.91029474427735,413.8935080126306,4.633900414057704,-89.8438831569293,93.1801739320345,0.013694491629645105,12.534773230207765,0.9983709075939565,9.116093517253304e-67,-3.536647932975367e-162,1.1674897721747857,1.3956012141428813e-6,0.0,10387.02880609496,23.197045218247954
563064.1624957995,495.3119726534933,-27.23333490732381,-73.91029474255396,413.89332070949195,4.633277095545499,-89.84388320779951,93.18236300107056,0.013692215396914603,12.534783773712597,0.9983717473641138,8.085249664876896e-67,-2.620013940880538e-162,1.1678049022769572,1.395226373976137e-6,0.0,10387.028806932209,23.195487455878887
563064.5624957994,493.458744908683,-27.23333490738089,-73.91029474140515,413.8931958560256,4.632861664756621,-89.84388324171611,93.18382249691186,0.013690698367989937,12.534790802032811,0.9983723071564852,7.463626143434814e-67,-2.1450863755140648e-162,1.1680150017604123,1.3949765775607464e-6,0.0,10387.02880749025,23.19444917657526
563065.1624957992,490.6792148184031,-27.233334907466542,-73.91029473968256,413.89300859875783,4.632238690821222,-89.84388329257003,93.1860119041227,0.013688423513603054,12.534801343489633,0.9983731467635225,6.61964257614976e-67,-1.589119503764555e-162,1.1683301701065527,1.3946020283956028e-6,0.0,10387.028808327123,23.1928921008928
563065.5624957992,488.82640239037573,-27.23333490752367,-73.91029473853467,413.8928837758627,4.631823489648904,-89.84388332647029,93.18747161776,0.013686907403144861,12.534808370443496,0.9983737064470667,6.110700280063372e-67,-1.3010612437594067e-162,1.1685402950832713,1.394352425873968e-6,0.0,10387.028808884912,23.191854279203643
563066.162495799,486.04749510250986,-27.233334907609382,-73.91029473681284,413.8926965644375,4.631200859986258,-89.84388337731721,93.1896613628623,0.01368463392581325,12.534818909850445,0.9983745458908354,5.41970497538641e-67,-9.638501375287334e-163,1.1688555016654545,1.3939781673885433e-6,0.0,10387.028809721412,23.19029788967785
563066.5624957989,484.19509775936604,-27.23333490766655,-73.91029473566508,413.8925717720946,4.630785888228044,-89.84388341120116,93.19112130718939,0.013683118732963089,12.534825935440914,0.9983751054657877,5.003018264200212e-67,-7.891338919194379e-163,1.1690656521304836,1.3937287585465355e-6,0.0,10387.028810278953,23.18926052525134
563067.1624957988,481.4168129293248,-27.23333490775232,-73.91029473394401,413.89238460648363,4.630163602535083,-89.84388346202711,93.19331138730159,0.013680846631401676,12.534836472800995,0.9983759447465275,4.4372791555330174e-67,-5.846049245594059e-163,1.1693808969409307,1.393354790420051e-6,0.0,10387.028811115077,23.187704821355528
563067.5624957987,479.56483044382185,-27.233334907809525,-73.91029473279674,413.8922598446742,4.629748859988887,-89.84388349590174,93.1947715513432,0.013679332355303254,12.53484349702627,0.9983765042127446,4.096124929181001e-67,-4.786341168510551e-163,1.169591072888813,1.3931055750436627e-6,0.0,10387.02881167237,23.186667913839447
563068.1624957985,476.78716772794724,-27.233334907895358,-73.91029473107646,413.89207272484913,4.629126917962557,-89.84388354670669,93.196961965557,0.013677061628227629,12.534854032339787,0.9983773433304793,3.632936920652955e-67,-3.54580971161526e-163,1.1699063559196752,1.3927318969554357e-6,0.0,10387.02881250812,23.185112895046
563068.5624957985,474.9355998719111,-27.2333349079526,-73.91029472992972,413.8919479935542,4.628712404426549,-89.84388358057436,93.19842235294567,0.013675548268025594,12.534861055199528,0.9983779026879342,3.353623462763881e-67,-2.903063981405797e-163,1.170116557345087,1.3924828748310523e-6,0.0,10387.028813065164,23.18407644408888
563069.1624957983,472.15855892561376,-27.233334908038497,-73.91029472821019,413.8917609194867,4.628090805764007,-89.84388363135598,93.20061310573912,0.013673278914152317,12.534871588467448,0.9983787416427411,2.974397194052122e-67,-2.1506432776734994e-163,1.17043187858866,1.3921094864608044e-6,0.0,10387.028813900542,23.18252210987053
563069.5624957982,470.30740546807647,-27.233334908095774,-73.91029472706437,413.89163621868744,4.627676521036406,-89.84388366521198,93.20207371524964,0.013671766468991353,12.534878609963904,0.9983793008916131,2.7457146753209857e-67,-1.760798109332916e-163,1.17064210548662,1.3918606573751431e-6,0.0,10387.028814457337,23.181486115121395
563070.1624957981,467.5309859486297,-27.233334908181735,-73.91029472534562,413.89144919034936,4.627055265435617,-89.84388371597963,93.20426480630513,0.013669498487040159,12.534889141187687,0.9983801396836083,2.4352304653819978e-67,-1.3044316768186684e-163,1.1709574649350267,1.3914875584033473e-6,0.0,10387.02881529234,23.179932464952664
563070.562495798,465.68024666048586,-27.23333490823907,-73.91029472419991,413.8913245200269,4.6266412093151255,-89.8438837498193,93.20572564060633,0.013667986956066993,12.534896161322358,0.9983806988240166,2.2480010537795494e-67,-1.0679785225846145e-163,1.171167717300366,1.3912389221435349e-6,0.0,10387.028815848886,23.178896926061363
563071.1624957978,462.9044482279569,-27.233334908325066,-73.91029472248194,413.89113753739,4.626020296474482,-89.84388380057298,93.20791706677342,0.013665720344759795,12.534906690500815,0.9983815374531053,1.993798081636e-67,-7.911781638322833e-164,1.171483114945454,1.3908661122510116e-6,0.0,10387.028816683518,23.177343959416895
563071.5624957978,461.0541228828952,-27.233334908382435,-73.91029472133674,413.8910128975256,4.625606468760143,-89.84388383440333,93.20937812645403,0.013664209727122921,12.534913709272606,0.9983820964849629,1.840507603800161e-67,-6.477620112473471e-164,1.171693392772714,1.3906176686043932e-6,0.0,10387.028817239814,23.1763088760333
563072.1624957976,458.27894518803805,-27.233334908468507,-73.91029471961953,413.89082596056164,4.624985898377316,-89.84388388513837,93.21156987919287,0.013661944485178549,12.534924236410305,0.9983829349515092,1.6323838120643033e-67,-4.798740310045688e-164,1.1720088286074235,1.3902451474720868e-6,0.0,10387.028818074074,23.174756592386935
563072.5624957975,456.42903355602175,-27.23333490852591,-73.91029471847483,413.89070135113644,4.624572298868057,-89.84388391895705,93.21303116464402,0.013660434780025866,12.534931253820933,0.9983834938749527,1.506880183152442e-67,-3.928876979658214e-164,1.1722191318915935,1.389996896226252e-6,0.0,10387.028818630122,23.173721964161043
563073.1624957974,453.654476265423,-27.23333490861204,-73.9102947167584,413.8905144598173,4.623952070642611,-89.84388396967576,93.21522325398286,0.013658170906171685,12.53494177891184,0.998384332178476,1.3364828336594147e-67,-2.9105844443071515e-164,1.172534605907103,1.3896246635358934e-6,0.0,10387.02881946401,23.172170362988563
563073.5624957973,451.8049781182781,-27.23333490866948,-73.91029471561464,413.8903898808126,4.623538699137843,-89.84388400347814,93.21668475845952,0.013656662112653135,12.534948794962315,0.9983848909935858,1.233729152593104e-67,-2.3829854257066033e-164,1.1727449346429863,1.3893766044788426e-6,0.0,10387.02882001981,23.17113618957121
563074.1624957972,449.0310408808291,-27.23333490875568,-73.91029471389855,413.89020303511006,4.62291881276859,-89.84388405417587,93.21887718419879,0.013654399605612029,12.53495931801626,0.9983857291348688,1.0942196017047597e-67,-1.7653595027237704e-164,1.1730604468325272,1.3890046599128275e-6,0.0,10387.028820853324,23.16958527034986
563074.562495797,447.18195599410683,-27.233334908813156,-73.9102947127553,413.89007848650704,4.622505669067832,-89.84388408797125,93.22033891587704,0.013652891722878778,12.534966332702572,0.9983862878413259,1.0100920026526876e-67,-1.4453543769711218e-164,1.173270801014529,1.3887567928325043e-6,0.0,10387.028821408876,23.168551551390763
563075.1624957969,444.4086384726688,-27.2333349088994,-73.91029471104041,413.889891686393,4.621886124254544,-89.84388413865034,93.222531676229,0.013650630581379119,12.534976853715998,0.9983871258200854,8.95871242488434e-68,-1.0707451487802419e-164,1.1735863513697822,1.3883851360733e-6,0.0,10387.028822242019,23.16700131359675
563075.5624957968,442.55996661260724,-27.233334908956923,-73.91029470989726,413.8897671681729,4.621473208157537,-89.8438841724364,93.22399363082447,0.013649123608581863,12.534983867045607,0.9983876844184836,8.269933896580438e-68,-8.766521408372168e-165,1.1737967309933932,1.3881374607585742e-6,0.0,10387.028822797323,23.165968048748606
563076.1624957967,439.7872684672475,-27.233334909043236,-73.91029470818312,413.8895804136193,4.620854004599999,-89.84388422310151,93.22618672163826,0.013646863831352109,12.534994386016809,0.9983885222345837,7.334773402590922e-68,-6.494400556189811e-165,1.1741123195063952,1.387766091488993e-6,0.0,10387.028823630095,23.164418491858264
563076.5624957966,437.9390094112605,-27.23333490910079,-73.91029470704048,413.88945592576346,4.620441315907157,-89.8438842568689,93.22764890109535,0.01364535776764559,12.535001397986155,0.9983890807246396,6.7708492369210545e-68,-5.317166421462535e-165,1.174322724565859,1.3875186077286858e-6,0.0,10387.028824185152,23.163385680772688
563077.1624957965,435.1669302964583,-27.23333490918717,-73.9102947053271,413.8892692167421,4.6198224533057335,-89.84388430752003,93.22984233158081,0.013643099353415544,12.535011914921771,0.9983899183786094,6.00520457805071e-68,-3.939054837865524e-165,1.1746383512293195,1.3871475256325866e-6,0.0,10387.028825017553,23.161836804265405
563077.5624957964,433.3190838173032,-27.233334909244768,-73.91029470418498,413.88914475923184,4.619409991817014,-89.84388434127813,93.231304730069,0.01364159419795276,12.535018925529428,0.9983904767602091,5.5435025191762146e-68,-3.2250259180942904e-165,1.1748487817194353,1.3869002332155202e-6,0.0,10387.02882557236,23.160804446593144
563078.1624957962,430.5476233949885,-27.233334909331198,-73.91029470247238,413.8889580957149,4.618791469872446,-89.84388439190825,93.23349849623911,0.013639337145454957,12.535029440427486,0.9983913142518912,4.9166456882638756e-68,-2.389158611555512e-165,1.1751644465252558,1.3865294379767456e-6,0.0,10387.02882640439,23.159256249946914
563078.5624957961,428.7001892607659,-27.233334909388834,-73.91029470133117,413.8888336685315,4.618379235388517,-89.84388442564767,93.23496111433836,0.013637832897390595,12.535036449680478,0.9983918725255944,4.53863601223637e-68,-1.956077983641349e-165,1.1753749024413802,1.3862823366927927e-6,0.0,10387.028826958953,23.158224345342216
563079.162495796,425.92934719100595,-27.233334909475325,-73.91029469961933,413.8886470504908,4.6177610538016065,-89.84388447626384,93.23715520969736,0.013635577205357961,12.535046962539992,0.9983927098549104,4.025409044727406e-68,-1.4490986051524298e-165,1.1756906053817096,1.385911827995513e-6,0.0,10387.028827790611,23.156676828035096
563079.5624957959,424.0823251781985,-27.233334909533006,-73.91029469847822,413.88852265361555,4.6173490461232065,-89.84388451000095,93.23861805471121,0.013634073863848548,12.535053970434491,0.9983932680204124,3.71592089663738e-68,-1.1864218072229883e-165,1.1759010867182706,1.3856649176341448e-6,0.0,10387.028828344926,23.155645376149668
563080.1624957958,421.31210112106055,-27.233334909619554,-73.91029469676714,413.8883360810233,4.616731204595338,-89.84388456059845,93.240812482525,0.013631819531016198,12.535064481256049,0.9983941051874089,3.2957261931752094e-68,-8.789231310547196e-166,1.1762168277852976,1.3852946951631983e-6,0.0,10387.028829176214,23.154098537661195
563080.5624957957,419.4654910033569,-27.23333490967727,-73.91029469562655,413.88821171443766,4.616319423523745,-89.84388459431925,93.2422755493414,0.013630317095219736,12.535071487793461,0.9983946632448215,3.0423387275029707e-68,-7.196015273552342e-166,1.1764273345370637,1.3850479755146557e-6,0.0,10387.028829730283,23.15306753814907
563081.1624957955,416.6958846170455,-27.233334909763872,-73.91029469391624,413.8880251872656,4.615701921756949,-89.84388464489578,93.2444703182658,0.013628064120324891,12.535081996581857,0.9983955002498806,2.6983123999803856e-68,-5.3309406796494205e-166,1.176743113723229,1.3846780389557376e-6,0.0,10387.028830561201,23.151521377961046
563081.5624957954,414.8496861672029,-27.233334909821632,-73.91029469277615,413.8879008509509,4.615290367093175,-89.84388467861191,93.24593360245862,0.013626562589398778,12.53508900176223,0.9983960581992075,2.49085628847487e-68,-4.3646058679926166e-166,1.1769536458851022,1.3844315098101818e-6,0.0,10387.028831115023,23.150490830475064
563082.1624957953,412.0806971117854,-27.233334909908304,-73.9102946910666,413.88771436917136,4.61467320478943,-89.84388472916977,93.24812870181127,0.013624310971179271,12.535099508518112,0.9983968950423807,2.209191353021127e-68,-3.233380431783371e-166,1.1772694631826717,1.3840618588489578e-6,0.0,10387.028831945572,23.148945348067862
563082.5624957952,410.23491010349244,-27.233334909966096,-73.91029468992743,413.88759006310903,4.614261876334932,-89.84388476287192,93.24959221158551,0.013622810344282676,12.535106512341699,0.9983974528836422,2.0393406538683142e-68,-2.647268475503329e-166,1.1774800207494716,1.3838155199969843e-6,0.0,10387.028832499147,23.147915252261807
563083.162495795,407.46653804089874,-27.233334910052825,-73.91029468821866,413.88740362669404,4.613645053196406,-89.84388481341583,93.25178764370918,0.013620560081477677,12.535117017062896,0.9983982895647566,1.8087329081313173e-68,-1.9611452546358394e-166,1.1777958761505365,1.3834461543193142e-6,0.0,10387.028833329325,23.146370447115306
563083.562495795,405.62116224784404,-27.233334910110656,-73.91029468707958,413.8872793508654,4.613233950753181,-89.84388484710165,93.25325137578106,0.01361906035777169,12.535124019531846,0.9983988472981239,1.669670916689661e-68,-1.6056502221165904e-166,1.1780064591171089,1.3832000055521012e-6,0.0,10387.028833882654,23.145340802644522
563084.1624957948,402.853406840004,-27.233334910197446,-73.91029468537155,413.88709295978714,4.612617466482869,-89.84388489762222,93.25544713626053,0.013616811449123283,12.535134522219076,0.9983996838172366,1.480865262523905e-68,-1.1894952638342531e-166,1.1783223526137976,1.3828309248447304e-6,0.0,10387.028834712464,23.143796674241
563084.5624957947,401.0084420349449,-27.23333491025532,-73.91029468423298,413.8869687141737,4.61220658985294,-89.84388493130106,93.25691109261518,0.01361531262776924,12.53514152333577,0.9984002414428994,1.367010933044102e-68,-9.738765295774832e-167,1.178532960975122,1.3825849659536408e-6,0.0,10387.028835265546,23.142767480760742
563085.1624957946,398.24130294378847,-27.233334910342155,-73.91029468252573,413.8867823684042,4.611590444153999,-89.84388498181234,93.25910718713483,0.013613065072020463,12.535152023989067,0.9984010778000133,1.2124299369416796e-68,-7.214656738655745e-167,1.1788488925596012,1.3822161699036065e-6,0.0,10387.028836094987,23.14122402858239
563085.5624957945,396.3967489032075,-27.23333491040007,-73.91029468138767,413.88665815298737,4.611179793139416,-89.84388501547484,93.26057136749591,0.01361156715218068,12.535159023750442,0.9984016353177272,1.1192138956142828e-68,-5.906862414976294e-167,1.1790595263102561,1.3819704006798734e-6,0.0,10387.028836647825,23.140195285746497
563086.1624957944,393.63022578693926,-27.233334910486974,-73.91029467968116,413.88647185249897,4.610563985715493,-89.84388506596746,93.2627677965094,0.013609320948075924,12.535169522375437,0.9984024715132906,9.926536797054997e-69,-4.375912493240804e-167,1.179375495975156,1.3816018889750485e-6,0.0,10387.028837476897,23.138652509277712
563086.5624957943,391.78608228545636,-27.233334910544926,-73.91029467854362,413.8863476672603,4.6101535601186905,-89.84388509962533,93.26423219183674,0.013607823928913878,12.535176520781706,0.9984030289230731,9.163348396539021e-69,-3.582694780065915e-167,1.1795861551099551,1.3813563092104697e-6,0.0,10387.02883802949,23.13762421674152
563087.1624957941,389.0201748069376,-27.233334910631896,-73.91029467683788,413.8861614120251,4.609538090673458,-89.84388515009695,93.26642895275988,0.013605579075198805,12.535187017376943,0.9984038649569702,8.127160983160933e-69,-2.654126293480288e-167,1.179902162847412,1.3809880815385809e-6,0.0,10387.028838858192,23.136082115464788
563087.562495794,387.17644161824137,-27.23333491068989,-73.91029467570125,413.88603725694594,4.609127890297219,-89.8438851837385,93.26789357113654,0.013604082955879178,12.535194014430346,0.9984044222589994,7.502315166509691e-69,-2.173015212707145e-167,1.180112847361306,1.3807426910254306e-6,0.0,10387.028839410537,23.135054272884766
563088.1624957939,384.41114944033325,-27.233334910776914,-73.91029467399626,413.88585104693624,4.608512758534977,-89.84388523418914,93.27009066450891,0.01360183945130178,12.535204508996202,0.9984052581312602,6.653956661482311e-69,-1.6098097008622609e-167,1.1804288931634945,1.3803747470749147e-6,0.0,10387.028840238872,23.133512846284244
563088.5624957938,382.5678263390437,-27.23333491083495,-73.91029467285972,413.8857269219982,4.608102783182449,-89.84388526782602,93.27155550836987,0.01360034423099079,12.535211504698731,0.9984058153256948,6.142376173201051e-69,-1.3180009474794847e-167,1.1806396030513486,1.3801295456058232e-6,0.0,10387.028840790974,23.13248545331749
563089.1624957937,379.80314912460744,-27.23333491092202,-73.91029467115551,413.8855407571862,4.607487988807868,-89.84388531826269,93.27375293444243,0.013598102074300619,12.535221997236057,0.9984066510363871,5.447798972435847e-69,-9.763993821078088e-168,1.1809556869104836,1.3797618850655949e-6,0.0,10387.028841618941,23.130944700878043
563089.5624957936,377.96023588627577,-27.233334910980098,-73.91029467001948,413.8854166623708,4.607078238281864,-89.84388535187858,93.27521799637834,0.013596607752163956,12.535228991585706,0.9984072081230674,5.028952292157646e-69,-7.994083462456318e-168,1.1811664221670817,1.379516872432927e-6,0.0,10387.028842170797,23.129917757179673
563090.1624957934,375.196173299104,-27.233334911067235,-73.91029466831601,413.88523054272895,4.606463780999968,-89.84388540229894,93.2774157509541,0.013594366942112237,12.535239482094505,0.9984080436721913,4.46028057499574e-69,-5.922164296002601e-168,1.1814825440753036,1.3791494949922953e-6,0.0,10387.028842998398,23.12837767838653
563090.5624957933,373.3536696974188,-27.233334911125354,-73.9102946671805,413.8851064780176,4.606054255104018,-89.84388543591018,93.27888103327409,0.013592873517317739,12.53524647509441,0.998408600651367,4.117357915514603e-69,-4.848658912342119e-168,1.18169330469567,1.378904670989283e-6,0.0,10387.028843550008,23.127351183614437
563091.1624957932,370.59022139944136,-27.233334911212545,-73.91029466547779,413.88492040351815,4.605440134619957,-89.84388548631422,93.2810791278125,0.013590634052656252,12.535256963576131,0.998409436039038,3.6517688902146077e-69,-3.591975844263236e-168,1.1820094646453758,1.3785375763379426e-6,0.0,10387.02884437724,23.125811777953153
563091.5624957931,368.74812721367925,-27.2333349112707,-73.91029466434318,413.88479636889247,4.605030833157985,-89.84388551991381,93.28254463494443,0.013589141524374094,12.53526395522374,0.998409992910506,3.3710075617315736e-69,-2.940861620803115e-168,1.182220250623921,1.3782929407578904e-6,0.0,10387.028844928607,23.12478573176467
563092.162495793,365.98529286589473,-27.233334911357954,-73.91029466264123,413.8846103395078,4.604417049177318,-89.84388557029686,93.28474305385934,0.01358690340385615,12.535274441681564,0.9984108281369773,2.9898155067412917e-69,-2.1786444652471897e-168,1.1825364486076468,1.3779261285861056e-6,0.0,10387.028845755473,23.123246998721893
563092.5624957929,364.1436078697443,-27.233334911416144,-73.91029466150673,413.8844863349495,4.604007971952793,-89.84388560388012,93.28620877644039,0.013585411771254623,12.535281431977582,0.9984113849007937,2.759947571823174e-69,-1.7837235468755694e-168,1.182747259939445,1.3776816812223808e-6,0.0,10387.028846306595,23.12222140077377
563093.1624957927,361.3813871368766,-27.23333491150345,-73.91029465980553,413.88430035065176,4.603394524181783,-89.84388565425387,93.28840753585463,0.013583174993636666,12.535291916412465,0.9984122199661416,2.44785391219688e-69,-1.321415263282703e-168,1.1830634959493431,1.3773151512209436e-6,0.0,10387.028847133093,23.120683339837075
563093.5624957926,359.5401111058891,-27.233334911561684,-73.91029465867152,413.88417637614236,4.602985670999115,-89.84388568782781,93.28987348125405,0.01358168425588743,12.535298905359417,0.9984127766225074,2.2596539639026713e-69,-1.0818835096394249e-168,1.1832743326292807,1.377070891867727e-6,0.0,10387.028847683972,23.11965818978861
563094.1624957925,356.7785036545247,-27.23333491164905,-73.91029465697109,413.8839904369043,4.602372559143824,-89.84388573817823,93.2920725632219,0.01357944881992606,12.535309387767406,0.998413611526417,2.00413328579878e-69,-8.014792344001746e-169,1.1835906066573265,1.3767046437272668e-6,0.0,10387.028848510105,23.118120800443606
563094.5624957924,354.9376363651827,-27.23333491170732,-73.91029465583759,413.88386649242534,4.601963929807371,-89.84388577173584,93.29353873273757,0.01357795897620109,12.535316375365332,0.9984141680753355,1.8500481997229013e-69,-6.561958160388461e-169,1.1838014686802059,1.3764605721787254e-6,0.0,10387.028849060738,23.117096097953173
563095.1624957923,352.1766418563202,-27.23333491179476,-73.91029465413791,413.88368059821914,4.601351153574651,-89.84388582206995,93.29573814597106,0.013575724880654855,12.53532685575198,0.9984150028182494,1.6408455615890386e-69,-4.8612194896167314e-169,1.1841177807190517,1.3760946055910971e-6,0.0,10387.028849886503,23.115559379689337
563095.5624957922,350.33618308231235,-27.233334911853067,-73.91029465300531,413.8835566837523,4.60094274788877,-89.84388585562293,93.29720453307807,0.013574235930126,12.53533384200331,0.9984155592599139,1.5146913624715378e-69,-3.980030614667537e-169,1.1843286680800242,1.3758507216416788e-6,0.0,10387.028850436893,23.114535124415646
563096.162495792,347.5758011834696,-27.23333491194056,-73.91029465130639,413.8833708345506,4.600330306985706,-89.84388590594305,93.2994042767835,0.013572003173755608,12.535344320365967,0.9984163938416206,1.3434107282507202e-69,-2.9484799994743823e-169,1.1846450181216135,1.3754850362986523e-6,0.0,10387.028851262294,23.112999076720797
563096.5624957919,345.7357507040724,-27.233334911998906,-73.91029465017387,413.8832469500775,4.599922124755412,-89.84388593947503,93.30087088454546,0.013570515115597828,12.535351305268877,0.998416950175886,1.240124405347666e-69,-2.414011687747961e-169,1.1848559308152147,1.3752413397431182e-6,0.0,10387.028851812438,23.111975268323015
563097.1624957918,342.97598107811064,-27.233334912086463,-73.91029464847571,413.88306114585265,4.5993100188893665,-89.84388598977884,93.3030709614983,0.013568283697164564,12.53536178161051,0.998417784596622,1.0998916820857655e-69,-1.788344329209844e-169,1.1851723188520618,1.374875935337165e-6,0.0,10387.028852637473,23.110439890686656
563097.5624957917,341.1363386698067,-27.23333491214485,-73.91029464734372,413.88293729135495,4.598902059919594,-89.84388602330615,93.30453779266603,0.013566796530552478,12.53536876516508,0.9984183408234948,1.0153279927796521e-69,-1.4641727646787312e-169,1.1853832568731697,1.374632425970484e-6,0.0,10387.028853187376,23.10941652882397
563098.1624957916,338.3771809823811,-27.233334912232458,-73.9102946456463,413.8827515320795,4.5982902887985775,-89.84388607359365,93.30673820332245,0.013564566448820422,12.53537923948722,0.998419175083382,9.005151491507795e-70,-1.0846861570663992e-169,1.1856996828975064,1.3742673021946114e-6,0.0,10387.028854012047,23.107881820736573
563098.5624957915,336.53794642165303,-27.233334912290875,-73.9102946445148,413.88262770753903,4.59788255289479,-89.843886107107,93.30820525079538,0.013563080172930507,12.535386221695397,0.9984197312030171,8.312802558167131e-70,-8.880660751178544e-170,1.185910646241028,1.3740239798123208e-6,0.0,10387.028854561706,23.106858905069707
563099.1624957913,333.77940033748746,-27.23333491237855,-73.91029464281814,413.8824419931856,4.597271116226646,-89.8438861573735,93.31040599082274,0.013560851426663587,12.535396693998257,0.9984205653020725,7.372794494747507e-70,-6.578957084015881e-170,1.1862271102452298,1.3736591363595908e-6,0.0,10387.028855386012,23.10532486602069
563099.5624957912,331.94057340174913,-27.23333491243701,-73.91029464168716,413.8823181985839,4.596863603194158,-89.84388619087753,93.31187325828711,0.013559366040672345,12.53540367485901,0.9984211213143878,6.805947128660203e-70,-5.386395463709357e-170,1.1864380989059888,1.3734160007571279e-6,0.0,10387.028855935427,23.1043023962091
563100.1624957911,329.1826385864988,-27.233334912524736,-73.91029463999125,413.882132529125,4.59625250068725,-89.84388624112772,93.31407432432773,0.013557138628636622,12.535414145142962,0.998421955252641,6.03633361560224e-70,-3.990340987699468e-170,1.1867546008823642,1.3730514373211476e-6,0.0,10387.028856759367,23.102769025688904
563100.562495791,327.3442190522328,-27.23333491258323,-73.91029463886116,413.8820087644438,4.5958452103320315,-89.84388627462008,93.31554181532478,0.013555654131722656,12.535421124658907,0.9984225111578449,5.5722382426380197e-70,-3.2670154737774912e-170,1.1869656148553138,1.3728084882946922e-6,0.0,10387.028857308538,23.101747001394312
563101.1624957909,324.5868951724842,-27.23333491267102,-73.910294637166,413.88182313985203,4.595234441695251,-89.84388632485162,93.31774321237643,0.013553428052686363,12.53543159292452,0.9984233449353412,4.94213198873346e-70,-2.420265247937271e-170,1.187282154796101,1.3724442045696219e-6,0.0,10387.028858132113,23.100214298894432
563101.5624957908,322.7488828180358,-27.23333491272957,-73.91029463603601,413.88169940507316,4.594827373823163,-89.84388635832998,93.31921092042786,0.013551944444028545,12.535438571094407,0.9984239007333342,4.562162832850279e-70,-1.9815459480859034e-170,1.1874931940760085,1.3722014419152252e-6,0.0,10387.028858681042,23.099192719777182
563102.1624957906,319.99216954037547,-27.233334912817405,-73.91029463434161,413.88151382532106,4.594216938765921,-89.84388640854287,93.3214126493417,0.013549719696761917,12.535449037343515,0.9984247343502197,4.04627546279609e-70,-1.4679657423838263e-170,1.1878097719734806,1.3718374375958298e-6,0.0,10387.028859504255,23.09766068479038
563102.5624957905,318.15456414129585,-27.233334912875986,-73.91029463321213,413.8813901204263,4.593810093183139,-89.8438864420166,93.32288058092138,0.013548236975539932,12.53545601417015,0.9984252900412252,3.735183028281109e-70,-1.2018689154954051e-170,1.1880208365554576,1.3715948611101043e-6,0.0,10387.02886005294,23.096639550512318
563103.1624957904,315.39846113324165,-27.233334912963883,-73.91029463151848,413.88120458548667,4.593199991414885,-89.84388649220851,93.32508264518414,0.013546013558813918,12.535466478402162,0.9984261234974529,3.312810171429986e-70,-8.903666334295727e-171,1.1883374524018224,1.3712311358912621e-6,0.0,10387.02886087579,23.09510818253057
563103.5624957903,313.5612624678761,-27.233334913022503,-73.9102946303895,413.88108091045774,4.592793367927997,-89.84388652566591,93.32655078810215,0.013544531724209406,12.535473453886212,0.998426679081524,3.058109227119096e-70,-7.289706763698423e-171,1.1885485422806865,1.370988745371101e-6,0.0,10387.02886142423,23.09408749275389
563104.1624957902,310.8057693960145,-27.23333491311046,-73.91029462869659,413.88089542030315,4.59218359915844,-89.84388657585085,93.32875317514019,0.013542309636796047,12.5354839161015,0.9984275123771233,2.7122995784241887e-70,-5.400349061534378e-171,1.188865196068292,1.3706252989481256e-6,0.0,10387.028862246716,23.092556791269736
563104.5624957901,308.9689772455022,-27.23333491316912,-73.91029462756852,413.8807717751218,4.591777197574024,-89.84388660930125,93.33022154382985,0.013540828687991361,12.53549089023915,0.9984280678539562,2.5037680815589542e-70,-4.421432655058437e-171,1.1890763112385632,1.370383094190318e-6,0.0,10387.028862794918,23.091536545655337
563105.1624957899,306.2140937736258,-27.23333491325714,-73.91029462587638,413.8805863297251,4.591167761513507,-89.84388665945819,93.33242426606621,0.0135386079286646,12.535501350443422,0.9984289009893821,2.2206430862123753e-70,-3.275478762504869e-171,1.1893930029601196,1.370019926259415e-6,0.0,10387.028863617039,23.090006510163807
563105.5624957898,304.37770791258663,-27.233334913315833,-73.91029462474839,413.8804627143732,4.5907615816386045,-89.84388669289694,93.33389285561758,0.013537127864842756,12.535508323240226,0.9984294563594193,2.0499119359902678e-70,-2.6817356797626394e-171,1.1896041434170896,1.3697779070616896e-6,0.0,10387.028864164999,23.08898670837571
563106.1624957897,301.62343371100724,-27.233334913403898,-73.91029462305698,413.880277313707,4.590152477997464,-89.84388674304458,93.33609589750102,0.013534908432377979,12.535518781429698,0.99843028933437,1.818108794312397e-70,-1.9866791945060144e-171,1.1899208730645936,1.3694150173187666e-6,0.0,10387.028864986756,23.087457338369312
563106.5624957896,299.7874539196491,-27.233334913462627,-73.91029462192951,413.88015372816636,4.589746519639071,-89.843886776467,93.33756470304361,0.013533429252723038,12.535525752883231,0.9984308445974182,1.6783259505005482e-70,-1.626555647722952e-171,1.1901320388029422,1.369173183478538e-6,0.0,10387.028865534474,23.086437980069373
563107.1624957895,297.03378865588456,-27.233334913550767,-73.91029462023884,413.8799683722034,4.589137748128223,-89.84388682659599,93.33976807537732,0.013531211145897379,12.535536209059138,0.9984316774119923,1.4885415889115764e-70,-1.2049823882432209e-171,1.1904488063687482,1.3688105716203466e-6,0.0,10387.02886635587,23.084909275042914
563107.5624957894,295.1982147125527,-27.233334913609546,-73.91029461911187,413.87984481645583,4.588732011093821,-89.84388686000442,93.3412371067936,0.013529732849594847,12.535543179170803,0.9984322325681633,1.3740970754252644e-70,-9.865563169050281e-172,1.1906599973833896,1.3685689229356758e-6,0.0,10387.028866903345,23.08389035989487
563108.1624957892,292.44515805412084,-27.233334913697732,-73.91029461742195,413.87965950516895,4.588123571424685,-89.84388691012177,93.34344081359218,0.013527516067187375,12.535553633335592,0.9984330652225557,1.218714781453655e-70,-7.308590939048767e-172,1.190976802859891,1.3682065886595562e-6,0.0,10387.028867724379,23.082362319344373
563108.5624957891,290.6099897371605,-27.233334913756543,-73.91029461629587,413.87953597919636,4.587718055522004,-89.84388694351856,93.34491006039462,0.013526038653423805,12.535560602107157,0.9984336202719901,1.1250155383280227e-70,-5.983769247536948e-172,1.1911880191457667,1.3679651249288224e-6,0.0,10387.028868271611,23.081343847012466
563109.162495789,287.85754135157913,-27.233334913844793,-73.91029461460631,413.8793507125584,4.5871099474058195,-89.84388699361723,93.34711408476079,0.013523823194213531,12.535571054260744,0.9984344527661941,9.977992752084664e-71,-4.4328864915794963e-172,1.1915048625253915,1.3676030679320931e-6,0.0,10387.028869092283,23.079816470432604
563109.5624957889,286.02277844026685,-27.233334913903644,-73.91029461348073,413.8792272163427,4.586704652442408,-89.84388702700703,93.34858354410223,0.013522346662175383,12.53557802169082,0.9984350077087816,9.210848229829658e-71,-3.62934115308247e-172,1.191716104077359,1.367361788953543e-6,0.0,10387.028869639274,23.07879844057967
563110.1624957888,283.2709379978478,-27.233334913991943,-73.91029461179232,413.87904199432637,4.586096875591403,-89.84388707708473,93.35078790966222,0.013520132524945116,12.535588471833638,0.9984358400428316,8.169289556158562e-71,-2.6886827859304904e-172,1.1920329853522544,1.3670000089343616e-6,0.0,10387.028870459584,23.077271727467405
563110.5624957887,281.4365802705288,-27.233334914050833,-73.91029461066682,413.8789185278494,4.585691801375528,-89.84388711046054,93.35225759251148,0.013518656873821137,12.535595437924878,0.9984363948787832,7.541204740962369e-71,-2.2013076809203377e-172,1.1922442521653043,1.3667589145070382e-6,0.0,10387.028871006336,23.076254139758817
563111.1624957885,278.6853474397212,-27.2333349141392,-73.91029460897916,413.87873335042764,4.58508435550185,-89.8438871605266,93.35446228135743,0.013516444057353617,12.535605886057615,0.9984372270527342,6.6884486199309205e-71,-1.6307692825184767e-172,1.1925611713278663,1.3663974111637499e-6,0.0,10387.028871826282,23.074728089610634
563111.5624957884,276.85139467474073,-27.233334914198128,-73.91029460785417,413.8786099136714,4.584679501841559,-89.84388719389308,93.35593218270962,0.01351496928633221,12.535612850810447,0.9984377817820841,6.174216263920033e-71,-1.335161204661976e-172,1.192772463397014,1.3661565010865916e-6,0.0,10387.028872372794,23.073710943710473
563112.1624957883,274.10076912492514,-27.23333491428655,-73.91029460616724,413.878424780817,4.584072386657972,-89.8438872439335,93.35813720036232,0.013512757789412603,12.535623296934519,0.9984386137960487,5.476038599676185e-71,-9.891120167548765e-173,1.193089420439569,1.3657952741181714e-6,0.0,10387.02887319238,23.07218555602428
563112.5624957882,272.267221105285,-27.233334914345512,-73.91029460504275,413.87830137376335,4.583667753362128,-89.84388727729298,93.35960732357766,0.0135112838976856,12.535630260347187,0.9984391684186572,5.055020753725067e-71,-8.09816573069474e-173,1.193300737759318,1.3655545481906326e-6,0.0,10387.028873738649,23.071168851597974
563113.1624957881,269.5172025039792,-27.233334914433996,-73.91029460335656,413.8781162854495,4.5830609685814965,-89.84388732731941,93.3618126697998,0.013509073719099535,12.535640704465289,0.9984400002728501,4.483401226374857e-71,-5.999270357717292e-173,1.1936177326744455,1.3651935972964042e-6,0.0,10387.028874557873,23.069644125871886
563113.562495788,267.6840590070933,-27.233334914493003,-73.91029460223298,413.8779929080804,4.582656555458641,-89.84388736066725,93.36328301147095,0.013507600705857258,12.535647666540024,0.9984405547888947,4.138700966779434e-71,-4.911788027753675e-173,1.1938290752399692,1.3649530553181114e-6,0.0,10387.028875103902,23.068627862584766
563114.1624957878,264.9346470264718,-27.23333491458154,-73.91029460054754,413.8778078642798,4.582050100794248,-89.84388741067502,93.36548868523212,0.013505391844392776,12.535658108649981,0.9984413864831426,3.670698478613391e-71,-3.6387430559247544e-173,1.194146108019747,1.3645923801976055e-6,0.0,10387.028875922768,23.067103798316527
563114.5624957877,263.101907832548,-27.23333491464058,-73.91029459942403,413.87768451657723,4.5816459076533,-89.84388744400421,93.36695924047218,0.013503919708827403,12.535665069386674,0.9984419408926148,3.3884817742436954e-71,-2.9791513821630065e-173,1.1943574758259201,1.364352021968429e-6,0.0,10387.028876468556,23.066087975834108
563115.1624957876,260.35310214105994,-27.23333491472918,-73.91029459773937,413.87749951726295,4.5810397828189675,-89.84388749400033,93.36916524491085,0.01350171216327401,12.535675509492236,0.9984427724272165,3.005313742974852e-71,-2.2070102258366262e-173,1.1946745464628938,1.3639916223220384e-6,0.0,10387.028877287059,23.064564572523857
563115.5624957875,258.52076702937484,-27.233334914788266,-73.91029459661637,413.8773761992089,4.580635809469309,-89.8438875273202,93.37063602587844,0.013500240904579238,12.535682468893405,0.9984433267303167,2.774254247055779e-71,-1.8069474716120323e-173,1.1948859395047207,1.3637514476424153e-6,0.0,10387.028877832608,23.06354919051322
563116.1624957874,255.77256730012596,-27.233334914876913,-73.91029459493242,413.877191244354,4.580030014178661,-89.84388757729533,93.37284234781524,0.013498034673727028,12.53569290699012,0.9984441581049175,2.4605427948757384e-71,-1.3386199745586437e-173,1.1952030479909386,1.3633913231701898e-6,0.0,10387.02887865075,23.0620264476584
563116.5624957873,253.94063605275005,-27.233334914936037,-73.91029459380991,413.87706795593056,4.579626260429548,-89.84388761061055,93.37431333987068,0.013496564291096922,12.53569986505324,0.9984447123014447,2.2713672789415764e-71,-1.09596953841081e-173,1.1954144662631305,1.3631513318403533e-6,0.0,10387.028879196057,23.061011505784947
563117.1624957871,251.1930419523269,-27.233334915024745,-73.9102945921267,413.8768830455079,4.579020794397201,-89.84388766056004,93.37651999602852,0.013494359373738374,12.535710301148418,0.9984455435166267,2.0145220643159886e-71,-8.119144240068553e-174,1.1957316125914252,1.3627914822437931e-6,0.0,10387.02888001384,23.059489422887886
563117.562495787,249.3615143476054,-27.233334915083912,-73.9102945910051,413.876759786697,4.578617260058652,-89.84388769386827,93.37799121252381,0.013492889866368967,12.535717257878602,0.998446097606988,1.8596382510080488e-71,-6.647394282318688e-174,1.1959430560891453,1.3625516740649917e-6,0.0,10387.028880558912,23.058474920820462
563118.1624957869,246.61452555004507,-27.233334915172673,-73.91029458932263,413.87657492067973,4.578012122999213,-89.84388774380844,93.38019819567869,0.013490686261298125,12.53572769196897,0.9984469286624911,1.6493511740855143e-71,-4.924512142646981e-174,1.196260240251528,1.3621920990452346e-6,0.0,10387.028881376333,23.056953497380718
563118.5624957868,244.78340137191117,-27.23333491523188,-73.91029458820111,413.8764516914635,4.577608807880667,-89.843887777098,93.38166962364446,0.013489217628384906,12.53573464736041,0.998447482646224,1.5225430324169197e-71,-4.0318502655353865e-174,1.1964717089693204,1.3619524738179252e-6,0.0,10387.028881921162,23.05593943478401
563119.1624957867,242.03701754566282,-27.2333349153207,-73.91029458651941,413.8762668698247,4.577003999509097,-89.84388782702652,93.38387693260752,0.013487015334396462,12.535745079449912,0.9984483135423615,1.350374534806069e-71,-2.9868689514589545e-174,1.1967889309584858,1.3615931730769304e-6,0.0,10387.028882738225,23.05441867030337
563119.5624957866,240.2062965715304,-27.233334915379935,-73.91029458539836,413.876143670185,4.576600903420933,-89.84388786029743,93.38534858191582,0.013485547575136992,12.535752033508814,0.9984488674199603,1.2465528090233265e-71,-2.4454419090103305e-174,1.197000424891671,1.3613537306029272e-6,0.0,10387.028883282816,23.05340504684697
563120.1624957864,237.46051739063114,-27.233334915468827,-73.9102945837174,413.87595889289776,4.57599642345241,-89.84388791020965,93.38755622566835,0.013483346591027569,12.535762463594283,0.9984496981564807,1.1055931646962669e-71,-1.811628416128581e-174,1.197317684699705,1.3609947038426164e-6,0.0,10387.02888409952,23.051884940825822
563120.5624957863,235.63019940350205,-27.2333349155281,-73.91029458259688,413.87583572281693,4.575593546204952,-89.84388794347124,93.38902808663883,0.013481879704620415,12.535769416318798,0.998450251927798,1.0205911245853322e-71,-1.48323616615013e-174,1.197529203842984,1.3607554439234097e-6,0.0,10387.028884643873,23.05087175617713
563121.1624957862,232.88502453826368,-27.233334915617046,-73.91029458091664,413.8756509898543,4.574989394355336,-89.84388799336479,93.39123605144181,0.013479680029188536,12.5357798444038,0.9984510825049849,9.051831283227285e-72,-1.0988086760624158e-174,1.197846501462437,1.3603966908466916e-6,0.0,10387.028885460215,23.04935230811881
563121.5624957861,231.0551093192771,-27.233334915676355,-73.91029457979701,413.87552784931427,4.574586735759135,-89.84388802662173,93.39270814081601,0.013478214014832937,12.535786795794541,0.9984516361700696,8.355893437025351e-72,-8.996286178255901e-175,1.1980580458107482,1.360157613284185e-6,0.0,10387.028886004326,23.04833956194615
563122.162495786,228.3105384428054,-27.233334915765347,-73.91029457811712,413.8753431606496,4.573982911744446,-89.84388807648965,93.39491642850412,0.013476015646878479,12.535797221878651,0.9984524665878892,7.411012675944122e-72,-6.664614530446542e-175,1.1983753812338893,1.3597991335940666e-6,0.0,10387.028886820312,23.046820771353165
563122.5624957859,226.48102577216923,-27.233334915824713,-73.91029457699797,413.87522004963256,4.573580471610289,-89.84388810973024,93.39638872420718,0.01347455050377453,12.53580417193767,0.998453020146905,6.841226956514217e-72,-5.456525862037689e-175,1.1985869507823048,1.3595602381905274e-6,0.0,10387.028887364184,23.04580846332558
563123.1624957857,223.73705855570734,-27.233334915913773,-73.91029457531924,413.87503540523886,4.572976975146694,-89.84388815959352,93.39859734140956,0.013472353442097969,12.53581459602199,0.998453850405445,6.067624016012649e-72,-4.0422948787233766e-175,1.198904324001651,1.3592020315904026e-6,0.0,10387.028888179811,23.04429032970085
563123.5624957856,221.9079482164234,-27.23333491597316,-73.91029457420018,413.87491232372685,4.572574753285568,-89.84388819282013,93.40006985934922,0.013470889169447081,12.535821544748064,0.9984544038582942,5.60112292279282e-72,-3.309551729807058e-175,1.1991159187449465,1.358963318148183e-6,0.0,10387.028888723446,23.043278459486924
563124.1624957855,219.16458433214575,-27.233334916062272,-73.91029457252218,413.87472772357734,4.571971584089883,-89.84388824266475,93.40227880238368,0.01346869341285139,12.535831966834644,0.9984552339577182,4.967750401938598e-72,-2.451776890006933e-175,1.1994333297529465,1.3586053843421012e-6,0.0,10387.028889538717,23.041760982334907
563124.5624957854,217.33587610535324,-27.233334916121706,-73.91029457140363,413.8746046715527,4.571569580313148,-89.84388827588438,93.4037515410337,0.013467230009856095,12.535838914229817,0.9984557873045635,4.585811608890159e-72,-2.0073455032023884e-175,1.1996449496861337,1.3583668526640982e-6,0.0,10387.02889008211,23.040749549604705
563125.1624957853,214.59311522729695,-27.23333491621087,-73.91029456972635,413.87442011562064,4.570966738102617,-89.84388832570801,93.40596080841262,0.013465035557146246,12.535849334319288,0.9984566172449215,4.067250045624722e-72,-1.4870785280935534e-175,1.1999623984750565,1.3580091913564998e-6,0.0,10387.028890897023,23.03923272843029
563125.5624957852,212.7648088959977,-27.233334916270344,-73.91029456860828,413.8742970930653,4.5705649522213925,-89.84388835891832,93.40743376476009,0.013463573023008947,12.535856280381015,0.9984571704855605,3.7545450085830247e-72,-1.2175171437679146e-175,1.2001740435929555,1.3577708412453627e-6,0.0,10387.02889144018,23.038221732852005
563126.162495785,210.02265069726855,-27.23333491635956,-73.91029456693174,413.87411258132414,4.569962436713092,-89.84388840872796,93.40964335608159,0.013461379872989723,12.535866698472745,0.9984580002668022,3.329982707500523e-72,-9.019591292055276e-176,1.2004915301552168,1.3574134521407394e-6,0.0,10387.028892254735,23.036705567159075
563126.562495785,208.19474604167044,-27.233334916419068,-73.91029456581457,413.87398958822035,4.569560868539497,-89.84388844192429,93.4111165262287,0.013459918206915633,12.535873643206397,0.9984585534016625,3.0739614759026947e-72,-7.38461810886038e-176,1.200703200453001,1.3571752834002838e-6,0.0,10387.028892797653,23.035695008405035
563127.1624957848,205.4531901953742,-27.23333491650835,-73.91029456413878,413.87380512064317,4.568958679451209,-89.84388849171062,93.41332644540822,0.01345772635839435,12.535884059302077,0.9984593830239227,2.7263592618755e-72,-5.4706611344872666e-176,1.2010207247810487,1.356818166203886e-6,0.0,10387.02889361185,23.034179497699455
563127.5624957847,203.62568700127304,-27.2333349165679,-73.9102945630217,413.87368215697325,4.568557328797036,-89.84388852489995,93.41479983688183,0.013456265559588877,12.535891002703426,0.9984599360526674,2.516746805200783e-72,-4.4789993219268984e-176,1.2012324202532634,1.3565801786373569e-6,0.0,10387.028894154531,23.03316937543875
563128.1624957846,200.88473318051547,-27.23333491665724,-73.91029456134665,413.8734977335334,4.567955465846998,-89.84388857467464,93.4170100793675,0.01345407501137463,12.535901416805773,0.9984607655161624,2.232154181483285e-72,-3.31812520981423e-176,1.2015499823395852,1.3562233330549778e-6,0.0,10387.02889496837,23.031654519227462
563128.5624957845,199.05763122811913,-27.23333491671683,-73.91029456023006,413.87337479927936,4.56755433252407,-89.84388860785465,93.41848368581351,0.013452615079042721,12.535908358876585,0.9984613184389325,2.0605380162184078e-72,-2.7166516440100066e-176,1.2017617029814527,1.3559855264661077e-6,0.0,10387.028895510812,23.03064483313043
563129.1624957843,196.31727910600603,-27.233334916806225,-73.91029455855573,413.87319041995016,4.566952795430328,-89.843888657606,93.42069425463689,0.013450425829944488,12.535918770985768,0.9984621477436758,1.827533282053875e-72,-2.0125455840423985e-176,1.202079302818572,1.355628952203503e-6,0.0,10387.028896324295,23.029130630919
563129.5624957843,194.49057817924768,-27.23333491686584,-73.91029455743963,413.8730675150945,4.566551879251117,-89.84388869077203,93.422168073946,0.013448966763293864,12.53592571172579,0.9984627005604508,1.6870258492063788e-72,-1.6477332601442005e-176,1.2022910486249017,1.3553913263964432e-6,0.0,10387.028896866499,23.028121380656945
563130.1624957841,191.75082742981613,-27.233334916955304,-73.91029455576603,413.8728831798493,4.5659506677324115,-89.84388874051174,93.42437896951843,0.013446778812123264,12.535936121843163,0.9984635297065502,1.49625770689157e-72,-1.2206711536588825e-176,1.2026086862052703,1.3550350231600603e-6,0.0,10387.02889767963,23.02660783195265
563130.562495784,189.92452730983496,-27.233334917014965,-73.91029455465082,413.87276030437397,4.565549968509525,-89.84388877366845,93.42585300901702,0.013445320610361912,12.535943061255331,0.9984640824175645,1.3812199500758127e-72,-9.994011939557438e-177,1.202820457171224,1.354797577939358e-6,0.0,10387.028898221595,23.025599017197734
563131.1624957839,187.18537761084735,-27.23333491710447,-73.91029455297797,413.87257601318623,4.564949082284951,-89.84388882338484,93.42806422976194,0.013443133955932614,12.535953469378219,0.9984649114048069,1.2250322045661223e-72,-7.403748154523872e-177,1.2031381324869,1.354441545435851e-6,0.0,10387.028899034367,23.024086121507516
563131.5624957838,185.35947808157653,-27.233334917164164,-73.91029455186286,413.87245316707373,4.564548599831398,-89.84388885652989,93.4295384843613,0.01344167661827043,12.535960407463287,0.9984654640101199,1.1308472548804724e-72,-6.0616774003381895e-177,1.2033499286073392,1.3542042806063165e-6,0.0,10387.028899576097,23.023077741932216
563132.1624957836,182.62092910706997,-27.23333491725375,-73.91029455019074,413.87226891991685,4.563948038620529,-89.84388890623464,93.43175002228405,0.01343949125939739,12.535970813594647,0.9984662928387409,1.0029715438136659e-72,-4.490602286398739e-177,1.2036676416508474,1.3538485185431413e-6,0.0,10387.02890038851,23.02156549876519
563132.5624957836,180.79542995244265,-27.233334917313474,-73.9102945490761,413.8721461031494,4.563547772749268,-89.84388893936102,93.43322449894096,0.013438034785044415,12.535977750352071,0.9984668453383098,9.25859428688753e-73,-3.6765948578002062e-177,1.2038794629206557,1.3536114339096273e-6,0.0,10387.028900930003,23.02055755404135
563133.1624957834,178.05748137738556,-27.233334917403106,-73.91029454740473,413.87196189999685,4.5629475362716905,-89.84388898905647,93.43543636691139,0.013435850720543218,12.535988154492333,0.9984676740083436,8.211636510047937e-73,-2.7236892008931933e-177,1.2041972136844512,1.3532559419943258e-6,0.0,10387.028901742066,23.019045962905793
563133.5624957833,176.23238237854093,-27.23333491746288,-73.91029454629059,413.8718391125567,4.56254748679569,-89.84388902217586,93.43691105360301,0.013434395108709392,12.535995089924036,0.9984682264023211,7.58029590638631e-73,-2.2299685145977527e-177,1.2044090600988622,1.3530190373619663e-6,0.0,10387.02890228332,23.01803845270564
563134.1624957832,173.4950338760391,-27.233334917552565,-73.91029454461993,413.8716549533819,4.561947574771137,-89.84388907185031,93.43912324542553,0.013432212337396209,12.536005492075166,0.9984690549139245,6.723119373532271e-73,-1.6520017560966174e-177,1.20472684857565,1.3526638153024622e-6,0.0,10387.028903095023,23.01652751311023
563134.5624957831,171.67033481877297,-27.233334917612375,-73.91029454350667,413.8715321952514,4.561547741504171,-89.84388910495805,93.44059814962306,0.013430757587294848,12.536012426180893,0.9984696072022906,6.206221403367457e-73,-1.3525448868936917e-177,1.2049387201293835,1.3524270904768929e-6,0.0,10387.028903636043,23.01552043710731
563135.162495783,168.93358606752008,-27.233334917702123,-73.91029454183635,413.8713480800278,4.560948153653351,-89.84388915461153,93.44281067114893,0.013428576107990014,12.536022826342009,0.9984704355553929,5.504424612007221e-73,-1.001990168794346e-177,1.2052565463112583,1.352072137981749e-6,0.0,10387.028904447394,23.014010148562235
563135.5624957829,167.10928673669696,-27.23333491776196,-73.9102945407236,413.87122535118937,4.5605485364089455,-89.84388918771228,93.44428579422387,0.01342712221883386,12.53602975912025,0.9984709877380274,5.081224345762816e-73,-8.203603140971957e-178,1.2054684429991622,1.3518355927685334e-6,0.0,10387.028904988174,23.01300350642899
563136.1624957827,164.37313741166145,-27.233334917851764,-73.91029453905442,413.8710412798907,4.559949272452501,-89.84388923734708,93.44649862834343,0.013424942030357389,12.53604015729313,0.9984718159327706,4.506641727730049e-73,-6.077380333618749e-178,1.205786306878688,1.351480909546628e-6,0.0,10387.028905799169,23.01149386844456
563136.5624957826,162.54923758935183,-27.23333491791165,-73.91029453794174,413.87091858032653,4.559549871044704,-89.84388927044087,93.44797397079616,0.013423489001360594,12.536047088747635,0.998472368009972,4.160154653516488e-73,-4.975739078732294e-178,1.20599822869596,1.3512445437520647e-6,0.0,10387.028906339714,23.01048765985574
563137.1624957825,159.81368736550212,-27.233334918001514,-73.91029453627328,413.8707345529261,4.558950930703411,-89.84388932005936,93.45018713040552,0.013421310102533335,12.536057484933302,0.9984731960464373,3.6897261918737755e-73,-3.6861191725960527e-178,1.2063161302657373,1.3508901295125269e-6,0.0,10387.028907150354,23.00897867194213
563137.5624957824,157.9901868365705,-27.233334918061438,-73.9102945351611,413.87061188261873,4.558551744946172,-89.84388935313916,93.45166268750995,0.013419857932910464,12.536064415062954,0.9984737480181167,3.4060465674197074e-73,-3.0179396728704266e-178,1.206528077207278,1.350653942942733e-6,0.0,10387.028907690663,23.00797289657092
563138.1624957822,155.25523539073765,-27.233334918151353,-73.91029453349338,413.87042789909015,4.557953127941546,-89.843889402739,93.45387617098112,0.013417680322556176,12.536074809262777,0.9984745758964134,3.0208923170506e-73,-2.23574530615062e-178,1.206846016459726,1.3502997973953611e-6,0.0,10387.028908500948,23.00646455823994
563138.5624957822,153.43213394191116,-27.233334918211312,-73.91029453238167,413.8703052580219,4.557554157649416,-89.84388943580713,93.45535194154614,0.013416229011524153,12.536081738066477,0.9984751277624832,2.7886350834638732e-73,-1.8304737698194896e-178,1.2070579885202388,1.3500637898569551e-6,0.0,10387.02890904102,23.005459215760837
563139.162495782,150.6977809527889,-27.233334918301292,-73.91029453071468,413.87012131833876,4.556955863703062,-89.84388948539532,93.45756575102483,0.013414052688467567,12.53609213027858,0.9984759554824618,2.473297452616922e-73,-1.3560486896722215e-178,1.2073759654475966,1.3497099127116376e-6,0.0,10387.028909850953,23.003951526523483
563139.5624957819,148.87507836520672,-27.233334918361294,-73.91029452960387,413.86999870649214,4.556557108690414,-89.84388951844713,93.45904173734726,0.013412602235242231,12.536099057760092,0.9984765072432218,2.283141312015806e-73,-1.110238966046102e-178,1.2075879626224653,1.3494740840115325e-6,0.0,10387.028910390789,23.002946616611446
563140.1624957818,146.1413235059008,-27.233334918451323,-73.91029452793761,413.86981481062816,4.555959137524429,-89.84388956802367,93.4612558697025,0.013410427198309127,12.536109447990565,0.9984773348053673,2.0249646948997465e-73,-8.224854788704924e-179,1.207905977217657,1.3491204749790872e-6,0.0,10387.028911200368,23.001439575981458
563140.5624957817,144.31901956815273,-27.23333491851136,-73.91029452682689,413.86969222798535,4.555560597606022,-89.84388960106382,93.46273207345882,0.013408977602108884,12.53611637414573,0.9984778864604862,1.8692780140162026e-73,-6.733942775091894e-179,1.2081179995014164,1.3488848249241412e-6,0.0,10387.02891173997,23.00043509831041
563141.1624957816,141.58586251921952,-27.23333491860144,-73.91029452516136,413.8695083759142,4.5549629489430306,-89.84388965061939,93.46494653390427,0.013406803850128155,12.53612676239315,0.9984787138646853,1.657900876925186e-73,-4.988628860489809e-179,1.2084360517565402,1.3485314837155057e-6,0.0,10387.028912549195,22.998928705800836
563141.5624957815,139.76395701244473,-27.233334918661516,-73.91029452405111,413.8693858224579,4.5545646239341515,-89.8438896836502,93.46642294357241,0.013405355110172117,12.536133687228734,0.9984792654147022,1.530435402878895e-73,-4.0843446037300555e-179,1.2086480991446178,1.3482960121136157e-6,0.0,10387.02891308856,22.997924660048326
563142.1624957813,137.03139745257795,-27.23333491875166,-73.91029452238631,413.8692020141531,4.553967297496389,-89.84388973319179,93.4686377274598,0.013403182641971672,12.536144073490288,0.9984800926607308,1.3573744394814655e-73,-3.025757724244325e-179,1.2089661890520214,1.3479429384396336e-6,0.0,10387.028913897433,22.996418915170615
563142.5624957812,135.2098901635036,-27.233334918811778,-73.91029452127655,413.8690794898656,4.5535691872119575,-89.84388976620629,93.47011435554111,0.013401734757479012,12.536150997003357,0.9984806441054119,1.2530145354637352e-73,-2.47728134900748e-179,1.2091782615392224,1.347707645098098e-6,0.0,10387.028914436562,22.995415301010834
563143.1624957811,132.47792776860297,-27.233334918901974,-73.91029451961249,413.868895725301,4.552972182722696,-89.8438898157339,93.47232946004242,0.013399563571889822,12.536161381283794,0.9984814711936483,1.11132420194791e-73,-1.8352156598246697e-179,1.209496389091611,1.3473548386708421e-6,0.0,10387.028915245082,22.993910203280475
563143.562495781,130.6568184820935,-27.23333491896213,-73.91029451850362,413.86877323016495,4.552574286978254,-89.84388984874607,93.47380630257082,0.013398116542081557,12.536168303476087,0.9984820225331321,1.0258815387634098e-73,-1.5025477714431178e-179,1.2097084866729788,1.34711972339772e-6,0.0,10387.028915783976,22.992907020390064
563144.1624957809,127.92545292992145,-27.233334919052382,-73.91029451684028,413.8685895093141,4.55197760416053,-89.84388989824802,93.47602173354773,0.013395946637934615,12.536178685775239,0.9984828494635628,9.09875304788383e-74,-1.1131150690218769e-179,1.2100266518628864,1.3467671839290694e-6,0.0,10387.028916592142,22.991402569320524
563144.5624957808,126.10474143363535,-27.233334919112565,-73.9102945157315,413.86846704331185,4.551579922771878,-89.84388993124855,93.47749879508845,0.013394500462033231,12.536185606645523,0.9984834006977511,8.399207685057545e-74,-9.113417038291616e-180,1.2102387745331593,1.3465322465325502e-6,0.0,10387.028917130801,22.990399817375874
563145.1624957806,123.37397240288556,-27.233334919202875,-73.91029451406888,413.8682833661487,4.550983561349389,-89.84388998073885,93.47971454044439,0.013392331838162057,12.536195986964215,0.9984842274704421,7.449428967826593e-74,-6.7513872293458414e-180,1.2105569773530414,1.3461799737350374e-6,0.0,10387.028917938615,22.988896012482208
563145.5624957805,121.55365847982466,-27.233334919263104,-73.91029451296058,413.86816092926273,4.550586094132207,-89.84389001372539,93.4811918151636,0.013390886515389278,12.536202906515312,0.9984847785995596,6.876689663581061e-74,-5.527569352024966e-180,1.2107691251075303,1.3459452140235994e-6,0.0,10387.02891847704,22.987893691160153
563146.1624957804,118.82348565198481,-27.233334919353464,-73.91029451129869,413.867977295761,4.5499900538293,-89.84389006319704,93.48340789295405,0.013388719170630163,12.536213284853115,0.9984856052144766,6.099076615734795e-74,-4.094925204869208e-180,1.2110873655495529,1.3455932076102835e-6,0.0,10387.028919284501,22.98639053195847
563146.5624957803,117.00356908887625,-27.23333491941374,-73.91029451019085,413.8678548879739,4.5495928005998,-89.84389009617891,93.48488537884869,0.01338727470021012,12.53622020308527,0.9984861562385428,5.630157331783922e-74,-3.3526418041737393e-180,1.2112995383831566,1.345358625392718e-6,0.0,10387.028919822693,22.985388640936385
563147.1624957802,114.27399213984609,-27.233334919504163,-73.9102945085297,413.8676712981074,4.548997081140421,-89.84389014562959,93.48710177341223,0.01338510863339775,12.536230579444842,0.9984869826958974,4.99350161270897e-74,-2.4836988109031708e-180,1.211617816440175,1.3450068850767938e-6,0.0,10387.028920629802,22.983886126942178
563147.5624957801,112.45447272341698,-27.233334919564467,-73.91029450742278,413.8675489194017,4.548600041714808,-89.84389017859515,93.48857948032075,0.013383665014554859,12.53623749635728,0.9984875336148508,4.609582972533482e-74,-2.0334809662723844e-180,1.2118300143478147,1.3447724801619738e-6,0.0,10387.028921167757,22.982884665896986
563148.1624957799,109.72549133282155,-27.233334919654936,-73.91029450576194,413.8673653731442,4.548004642823598,-89.8438902280365,93.49079619738355,0.013381500224526976,12.536247870739162,0.998488359914686,4.088333353904425e-74,-1.5064401606033378e-180,1.2121483300122855,1.3444210056571426e-6,0.0,10387.028921974515,22.981382796626722
563148.5624957798,107.90636885073036,-27.233334919715286,-73.9102945046555,413.8672430235025,4.547607817018459,-89.84389026098806,93.49227411098086,0.013380057456487189,12.53625478633116,0.9984889107284688,3.774007355126269e-74,-1.2333691106053469e-180,1.2123605529888015,1.3441867778543077e-6,0.0,10387.028922512238,22.980381765236118
563149.1624957797,105.17798270005733,-27.23333491980583,-73.91029450299578,413.86705952082787,4.547012738420446,-89.84389031041076,93.49449115015797,0.013377893942083389,12.53626515873428,0.9984897368706994,3.347244260441886e-74,-9.137025582636492e-181,1.212678906252997,1.343835568874621e-6,0.0,10387.028923318643,22.97888054020657
563149.5624957796,103.35925693437457,-27.233334919866202,-73.91029450188941,413.86693720023266,4.546616126052533,-89.84389034335067,93.49596928527338,0.013376452024072597,12.53627207301175,0.9984902875797826,3.0898958976150026e-74,-7.480765191443941e-181,1.212891154293902,1.3436015179936014e-6,0.0,10387.02892385613,22.977879938149986
563150.1624957795,100.63146570138633,-27.233334919956796,-73.91029450023042,413.8667537411147,4.5460213674729335,-89.84389039276405,93.49818664759214,0.013374289784132885,12.536282443439172,0.9984911135646525,2.740491826176822e-74,-5.541888664486839e-181,1.2132095451505704,1.343250574253651e-6,0.0,10387.028924662187,22.97637935687905
563150.5624957794,98.81313643977046,-27.233334920017214,-73.91029449912453,413.86663144954866,4.5456249683588945,-89.84389042569697,93.49966499291222,0.013372848715377804,12.536289356399756,0.9984916641688484,2.5297928063467138e-74,-4.5373155017683884e-181,1.2134218182507501,1.3430167001039124e-6,0.0,10387.02892519944,22.97537918383356
563151.1624957792,96.08593980874866,-27.23333492010787,-73.91029449746628,413.8664480339614,4.545030529523455,-89.84389047508238,93.50188267734947,0.013370687748745176,12.536299724848117,0.99849248999609,2.2437249465476718e-74,-3.36132691014154e-181,1.2137402466919112,1.3426660213184661e-6,0.0,10387.028926005145,22.97387924583869
563151.5624957791,94.2680068416521,-27.233334920168314,-73.91029449636088,413.86632577140705,4.544634343480975,-89.84389050800131,93.50336124003455,0.01336924752847628,12.536306636490838,0.9984930404953203,2.07121917860839e-74,-2.752022211061268e-181,1.2139525448459487,1.3424323237102974e-6,0.0,10387.028926542165,22.972879501484105
563152.162495779,91.54140448663384,-27.23333492025903,-73.91029449470334,413.8661423993244,4.544040224115459,-89.84389055737739,93.50557923763019,0.013367087833992658,12.536317002967783,0.9984938661655421,1.837006623290519e-74,-2.0387487517106007e-181,1.2142710108648551,1.342081909594929e-6,0.0,10387.02892734752,22.97138020628502
563152.5624957789,89.72386759985238,-27.233334920319518,-73.91029449359883,413.86602016576455,4.543644250961645,-89.843890590287,93.5070580146348,0.013365648461438309,12.536323913293131,0.9984944165598464,1.6957708453722545e-74,-1.6691866032288873e-181,1.2144833340679018,1.341848388338495e-6,0.0,10387.028927884305,22.97038089029983
563153.1624957788,86.99785920511931,-27.233334920410282,-73.91029449194201,413.86583683716043,4.5430504507925145,-89.84389063964444,93.50927633985445,0.013363490037949644,12.536334277796334,0.9984952420728636,1.5040138227306275e-74,-1.23656418542953e-181,1.2148018376566447,1.3414982386088633e-6,0.0,10387.028928689308,22.968882237415436
563153.5624957787,85.18071818444878,-27.233334920470817,-73.91029449083757,413.8657146325775,4.542654690344897,-89.84389067254007,93.5107553297092,0.013362051512339736,12.536341186806212,0.9984957923623929,1.388379747403949e-74,-1.0124133101834044e-181,1.215014185903879,1.3412648935147917e-6,0.0,10387.02892922586,22.967883349479315
563154.1624957785,82.45530343148857,-27.233334920561635,-73.91029448918147,413.865531347426,4.5420612090985655,-89.84389072188586,93.51297397745644,0.01335989435869185,12.536351549335008,0.9984966177181525,1.2313823751560066e-74,-7.500144308630586e-182,1.215332727054912,1.340915007886822e-6,0.0,10387.028930030514,22.966385338428466
563154.5624957784,80.63855806458741,-27.233334920622198,-73.91029448807753,413.86540917180275,4.541665661175201,-89.84389075477915,93.51445318101463,0.01335845667925838,12.536358457030918,0.9984971679030269,1.1367092011646821e-74,-6.140599910482075e-182,1.2155451003413118,1.3406818387661658e-6,0.0,10387.028930566834,22.965386878222134
563155.1624957783,77.91373663302511,-27.233334920713073,-73.91029448642215,413.86522593007766,4.541072498578419,-89.84389080409694,93.51667215006188,0.013356300794298235,12.536368817587359,0.9984979931016921,1.0081706237858306e-74,-4.549069535823904e-182,1.215863679047346,1.3403322169563348e-6,0.0,10387.028931371138,22.963889508524872
563155.5624957782,76.09738670662045,-27.233334920773682,-73.91029448531867,413.8651037833968,4.54067716299706,-89.84389083697626,93.51815156104638,0.013354863960272464,12.53637572396934,0.9984985431819144,9.30658784405698e-75,-3.724463801624816e-182,1.2160760773680257,1.3400992236200268e-6,0.0,10387.028931907225,22.962891475727734
563156.1624957781,73.37315827887505,-27.233334920864607,-73.91029448366402,413.86492058507224,4.540084318777234,-89.84389088628006,93.5203708482016,0.013352709342849791,12.53638608255422,0.9984993682235485,8.254202976844944e-75,-2.759151396320204e-182,1.216394693621477,1.339749865345334e-6,0.0,10387.02893271118,22.96139474690516
563156.562495778,71.557203582488,-27.233334920925255,-73.91029448256144,413.86479846731646,4.5396891953562335,-89.84389091914541,93.52185048072737,0.013351273353465452,12.536392987621293,0.9984999181990409,7.619589707763887e-75,-2.259002509825554e-182,1.2166071169712485,1.3395170476047455e-6,0.0,10387.028933247033,22.960397141197724
563157.1624957778,68.83356784004718,-27.233334921016233,-73.91029448090751,413.86461531236654,4.539096669240821,-89.84389096844224,93.52407009455821,0.013349120002430432,12.536403344235367,0.9985007430837041,6.757969849102591e-75,-1.6735106746256668e-182,1.2169257707646761,1.3391679525824245e-6,0.0,10387.028934050639,22.95890105277076
563157.5624957777,67.01800816319883,-27.23333492107692,-73.910294479805,413.8644932235185,4.53870175779889,-89.84389100129357,93.52554993943454,0.013347684856922587,12.536410247987575,0.9985012929544701,6.238392447102536e-75,-1.370154903149254e-182,1.2171382191383753,1.3389353102493273e-6,0.0,10387.02893458626,22.95790387383446
563158.1624957776,64.2949647847563,-27.23333492116796,-73.9102944781518,413.8643101119173,4.538109549515641,-89.84389105056941,93.52776986372625,0.013345532771126257,12.536420602635205,0.9985021176825096,5.532957768241904e-75,-1.0150359932482066e-182,1.2174569104647073,1.3385864781971823e-6,0.0,10387.028935389515,22.956408425325304
563158.5624957775,62.47979991231114,-27.23333492122868,-73.91029447704976,413.86418805195973,4.537714849870967,-89.84389108341377,93.52924991971432,0.013344098468728015,12.536427505074322,0.9985026674486904,5.107563768743533e-75,-8.310413337118926e-183,1.217669383857736,1.338354011083268e-6,0.0,10387.028935924904,22.955411672840455
563159.1624957774,59.757348586805165,-27.233334921319774,-73.91029447539727,413.8640049836813,4.537122959148192,-89.84389113267329,93.53147016593283,0.013341947647025034,12.536437857749112,0.9985034920195969,4.530002700324817e-75,-6.156507294581985e-183,1.2179881127087313,1.3380054417190627e-6,0.0,10387.028936727811,22.95391686376995
563159.5624957773,57.94257830735296,-27.233334921380518,-73.91029447429571,413.863882952597,4.536728471120017,-89.84389116550598,93.53295043898184,0.01334051418697346,12.536444758877332,0.9985040416813673,4.1817195492242607e-75,-5.040522766807262e-183,1.2182006111160828,1.337773149636805e-6,0.0,10387.028937262967,22.952920537419427
563160.1624957771,55.220718713477254,-27.233334921471677,-73.91029447264394,413.86369992761547,4.5361368976861565,-89.84389121474686,93.53517100841005,0.013338364628217749,12.536455109584548,0.9985048660955603,3.708852538643297e-75,-3.734112122167166e-183,1.2185193774847383,1.337424842679206e-6,0.0,10387.028938065527,22.951426367311125
563160.562495777,53.406342815607786,-27.233334921532467,-73.91029447154327,413.8635779253871,4.535742621093487,-89.8438912475749,93.53665149299773,0.013336932009749482,12.536462009401781,0.9985054156529131,3.4237024108004675e-75,-3.057232983733929e-183,1.2187319009014272,1.337192725440952e-6,0.0,10387.02893860045,22.950430466776492
563161.1624957769,50.68507463578135,-27.233334921623683,-73.91029446989181,413.8633949436767,4.53515136467732,-89.84389129679946,93.53887238406156,0.01333478371279695,12.536472358142621,0.9985062399104879,3.036551645413921e-75,-2.2648545146997217e-183,1.2190507047803374,1.3368446806088135e-6,0.0,10387.02893940266,22.94893693515357
563161.5624957768,48.87109291180968,-27.23333492168451,-73.91029446879162,413.86327297028714,4.534757299339799,-89.84389132960884,93.54035308331127,0.01333335193515135,12.53647925664687,0.998506789363264,2.8030904654749977e-75,-1.854306378374118e-183,1.2192632532009684,1.33661273802732e-6,0.0,10387.028939937352,22.947941460117356
563162.1624957767,46.15041583031416,-27.233334921775775,-73.9102944671413,413.863090031822,4.534166359670387,-89.84389137881708,93.54257429103237,0.01333120489885943,12.53648960342043,0.9985076134641487,2.4861182263770765e-75,-1.3737043251338329e-183,1.2195820945825466,1.3362649550397515e-6,0.0,10387.028940739214,22.946448566502923
563162.5624957766,44.33682806510478,-27.233334921836644,-73.91029446604118,413.86296808725405,4.53377250540706,-89.84389141161948,93.54405520234025,0.013329773961273272,12.536496500614406,0.998508162812564,2.2949763778680123e-75,-1.1246941803824875e-183,1.2197946680026188,1.3360331869278103e-6,0.0,10387.028941273675,22.94545351664704
563163.1624957764,41.6167417652905,-27.233334921927963,-73.91029446439157,413.86278519200846,4.5331818822139684,-89.84389146081607,93.54627672376402,0.013327628184501174,12.536506845422252,0.9985089867568834,2.0354614567017446e-75,-8.331941679448623e-184,1.2201135468794229,1.3356856655045555e-6,0.0,10387.02894207519,22.94396126056576
563163.5624957763,39.80354774929583,-27.23333492198887,-73.91029446329193,413.86266327624486,4.532788238844752,-89.84389149359747,93.54775785284801,0.013326198086214902,12.536513741305775,0.9985095360009236,1.878967746436852e-75,-6.821618121679276e-184,1.2203261452938028,1.3354540716754509e-6,0.0,10387.028942609417,22.942966635573445
563164.1624957762,37.08405191358179,-27.233334922080246,-73.91029446164302,413.8624804241928,4.532197931857587,-89.84389154278009,93.54997969477111,0.013324053567822229,12.53652408414939,0.9985103597887957,1.666494898658127e-75,-5.053580372397079e-184,1.2206450616585347,1.3351068115364736e-6,0.0,10387.028943410585,22.94147501654976
563164.5624957761,35.27125143446028,-27.233334922141182,-73.91029446054387,413.86235853721644,4.531804499202329,-89.84389157556383,93.55146103628361,0.013322624308075957,12.536530978724349,0.9985109089286113,1.5383686848357734e-75,-4.1375224136215936e-184,1.220857685062443,1.3348753918036972e-6,0.0,10387.028943944582,22.94048081610437
563165.162495776,32.552345748990774,-27.233334922232622,-73.91029445889568,413.86217572833243,4.531214508151394,-89.84389162471612,93.55368320551642,0.013320481046925351,12.536541319603169,0.9985117325599911,1.3644106293978839e-75,-3.065152825453653e-184,1.2211766389074046,1.3345283926694658e-6,0.0,10387.028944745403,22.93898983366373
563165.5624957759,30.73993859719485,-27.2333349222936,-73.91029445779742,413.8620538701261,4.530821286030307,-89.84389165749054,93.5551647502565,0.013319052624960958,12.536548212869143,0.9985122815955485,1.2595097574033229e-75,-2.5095353357315835e-184,1.2213892872957584,1.3342971468467326e-6,0.0,10387.02894527917,22.937996057448807
563166.1624957757,28.021622743457556,-27.23333492238509,-73.91029445614996,413.86187110438425,4.530231610645842,-89.84389170662885,93.55738723779504,0.013316910619914588,12.536558551786419,0.9985131050706952,1.1170849470423914e-75,-1.8591100073728676e-184,1.2217082786138314,1.333950408438084e-6,0.0,10387.028946079645,22.93650571111707
563166.5624957756,26.209608709439635,-27.23333492244611,-73.91029445505174,413.86174927493084,4.529838598879154,-89.84389173939162,93.55886899861697,0.013315483034974289,12.53656544374211,0.998513654001891,1.0311993767368758e-75,-1.522110812149768e-184,1.2219209519815688,1.333719336339208e-6,0.0,10387.02894661318,22.935512358815807
563167.1624957755,23.49188237451017,-27.23333492253766,-73.91029445340499,413.8615665523055,4.529249238891955,-89.84389178852062,93.56109180317127,0.01331334228489723,12.53657578069605,0.9985144773206617,9.145918039786844e-76,-1.1276077299677222e-184,1.222239980765018,1.3333728583772382e-6,0.0,10387.028947413308,22.9340226481188
563167.5624957754,21.680261245928705,-27.233334922598704,-73.91029445230727,413.8614447515879,4.528856437300381,-89.8438918212624,93.56257378190104,0.013311915536224518,12.53658267134526,0.9985150261477987,8.442746460137236e-76,-9.232072931891286e-185,1.2224526791074277,1.3331419598167253e-6,0.0,10387.028947946612,22.93302971941658
563168.1624957753,18.96312411222607,-27.233334922690307,-73.91029445066123,413.8612620720534,4.528267392441304,-89.8438918703774,93.56479689780326,0.013309776039981736,12.536593006338544,0.9985158493104069,7.48804439733661e-76,-6.839289701203489e-185,1.222771745349096,1.3327957420230052e-6,0.0,10387.028948746394,22.931540643881
563168.5624957752,17.151895681396127,-27.233334922751396,-73.91029444956398,413.86114030005444,4.52787480084555,-89.84389190310986,93.56627908539707,0.013308350126821071,12.536599895678503,0.9985163980332646,6.912336197847399e-76,-5.5995378220448155e-185,1.2229844686609475,1.3325650168151406e-6,0.0,10387.028949279465,22.930548138461507
563169.162495775,14.435347434133291,-27.23333492284306,-73.91029444791866,413.8609576635852,4.527286070846103,-89.84389195220855,93.56850252917467,0.013306211883280286,12.536610228712679,0.9985172210398335,6.13069225555743e-76,-4.1482407732631515e-185,1.223303572353388,1.3322190589117658e-6,0.0,10387.028950078902,22.929059697615152
563169.5624957749,12.624511491507292,-27.23333492290417,-73.91029444682229,413.86083592028785,4.526893689067343,-89.84389198493169,93.5699849295702,0.013304786804877499,12.536617116744509,0.9985177696585014,5.659342245757166e-76,-3.396292907543899e-185,1.2235163206296926,1.3319885068714505e-6,0.0,10387.028950611744,22.92806761516393
563170.1624957748,9.908551817759871,-27.23333492299589,-73.91029444517768,413.86065332685826,4.526305273659206,-89.84389203401406,93.57220869016862,0.013302649812907633,12.53662744781836,0.998518592508934,5.019386309424185e-76,-2.5160363524204628e-185,1.2238354617652718,1.3316428085806705e-6,0.0,10387.028951410834,22.926579808534107
563170.5624957747,8.098108150064945,-27.233334923057054,-73.91029444408139,413.8605316122453,4.525913101518402,-89.84389206672553,93.57369130036325,0.013301225568507647,12.536634334545527,0.9985191410236879,4.63347755923472e-76,-2.0599567107880988e-185,1.2240482350014996,1.331412429522939e-6,0.0,10387.028951943445,22.92558814873651
563171.1624957746,5.38273673504591,-27.233334923148828,-73.91029444243749,413.8603490618297,4.525325000433399,-89.84389211578693,93.57591537633797,0.013299089826978193,12.536644663659521,0.9985199637180218,4.109525951232756e-76,-1.5260538798767756e-185,1.2243674135728424,1.3310669905673778e-6,0.0,10387.028952742188,22.924100975850983
563171.5624957745,3.572685136459768,-27.233334923210023,-73.91029444134166,413.86022737588434,4.524933037752315,-89.84389214848909,93.57739819699258,0.013297666415829693,12.536651549080029,0.9985205121287025,3.793570588176961e-76,-1.2494274686660177e-185,1.2245802117636133,1.33083678430758e-6,0.0,10387.028953274568,22.92310973839295
563172.1624957743,0.8579016653820872,-27.23333492330185,-73.91029443969849,413.86004486845707,4.5243452507227095,-89.84389219753183,93.57962259008134,0.013295531923611844,12.536661876235645,0.9985213346670553,3.36459529168873e-76,-9.255988857420854e-186,1.2248994277633791,1.3304916044103754e-6,0.0,10387.028954072966,22.92162319878054
563172.3521197977,-5.274079740047455e-6,-27.233334923330872,-73.91029443917925,413.85998719416,4.5241595253187645,-89.84389221303424,93.5803256405252,0.013294857493421387,12.536665137942979,0.9985215944558566,3.239383007615588e-76,-8.418728803926004e-186,1.2250003174700739,1.3303825457501907e-6,0.0,10387.02895432525,22.92115347045789
