t_s,x_m,y_m,z_m,alt_m,v_rel_ms,v_inertial_ms,gamma_deg,mach,qbar_pa,mass_kg,thrust_n,lat_deg,lon_deg,downrange_m
0.0,916175.7618663642,-5.534169151008779e6,3.0253168174927267e6,9.313225746154785e-10,0.0,409.05069522362584,0.0,0.0,0.0,57790.0,868940.0000000088,28.500000000000004,-80.6,0.0
1.0999999999999999,916620.1328398356,-5.534098422462146e6,3.0253183176164078e6,3.1910276543349028,5.818874074160609,409.09187542156224,0.8149848098696627,0.01710016758273691,20.73247130663961,57440.621822110814,868970.662720978,28.499999768955202,-80.60000000153617,449.79388422694257
2.0000000000000004,916984.3965606787,-5.534044704373662e6,3.025321800423024e6,10.599080136977136,10.655437764374085,409.188772530079,1.4921535876162375,0.03131619562421281,69.47152525910963,57154.76694929239,869041.8106851876,28.49999923495184,-80.60000000926588,817.8064305307867
3.0000000000000013,917389.8715962918,-5.533989468794261e6,3.0253280891701565e6,23.974498617462814,16.110600968511086,409.3662914709574,2.2554269402503393,0.04735599697416451,158.6097350740394,56837.15042393858,869170.141519526,28.499998275473565,-80.60000003139528,1226.7079349777457
4.000000000000002,917796.1353400927,-5.533938990947048e6,3.025336963740156e6,42.848217158578336,21.652610956207848,409.62061892313295,3.030037021114938,0.06365991208427611,285.9824656325709,56519.53389858478,869350.9447823984,28.49999692852713,-80.6000000747107,1635.607378906429
5.099999999999998,918243.9518859499,-5.533889051200379e6,3.0253497620286155e6,70.0643910150975,27.850836513602346,409.99323562062386,3.8950517044131523,0.08190821987463318,471.91000367477784,56170.15572069559,869611.087081939,28.49999499680799,-80.60000015551928,2085.3935346854855
6.099999999999994,918651.9143497844,-5.533848813350618e6,3.0253642029585633e6,100.77126513142139,33.579893313931386,410.42024658561655,4.6930312958917195,0.098791426069005,684.003942747655,55852.539195341786,869903.7759235941,28.49999282920553,-80.60000026715434,2494.286318972735
7.099999999999991,919060.7063987048,-5.533813572794706e6,3.0253813608167637e6,137.25256791338325,39.40027022671213,410.93507237875565,5.501877274586779,0.11596269908611621,938.3682628928243,55534.92266998798,870250.3790765869,28.4999902674718,-80.60000042290712,2903.174798603842
8.099999999999987,919471.0249893824,-5.533783252222219e6,3.0254012560865623e6,179.55144351441413,45.22411455614743,413.2683700575253,6.277798559416977,0.13316715278060973,1231.2471271319191,55217.306144634174,870650.7276420641,28.499987310560478,-80.59999348242007,3312.7578013742022
9.099999999999984,919884.3000699944,-5.533757606975843e6,3.025423885048427e6,227.66022172942758,51.19550400431424,416.12986095407103,7.045915705414025,0.1508327294112991,1570.557281963973,54899.68961928037,871104.0794460033,28.499983957875447,-80.59996464016287,3724.4843256845693
10.09999999999998,920300.6008846081,-5.5337367066133665e6,3.0254492909411653e6,281.6702334526926,57.32263550820234,419.0904275681893,7.816056952529987,0.1689880456792449,1958.7442642669992,54582.07309392656,871610.5318571605,28.499980205939075,-80.59991332704412,4138.41007712331
11.099999999999977,920719.9543442741,-5.5337206317303e6,3.0254775191402724e6,341.67730855289847,63.5898924566681,422.15247677631635,8.587962880707181,0.18759182632359334,2396.526559903763,54264.45656857276,872170.1182918553,28.499976051173256,-80.59983941936595,4554.5471567096565
12.099999999999973,921142.3876497521,-5.533709464167351e6,3.025508615714478e6,407.77873454615474,69.98726595738202,425.3184232617944,9.361368894290017,0.20661952475656056,2884.4628800412743,53946.84004321895,872782.7759358141,28.499971489978986,-80.59974279298686,4972.907725132468
13.09999999999997,921567.9282910809,-5.533703287021091e6,3.0255426274314686e6,480.07326858863235,76.5082618247305,428.59068856556877,10.136005816191034,0.22605718788870222,3422.940048615102,53629.223517865146,873448.342554863,28.499966518736493,-80.59962332335333,5393.503968176865
14.099999999999966,921996.604048109,-5.533702184654796e6,3.025579601763782e6,558.6611498072743,83.1486712918554,431.971700046696,10.91160051384586,0.24589785975103906,4012.1609356908034,53311.60699251134,874166.5534588858,28.49996113380538,-80.59948088552244,5816.348123120776
15.099999999999962,922428.4429919077,-5.533706242709575e6,3.0256195868949164e6,643.6441121511161,89.90582114273462,435.463889855719,11.68787655444157,0.2661393948021175,4652.132514908269,52993.990467157535,874937.038640624,28.499955331524564,-80.5993153541761,6241.452451372922
16.09999999999996,922863.4734870519,-5.53371554811595e6,3.025662631725742e6,735.1253978703171,96.77810064574857,439.0696939880287,12.46455488586753,0.2867830856540885,5342.654130124479,52676.37394180373,875759.3201107539,28.49994910821215,-80.59912660362754,6668.829259663218
17.099999999999973,923301.724194788,-5.5337301891059885e6,3.025708785881281e6,833.2097717961296,103.76465414243592,442.7915514652698,13.241354539284977,0.30783277873053505,6083.306062760294,52358.757416449924,876632.8094517557,28.499942460165236,-80.59891450781994,7098.490888451645
18.099999999999987,923743.2240771364,-5.53375025522615e6,3.025758099717929e6,938.0035365801305,110.865176040552,446.6319036821417,14.017993348858857,0.32929429210830874,6873.438497365727,52041.14089109612,877556.8056133458,28.499935383659444,-80.59867894031714,7530.449712895933
19.0,924143.3761990322,-5.5337730283007e6,3.0258052259133058e6,1038.1435653707013,117.35316840925225,450.19155304101395,14.716597159454398,0.34896784883447773,7626.132698527633,51755.28601827769,878430.9137730794,28.499928645376002,-80.5984467564461,7921.187020681024
20.000000000000014,924591.1304038853,-5.5338036536370125e6,3.0258606845298447e6,1155.9836172182113,124.67077881422956,454.2637779758193,15.492151930191914,0.3712333040306272,8507.618021007798,51437.66949292389,879448.5298231799,28.49992074445846,-80.5981662429474,8357.544758619339
21.00000000000003,925042.2195257656,-5.533839971352182e6,3.0259194530713167e6,1280.8501912355423,132.10346627678234,458.46158789101554,16.266727599200966,0.3939355297008877,9435.303657542378,51120.05296757008,880513.9660766602,28.499912404154415,-80.59786188874112,8796.235818399724
22.000000000000043,925497.0831618487,-5.533881943677002e6,3.0259815287342328e6,1412.7734201177955,139.71996239584217,463.9033569705836,16.966668709649383,0.4172876825007284,10417.754684567408,50802.436442216276,881625.3773219098,28.499903448150135,-80.59752921885163,9237.69818397573
23.000000000000057,925957.0760918108,-5.5339292292190995e6,3.026046781512908e6,1551.5924245817587,147.51655026182274,470.16027309295094,17.61442243230611,0.4412868888467295,11453.90232204166,50484.81991686247,882779.2469097972,28.49989333001007,-80.59715402997551,9683.32199405702
24.00000000000007,926422.5892561488,-5.533981787776469e6,3.026115209769492e6,1697.3291776785627,155.47453423871377,476.79049083595544,18.236830730844343,0.4658865561417301,12539.677852413628,50167.203391508665,883973.5466275545,28.49988192541305,-80.5967323347531,10133.497522244932
25.000000000000085,926893.9476032305,-5.534039596193456e6,3.026186818685276e6,1850.0142206726596,163.5986526053839,483.79292217377485,18.832744042020575,0.49111055466059417,13674.132082309457,49849.58686615486,885206.2401553066,28.49986913808687,-80.59626083991864,10588.547114547902
26.0000000000001,927371.4804611076,-5.534102625603745e6,3.02626161056138e6,2009.672510061413,171.89360554028204,491.1656972627534,19.401200494983648,0.5169831823815767,14856.085467830544,49531.970340801054,886475.1709437713,28.499854869567294,-80.59573619920597,11048.798304832182
27.000000000000114,927855.5209815968,-5.534170841439998e6,3.026339584792809e6,2176.3233372168615,180.36403887238555,498.9062515111556,19.941426216554756,0.5435291399482745,16084.115962592248,49214.35381544725,887778.0700941714,28.49983901932669,-80.59515501898873,11514.583272882743
28.000000000000128,928346.4056032855,-5.534244203467087e6,3.0264207378564198e6,2349.9802778847516,189.0145293165826,507.0114132997963,20.45283253605255,0.5707735103865974,17356.54784723593,48896.73729009344,889112.5650959909,28.49982148489919,-80.59451386376877,11986.238298939752
29.000000000000142,928844.4735351217,-5.534322665838171e6,3.0265050633124732e6,2530.6511709410697,197.84957132525656,515.4774909428853,20.935010467088308,0.5987417440236579,18671.441814344955,48579.12076473964,890476.1893472987,28.499802162002013,-80.59380926149504,12464.103250829401
30.000000000000156,929350.0654817778,-5.534406176016508e6,3.026592551150609e6,2718.3366909530014,206.8686363055176,524.2969645953033,21.387332127880196,0.6274446871645427,20025.63514274586,48261.50423938583,891866.3818491182,28.499780944814823,-80.59303771459815,12948.520498821072
31.00000000000017,929863.5199718934,-5.53449467034872e6,3.026683185191625e6,2913.0247416347265,216.0689284386572,533.4601694768028,21.809221270655037,0.6568867631226855,21415.182781017083,47943.887714032026,893280.4585093737,28.499757726770866,-80.59219572948638,13439.832030479318
32.000000000000185,930385.1746282896,-5.5345880772048e6,3.0267769448571806e6,3114.6942101512104,225.45258689514475,542.9604208419003,22.200700014638095,0.687087868697975,22836.775609903154,47626.27118867822,894715.6547743585,28.499732400335667,-80.59127980905966,13938.380188668792
33.0000000000002,930915.3665002043,-5.534686318445747e6,3.026873805982615e6,3323.3166792634875,235.02149009512058,552.7906694075537,22.561935382852035,0.7180677049923109,24286.78729224492,47308.654663324414,896169.151354844,28.499704856965508,-80.59028645185232,14444.507747299638
34.00000000000021,931454.4315146611,-5.534789309517681e6,3.0269737408379125e6,3538.856443081051,244.77724572195288,562.9435658742202,22.89322591337159,0.7498457550597036,25761.279535185502,46991.03813797061,897638.0872527715,28.499674987246713,-80.58921215772318,14958.557361443094
35.00000000000023,932002.7039520337,-5.534896959567675e6,3.027076718161824e6,3761.2705513490364,254.72119144884937,573.411526577133,23.194988501190505,0.7824412933718575,27256.012766770567,46673.4216126168,899119.5731146099,28.499642681029943,-80.58805343333626,15480.87103039843
36.00000000000024,932560.5159478296,-5.535009171580616e6,3.0271827032089164e6,3990.508881870657,264.8543988770438,584.1867951323629,23.4677451590875,0.8158734045924043,28766.46091344183,46355.805087263,900610.7047927747,28.49960782755935,-80.58680679741035,16011.789580529929
37.000000000000256,933128.1970227096,-5.535125842536402e6,3.027291657809247e6,4226.5142406430095,275.1776806686274,595.2615001285881,23.71210995628412,0.850161011837334,30287.83030771969,46038.18856190919,902108.5769951163,28.49957031559571,-80.58546878571609,16551.65217988721
38.00000000000027,933706.0736427183,-5.535246863586676e6,3.027403540440347e6,4469.222489073873,285.6916008209995,606.6277090091845,23.92877634639726,0.8853229145214733,31815.08267454084,45720.572036555386,903610.2969013712,28.49953003353289,-80.58403595579937,17100.79587644018
39.000000000000284,934294.4678454632,-5.535372119246298e6,3.0275183057149197e6,4718.561401930638,296.3887454497048,618.2711019263207,24.118098111053737,0.921353752303426,33341.224730850205,45402.95551120158,905112.9899224452,28.499486869733467,-80.58250489942843,17659.554376614993
40.0000000000003,934893.682043147,-5.535501472564882e6,3.0276358955246457e6,4974.431371463463,307.23398863276157,630.1542883706417,24.279159767520458,0.9581618368846078,34852.857711560224,45085.338985847775,906613.7012916678,28.499440716128724,-80.5808723703103,18228.24554813559
41.00000000000031,935503.9989670867,-5.535634767045378e6,3.027756240077855e6,5236.707554882392,318.21826458808084,642.2609569371465,24.412637303954934,0.9957359225480337,36342.31629843242,44767.72246049397,908109.4366865698,28.49939146835096,-80.57913528777576,18807.17105896638
42.00000000000033,936125.6917611113,-5.535771838402165e6,3.0278792648173864e6,5505.254840450361,329.3358930554796,654.5777913826428,24.519451659693104,1.0340754440864086,37802.73400956056,44450.10593514016,909597.2703849166,28.499339023442854,-80.57729065508643,19396.62437040156
43.00000000000034,936759.0265118509,-5.535912517644247e6,3.028004892228646e6,5779.931753900833,340.6004459683361,667.1083824856366,24.60139999488909,1.0732407155667427,39231.76763583955,44132.48940978636,911074.3796186155,28.499283279283954,-80.57533553916852,19996.892722243465
44.000000000000355,937404.3016432554,-5.5360566665905025e6,3.028133063210542e6,6060.637211050838,352.09320523280894,679.9159853830106,24.66299412765553,1.1135079477142833,40642.67110757229,43814.87288443255,912538.2943243039,28.499224124980028,-80.57326673472684,20608.29001116681
45.00000000000037,938061.8455649054,-5.536204173362523e6,3.0282637345045847e6,6347.3050585268065,363.828530280505,693.0074792230419,24.70554563818655,1.154946010713196,42033.21768696817,43497.25635907875,913986.8410591561,28.49916144121588,-80.57108078049082,21231.155199343015
46.000000000000384,938731.9878481152,-5.536354925503347e6,3.0283968625723897e6,6639.868872973137,375.8118470656892,706.3824209368627,24.729959147843815,1.197597024819607,43399.04966773257,43179.63983372494,915417.9487742533,28.499095107166053,-80.56877420357738,21865.828396201534
47.0000000000004,939415.0588112073,-5.536508809671989e6,3.0285324034076626e6,6938.26155253686,388.0499598914503,720.0419401821523,24.73717886517885,1.2415088841848445,44736.06373125474,42862.023308371135,916829.6501546538,28.4990250005668,-80.5663435231649,22512.65050126165
48.00000000000041,940111.3908560456,-5.536665712773359e6,3.0286703132203724e6,7242.416825805791,400.55026721302215,733.988062350028,24.728148515541395,1.286732927319433,46040.23421919487,42544.40678301733,918220.091530846,28.49895099734996,-80.56378523899912,23171.964329047816
49.000000000000426,940821.3178457663,-5.536825521465418e6,3.028810548136007e6,7552.268597376533,413.31881270022046,748.2219516150375,24.703741185876694,1.3333177676907324,47307.1796928435,42226.790257663524,919587.5315457522,28.49887297176225,-80.56109583683948,23844.11407273462
50.00000000000044,941545.174941995,-5.536988122053467e6,3.028953064129393e6,7867.75080834236,426.3617642230641,762.7452151278208,24.664812956216572,1.3813140837538265,48532.52114640718,41909.17373230972,920930.3421804819,28.49879079637046,-80.55827178994038,24529.445165454334
51.000000000000455,942283.298840726,-5.537153400685012e6,3.029097817142833e6,8188.79770405218,439.6854211238063,777.5599030436737,24.612200406645847,1.430774751694291,49711.898579728724,41591.55720695591,922247.0111362599,28.49870434196393,-80.55530955703578,25228.304473533703
52.00000000000047,943036.0280232165,-5.537321243531001e6,3.02924476319765e6,8515.344089499675,453.29621690280675,792.6685030060273,24.546718444698744,1.4817549721003753,50840.98688163091,41273.94068160211,923536.1435150548,28.498613477450096,-80.55220558015162,25941.040510496958
53.00000000000048,943803.7030193388,-5.537491536952713e6,3.029393858498597e6,8847.325571098365,467.20072076478584,808.0739323809885,24.46915854252833,1.5343124021748389,51915.511818884246,40956.3241562483,924796.4628267033,28.49851806974342,-80.54895628227045,26668.00366903115
54.0000000000005,944586.6666807908,-5.537664167653781e6,3.0295450595306936e6,9184.678783836775,481.4056378984996,823.7795283360566,24.380287342564497,1.5885072937566078,52931.266112075275,40638.707630894496,926026.8113553781,28.49841798364841,-80.54555806487363,27409.546459882033
55.00000000000051,945385.2630313274,-5.5378390219365535e6,3.029698322594377e6,9527.340364504606,495.91107914374396,839.782715718041,24.28068802448813,1.644380295051524,53882.6714025442,40321.09110554069,927226.1456772554,28.49831308211784,-80.54200731825453,28166.02250208938
56.000000000000526,946199.8277372501,-5.53801597994116e6,3.0298536001727376e6,9875.238826318644,510.7088690100233,856.0733181451739,24.170751793944383,1.701946200239834,54762.58507326389,40003.474580186885,928393.5094189673,28.498203228756342,-80.53830050744,28937.77811410049
57.00000000000054,947030.6932053317,-5.538194919136642e6,3.0300108430971433e6,10228.299375567585,525.8039825590473,872.6536934790344,24.051174720693737,1.7612652373632627,55566.97103247006,39685.85805483308,929528.0532057082,28.498088286461677,-80.53443412689283,29725.156746935434
58.000000000000554,947878.1935383799,-5.538375717421654e6,3.030170002493212e6,10586.448267417029,541.201955905903,889.5269719984868,23.922635906261355,1.8224020093887343,56292.09042067539,39368.24152947927,930629.048561243,28.49796811606904,-80.53040465602193,30528.503339128445
59.00000000000057,948742.6648159082,-5.538558253240532e6,3.030331029858566e6,10949.612994793802,556.9084298982514,906.6966163564779,23.78578634269448,1.8854241618394654,56934.420638257245,39050.62500412547,931695.8858278567,28.497842576225683,-80.52620855658488,31348.164572128753
60.00000000000058,949624.4463113077,-5.538742406178394e6,3.0304938774502035e6,11317.723179448396,572.9333188875345,924.1703980686244,23.641324087174677,1.941689674290173,56990.248682869205,38733.00847877166,932724.4112551258,28.497711523005005,-80.52184226150706,32184.489964053497
61.0000000000006,950523.8863703868,-5.5389280599284815e6,3.0306585002063485e6,11690.714943963103,589.2899036719201,941.9595495398264,23.48996507809348,1.9971226727482843,56858.9588384718,38415.39195341786,933707.7387426574,28.49757480822615,-80.51730212096417,33037.83714981951
62.00000000000061,951441.3380113986,-5.539115099724721e6,3.030824854119309e6,12068.527271906845,605.9826897286501,960.0671142599338,23.332232425963987,2.0536950682661823,56660.96291342758,38097.77542806405,934646.6207631335,28.49743228057865,-80.5125844422424,33908.56797749783
63.000000000000625,952377.155885773,-5.539303410682675e6,3.030992895173707e6,12451.09962445777,623.0159088532945,978.4960380923122,23.16862287918793,2.111421202536855,56397.87594437035,37780.158902710245,935542.1092678186,28.497283786396803,-80.50768551745408,34797.045798277766
64.00000000000064,953331.6963578014,-5.539492877835133e6,3.031162579369831e6,12838.372005429119,640.3937605145885,997.2493895405476,22.999611613203744,2.1703153076965944,56071.50034328576,37462.54237735644,936395.3160622804,28.497129169582468,-80.50260162282108,35703.635533902554
65.00000000000058,954305.3175963912,-5.53968338616889e6,3.0313338627482816e6,13230.285030103289,658.1204136870011,1016.3303515033668,22.82565261640484,2.2303915125356313,55683.81219297864,37144.925852002634,937207.4035662373,28.49696827152262,-80.49732901783938,36628.70376134544
66.00000000000053,955298.3796658436,-5.5398748206562735e6,3.0315067014116966e6,13626.77998832427,676.200009001696,1035.7422136452856,22.647179142841527,2.2916638497878115,55236.94703583216,36827.30932664883,937979.5760247946,28.49680093100503,-80.49186394444536,37572.61879404343
67.00000000000047,956311.2446156644,-5.540067066281907e6,3.031681051543822e6,14027.79890242219,694.6366612472357,1055.48836544918,22.46460421912461,2.354146264605565,54733.185273438845,36509.69280129502,938713.0711973307,28.49662698413215,-80.48620262618401,38535.750762859076
68.00000000000041,957344.276569502,-5.540260008065165e6,3.031856869426204e6,14433.284580523148,713.4344622502459,1075.572290007845,22.278321194383306,2.4178526243225695,54174.937291545924,36192.07627594122,939409.1525429658,28.496446264233146,-80.4803412673794,39518.47169965322
69.00000000000036,958397.841813401,-5.540453531078832e6,3.032034111452761e6,14843.180665817112,732.5974841647546,1095.9975586030214,22.088704323458437,2.4827967296014277,53564.72842050462,35874.45975058741,940069.1019149396,28.496258601774095,-80.47427605230622,40521.15561684382
70.0000000000003,959472.3078047911,-5.540647520041305e6,3.0322127338559353e6,15257.431017511524,752.1249261292622,1116.7630733711972,21.89605806321067,2.54897586629644,52904.506061655964,35556.843225233606,940694.2117992581,28.496063824579903,-80.46800315445618,41544.17760140762
71.00000000000024,960568.0344958802,-5.5408418559727e6,3.0323926904338775e6,15675.974441251718,772.008400414732,1137.8603842496323,21.70059883740929,2.616361608120768,52195.432789675964,35239.2266998798,941285.7720854244,28.495861760306937,-80.46151881783979,42587.905857072765
72.00000000000018,961685.3788402384,-5.541036418160439e6,3.032573933855397e6,16098.747697530314,792.2512262749664,1159.2925641787622,21.50265783353674,2.684965204133634,51440.54688764723,34921.610174525995,941845.0706958515,28.49565223510814,-80.45481931511733,43652.70580086042
73.00000000000013,962824.700028617,-5.5412310862332685e6,3.032756417061862e6,16525.68876401335,812.857372544285,1181.0634019448805,21.302554839690753,2.7548001048437865,50643.01999487277,34603.99364917219,942373.3931117177,28.495435072051446,-80.44790089864514,44738.944859358395
74.00000000000007,963986.3596761699,-5.5414257401905665e6,3.032940093292758e6,16956.736915479414,833.8308561423637,1203.1768071788722,21.100592346559683,2.82587992372281,49806.050903306874,34286.37712381838,942872.0171346843,28.49521009099283,-80.440759798673,45846.992642694146
75.00000000000001,965170.7219638714,-5.541620260409996e6,3.033124916097062e6,17391.832771819085,855.1757480175594,1225.6368097173824,20.89705628803685,2.8982184573472494,48932.849141925755,33968.76059846458,943342.2081279198,28.494977108460112,-80.43339222196512,46977.221082623786
76.09999999999995,966500.179997811,-5.541833935884158e6,3.0333294904260584e6,17875.04414590355,879.0890382985426,1250.7480892633525,20.671671070928802,2.9792613768043448,47934.30275468837,33619.38242057539,943828.0677707723,28.494711362776794,-80.42502174924675,48246.53793659611
77.0999999999999,967733.4154706971,-5.542027787593305e6,3.033516571269549e6,18318.453144134022,901.2274151267457,1273.9495998331515,20.465691695089568,3.054289056772988,46995.41990952361,33301.765895221586,944242.5893192134,28.49446096445885,-80.41716611193823,49424.56750322031
78.09999999999984,968990.5004173255,-5.542221137184282e6,3.0337046567591457e6,18765.734808273613,923.7502339190377,1297.510970199161,20.258927701629787,3.130619623076615,46030.158966021816,32984.14936986778,944632.478218646,28.494201973441083,-80.40907207428005,50625.94697086405
79.09999999999978,970271.8110707622,-5.542413866618895e6,3.0338937018085653e6,19216.83574239351,946.6618573503752,1321.4367330981354,20.051604570518414,3.2082678609627164,45041.62048642568,32666.53284451399,944998.9095133351,28.493934191316985,-80.40073573173781,51851.05926271813
80.09999999999972,971577.726994717,-5.5426058582441695e6,3.0340836616835394e6,19671.70411994029,969.9667384452121,1345.7315504159978,19.8439347534925,3.2872488618761713,44032.84610147874,32348.91631916022,945343.0289625737,28.49365741570306,-80.39215314878824,53100.29036135419
81.09999999999967,972908.6312463852,-5.542796994789197e6,3.0342744920083177e6,20130.289726573043,993.6694479202047,1370.4002360715099,19.636118415469177,3.3670595110639474,42993.70213330485,32031.29979380645,945665.937144373,28.4933714400986,-80.38332035731604,54374.029466334934
82.09999999999961,974264.9109605425,-5.542987159475238e6,3.034466148855688e6,20592.544205591083,1017.7757356277806,1395.4488035031386,19.428349967716482,3.445095105672609,41869.11510210814,31713.68326845268,945968.3455867084,28.493076053611336,-80.37423335098838,55672.669545882876
83.09999999999955,975646.9580832192,-5.543176236153815e6,3.03465858885997e6,21058.421362469904,1042.2907921029582,1420.882741035435,19.220808212062952,3.524323275905412,40743.3263349486,31396.066743098912,946251.15958595,28.492771040629833,-80.36488807818579,56996.60803006303
84.0999999999995,977055.168491481,-5.543364108999149e6,3.0348517690034974e6,21527.87668304611,1067.219231844038,1446.7069910747798,19.01365740778594,3.6047546030890882,39618.679951669845,31078.450217745143,946515.4994445456,28.492456180993553,-80.35528045033222,58346.2459965308
85.09999999999944,978489.9419990426,-5.543550662457059e6,3.035045646588755e6,22000.867297044024,1092.5658188723924,1472.9266654570813,18.80705205871619,3.6864001037021517,38497.3888869578,30760.833692391374,946762.4365992423,28.49213124988875,-80.34540634179082,59721.98818117156
86.09999999999938,979951.6825602199,-5.543735781246389e6,3.0352401792494026e6,22477.352036455646,1118.3354780193986,1499.5470539507612,18.601137390336852,3.7692712637162575,37381.53342187519,30443.217167037605,946992.9941535635,28.491796017679267,-80.33526158786536,61124.24317575742
87.09999999999933,981440.7984829083,-5.543919350359199e6,3.035435324961081e6,22957.291494903155,1144.533306591295,1526.5736333631871,18.396049809684392,3.853380073832063,36273.06057464742,30125.600641683835,947208.1476041995,28.491450249730576,-80.32484198271182,62553.423632884085
88.09999999999927,982957.7026510875,-5.544101255059748e6,3.035631042052011e6,23440.648088114336,1171.1645864255258,1554.012077250273,18.19191734809108,3.9387390656393135,35173.78428748499,29807.984116330066,947408.8257347741,28.491093706226366,-80.31414327715507,64009.946481130966
89.09999999999921,984502.8127368264,-5.544281380877789e6,3.0358272892099335e6,23927.38610695675,1198.2345782788357,1581.8680494057583,17.988859245431307,4.025360616211399,34085.37398490658,29490.367590976297,947595.9116491219,28.490726141984204,-80.30316117660371,65494.23313060312
90.09999999999916,986076.5497817143,-5.544459613248421e6,3.036024025212119e6,24417.47108247038,1225.7453902215998,1610.1440878040307,17.78697466164666,4.113246444705837,33009.19373417408,29172.751065622528,947770.2436900984,28.490347306795595,-80.29189135467189,67006.70814059883
91.0999999999991,987679.3372751005,-5.544635837286861e6,3.036221208754637e6,24910.869390202686,1253.701782111845,1638.845373549521,17.586365871698096,4.2024071308232225,31946.64964305428,28855.13454026876,947932.616639832,28.489956945613386,-80.28032946205052,68547.79835130174
92.09999999999904,989311.6041099149,-5.544809938388321e6,3.0364187989317034e6,25407.549476392567,1282.1100547997207,1667.9786260121962,17.38713331927618,4.292858334777296,30899.09343859044,28537.51801491499,948083.7835203205,28.48955479747583,-80.26847109801155,70117.93567633037
93.09999999999899,990973.7851612018,-5.544981802281887e6,3.0366167552944757e6,25907.48204822652,1310.9767632199582,1697.550822033159,17.18937083925132,4.384616461446664,29867.74735936716,28219.90148956122,948224.4569935723,28.489140595183894,-80.25631180477279,71717.55765663808
94.09999999999893,992666.3215812301,-5.545151315017602e6,3.0368150378587386e6,26410.640139560215,1340.3087306703337,1727.5692088442427,16.993166023417142,4.477698701174441,28853.708294346856,27902.28496420745,948355.3107657222,28.488714065063753,-80.24384706458855,73347.10774538241
95.09999999999887,994389.6611074104,-5.545318362952259e6,3.0370136071125343e6,26916.999178656377,1370.1130636852731,1758.041317715198,16.798600569438676,4.572123072056755,27857.952273644667,27584.66843885368,948476.9810304004,28.48827492671913,-80.23107229671358,75007.03560819263
96.09999999999881,996144.258383722,-5.54548283273393e6,3.037212424023735e6,27426.5370581029,1400.3971675477637,1788.9749783616473,16.605750613624405,4.667908463839493,26881.33924940658,27267.051913499912,948590.067937763,28.487822892772567,-80.21798285423465,76697.79743539148
97.09999999999876,997930.5752963969,-5.54564461128517e6,3.0374114500476043e6,27939.234207133763,1431.1687624873207,1820.3783341521653,16.414687048144636,4.765074683555384,25924.618108424635,26949.435388146143,948695.137077122,28.487357668595408,-80.20457402076153,78419.85626638465
98.0999999999987,999749.0813246462,-5.545803585784855e6,3.037610647134345e6,28455.07366643753,1462.4359006167208,1852.2598581583923,16.22547582331733,4.863642503049313,24988.431862573936,26631.818862792374,948792.7209625,28.486878952025457,-80.1908410069705,80173.68233221964
99.09999999999864,1.0016002539072783e6,-5.545959643648658e6,3.0378099777366687e6,28974.041165759787,1494.206983665565,1884.6283700980036,16.038178235577686,4.963633708552862,24073.322966190077,26314.202337438604,948883.3205118075,28.486386433071917,-80.17677894699166,81959.753409581
100.09999999999859,1.0034845788260994e6,-5.546112672508068e6,3.038009404817397e6,29496.125204395503,1526.4907815744873,1917.4930542266457,15.852851201739636,5.065071152487822,23179.738714423023,25996.585812084835,948967.4065115259,28.485879793606642,-80.16238289463176,83778.55519394643
101.09999999999853,1.0054025506070664e6,-5.54626256018795e6,3.0382088918571263e6,30021.317134861834,1559.2964520201106,1950.863478241752,15.669547520147194,5.167978807694245,22308.036679840814,25678.969286731066,949045.421059943,28.485358707041033,-80.14764781942267,85630.58168835533
102.09999999999847,1.0073546729402187e6,-5.546409194682556e6,3.0384084028619626e6,30549.61124991905,1592.633560947599,1984.7496132683777,15.488316119301285,5.272381824299195,21458.490149049336,25361.352761377297,949117.7789830103,28.484822837987704,-80.13256860248617,87516.33561100102
103.09999999999842,1.009341459119501e6,-5.546552464129965e6,3.0386079023713656e6,31081.004873226397,1626.5121041950435,2019.1618550050541,15.309202294534186,5.378306589461971,20631.293524569373,25043.736236023527,949184.8692178521,28.484271841905873,-80.11714003220364,89436.32882173079
104.09999999999836,1.0113634325036696e6,-5.5466922567848535e6,3.038807355466115e6,31615.49845386017,1660.9425303019289,2054.111046116106,15.13224793328914,5.485780790254876,19826.567661264682,24726.11971066976,949247.056159813,28.483705364729737,-80.10135679967931,91391.08276875429
105.0999999999983,1.0134211269995689e6,-5.546828460989566e6,3.039006727776425e6,32153.095664991066,1695.935764602697,2089.608499966052,14.957491729547332,5.59483347996261,19044.365110058185,24408.50318531599,949304.6809697138,28.483123042478454,-80.08521349398465,93381.12895778044
106.09999999999825,1.0155150878323151e6,-5.54696096517554e6,3.039205985521283e6,32693.803591275588,1731.5040352648082,2125.666824771429,14.78497073538865,5.693737113311187,18212.37237750481,24090.88665996222,949357.957694297,28.482524500753478,-80.06870459459924,95407.00969440395
107.09999999999819,1.0176458728142576e6,-5.547089657916063e6,3.0394050956012546e6,33237.63306799438,1767.6599385931775,2162.2989905742456,14.61471885310819,5.793689179679909,17413.798558067578,23773.27013460845,949407.1086989578,28.48190935404352,-80.05182445897324,97469.27930608782
108.09999999999813,1.0198140519103528e6,-5.547214427764008e6,3.0396040254865834e6,33784.59846981149,1804.415682308546,2199.5175738087687,14.44676578580704,5.894907230765859,16648.733264650076,23455.65360925468,949452.4557879257,28.48127720562004,-80.03456732673438,99568.50373311537
109.09999999999808,1.0220202075317168e6,-5.547335163182331e6,3.03980274319319e6,34334.71773833223,1841.7840894114809,2237.3357590486917,14.281138901088584,5.997418278046537,15915.948241763896,23138.037083900912,949494.2967003747,28.480627647167783,-80.01692731678897,101705.26081550427
110.09999999999802,1.0242649347706259e6,-5.547451752469874e6,3.0400012172530754e6,34888.01239575632,1879.7773630963372,2275.766105734255,14.117861629207145,6.101246779210674,15214.219711640226,22820.420558547143,949532.9058287535,28.47996025842641,-79.9988984250064,103880.1405241593
111.09999999999796,1.026548840764093e6,-5.547564083597565e6,3.0401994165912014e6,35444.50729924161,1918.4083415022155,2314.8218009129605,13.956955411805346,6.206418737005022,14542.355836390456,22502.804033193373,949568.5359980193,28.479274607139992,-79.9804745304465,106093.74435337278
112.0999999999979,1.0288725467610267e6,-5.547672044323738e6,3.0403973106929427e6,36004.231208805926,1957.6920140222837,2354.518173214,13.798441821194167,6.312966532838419,13899.217345190174,22185.187507839604,949601.420168589,28.478570248013146,-79.96164937510576,108346.68730959966
113.09999999999785,1.0312366893477858e6,-5.547775522202716e6,3.040594869670076e6,36567.21708541736,1997.6441176888993,2394.871291415701,13.642340635124501,6.420924288903443,13283.691982487206,21867.570982485835,949631.7729864576,28.477846721945898,-79.94241655189698,110639.59909214776
114.09999999999779,1.0336419212257727e6,-5.547874404537663e6,3.0407920642733295e6,37133.50224782713,2038.281176988674,2435.8980042357703,13.488669970677773,6.530327948275111,12694.69566975307,21549.954457132066,949659.7922071418,28.47710355541155,-79.92276949701592,112973.12484614589
115.09999999999773,1.0360889120308376e6,-5.5479685783302635e6,3.0409888659052355e6,37703.128537364304,2079.6205478884017,2477.61598435097,13.337446414075457,6.641215365601878,12131.173443099917,21232.337931778296,949685.660012982,28.476340259799763,-79.90270148189975,115347.92595413014
116.09999999999768,1.0385783491977318e6,-5.548057930227122e6,3.0411852466333816e6,38276.14249137137,2121.6804652254777,2520.0437757994314,13.188685145102529,6.753626405345672,11592.100169026227,20914.721406424527,949709.5442311245,28.47555633072268,-79.88220560474534,117764.68087221353
117.09999999999762,1.0411109388731389e6,-5.548142346462714e6,3.04138117920414e6,38852.59552609082,2164.480093775943,2563.200845076731,13.042400056436245,6.8676030482699275,11076.481058920059,20597.104881070758,949731.5994591042,28.474751247280864,-79.86127478155316,120224.08601236656
118.09999999999756,1.0436874068811552e6,-5.548221712798726e6,3.0415766370569826e6,39432.54412983172,2208.039583346741,2607.107636270485,12.898603868174124,6.983189506950607,10583.35200197893,20279.48835571699,949751.968104547,28.473924471286395,-79.83990173665937,122726.8566755832
119.09999999999751,1.0463084997454368e6,-5.548295914459587e6,3.0417715943394704e6,40016.05006730184,2252.380128276544,2651.7856306160975,12.757308237856737,7.100432351170229,10111.77973511511,19961.87183036322,949770.7813451203,28.473075446439584,-79.81807899271443,125273.72803913105
120.09999999999745,1.0489749857726502e6,-5.548364836063948e6,3.0419660259230197e6,40603.180596119724,2297.5240317720904,2697.257410899066,12.61852386628262,7.219380644148251,9660.861867210275,19644.25530500945,949788.1600144944,28.472203597455746,-79.7957988600635,127865.45620346995
121.0999999999974,1.0516876562023025e6,-5.548428361551882e6,3.0421599074195614e6,41194.008696552366,2343.494775555231,2743.546731177591,12.48226059941407,7.340086090671608,9229.726774051871,19326.63877965568,949804.2154197043,28.47130832913806,-79.77305342547895,130502.81930207976
122.09999999999734,1.0544473264285347e6,-5.548486374107502e6,3.0423532151992097e6,41788.6133156633,2390.317095350534,2790.678592354024,12.348527526674214,7.462603198310541,8817.533379100254,19009.02225430191,949819.0500949654,28.47038902539212,-79.74983454019052,133186.6186814944
123.09999999999728,1.057254837300012e6,-5.548538756076707e6,3.042545926409062e6,42387.0796271516,2438.0170628053675,2838.679324185874,12.217333075937814,7.586989453045053,8423.470834166934,18691.405728948142,949832.7584966595,28.46944504817728,-79.7261338071533,135917.68015570805
124.09999999999722,1.060111056504682e6,-5.548585388879649e6,3.042738018993279e6,42989.49930825364,2486.6221745050293,2887.576674397815,12.088685105520868,7.713305510788064,8046.758113054132,18373.789203594373,949845.4276438954,28.46847573638992,-79.70194256748746,138696.85534290285
125.09999999999717,1.063016880046857e6,-5.548626152917589e6,3.0429294717145725e6,43595.97083526291,2536.161448825968,2937.399905636742,11.962590993477601,7.841615406471245,7686.643530112641,18056.172678240604,949857.1377087464,28.467480404672227,-79.67725188601699,141525.0230902217
126.09999999999711,1.0659732338248775e6,-5.548660927473635e6,3.0431202641772726e6,44206.599799372256,2586.6655314621985,2988.179901104022,11.839057724517966,7.971986782567965,7342.404194701647,17738.556152886835,949867.9625599873,28.46645834214047,-79.65205253582675,144403.0909959012
127.09999999999705,1.0689810753184857e6,-5.548689590606912e6,3.0433103768521594e6,44821.49924466107,2638.1668105652752,3039.9492798044676,11.718091974864615,8.104491139168482,7013.345411648866,17420.939627533066,949877.9702638821,28.4654088110257,-79.62633498174884,147331.99703679106
128.099999999997,1.0720413953960415e6,-5.548712019039575e6,3.043499791103223e6,45440.79003032297,2690.6995425591194,3092.742522472526,11.599700195375819,8.23920410799363,6698.800036826949,17103.323102179296,949887.2235453232,28.464331045218703,-79.60008936267919,150312.71131081876
129.09999999999695,1.0751552202528464e6,-5.548728088036058e6,3.0436884892165875e6,46064.601219381206,2744.29998983,3146.596109375265,11.48388869327025,8.376205753051632,6398.127796189818,16785.706576825527,949895.780212387,28.463224248710848,-79.57330547261445,153346.23790632782
130.0999999999969,1.0783236134930977e6,-5.548737671273864e6,3.043876454431816e6,46693.070496469736,2799.0065716522954,3201.548671352112,11.370663712800944,8.515580901003815,6110.714575740183,16468.090051471758,949903.6935471443,28.462087593920852,-79.54597274028706,156433.61690860576
131.09999999999684,1.081547678369465e6,-5.5487406407050975e6,3.044063670975855e6,47326.344617411494,2854.860029896024,3257.6411556367166,11.260031515240279,8.657419504732115,5835.971689274335,16150.473526117974,949911.0126653588,28.460920219896867,-79.51808020726122,159575.92655872472
132.09999999999678,1.084828560003889e6,-5.548736866402866e6,3.0442501240874613e6,47964.57985118963,2911.9030184795115,3314.9164156725183,11.151998165898844,8.829334681372591,5606.912426409702,15832.857000764187,949917.8022818866,28.45972123046195,-79.48961650623797,162774.28539305893
133.09999999999673,1.0881480899257106e6,-5.548725762174096e6,3.044434574106133e6,48603.69125535712,2921.5473828789404,3324.806366570263,11.023084279725627,8.85857786719687,5212.9828046259545,11969.333695693429,0.0,28.458497838965666,-79.46076143710006,166011.0764233399
134.09999999999667,1.0914669123682894e6,-5.548706331942093e6,3.0446144881247813e6,49234.993787068874,2919.201202838293,3322.7076521434356,10.888430799435179,8.851463890986064,4811.797648034959,11969.333695693429,0.0,28.45726640518941,-79.43190445539645,169248.1325396227
135.0999999999966,1.0947838419010534e6,-5.54867855004644e6,3.044789792195859e6,49858.22923279088,2916.900405550719,3320.6515932593766,10.75363547985744,8.844487522213798,4446.143393699728,11969.333695693429,0.0,28.456027427143653,-79.40305716995533,172484.3162471142
136.09999999999656,1.0980988930274611e6,-5.548642419967796e6,3.0449604889128054e6,50473.40345398709,2914.6432688279824,3318.6364523418415,10.618699897539292,8.837643538942315,4112.572495674392,11969.333695693429,0.0,28.45478090058254,-79.37421931234687,175719.6540933358
137.0999999999965,1.101413475236478e6,-5.548599103096329e6,3.045127283165411e6,51082.094315025024,2916.5652672297524,3320.700591644299,10.549591000199483,8.843471331639599,3818.0778740338824,11949.67829622589,95000.0,28.453526345989328,-79.3453790391601,178955.30695169672
138.09999999999644,1.104731659239049e6,-5.548551958207683e6,3.045292213386778e6,51688.86904745642,2920.3013586172196,3324.5361971036505,10.508942930900492,8.867282827134146,3559.8178784236634,11921.599154129404,95000.0,28.45226236223463,-79.31650245792889,182194.59660890262
139.09999999999638,1.1080537357995491e6,-5.5485012002063785e6,3.0454554116506367e6,52294.03198253829,2924.076965794545,3328.4106186161625,10.468541890759521,8.906296453841032,3329.727559268062,11893.52001203292,95000.0,28.45098881977577,-79.28758708752224,185437.76682699224
140.09999999999633,1.1113797383117932e6,-5.548446831158095e6,3.045616880894322e6,52897.598503585905,2927.8912982670336,3332.323071106493,10.428387330608162,8.945678865632619,3113.8502215393323,11865.440869936434,95000.0,28.44970567601414,-79.25863258611093,188684.8517442382
141.09999999999627,1.1147096995720728e6,-5.548388853016573e6,3.0457766239646594e6,53499.5838277312,2931.743775025643,3336.272978931678,10.38847876106066,8.985432663867968,2911.340924214109,11837.361727839949,95000.0,28.448412888254413,-79.22963861796993,191935.88491641002
142.09999999999621,1.1180436518505015e6,-5.548327267625845e6,3.045934643622862e6,54100.003021311946,2935.633856094301,3340.2598074848156,10.348815679181605,9.025560628039084,2721.403649348577,11809.282585743464,95000.0,28.447110413679724,-79.20060485276665,195190.89938525754
143.09999999999616,1.1213816269303942e6,-5.548262076721887e6,3.04609094254749e6,54698.871008492075,2939.561040300495,3344.2830609645102,10.309397568349494,9.066065712600288,2543.28848787057,11781.203443646978,95000.0,28.445798209340143,-79.17153096516621,198449.92771697568
144.0999999999961,1.1247236561454942e6,-5.5481932819340695e6,3.0462455233371826e6,55296.202579332516,2943.524863170747,3348.342280269261,10.270223898125755,9.106951044129293,2376.2889913513186,11753.124301550493,95000.0,28.444476232141447,-79.1424166344583,201713.00203811092
145.09999999999604,1.1280697704151631e6,-5.548120884786385e6,3.046398388513172e6,55892.012397322804,2947.524894943815,3352.4370410096394,10.231294124128725,9.148219918805822,2219.739679268265,11725.045159454008,95000.0,28.443144438834295,-79.11326154420418,204980.15406953322
146.099999999996,1.1314200002776496e6,-5.548044886698489e6,3.0465495405215905e6,56486.31500640884,2951.5607386949096,3356.566951631534,10.192607687912073,9.189875800195658,2073.013692006622,11696.966017357523,95000.0,28.44180278600375,-79.0840653819029,208251.41515891254
147.09999999999593,1.1347743759215458e6,-5.547965288986577e6,3.046698981735586e6,57079.124837582,2955.6320285646225,3360.731651644157,10.154164016847346,9.231922317330744,1935.5205805253445,11668.886875261038,95000.0,28.440451230058997,-79.05482783867575,211526.81631116784
148.09999999999587,1.1381329272155238e6,-5.547882092864074e6,3.046846714457257e6,57670.45621500723,2959.7384280866404,3364.930809946894,10.115962524010135,9.274363263072447,1806.704224265974,11640.807733164553,95000.0,28.439089727223525,-79.02554860896767,214806.38821726252
149.09999999999582,1.1414956837364605e6,-5.547795299442184e6,3.0469927409194186e6,58260.32336173672,2963.8796286086827,3369.164123249412,10.078002608069653,9.317202592749595,1686.0408694411879,11612.728591068068,95000.0,28.437718233525523,-78.99622739026482,218090.16128167583
150.09999999999576,1.144862674796024e6,-5.547704909730289e6,3.0471370632872055e6,58848.74040505197,2968.0553478014344,3373.4313145798187,10.040283653181213,9.360444423063411,1573.0372803767618,11584.649448971582,95000.0,28.436336704788484,-78.96686388282754,221378.1656483309
151.0999999999957,1.1482339294658226e6,-5.547610924636207e6,3.0472796836595316e6,59435.72138141282,2972.2653282505466,3377.732131875918,10.002805028881555,9.404093031249214,1467.2289970855406,11556.570306875097,95000.0,28.434945096622247,-78.93745778943752,224670.43122486895
152.09999999999565,1.1516094766011825e6,-5.547513344966325e6,3.0474206040704013e6,60021.280241090804,2976.5093361270765,3382.0663466549595,9.965566089986488,9.448152854490466,1368.178692684976,11528.491164778612,95000.0,28.433543364414117,-78.90800881515865,227966.98770623747
153.0999999999956,1.1549893448636406e6,-5.54741217142562e6,3.0475598264900944e6,60605.43085244857,2980.787159932,3386.433752757484,9.928566176490854,9.492628489575557,1275.4746247127293,11500.412022682127,95000.0,28.432131463320292,-78.87851666711084,231267.86459630914
154.09999999999553,1.1583735627422149e6,-5.547307404617548e6,3.04769735282622e6,61188.18700593244,2985.098609310707,3390.834165161196,9.891804613470354,9.53752469279401,1188.7291747618376,11472.332880585642,95000.0,28.43070934825758,-78.84898105425576,234573.0912289272
155.09999999999548,1.1617621585735264e6,-5.5471990450438475e6,3.047833184924656e6,61769.56241775956,2989.443513933581,3395.26741886095,9.855280710985234,9.582846380064732,1107.5774712322723,11444.253738489157,95000.0,28.4292769738952,-78.81940168719413,237882.69678747887
156.09999999999542,1.1651551605608338e6,-5.547087093104234e6,3.047967324570379e6,62349.57073335163,2993.8217224390396,3399.733367811231,9.818993763985494,9.628598627293645,1031.6760903163122,11416.174596392671,95000.0,28.42783429464687,-78.78977827797397,241196.7103236547
157.09999999999536,1.1685525967920385e6,-5.546971549096006e6,3.048099773488191e6,62928.22553049959,2998.233101435582,3404.2318839276713,9.78294305221754,9.674786670954774,960.7018306548663,11388.095454296186,95000.0,28.426381264663117,-78.76011053990874,244515.16077491056
158.0999999999953,1.1719544952567227e6,-5.546852413213551e6,3.048230533343341e6,63505.54032227304,3002.6775345596075,3408.762856144368,9.747127840132078,9.721415908891196,894.3505573828544,11360.016312199701,95000.0,28.424917837823713,-78.73039818740556,247838.07698171286
159.09999999999525,1.175360883862267e6,-5.546729685547791e6,3.0483596057420615e6,64081.52855972666,3007.1549215859377,3413.326189523927,9.711547376793142,9.768491901334864,832.3361115441919,11331.937170103216,95000.0,28.423443967730265,-78.70064093580206,251165.4877027494
160.0999999999952,1.1787717904491068e6,-5.546603366085535e6,3.048486992232016e6,64656.20363438688,3011.6651775881514,3417.921804417353,9.67620089578807,9.816020372141187,774.389281113851,11303.85802800673,95000.0,28.42195960769905,-78.67083850121233,254497.42163058944
161.09999999999513,1.1821872428051666e6,-5.546473454708756e6,3.0486126943026627e6,65229.57888050657,3016.2082321460175,3422.5496356710537,9.641087615138423,9.864007210234936,720.25683009292,11275.778885910246,95000.0,28.420464710753997,-78.64099060038052,257833.90740552728
162.09999999999508,1.1856072686795238e6,-5.54633995119381e6,3.0487367133855424e6,65801.66757716145,3020.784028597433,3427.2096318783765,9.606206737211618,9.912458471269417,669.7005823486447,11247.69974381376,95000.0,28.41895922961973,-78.61109695054247,261174.97362921506
163.09999999999502,1.1890318957953441e6,-5.5462028552105855e6,3.048859050854489e6,66372.48295015097,3025.392523332446,3431.901754673255,9.57155744863326,9.961380379495182,622.4965570842528,11219.620601717275,95000.0,28.41744311671484,-78.5811572692944,264520.6488777256
164.09999999999496,1.1924611518620846e6,-5.546062166321589e6,3.048979708025779e6,66942.03817371558,3030.0336845559764,3436.625977492724,9.537138919983768,10.010779327950962,578.4341527859899,11191.54145962079,95000.0,28.4159163241453,-78.5511712744688,267870.96171321365
165.0999999999949,1.195895064580293e6,-5.545917883981099e6,3.049098686157936e6,67510.34637083113,3034.7074774729563,3441.3822707658246,9.502950300210186,10.060661833611396,537.3153724705041,11163.462317524305,95000.0,28.414378803701396,-78.52113868408392,271225.94068932446
166.09999999999485,1.1993336616462485e6,-5.545770007534289e6,3.0492159864515155e6,68077.42061342951,3039.4138890919853,3446.1706267099757,9.468990725977433,10.11103462344785,498.95410740502774,11135.38317542782,95000.0,28.412830506854696,-78.49105921629456,274585.61435562436
167.0999999999948,1.2027769707764168e6,-5.545618536215894e6,3.049331610049625e6,68643.27392632607,3044.1529244501903,3450.9910555561282,9.435259320681148,10.161904627158396,463.17544869439433,11107.304033331335,95000.0,28.411271384744715,-78.46093258914652,277950.01128191035
168.09999999999474,1.2062250197190319e6,-5.545463469149048e6,3.049445558037894e6,69207.91928865947,3048.924598412069,3455.8435773494352,9.40175519150685,10.213278954830308,429.81503715470234,11079.22489123485,95000.0,28.40970138817185,-78.43075852045882,281319.1600696925
169.09999999999468,1.2096778362631937e6,-5.545304805344105e6,3.049557831444311e6,69771.3696348602,3053.7289351909058,3460.7282214703946,9.368477429347129,10.265164900125278,398.71845278859536,11051.145749138364,95000.0,28.40812046759143,-78.40053672773027,284693.0893612476
170.09999999999462,1.2131354482474953e6,-5.545142543697406e6,3.0496684312390108e6,70333.63785548043,3058.565967897338,3465.645026183163,9.335425108718933,10.317569943676256,369.74063863046115,11023.06660704188,95000.0,28.406528573107806,-78.3702669280509,288071.8278484725
171.09999999999457,1.2165978835682063e6,-5.544976682990025e6,3.0497773583340175e6,70894.73679792974,3063.4357381135696,3470.5940382095314,9.30259728768098,10.37050175670108,342.74535703843316,10994.987464945394,95000.0,28.40492565446854,-78.33994883801772,291455.40428113303
172.0999999999945,1.2200651701870384e6,-5.544807221886455e6,3.049884613582943e6,71454.67926708423,3068.3382954918948,3475.575312327218,9.269993007751307,10.423968204833882,317.6046766245458,10966.908322848909,95000.0,28.403311661058634,-78.30958217365449,294843.847474524
173.09999999999445,1.2235373361388098e6,-5.54463415893325e6,3.049990197780656e6,72013.47802586667,3073.2736996839576,3480.5889132983143,9.23761129465374,10.473930825898224,293.97580722223825,10938.829180752424,95000.0,28.401686541894808,-78.2791666503326,298237.1863177015
174.0999999999944,1.2270144095503637e6,-5.544457492557307e6,3.050094111663302e6,72571.14579783566,3078.2420368529633,3485.63493237669,9.205451164507977,10.517663150266852,271.6919629134607,10910.750038655939,95000.0,28.40005024561343,-78.2487019825802,301635.4497918512
175.09999999999434,1.230496418648167e6,-5.544277221064381e6,3.050196355907896e6,73127.6952676829,3083.2433786710394,3490.7134463156913,9.173511609279869,10.561742672240786,251.04089343526667,10882.670896559453,95000.0,28.398402720464368,-78.2181878840038,305038.6669782082
176.09999999999428,1.2339833917465485e6,-5.54409334263813e6,3.0502969311312484e6,73683.13907820452,3088.2777976543302,3495.824532699359,9.141791601884973,10.606173173021668,231.90658666734473,10854.591754462968,95000.0,28.396743914315035,-78.18762406740146,308446.86704688927
177.09999999999422,1.2374753572531922e6,-5.5439058553386545e6,3.0503958378894613e6,74237.48983035982,3093.3453735360367,3500.9682763135747,9.110290098471037,10.650958517023522,214.18105763734783,10826.512612366483,95000.0,28.395073774645283,-78.15701024470498,311860.0792626881
178.09999999999417,1.2409723436756271e6,-5.543714757100958e6,3.050493076677443e6,74790.76008351427,3098.446192893156,3506.144768772652,9.079006038318434,10.69610265214071,197.76380476264183,10798.433470269998,95000.0,28.39339224854171,-78.1263461269122,315278.3329917652
179.0999999999941,1.2444743796273503e6,-5.543520045733392e6,3.05058864792838e6,75342.96235557273,3103.580348798306,3511.3541081710205,9.04793834374227,10.741609610115004,182.56130238766036,10770.354328173513,95000.0,28.39169928269192,-78.09563142402277,318701.6577079884
180.09999999999405,1.247981493833608e6,-5.5433217189160455e6,3.050682552013176e6,75894.10912304278,3108.747940494998,3516.596398758367,9.01708591999586,10.787483507000092,168.4865272092004,10742.275186077028,95000.0,28.389994823379,-78.06486584497736,322130.0829988512
181.099999999994,1.2514937151368565e6,-5.543119774199128e6,3.05077478923986e6,76444.21282098908,3113.9490730948487,3521.8717506367248,8.986447655175613,10.83372854371829,155.45851634466788,10714.196043980543,95000.0,28.388278816475886,-78.03404909759995,325563.6385714114
182.09999999999394,1.2550110725019244e6,-5.542914209001308e6,3.0508653598529575e6,76993.2858429458,3119.183857295299,3527.1802794780783,8.956022420127168,10.880349006709935,143.40195494460076,10686.116901884057,95000.0,28.386551207439965,-78.00318088854303,329002.3542575482
183.09999999999388,1.2585335950208923e6,-5.542705020608024e6,3.0509542640328393e6,77541.34054072946,3124.45240911652,3532.522106261159,8.92580906835272,10.9273492686698,132.24679139349217,10658.037759787572,95000.0,28.384811941307625,-77.97226092323555,332446.26001920993
184.09999999999383,1.2620613119177173e6,-5.542492206169772e6,3.051041501895037e6,78088.38922419399,3129.7548496562495,3537.8973570261846,8.895806435919493,10.974733789370259,121.92787826999742,10629.958617691087,95000.0,28.38306096268882,-77.94128890583342,335895.3859533528
185.09999999999377,1.2655942525526083e6,-5.542275762700359e6,3.0511270734895295e6,78634.44416091591,3135.091304861402,3543.306162646376,8.866013341369236,11.022507116568397,112.3846373601634,10601.879475594602,95000.0,28.381298215761806,-77.91026453917223,339349.7622966342
186.0999999999937,1.2691324464261779e6,-5.542055687075135e6,3.0512109788000085e6,79179.51757583022,3140.4619053153565,3548.748658615159,8.836428585628756,11.07067388699626,103.56074712954232,10573.800333498117,95000.0,28.379523644267774,-77.87918752472243,342809.4194298996
187.09999999999366,1.2726759231833774e6,-5.541831976029195e6,3.051293217743111e6,79723.62165078241,3145.8667860399096,3554.2249848480365,8.80705095192138,11.11923882743067,95.40385116646468,10545.721191401632,95000.0,28.377737191505553,-77.84805756254615,346274.3878824764
188.0999999999936,1.2762247126172362e6,-5.541604626155542e6,3.0513737901676362e6,80266.76852404792,3151.3060863109304,3559.7352854981673,8.7778792056794,11.168206755843899,87.86528620551294,10517.642049305146,95000.0,28.37593880032646,-77.81687435125644,349744.6983363127
189.09999999999354,1.2797788446724156e6,-5.541373633903254e6,3.0514526958537335e6,80808.97028978355,3156.77994948682,3565.279708784764,8.74891209445734,11.217582582631945,80.89982843364422,10489.562907208661,95000.0,28.37412841312896,-77.7856375879778,353220.3816299185
190.09999999999349,1.2833383494485877e6,-5.541138995575592e6,3.051529934512064e6,81350.23899744172,3162.2885228489654,3570.8584068334753,8.720148347846148,11.267371311921197,74.4654568659199,10461.483765112176,95000.0,28.372305971853486,-77.75434696830864,356701.4687620953
191.09999999999343,1.2869032572036544e6,-5.540900707328099e6,3.051605505782946e6,81890.58665111288,3167.8319574533634,3576.471535527957,8.69158667738822,11.317578042950485,68.52313265877955,10433.404623015691,95000.0,28.370471417977242,-77.72300218628516,360187.99089560524
192.09999999999337,1.2904735983568144e6,-5.540658765166672e6,3.051679409235481e6,82430.02520885039,3173.4104079927192,3582.119254371917,8.663225776493253,11.368207971530989,63.036593302297604,10405.325480919206,95000.0,28.368624692509037,-77.69160293434675,363679.9793606954
193.09999999999332,1.2940494034914868e6,-5.540413164945606e6,3.0517516443666457e6,82968.56658192817,3179.024032668319,3587.8017263609377,8.635064320354909,11.419266391580715,57.97216070393356,10377.24633882272,95000.0,28.366765735983982,-77.66014890330261,367177.4656584854
194.09999999999326,1.297630703358109e6,-5.540163902365608e6,3.0518222106003803e6,83506.2226340631,3184.672993071033,3593.519117863437,8.607100965868373,11.470758696734915,53.29856224038523,10349.167196726235,95000.0,28.364894488458475,-77.62863978229964,370680.4814640427
195.0999999999932,1.3012175288768038e6,-5.53991097297179e6,3.051891107286642e6,84043.00518059079,3190.357454070853,3599.2715985101586,8.579334351548637,11.522690382031696,48.98676391550467,10321.08805462975,95000.0,28.363010889504867,-77.5970752587915,374189.0586297798
196.09999999999314,1.3048099111399367e6,-5.539654372151636e6,3.051958333700447e6,84578.9259876078,3196.077583714405,3605.059341091659,8.551763097449669,11.575067045673553,45.00981481881294,10293.008912533265,95000.0,28.361114878206354,-77.5654550185086,377703.2291883634
197.0999999999931,1.3084078814145653e6,-5.539394095132945e6,3.0520238890408967e6,85113.99677108787,3201.8335531299113,3610.8825214632243,8.524385805084417,11.627894390865459,41.342702132301405,10264.92977043678,95000.0,28.359206393151755,-77.53377874542933,381223.02535566164
198.09999999999303,1.312011471144786e6,-5.5391301369817415e6,3.0520877724301685e6,85648.2291959161,3207.625536439099,3616.741318456759,8.497201057345656,11.681178227726438,37.96221598321911,10236.850628340295,95000.0,28.357285372430262,-77.50204612175193,384748.47953358485
199.09999999999297,1.3156207119540593e6,-5.538862492600162e6,3.0521499829125106e6,86181.63487495761,3213.4537113049155,3622.635914428332,8.470207418618552,11.726201266290639,34.78313720496437,10208.77148624381,95000.0,28.355351753626252,-77.4702568278666,388279.62431301246
200.09999999999292,1.319235635651166e6,-5.538591156724106e6,3.0522105194532713e6,86714.22536865901,3219.318264745679,3628.566501071002,8.443403436554968,11.747601585125597,31.755160828760022,10180.692344147325,95000.0,28.35340547381169,-77.43841054229159,391816.4924801464
201.09999999999286,1.3228562742329878e6,-5.538316123921033e6,3.052269380937857e6,87246.01218413189,3225.219379433739,3634.533265716325,8.41678763790882,11.769135319463896,28.99538801387279,10152.61320205084,95000.0,28.351446469540452,-77.40650694164059,395359.1170198719
202.0999999999928,1.326482659880151e6,-5.538037388588111e6,3.0523265661705355e6,87777.0067730248,3231.157238533206,3640.53639617113,8.390358529805548,11.790803137688965,26.47961678364459,10124.534059954354,95000.0,28.34947467684679,-77.37454570066085,398907.5311120016
203.09999999999275,1.330114824958788e6,-5.53775494495001e6,3.0523820738733453e6,88307.22053037863,3237.1320282178763,3646.576083234894,8.364114600439022,11.812605719166868,24.185872281811662,10096.454917857869,95000.0,28.347490031240277,-77.34252649221052,402461.76813373796
204.0999999999927,1.3337528020227454e6,-5.537468787056648e6,3.052435902685002e6,88836.66479354165,3243.143937565985,3652.6525205944727,8.338054318989094,11.834543753862253,22.09419762359561,10068.375775761384,95000.0,28.345492467700257,-77.31044898723145,406021.8616625307
205.09999999999263,1.3373966238156855e6,-5.537178908780913e6,3.0524880511597754e6,89365.35084105749,3249.193158465354,3658.7659047292464,8.312176135541176,11.856617941992209,20.186464800236738,10040.296633664899,95000.0,28.343481920670342,-77.27831285472291,409587.84547862125
206.09999999999258,1.3410463232730876e6,-5.536885303816345e6,3.052538517766354e6,89893.2898914991,3255.2798855279725,3664.916434825692,8.286478481007792,11.878828993714581,18.446203673440223,10012.217491568414,95000.0,28.341458324052873,-77.24611776171628,413159.7535677297
207.09999999999252,1.3447019335242256e6,-5.536587965674797e6,3.052587300886694e6,90420.49310228229,3261.404316274356,3671.104312961678,8.260959767128307,11.897028913010388,16.84748675943845,9984.138349471928,95000.0,28.339421611203385,-77.21386337324981,416737.6201236887
208.09999999999246,1.3483634878944133e6,-5.536286887684059e6,3.0526343988148477e6,90946.97156850994,3267.566651009661,3677.3297439825783,8.23561838638701,11.914309932457146,15.387038834446418,9956.059207375443,95000.0,28.337371714924775,-77.18154935234071,420321.4795512742
209.0999999999924,1.3520310199063856e6,-5.53598206298548e6,3.052679809755772e6,91472.73632163834,3273.767091977283,3683.59293465503,8.210452711707974,11.93172408311695,14.055218609655403,9927.980065278958,95000.0,28.335308567462015,-77.14917535996551,423911.3664683368
210.09999999999235,1.3557045632817396e6,-5.5356734845315665e6,3.052723531824109e6,91997.79832814727,3280.0058438795336,3689.89409418749,8.185461096544248,11.949271857283223,12.840500222410682,9899.900923182473,95000.0,28.333232100496662,-77.11674105503997,427507.3157078216
211.0999999999923,1.359384151942566e6,-5.535361145083554e6,3.0527655630429634e6,92522.16848821007,3286.283113843516,3696.2334341961,8.160641874813162,11.966953756022523,11.732409770456867,9871.821781085988,95000.0,28.331142245141262,-77.08424609439679,431109.3623201434
212.09999999999224,1.3630698200130195e6,-5.535045037208916e6,3.052805901342655e6,93045.85763433017,3292.599111374597,3702.611168658159,8.135993360828396,11.984770288993735,10.72142743188379,9843.742638989503,95000.0,28.32903893193374,-77.0516901327639,434717.54157549975
213.09999999999218,1.3667616018208363e6,-5.534725153278882e6,3.0528445445594583e6,93568.87652996369,3298.954048314799,3709.027513870502,8.111513849233718,12.002721974286002,9.798898875231348,9815.663496893018,95000.0,28.32692209083165,-77.01907282274313,438331.88896603254
214.09999999999212,1.3704595318987987e6,-5.534401485465903e6,3.05288149043432e6,94091.2358680889,3305.3481388056653,3715.482688412367,8.087201614938529,12.020809338274145,8.956955060015607,9787.584354796532,95000.0,28.324791651206542,-76.98639381478937,441952.44020804996
215.09999999999206,1.3741636449861526e6,-5.534074025741095e6,3.052916736611564e6,94612.94626975339,3311.781599255165,3721.9769131122875,8.063054913055117,12.039032915489535,8.18843961674109,9759.505212700047,95000.0,28.322647541838226,-76.95365275718989,445579.23124424263
216.099999999992,1.3778739760299872e6,-5.533742765871659e6,3.052950280637572e6,95134.01828260906,3318.2546483285387,3728.510411038928,8.039071978843193,12.053014207869122,7.484123708395879,9731.426070603562,95000.0,28.320489690908886,-76.92084929604417,449212.2982457935
217.09999999999195,1.3815905601867554e6,-5.533407697418251e6,3.052982119959453e6,95654.46237942576,3324.7675072800207,3735.0834078327325,8.01525102775079,12.054536987348149,6.834108397397169,9703.346928507077,95000.0,28.318318025997247,-76.88798307524193,452851.67761464446
218.0999999999919,1.3853134328236969e6,-5.5330688117323285e6,3.0530122519236943e6,96174.28895656671,3331.320399233854,3741.69613098705,7.991590255172056,12.056265525857519,6.241352528806411,9675.267786410592,95000.0,28.31613247407261,-76.85505373644227,456497.40598578256
219.09999999999184,1.3890426295197431e6,-5.532726099953505e6,3.0530406737747877e6,96693.50833238754,3337.913549314436,3748.348809978253,7.968087836425096,12.05819874442847,5.7007330278919754,9647.188644314107,95000.0,28.313932961489126,-76.82206091905758,460149.52022889495
220.09999999999178,1.3927781860667167e6,-5.532379553006848e6,3.0530673826538427e6,97212.1307456186,3344.5471848069897,3755.041676426363,7.9447419267456825,12.06033559607841,5.207592969603842,9619.109502217621,95000.0,28.31171941397995,-76.78900426023459,463808.0574504583
221.09999999999172,1.3965201384705466e6,-5.532029161600146e6,3.0530923755971827e6,97730.16635375842,3351.221535140639,3761.7749640781076,7.921550661235413,12.062675065212813,4.757698398381424,9591.030360121136,95000.0,28.309491756651184,-76.75588339483501,467473.05499577423
222.09999999999167,1.4002685229524528e6,-5.531674916221145e6,3.05311564953492e6,98247.62523142621,3357.9368318736547,3768.548908792149,7.8985121548117885,12.065216167051483,4.3471992231947665,9562.951218024651,95000.0,28.307249913975816,-76.72269795541641,471144.5504510389
223.0999999999916,1.4040233759501048e6,-5.531316807134743e6,3.0531372012895197e6,98764.51736867707,3364.693308680679,3775.363748526297,7.8756245021603455,12.067957947077739,3.9725937957422737,9534.872075928166,95000.0,28.30499380978769,-76.68944757221314,474822.5816452439
224.09999999999155,1.4077847341187538e6,-5.530954824380176e6,3.0531570275743357e6,99280.852669321,3371.4912013417543,3782.219723326507,7.852885777688801,12.070899480507686,3.630696818171708,9506.79293383168,95000.0,28.30272336727528,-76.65613187311749,478507.1866524447
225.0999999999915,1.4115526343323418e6,-5.530588957768152e6,3.0531751249921382e6,99796.6409491757,3378.3307477329527,3789.117075317493,7.830294035483363,12.074039871781242,3.3186102613931237,9478.713791735196,95000.0,28.300438508975567,-76.62275048366077,482198.40379362716
226.09999999999144,1.4153271136845604e6,-5.530219196877956e6,3.0531914900336154e6,100311.89193430636,3385.212187681474,3796.056048557818,7.807847309232049,12.04704919379806,3.040139117597179,9450.63464963871,95000.0,28.29813915676775,-76.58930302699498,485896.2716386288
227.09999999999138,1.4191082094895574e6,-5.529845531054572e6,3.0532061190758585e6,100826.6152592022,3392.1357627343696,3803.036888808634,7.785543612121515,12.001280876702335,2.7891939327699595,9422.555507542225,95000.0,28.295825231867163,-76.55578912387757,489600.82900800055
228.09999999999133,1.4228959592831528e6,-5.5294679494057e6,3.053219008380832e6,101340.82046497706,3399.1017170673963,3810.0598444423404,7.7633809370342135,11.956663636394017,2.5592377021254227,9394.47636544574,95000.0,28.293496654818867,-76.52220839265121,493312.1149750205
229.09999999999127,1.4266904008241773e6,-5.529086440798745e6,3.053230154093824e6,101854.51699757855,3406.1102969754243,3817.1251659330355,7.741357256392317,11.913164050178667,2.348488776815096,9366.397223349255,95000.0,28.291153345490997,-76.48856044922198,497030.168868033
230.0999999999912,1.4304915720954747e6,-5.5287009938578e6,3.0532395522418767e6,102367.7142059328,3413.1617508091513,3824.2331057932042,7.719470522110102,11.870750126603062,2.155319227437017,9338.31808125277,95000.0,28.28879522306828,-76.45484490704101,500755.0302725447
231.09999999999116,1.4342995113048754e6,-5.528311596960589e6,3.0532471987321936e6,102880.42134003062,3420.256328974198,3831.3839185727634,7.697718665564278,11.829391229285507,1.9782413457314494,9310.238939156285,95000.0,28.28642220604545,-76.42106137708602,504486.7390330902
232.0999999999911,1.438114256886159e6,-5.527918238235375e6,3.053253089350537e6,103392.6475490164,3427.3942839308497,3838.577860858758,7.676099597566825,11.789058005655196,1.8158953538699827,9282.1597970598,95000.0,28.2840342122208,-76.38720946784291,508225.3352553194
233.09999999999104,1.4419358474999985e6,-5.5275209055578485e6,3.053257219759597e6,103904.4018792361,3434.5758701943914,3845.815191275639,7.654611208340357,11.749722320236843,1.6670382112054396,9254.080654963314,95000.0,28.281631158689347,-76.35328878528733,511970.8593079012
234.09999999999098,1.445764322034889e6,-5.527119586547959e6,3.0532595854973467e6,104415.69327225257,3441.801344335983,3853.0961704860797,7.633251367496191,11.711357192141566,1.5305334185746555,9226.00151286683,95000.0,28.27921296183628,-76.31929893286636,515723.3518247365
235.09999999999093,1.4495997196080617e6,-5.52671426856673e6,3.0532601819753787e6,104926.53056284506,3449.0709649840105,3860.421061192263,7.612017924015104,11.673936736452665,1.4053417295225772,9197.922370770344,95000.0,28.276779537330114,-76.28523951147996,519482.8537066537
236.09999999999087,1.453442079566384e6,-5.526304938713035e6,3.053259004477216e6,105436.9224769678,3456.384992825897,3867.7901281376244,7.590908706230905,11.637436109226211,1.2905126862259528,9169.843228673859,95000.0,28.274330800115855,-76.2511101194626,523249.4061236747
237.0999999999908,1.4572914414872439e6,-5.525891583820329e6,3.05325604815661e6,105946.87762969639,3463.7436906103003,3875.20363810897,7.569921521816846,11.601831455843039,1.1851769054828483,9141.764086577374,95000.0,28.271866664408094,-76.2169103525647,527023.0505169604
238.09999999999076,1.461147845179419e6,-5.525474190453358e6,3.0532513080358137e6,106456.4045231212,3471.147323149694,3882.6618599389794,7.549054157775018,11.567099862478633,1.0885390470384182,9113.684944480889,95000.0,28.269387043684063,-76.18263980393418,530803.8286007824
239.0999999999907,1.4650113306839326e6,-5.525052744904834e6,3.053244779003838e6,106965.51154425554,3478.596157323266,3890.1650645090176,7.5283043804287,11.533219310463721,0.9998714027305697,9085.605802384403,95000.0,28.266891850676547,-76.14829806409796,534591.7823645658
240.09999999999064,1.4688819382748932e6,-5.524627233192046e6,3.0532364558146875e6,107474.20696284901,3486.090462080133,3897.7135247522515,7.5076699354178755,11.500168633346878,0.9185080506286609,9057.526660287918,95000.0,28.26438099736687,-76.11388472094329,538386.9540750361
241.0999999999906,1.4727597084603226e6,-5.52419764105348e6,3.053226333085574e6,107982.49892924633,3493.6305084428254,3905.30751565704,7.4871485476978865,11.46792747645727,0.8438395234105995,9029.447518191433,95000.0,28.26185439497762,-76.0793993596992,542189.3862780696
242.09999999999053,1.4766446819829645e6,-5.523763953945363e6,3.0532144052951154e6,108490.39547216054,3501.216569511025,3912.9473142705597,7.466737921541301,11.436476258811764,0.7753079449195065,9001.368376094948,95000.0,28.259311953965515,-76.04484156291785,545999.1218009312
243.09999999999047,1.4805368998210842e6,-5.523326157038188e6,3.053200666781503e6,108997.90449644625,3508.848920465537,3920.633199702663,7.446435740543192,11.405796137198944,0.7124025930099145,8973.289233998463,95000.0,28.256753584014017,-76.01021091045581,549816.2037541822
244.09999999999042,1.4844364031892486e6,-5.522884235213213e6,3.05318511174066e6,109505.0337808337,3516.5278385724664,3928.3654531299376,7.426239667629739,11.37586897229889,0.6546558506339092,8945.210091901978,95000.0,28.25417919402598,-75.97550697945539,553640.6755338267
245.09999999999036,1.4883432335390938e6,-5.522438173058892e6,3.053167734224373e6,110011.7909756368,3524.2536031873638,3936.1443577997143,7.406147345070335,11.344585663436497,0.6018371602828443,8917.130949805492,95000.0,28.251588692116215,-75.94072934432579,557472.5808233357
246.0999999999903,1.4922574325599745e6,-5.521987954867307e6,3.0531485281384047e6,110518.18360040989,3532.0264954629115,3943.9701987376698,7.386156394425548,11.22842809938599,0.5610013935972418,8889.051807709007,95000.0,28.24898198560406,-75.90587757672532,561311.963595707
247.09999999999025,1.496179042179452e6,-5.521533564630571e6,3.0531274872405864e6,111024.21904157102,3539.8467987326776,3951.843263131375,7.366264416645586,11.117035581271763,0.5229728955758529,8860.972665612522,95000.0,28.24635898100591,-75.87095124554509,565158.8681151415
248.0999999999902,1.5001081045643499e6,-5.521074986037119e6,3.053104605138885e6,111529.90455005132,3547.7147987248136,3959.763840543804,7.3464689921460735,11.010121530077353,0.4875557352388119,8832.893523516037,95000.0,28.2437195840274,-75.83594991688662,569013.3389396712
249.09999999999013,1.5040446621215479e6,-5.52061220246801e6,3.053079875289452e6,112035.24723890517,3555.630783267929,3967.732222619088,7.326767680770392,10.907423081205751,0.4545678973271178,8804.814381419552,95000.0,28.241063699555536,-75.80087315404208,572875.4209231468
250.09999999999008,1.5079887574986645e6,-5.520145196993184e6,3.0530532909946493e6,112540.25408087485,3563.595042297076,3975.7487030883326,7.307158021820524,10.808698627907873,0.4238402743233936,8776.735239323067,95000.0,28.238391231650894,-75.76572051747543,576745.1592174994
251.09999999999002,1.511940433584726e6,-5.519673952367683e6,3.0530248454010556e6,113044.93190588895,3571.607867859781,3983.81357777546,7.287637534091898,10.713725668566276,0.39521573307478175,8748.656097226582,95000.0,28.235702083539778,-75.73049156480319,580622.5992747573
252.09999999998996,1.5158997335108144e6,-5.519198451027836e6,3.05299453149745e6,113549.2873985935,3579.6695541221143,3991.927144603094,7.26820371591221,10.622298914391676,0.3685482503629424,8720.576955130096,95000.0,28.23299615760622,-75.69518585077566,584507.7868491804
253.0999999999899,1.5198667006507057e6,-5.5187186750874035e6,3.0529623421127717e6,114053.32709578518,3587.7803973748146,4000.0897035984785,7.248854045184485,10.534228621148676,0.3437021122188564,8692.497813033611,95000.0,28.230273355383957,-75.65980292725764,588400.7679993866
254.09999999998985,1.523841378621489e6,-5.518234606333683e6,3.052928269914064e6,114557.05738386232,3595.9406960394535,4008.3015568994365,7.229585979434299,10.449339114217572,0.3205511721676411,8664.418670937126,95000.0,28.227533577548346,-75.62434234320929,592301.5890905438
255.0999999999898,1.527823811284169e6,-5.51774622622358e6,3.0528923074043877e6,115060.4844962284,3604.1507506746593,4016.5630087603645,7.210396955861329,10.367467481085194,0.29897816397118826,8636.339528840641,95000.0,28.224776723908143,-75.58880364466688,596210.2967964014
256.09999999998973,1.5318140427442538e6,-5.517253515879624e6,3.0528544469207204e6,115563.61451065913,3612.410863982393,4024.874365558283,7.191284391395319,10.288462409266998,0.2788740647732795,8608.260386744156,95000.0,28.222002693397236,-75.55318637472361,600126.9381015856
257.09999999998996,1.535812117352322e6,-5.516756456085972e6,3.0528146806318257e6,116066.45334664546,3620.7213408142834,4033.235935798921,7.172245682756459,10.212183150930155,0.2601375048670363,8580.18124464767,95000.0,28.2192113840663,-75.51749007351013,604051.5603036191
258.0999999999902,1.5398180797045776e6,-5.516255027284336e6,3.0527730005361075e6,116569.0067626983,3629.082488178022,4041.648030122863,7.153278206520418,10.13849859822074,0.2426742205958585,8552.102102551185,95000.0,28.216402693074365,-75.48171427817518,607984.2110152036
259.0999999999904,1.5438319746433806e6,-5.515749209569911e6,3.0527293984594387e6,117071.28035363462,3637.4946152438292,4050.1109613117437,7.134379319187902,10.067286455577442,0.22639654716486238,8524.0229604547,95000.0,28.213576516680348,-75.44585852286616,611924.9381663766
260.09999999999064,1.5478538472577662e6,-5.515238982687223e6,3.052683866052963e6,117573.27954782173,3645.9580333509844,4058.6250442945015,7.1155463572590465,9.998432497245673,0.2112229483878683,8495.943818358215,95000.0,28.21073275023439,-75.40992233870959,615873.7900066419
261.09999999999087,1.5518837428839377e6,-5.514724326025974e6,3.052636394790881e6,118075.00960438978,3654.4730560066782,4067.1905961459424,7.0967766373109145,9.931829899801224,0.19707758061977732,8467.86467626173,95000.0,28.20787128816922,-75.37390525379159,619830.8151072564
262.0999999999911,1.5559217071057379e6,-5.514205218616812e6,3.05258697596821e6,118576.47561041545,3663.0399989027633,4075.807936103185,7.078067456083435,9.8673786409598,0.18388988833769748,8439.785534165245,95000.0,28.204992023991426,-75.33780679313824,623796.0623633452
263.0999999999913,1.5599677857551207e6,-5.513681639127085e6,3.0525356006985195e6,119077.6824780684,3671.659179927891,4084.4773855774815,7.059416090569617,9.80498495698528,0.17159422902147148,8411.70639206876,95000.0,28.202094850272566,-75.30162647869587,627769.5809962321
264.09999999999155,1.564022024912591e6,-5.513153565856548e6,3.0524822599116447e6,119578.63494174182,3680.3309191664985,4093.1992681528804,7.040819798108054,9.744560852040632,0.16012952516404025,8383.627249972275,95000.0,28.19917965864026,-75.26536382931126,631751.4205555494
265.0999999999918,1.5680844718700827e6,-5.512620977051703e6,3.0524269445774076e6,120079.33816416375,3689.0738675036623,4101.992102186811,7.022416001879841,9.687214102258976,0.1500008583247074,8205.54810787579,95000.0,28.19624633914883,-75.229018352329,635741.6317470043
266.099999999992,1.5721552871019735e6,-5.5120838878195565e6,3.0523696719143065e6,120579.8684774898,3698.0357651632344,4111.00255178084,7.005323209246568,9.637985395407629,0.14335213563902946,8177.468965779299,95000.0,28.193294707812573,-75.19258856848704,639740.3624558873
267.09999999999224,1.576234596798092e6,-5.511542300928843e6,3.052310450558591e6,121080.27981092781,3707.052636771612,4120.067875994271,6.988276742315812,9.590178378701337,0.13700220329811047,8149.3898236828045,95000.0,28.19032460096998,-75.15607329669243,643747.7312491547
268.09999999999246,1.5803224496721071e6,-5.51099619290811e6,3.052249270636042e6,121580.5766371414,3716.124827748873,4129.188423724218,6.971273709922072,9.54374206254697,0.1309374002239663,8121.31068158631,95000.0,28.18733590385974,-75.11947202975968,647763.7903633339
269.0999999999927,1.5844188947042315e6,-5.510445539887243e6,3.052186122073013e6,122080.76323585957,3725.2526859345257,4138.364546264158,6.954311201423326,9.498628109042496,0.12514470497309038,8093.231539489816,95000.0,28.184328500696797,-75.08278425715326,651788.5923900566
270.0999999999929,1.588523981141705e6,-5.509890317592741e6,3.052120994593914e6,122580.84369071946,3734.436561598019,4147.596597314038,6.937386286826908,9.454790660141722,0.11961170485592733,8065.152397393322,95000.0,28.181302274662464,-75.04600946496569,655822.1902785936
271.09999999999314,1.5926377584992643e6,-5.5093305013429355e6,3.0520538777186736e6,123080.82188609615,3743.676807449456,4156.884932990584,6.920496016921081,9.412186179254826,0.11432656660125923,8037.0732552968275,95000.0,28.17825710789432,-75.00914713589536,659864.637338353
272.0999999999934,1.5967602765595894e6,-5.5087660660431795e6,3.0519847607601658e6,123580.70150388964,3752.973778650522,4166.229911837789,6.903637423412161,9.370773305065873,0.10927800848558043,8008.994113200333,95000.0,28.175192881476054,-74.97219674922442,663915.9872413253
273.0999999999936,1.6008915853737306e6,-5.508196986180981e6,3.051913632821622e6,124080.48602028191,3762.327832825671,4175.6318948376575,6.886807519067383,9.330512716469144,0.1044552738512985,7980.914971103839,95000.0,28.17210947542714,-74.93515778079654,667976.2940247684
274.0999999999938,1.6050317352615143e6,-5.507623235821083e6,3.0518404827940096e6,124580.17870245222,3771.7393300735307,4185.091245421154,6.870003297863553,9.29136700764128,0.09984810594199775,7952.835829007345,95000.0,28.169006768692558,-74.89802970299456,672045.6120935227
275.09999999999405,1.6091807768119306e6,-5.507044788600525e6,3.051765299353389e6,125079.78260526527,3781.2086329785916,4194.608329479402,6.85322173514153,9.25330057236219,0.09544672398657102,7924.7566869108505,95000.0,28.165884639132255,-74.86081198471797,676123.9962227448
276.0999999999943,1.613338760883495e6,-5.506461617723623e6,3.051688070958244e6,125579.30056792405,3790.7361066231692,4204.183515375159,6.836459787766535,9.216279496788516,0.09124180046794123,7896.677544814356,95000.0,28.16274296351057,-74.82350409136056,680211.5015603965
277.0999999999945,1.6175057386045936e6,-5.505873695956935e6,3.05160878584678e6,126078.73521058261,3800.3221185996754,4213.817173954572,6.819714394294515,9.180271459961261,0.08722443951547974,7868.598402717862,95000.0,28.159581617485557,-74.7861054847876,684308.1836298094
278.09999999999474,1.6216817613738046e6,-5.505280995624152e6,3.051527432034204e6,126578.08893092163,3809.967039023183,4223.509678559217,6.802982475144428,9.145245641397729,0.08338615636340775,7840.519260621368,95000.0,28.156400475598176,-74.74861562331326,688414.0983322844
279.09999999999496,1.6258668808601964e6,-5.504683488600958e6,3.0514439973099763e6,127077.36390070338,3819.671240544355,4233.26140503847,6.786260932776605,9.11117263517871,0.07971885782044529,7812.4401185248735,95000.0,28.15319941126144,-74.71103396167773,692529.3019497277
280.0999999999952,1.630061149003606e6,-5.504081146309852e6,3.051358469235032e6,127576.56206227746,3829.4350983626887,4243.072731762199,6.769546651877192,9.078024370002417,0.07621482369926935,7784.360976428379,95000.0,28.149978296749325,-74.67335995102431,696653.8511472702
281.0999999999954,1.6342646180148942e6,-5.503473939714893e6,3.0512708351389775e6,128075.68512505852,3839.2589902401696,4252.944039633827,6.752836499548773,9.045774034720573,0.07286668915664328,7756.281834331885,95000.0,28.146737003185738,-74.63559303887648,700787.8029758205
282.09999999999565,1.6384773403761785e6,-5.502861839316432e6,3.0511810821172623e6,128574.73456197046,3849.1432965152912,4262.875712103752,6.736127325507131,9.014396008919437,0.06966742789791591,7728.202692235391,95000.0,28.14347540053318,-74.59773266911459,704931.2148748351
283.0999999999959,1.642699368841042e6,-5.502244815145769e6,3.051089197028323e6,129073.7116058413,3859.088400117497,4272.868135183175,6.7194159622842715,8.98386579814968,0.06661033620209739,7700.1235501388965,95000.0,28.14019335758151,-74.5597782819529,709084.1446749103
284.0999999999961,1.6469307564347216e6,-5.50162283675978e6,3.050995166490698e6,129572.61724578496,3869.0946865820556,4282.92169745833,6.70269922543765,8.954159973438887,0.0636890177256617,7672.044408042402,95000.0,28.136890741936387,-74.52172931391601,713246.6506004826
285.0999999999963,1.6511715564542708e6,-5.500995873235484e6,3.050898976880119e6,130071.45222353656,3879.1625440647995,4293.036790104571,6.68597391376568,8.926539174422095,0.06100519795220165,7643.965265945908,95000.0,28.133567420007793,-74.48358519781559,717418.7912724987
286.09999999999656,1.655421822468685e6,-5.500363893164573e6,3.050800614326573e6,130570.21702974103,3889.2923633222354,4303.2138068658105,6.669236809523287,8.907237843004756,0.059057488554964864,7615.886123849414,95000.0,28.130223256998264,-74.44534536272685,721600.6257111728
287.0999999999968,1.659681608318999e6,-5.499726864647893e6,3.050700064711336e6,131068.91190022789,3899.484537782361,4313.453144124637,6.652484678658853,8.888467012455036,0.057173318285493206,7587.8069817529195,95000.0,28.126858116891142,-74.40700923396523,725792.2133386534
288.099999999997,1.6639509681184108e6,-5.499084755289866e6,3.050597313663985e6,131567.53681224398,3909.739463565902,4323.7552009228375,6.6357142710500945,8.870215944461346,0.055350573485842464,7559.727839656425,95000.0,28.12347186243861,-74.36857623306214,729993.6139817853
289.09999999999724,1.6682299562523614e6,-5.498437532192867e6,3.0504923465593727e6,132066.09148064256,3920.0575394809657,4334.12037895532,6.618922320741336,8.852474289471179,0.05358721312428072,7531.648697559931,95000.0,28.120064355149626,-74.33004577774109,734204.8878749375
290.09999999999746,1.6725186273785774e6,-5.497785161951559e6,3.0503851485145823e6,132564.57535405364,3930.4391670410537,4344.549082587378,6.602105546190792,8.83523207058901,0.05188126617919787,7503.569555463437,95000.0,28.11663545527776,-74.29141728189367,738426.095662735
291.0999999999977,1.6768170364270948e6,-5.497127610647166e6,3.050275704385856e6,133062.98761100043,3940.8847504836745,4355.041718872524,6.585260650524234,8.818479668311166,0.05023082912280806,7475.490413366942,95000.0,28.113185021808892,-74.25269015555529,742657.2984028651
292.0999999999979,1.6811252386002566e6,-5.496464843841717e6,3.050163998765486e6,133561.3271559989,3951.3946967896222,4365.59869757099,6.56838432179509,8.802207806044725,0.04863406350047149,7447.411271270448,95000.0,28.109712912448764,-74.21386380488096,746898.5575689349
293.09999999999815,1.6854432893726865e6,-5.495796826572226e6,3.05005001597869e6,134059.5926156137,3961.969415702904,4376.220431168834,6.551473233250839,8.786407536366006,0.047089193601895646,7419.332129173954,95000.0,28.106218983610468,-74.17493763212097,751149.9350532648
294.0999999999984,1.6897712444912381e6,-5.495123523344822e6,3.049933740080449e6,134557.78233446646,3972.6093197513856,4386.907334897757,6.534524043605854,8.771070227975637,0.045594504220534925,7391.25298707746,95000.0,28.10270309040172,-74.13591103559611,755411.4931697603
295.0999999999986,1.6941091599749222e6,-5.4944448981288355e6,3.0498151548523232e6,135055.89437124133,3983.3148242681777,4397.6598267556465,6.517533397320572,8.756187553306226,0.04414833849749865,7363.173844980965,95000.0,28.099165086612114,-74.09678340967312,759683.2946568086
296.09999999999883,1.698457092114808e6,-5.493760914350838e6,3.049694243799236e6,135553.9264946198,3994.0863474137736,4408.478327527831,6.500497924886923,8.741751476750242,0.042749095846828546,7335.094702884471,95000.0,28.09560482470006,-74.05755414473981,763965.4026801537
297.09999999999906,1.7028150974739003e6,-5.493071534888624e6,3.049570990146232e6,136051.87617921177,4004.92431019901,4419.363260809168,6.483414243120169,8.727754243467684,0.04139522995867018,7307.015560787977,95000.0,28.09202215577983,-74.01822262717998,768257.88083578
298.0999999999993,1.7071832328869952e6,-5.492376722065138e6,3.049445376835206e6,136549.74060142692,4015.8291365088544,4430.315053026902,6.466278955456962,8.714188368744987,0.040085246877425304,7278.936418691483,95000.0,28.08841692960828,-73.9787882393483,772560.7931529864
299.0999999999995,1.7115615554605087e6,-5.49167643764237e6,3.0493173865216034e6,137047.5166353332,4026.80125312708,4441.3341334644265,6.4490886522596025,8.701046627870838,0.038817703151758184,7250.857276594988,95000.0,28.084788994571465,-73.93925035954494,776874.2040971714
300.09999999999974,1.7159501225722842e6,-5.490970642815187e6,3.049187001571091e6,137545.20084845927,4037.8410897618382,4452.420934285897,6.431839911126483,8.688322046503378,0.03759120405374188,7222.778134498494,95000.0,28.081138197671223,-73.89960836199009,781198.1785729644
301.09999999999997,1.7203489918713747e6,-5.4902592982051065e6,3.0490542040562015e6,138042.78949758504,4048.949079072213,4463.575890561818,6.414529297208719,8.676007891498719,0.036404401864281,7194.698992402,95000.0,28.077464384511472,-73.85986161679818,785532.7819271648
302.00000000000017,1.7243168304760142e6,-5.489614309978373e6,3.0489326084943153e6,138490.5342270285,4059.0048999816217,4473.673986072454,6.39889399477348,8.665270689055903,0.03536914343774749,7169.427764515155,95000.0,28.074138145020104,-73.82399946296644,789443.0670048421
303.0000000000004,1.7287354337244094e6,-5.488892310212111e6,3.048795176652198e6,138987.92986032646,4070.2435820417663,4484.959646857361,6.38145631639653,8.653718620193418,0.034254213576290264,7141.348622418661,95000.0,28.070420170538917,-73.78405194711122,793798.0468555138
304.0000000000006,1.7331645078737435e6,-5.488164643164988e6,3.048655278566974e6,139485.21727752872,4081.5516884351996,4496.314741486161,6.363946736790127,8.642558736689717,0.03317532309192987,7113.269480322167,95000.0,28.06667872401651,-73.74399783349325,798163.8476190532
305.00000000000085,1.7376041116282775e6,-5.487431267162117e6,3.048512895135334e6,139982.39148251154,4092.929663602417,4507.739716627254,6.346361775698937,8.631785166359352,0.03213129238146394,7085.190338225672,95000.0,28.062913645471927,-73.70383647596562,802540.5363960532
306.0000000000011,1.7420543039620824e6,-5.486692139924066e6,3.0483680069439663e6,140479.44714722876,4104.377955070973,4519.235021986472,6.328697942056577,8.627114859379045,0.03133426333826141,7057.111196129178,95000.0,28.05912477345736,-73.66356722414697,806928.1807444637
307.0000000000013,1.7465151441186762e6,-5.485947218560327e6,3.0482205942660295e6,140976.37860728242,4115.897013496831,4530.801110347349,6.3109517343378645,8.622934669512905,0.03056547887359913,7029.032054032684,95000.0,28.055311945043627,-73.6231894233948,811326.8486826442
308.00000000000153,1.7509866916106618e6,-5.485196459562745e6,3.0480706370575954e6,141473.1798574822,4127.487292710106,4542.4384376157495,6.293119640917488,8.61903012695598,0.029816356256410482,7000.95291193619,95000.0,28.051474995805478,-73.58270241477808,815736.6086927007
309.00000000000176,1.7554690062193351e6,-5.484439818798889e6,3.0479181149540595e6,141969.84454734623,4139.149249739939,4554.147462843623,6.275198140430817,8.615398750325193,0.029086385750286065,6972.873769839695,95000.0,28.047613759806772,-73.54210553504991,820157.5297236373
310.000000000002,1.759962147994269e6,-5.483677251505374e6,3.0477630072665233e6,142466.36597658973,4150.883344851426,4565.928648264782,6.257183702141465,8.612038147518545,0.028375071360425965,6944.794627743201,95000.0,28.043728069585438,-73.50139811661988,824589.6811946486
311.0000000000022,1.764466177252877e6,-5.482908712281115e6,3.047605292978148e6,142962.73709056433,4162.690041584005,4577.782459332128,6.239072786314103,8.60894601353532,0.02768193043807359,6916.715485646707,95000.0,28.03981775613832,-73.46057948752616,829033.1329984448
312.00000000000244,1.7689811545799572e6,-5.482134155080549e6,3.047444950740473e6,143458.95047567878,4174.569806791275,4589.7093647562915,6.220861844592305,8.606120128386205,0.02700649329732374,6888.636343550213,95000.0,28.03588264890581,-73.41964897140734,833487.9555045296
313.0000000000027,1.7735071408272153e6,-5.48135353320679e6,3.0472819588697124e6,143954.9983547656,4186.523110682368,4601.709836545794,6.2025473203813,8.603558355091915,0.02634830284394946,6860.557201453718,95000.0,28.03192257575638,-73.37860588747395,837954.2195625694
314.0000000000029,1.7780441971127703e6,-5.480566799304721e6,3.047116295343015e6,144450.8725824505,4198.550426864886,4613.784350048769,6.184125649235489,8.601258637763749,0.02570691421574957,6832.478059357224,95000.0,28.027937362970857,-73.33744955047972,842431.9965058983
315.0000000000031,1.782592384820642e6,-5.479773905354051e6,3.04694793779469e6,144946.56464043818,4210.652232389473,4625.933383996296,6.165593259250525,8.599218999767697,0.025081894434171456,6804.39891726073,95000.0,28.023926835226558,-73.29617927069249,846921.35815481
316.00000000000335,1.787151765600219e6,-5.478974802662302e6,3.046776863512413e6,145442.06563282292,4222.8290077961,4638.157420547417,6.146946571459849,8.597437541963146,0.024472822066657983,6776.319775164236,95000.0,28.019890815581242,-73.25479435386487,851422.3768201675
317.0000000000036,1.7917224013657111e6,-5.4781694418577375e6,3.0466030494333906e6,145937.36628131568,4235.081237162085,4650.456945335906,6.128182000235408,8.595912441019237,0.023879286899531643,6748.240633067741,95000.0,28.015829125456882,-73.21329410120445,855935.1253068212
318.0000000000038,1.7963043542955862e6,-5.477357772882251e6,3.0464264721404947e6,146432.4569204729,4247.4094081519725,4662.83244751883,6.109295953692382,8.594641947801577,0.023300889620932567,6720.161490971247,95000.0,28.011741584623216,-73.17167780934379,860459.6769172852
319.00000000000404,1.8008976868319912e6,-5.476539744984174e6,3.0462471078583742e6,146927.3274928769,4259.81401206928,4675.284419827003,6.090284834097855,8.593624385829422,0.02273724151355262,6692.082348874753,95000.0,28.007628011181186,-73.12994477030988,864996.1054552764
320.00000000000426,1.8055024616801562e6,-5.475715306711048e6,3.0460649324495224e6,147421.96754428558,4272.295543910207,4687.813358617362,6.071145038282919,8.592858149799937,0.02218796415681352,6664.003206778259,95000.0,28.003488221546075,-73.08809427149342,869544.4852293921
321.0000000000045,1.8101187418077886e6,-5.474884405902319e6,3.0458799214103185e6,147916.36621875595,4284.854502419384,4700.419763927369,6.051872958058347,8.59234170417705,0.02165268913817052,6635.924064681764,95000.0,27.99932203043049,-73.04612559561755,874104.8910567799
322.0000000000047,1.814746590444453e6,-5.474046989681985e6,3.0456920498670368e6,148410.51225373056,4297.491390147697,4713.104139531485,6.032464980633269,8.592073581843236,0.02113105777325543,6607.84492258527,95000.0,27.9951292508272,-73.00403802070625,878677.3982669794
323.00000000000495,1.8193860710809377e6,-5.473203004451186e6,3.0455012925718226e6,148904.39397508465,4310.206713512309,4725.866992999808,6.012917489036826,8.592052382812303,0.020622720834569223,6579.765780488776,95000.0,27.990909693991682,-72.9618308200522,883262.0827056302
324.0000000000052,1.824037247468614e6,-5.472352395880721e6,3.0453076238986347e6,149397.9992921697,4323.000982858908,4738.708835758937,5.9932268625424685,8.592276772999382,0.02012733828839775,6551.686638392282,95000.0,27.986663169424485,-72.91950326218438,887859.0207383863
325.0000000000054,1.8287001836187828e6,-5.471495108903509e6,3.0451110178391486e6,149891.31569277588,4335.8747125263,4751.63018315515,5.973389477094604,8.59274548305024,0.019644579039778634,6523.607496295787,95000.0,27.98238948485337,-72.877054610835,892468.2892548309
326.0000000000056,1.8333749438025802e6,-5.470631087706898e6,3.044911447998613e6,150384.3302381821,4348.828422378348,4764.63155598478,5.953401705926094,14.496094741261158,0.0,6495.528354199293,95000.0,27.97808844621471,-72.83448412490048,897089.9656729536
327.00000000000585,1.8380615925503965e6,-5.469760275724985e6,3.0447088875916786e6,150877.0295580728,4361.862633850849,4777.713476540047,5.933259919504359,14.539542112836164,0.0,6467.449212102799,95000.0,27.973759857635045,-72.79179105840655,901724.1279433637
328.0000000000061,1.8427601946493378e6,-5.468882615631201e6,3.0445033094382947e6,151369.39984523132,4374.97787326541,4790.876471921189,5.912960486317035,14.583259577551368,0.0,6439.370070006305,95000.0,27.969403521414502,-72.74897466049238,906370.8545514018
329.0000000000063,1.847470815143718e6,-5.467998049330332e6,3.044294685959422e6,151861.42685052752,4388.1746716291755,4804.1210738347345,5.892499773296025,14.627248905430585,0.0,6411.29092790981,95000.0,27.965019238006754,-72.70603417536388,911030.224522612
330.00000000000654,1.8521935193344192e6,-5.46710651795064e6,3.04408298917277e6,152353.0958777545,4401.453564302979,4817.447818260227,5.871874146203113,14.671511881009932,0.0,6383.211785813316,95000.0,27.960606806000147,-72.66296884225757,915702.3174268638
331.00000000000676,1.85692837277821e6,-5.466207961835946e6,3.0438681906884913e6,152844.39177842438,4414.815091081618,4830.857245529001,5.8510799700646405,14.716050303605394,0.0,6355.132643716822,95000.0,27.95616602209827,-72.61977789540454,920387.2133827383
332.000000000007,1.8616754412870598e6,-5.465302320537641e6,3.0436502617048444e6,153335.29894653894,4428.25979627702,4844.349900405855,5.830113609606401,14.760865987590066,0.0,6327.053501620328,95000.0,27.95169668110058,-72.57646056399346,925084.9930618409
333.0000000000072,1.866434790927458e6,-5.464389532806611e6,3.043429173003818e6,153825.80131330807,4441.7882288044375,4857.926332173735,5.808971429688397,14.805960762681458,0.0,6298.974359523833,95000.0,27.947198575882584,-72.53301607213325,929795.7376932773
334.00000000000745,1.871206488019735e6,-5.463469536585111e6,3.043204894946721e6,154315.88234185893,4455.4009422717745,4871.587094721528,5.787649795739056,14.851336474239249,0.0,6270.895217427339,95000.0,27.9426714973759,-72.48944363881479,934519.5290680801
335.0000000000077,1.8759905991373851e6,-5.462542268998562e6,3.0429773974697273e6,154805.5250218967,4469.098495072094,4885.3327466350465,5.766145074188508,14.896994983573647,0.0,6242.816075330845,95000.0,27.9381152345479,-72.4457424778723,939256.4495439075
336.0000000000079,1.8807871911064016e6,-5.461607666347266e6,3.0427466500793835e6,155294.71186433826,4482.881450479464,4899.1638512913205,5.744453632900608,14.94293816826488,0.0,6214.7369332343505,95000.0,27.933529574381122,-72.40191179794357,944006.5820496754
337.00000000000813,1.8855963310046142e6,-5.460665664098056e6,3.0425126218480836e6,155783.4248959059,4496.750376748207,4913.080976956303,5.7225718416032105,14.989167922494023,0.0,6186.657791137856,95000.0,27.928914301852558,-72.35795080242977,948770.0100902653
338.00000000000836,1.8904180861610412e6,-5.459716196875866e6,3.042275281409492e6,156271.645653693,4510.705847215688,4927.084696886089,5.700496072316353,15.035686157385626,0.0,6158.578649041362,95000.0,27.9242691999124,-72.31385868945435,953546.8177514415
339.0000000000086,1.8952525241552498e6,-5.458759198455222e6,3.0420345969539373e6,156759.3551796982,4524.748440408732,4941.175589431758,5.678222699777878,15.08249480136244,0.0,6130.499506944868,95000.0,27.919594049462678,-72.26963465182116,958337.08970477
340.0000000000088,1.9000997128167355e6,-5.457794601751657e6,3.0417905362237524e6,157246.53401531372,4538.878740153778,4955.354238147965,5.655748101866074,15.129595800512595,0.0,6102.4203648483735,95000.0,27.914888629335508,-72.22527787697165,963140.9112126547
341.00000000000904,1.9049597202243125e6,-5.456822338813035e6,3.041543066508579e6,157733.1621957803,4553.097335690932,4969.621231905382,5.6330686600188935,15.176991118969772,0.0,6074.341222751879,95000.0,27.91015271627109,-72.18078754694125,967958.3681334475
342.00000000000927,1.9098326147055263e6,-5.455842340810804e6,3.0412921546406285e6,158219.21924461983,4567.404821791954,4983.977165007117,5.610180759649212,15.224682739306514,0.0,6046.262080655385,95000.0,27.905386084895344,-72.1361628383149,972789.5469266775
343.0000000000095,1.9147184648360868e6,-5.454854538031156e6,3.041037766989892e6,158704.68416801933,4581.80179888239,4998.422637309225,5.587080790555846,15.272672662941302,0.0,6018.182938558891,95000.0,27.900588507697186,-72.09140292218152,977634.5346584712
344.0000000000097,1.919617339439323e6,-5.453858859866103e6,3.040779869459311e6,159189.53544917516,4596.288873167906,5012.9582543454535,5.563765147329565,15.320962910559686,0.0,5990.1037964623965,95000.0,27.8957597550056,-72.0465069640876,982493.4190068871
345.00000000000995,1.9245293075856643e6,-5.452855234804456e6,3.0405184274798986e6,159673.75104260724,4610.866656764984,5027.584627456317,5.540230229753865,15.369555522549948,0.0,5962.024654365902,95000.0,27.890899594966214,-72.00147412398961,987366.288267577
346.0000000000102,1.9294544385921508e6,-5.451843590422721e6,3.040253406005813e6,160157.3083684342,4625.535767836122,5042.302373922685,5.516472443199822,15.418452559453742,0.0,5933.945512269408,95000.0,27.886007793517653,-71.95630355620563,992253.2313594366
347.0000000000104,1.9343928020219726e6,-5.450823853375894e6,3.039984769509379e6,160640.18430660665,4640.296830729616,5057.112117103942,5.492488199014612,15.467656102432054,0.0,5905.866370172914,95000.0,27.881084114367447,-71.91099440936551,997154.3378303425
348.00000000001063,1.9393444676840433e6,-5.449795949388168e6,3.039712481976067e6,161122.35519109946,4655.150476124131,5072.014486580949,5.468273914903065,15.517168253747105,0.0,5877.7872280764195,95000.0,27.876128318967606,-71.86554582636029,1.0020696978632123e6
349.00000000001086,1.944309505632611e6,-5.448759803243526e6,3.039436506899412e6,161603.79680406116,4670.0973411781715,5087.010118303866,5.443826015301844,15.566991137260572,0.0,5849.708085979925,95000.0,27.871140166489823,-71.81995694429011,1.0069994022819488e6
350.0000000000111,1.949287986166907e6,-5.447715338776248e6,3.0391568072758843e6,162084.48436994292,4685.138069684575,5102.099654745036,5.419140931745554,15.617126898948584,0.0,5821.628943883431,95000.0,27.86611941380026,-71.77422689441107,1.0119435425576884e6
351.0000000000113,1.9542799798308352e6,-5.446662478861293e6,3.038873345599704e6,162564.39254953898,4700.273312230213,5117.2837450570505,5.3942151032243455,15.667577707434045,0.0,5793.549801786937,95000.0,27.861065815433985,-71.72835480208073,1.0169022108151468e6
352.00000000001154,1.9592855574127105e6,-5.445601145404594e6,3.038586083857601e6,163043.49543402717,4715.503726361035,5132.563045236158,5.3690449765323205,15.718345754536783,0.0,5765.4706596904425,95000.0,27.855979123568922,-71.68233978670239,1.021875499839066e6
353.00000000001177,1.9643047899450406e6,-5.444531259333226e6,3.0382949835235197e6,163521.76653894875,4730.829976752615,5147.938218291186,5.343627006606269,15.769433255842051,0.0,5737.391517593948,95000.0,27.85085908799948,-71.63618096166795,1.0268635030808474e6
354.000000000012,1.969337748704363e6,-5.443452740585465e6,3.0380000055532577e6,163999.178798127,4746.252735386361,5163.4099344181095,5.317957656854029,15.820842451287868,0.0,5709.312375497454,95000.0,27.845705456109666,-71.58987743429927,1.0318663146653866e6
355.0000000000122,1.9743845052111354e6,-5.4423655081007285e6,3.0377011103790533e6,164475.70455756783,4761.7726817315515,5178.978871180463,5.292033399471985,15.87257560577184,0.0,5681.23323340096,95000.0,27.84051797284579,-71.54342830578821,1.0368840293979746e6
356.00000000001245,1.979445131229682e6,-5.441269479809393e6,3.037398257904101e6,164951.31556927413,4777.390502933365,5194.645713695734,5.2658507157509415,15.924635009777882,0.0,5653.1540913044655,95000.0,27.835296380688725,-71.49683267113511,1.0419167427714026e6
357.0000000000127,1.9845196987682057e6,-5.440164572622486e6,3.0370914074970125e6,165425.9829850467,4793.106894007094,5210.411154827947,5.2394060963699145,15.977022980023646,0.0,5625.074949207971,95000.0,27.830040419625654,-71.45008961908557,1.0469645509732682e6
358.0000000000129,1.9896082800788626e6,-5.439050702421244e6,3.0367805179862035e6,165899.67735019792,4808.9225580386965,5226.27589538659,5.212696041677051,16.02974186012899,0.0,5596.995807111477,95000.0,27.824749827121416,-71.40319823206573,1.052027550893463e6
359.00000000001313,1.9947109476579032e6,-5.4379277840465475e6,3.036465547654215e6,166372.3685972374,4824.838206391891,5242.240644332073,5.185717061957084,16.082794021306302,0.0,5568.916665014983,95000.0,27.819424338089263,-71.35615758611588,1.0571058401317608e6
360.00000000001336,1.9998277742458922e6,-5.436795731288203e6,3.036146454231967e6,166844.0260394849,4840.854558921976,5258.3061189879345,5.1584656776847115,16.13618186307325,0.0,5540.8375229184885,95000.0,27.814063684861193,-71.3089667508222,1.0621995170057009e6
361.0000000000136,2.0049588328279995e6,-5.435654456874092e6,3.035823194892938e6,167314.6183646312,4856.972344196565,5274.473045259943,5.1309384197632015,16.18990781398855,0.0,5512.758380821994,95000.0,27.808667597157704,-71.26162478924678,1.0673086805586037e6
362.0000000000138,2.0101041966343739e6,-5.434503872459173e6,3.0354957262472645e6,167784.11362823285,4873.192299723442,5290.742157862341,5.103131829747452,16.243974332411476,0.0,5484.6792387255,95000.0,27.803235802057024,-71.21413075785574,1.0724334305678087e6
363.00000000001404,2.0152639391406004e6,-5.433343888614327e6,3.035164004335775e6,168252.4792471584,4889.515172185746,5307.114200551408,5.075042460050985,16.29838390728582,0.0,5456.600096629006,95000.0,27.797768023963823,-71.16648370644543,1.077573867553117e6
364.00000000001427,2.0204381340682479e6,-5.4321744148150375e6,3.0348279846239295e6,168719.6819929462,4905.941717684684,5323.589926366568,5.04666687413608,16.353139058948944,0.0,5428.5209545325115,95000.0,27.792263984577286,-71.11868267806655,1.082730092785481e6
365.0000000000145,2.025626855385508e6,-5.430995359429931e6,3.03448762199569e6,169185.68798511568,4922.472701990011,5340.1700978792505,5.018001646686306,16.408242339966705,0.0,5400.441812436017,95000.0,27.786723402858698,-71.07072670894632,1.0879022082958445e6
366.0000000000147,2.0308301773079338e6,-5.429806629709123e6,3.0341428707472975e6,169650.46268439107,4939.108900798493,5356.855487449755,4.989043363760855,16.463696335994975,0.0,5372.362670339523,95000.0,27.78114599499834,-71.0226148284084,1.093090316884331e6
367.00000000001495,2.0360481742992778e6,-5.428608131772404e6,3.033793684580964e6,170113.97088587098,4955.851100000558,5373.646877492301,4.959788622929795,16.519503666668527,0.0,5344.283528243029,95000.0,27.775531474381786,-70.97434605879059,1.0982945221295147e6
368.0000000000152,2.0412809210724367e6,-5.427399770597241e6,3.0334400165984714e6,170576.1767120976,4972.700095955437,5390.545060748568,4.930234033389667,16.575666986518122,0.0,5316.2043861465345,95000.0,27.769879551555608,-70.92591941536035,1.1035149283981204e6
369.0000000000154,2.0465284925905128e6,-5.426181450006599e6,3.0330818192946804e6,171037.04360606987,4989.656695774961,5407.550840569906,4.900376216058568,16.632188985916535,0.0,5288.12524405004,95000.0,27.764189934192384,-70.87733390622776,1.1087516408548374e6
370.00000000001563,2.0517909640679832e6,-5.424953072656551e6,3.0327190445509385e6,171496.53432415426,5006.721717616348,5424.665031208525,4.870211803650033,16.68907239205449,0.0,5260.046101953546,95000.0,27.758462327055053,-70.82858853225625,1.1140047654724424e6
371.00000000001586,2.0570684109719968e6,-5.423714540023717e6,3.0323516436283886e6,171954.61092892848,5023.895990984182,5441.8884581179,4.839737440724851,16.746319969947276,0.0,5231.966959857052,95000.0,27.75269643196054,-70.77968228697054,1.1192744090422483e6
372.0000000000161,2.062360909023796e6,-5.4224657523924615e6,3.031979567161173e6,172411.23478191532,5041.180357041877,5459.221958262641,4.808949783720236,16.803934523472922,0.0,5203.8878177605575,95000.0,27.74689194774274,-70.73061415646218,1.1245606791847025e6
373.0000000000163,2.0676685342002683e6,-5.421206608841906e6,3.03160276514953e6,172866.36653623823,5058.575668932916,5476.66638043817,4.777845500955328,16.861918896443054,0.0,5175.808675664063,95000.0,27.741048570214666,-70.6813831192923,1.129863684360457e6
374.00000000001654,2.0729913627356382e6,-5.419937007232703e6,3.0312211869527744e6,173319.96612917446,5076.082792112129,5494.222585600418,4.746421272612444,16.920275973707096,0.0,5147.729533567569,95000.0,27.735165992129915,-70.63198814639149,1.1351835338815888e6
375.00000000001677,2.0783294711232984e6,-5.418656844193586e6,3.0308347812821716e6,173771.99277459923,5093.702604687335,5511.891447205896,4.7146737906931655,16.979008682291116,0.0,5119.650391471075,95000.0,27.729243903143328,-70.5824282009569,1.140520337923194e6
376.000000000017,2.0836829361177904e6,-5.417366015107676e6,3.0304434961936846e6,174222.4049553452,5111.435997771641,5529.673851562431,4.682599758948416,17.03811999257214,0.0,5091.5712493745805,95000.0,27.72328198977086,-70.53270223834625,1.1458742075352888e6
377.0000000000172,2.0890518347369395e6,-5.416064414098548e6,3.0300472790805968e6,174671.1604154203,5129.283875846701,5547.570698190862,4.6501958927818725,17.097612919489006,0.0,5063.492107278086,95000.0,27.717279935348607,-70.48280920596888,1.1512452546550853e6
378.00000000001745,2.0944362442641498e6,-5.414751934016037e6,3.02964607666601e6,175118.21615213715,5147.247157137318,5565.582900198075,4.61745891912569,17.15749052379106,0.0,5035.412965181592,95000.0,27.711237419990944,-70.43274804317345,1.1566335921194893e6
379.0000000000177,2.0998362422508635e6,-5.413428466421779e6,3.0292398349952046e6,175563.52840811107,5165.326773997659,5583.711384661665,4.584385576287824,17.21775591332553,0.0,5007.333823085098,95000.0,27.705154120547896,-70.38251768113253,1.1620393336781114e6
380.0000000000179,2.105251906519194e6,-5.412093901574476e6,3.028828499427867e6,176007.0526631279,5183.523673309509,5601.957093026623,4.550972613770052,17.27841224436503,0.0,4979.2546809886035,95000.0,27.69902971056143,-70.33211704272362,1.1674625940065398e6
381.00000000001813,2.110683315164736e6,-5.410748128414877e6,3.0284120146301677e6,176448.74362588767,5201.838816892858,5620.320981514372,4.517216792055824,17.339462722976194,0.0,4951.175538892109,95000.0,27.69286386022104,-70.28154504240675,1.1729034887199954e6
382.00000000001836,2.1161305465595624e6,-5.4093910345504675e6,3.027990324566697e6,176888.5552256098,5220.273181929275,5638.804021544576,4.483114882367095,17.400910606430916,0.0,4923.096396795615,95000.0,27.68665623631815,-70.23080058609845,1.1783621343873874e6
383.0000000000186,2.121593679355411e6,-5.408022506239845e6,3.027563372492242e6,177326.44060350116,5238.827761398407,5657.407200170081,4.448663666389263,17.462759204661356,0.0,4895.017254699121,95000.0,27.680406502199638,-70.17988257104194,1.1838386485458058e6
384.0000000000188,2.127072792487068e6,-5.406642428376787e6,3.0271311009434047e6,177762.35210405104,5257.503564528034,5676.131520525404,4.413859935963221,17.525011881760115,0.0,4866.9381126026265,95000.0,27.67411431772034,-70.12878988567351,1.1893331497153488e6
385.00000000001904,2.1325679651759644e6,-5.405250684473974e6,3.026693451730059e6,178196.24126621056,5276.301617258101,5694.978002289203,4.378700492743797,17.587672057527005,0.0,4838.858970506132,95000.0,27.667779339194485,-70.07752140948483,1.194845757414461e6
386.00000000001927,2.138079276933974e6,-5.403847156646388e6,3.026250365926631e6,178628.05881437287,5295.2229627191755,5713.947682161161,4.3431821478234225,17.65074320906392,0.0,4810.779828409638,95000.0,27.66140121934604,-70.0260760128812,1.2003765921756574e6
387.0000000000195,2.1436068075674395e6,-5.402431725594351e6,3.0258017838632017e6,179057.75464920234,5314.268661725774,5733.041614353735,4.307301721320286,17.71422887241925,0.0,4782.700686313144,95000.0,27.65497960725789,-69.9744525570356,1.2059257755616962e6
388.0000000000197,2.149150637181424e6,-5.401004270586191e6,3.0253476451164293e6,179485.2778382767,5333.439793285038,5752.260871099253,4.271056041929976,17.77813264428346,0.0,4754.621544216649,95000.0,27.64851414831995,-69.92264989373817,1.2114934301822558e6
389.00000000001995,2.1547108461841964e6,-5.399564669440535e6,3.0248878885002774e6,179910.57660656422,5352.737455121262,5771.606543172842,4.234441946439491,17.84245818373754,0.0,4726.542402120155,95000.0,27.642004484176084,-69.87066686524128,1.217079679711122e6
390.0000000000202,2.1602875152919604e6,-5.398112798508203e6,3.0244224520565416e6,180333.5983266784,5372.162764216783,5791.079740431724,4.197456279202939,17.907209214055943,0.0,4698.463260023661,95000.0,27.635450252669646,-69.81850230410004,1.2226846489037378e6
391.0000000000204,2.1658807255338337e6,-5.39664853265369e6,3.0239512730451785e6,180754.28950895648,5391.71685736975,5810.681592371361,4.16009589157756,17.972389524565834,0.0,4670.384117927167,95000.0,27.628851087788004,-69.76615503300766,1.2283084636154256e6
392.00000000002063,2.1714905582570885e6,-5.395171745236239e6,3.0234742879344085e6,181172.5957913138,5411.400891769363,5830.41324869908,4.122357641319334,18.03800297256454,0.0,4642.304975830672,95000.0,27.622206619605493,-69.7136238646262,1.2339512508200917e6
393.00000000002086,2.1771170951326597e6,-5.393682308090447e6,3.0229914323906116e6,181588.4619288873,5431.216045589126,5850.275879925666,4.084238391937046,18.104053485297086,0.0,4614.225833734178,95000.0,27.615516474225217,-69.66090760141182,1.2396131386294174e6
394.0000000000211,2.1827604181609275e6,-5.392180091506444e6,3.022502641267981e6,182001.8317834437,5451.163518598751,5870.270677975624,4.045735012003634,18.170545061995835,0.0,4586.146691637684,95000.0,27.60878027371934,-69.60800503543501,1.2452942563126853e6
395.0000000000213,2.18842060967779e6,-5.390664964209569e6,3.022007848597945e6,182412.64831255283,5471.244532795313,5890.398856816637,4.006844374423977,18.237481775984374,0.0,4558.06754954119,95000.0,27.60199763606807,-69.55491494819513,1.2509947343171665e6
396.00000000002154,2.1940977523610247e6,-5.389136793339579e6,3.021506987578339e6,182820.85355850682,5491.460333054332,5910.661653108957,3.967563355657727,18.304867776847775,0.0,4529.988407444695,95000.0,27.59516817509698,-69.50163611042942,1.2567147042891048e6
397.00000000002177,2.1997919292369587e6,-5.387595444429341e6,3.0209999905623184e6,183226.38863699324,5511.812187801455,5931.060326875355,3.927888834896263,18.372707292671517,0.0,4501.909265348201,95000.0,27.588291500412925,-69.44816728191608,1.2624542990953403e6
398.000000000022,2.205503223687456e6,-5.3860407813829845e6,3.0204867890470116e6,183629.1937254779,5532.301389705469,5951.596162192379,3.8878176931925883,18.441004632351564,0.0,4473.830123251707,95000.0,27.58136721733843,-69.39450721127136,1.268213652845569e6
399.0000000000222,2.211231719457221e6,-5.38447266645352e6,3.0199673136618906e6,184029.20805132017,5552.929256393357,5972.270467903636,3.8473468125428707,18.509764187977854,0.0,4445.750981155213,95000.0,27.574394926844267,-69.34065463574045,1.2739929009152448e6
400.00000000002245,2.2169775006614416e6,-5.382890960219884e6,3.019441494156853e6,184426.36987958383,5573.697131188217,5993.084578355883,3.806473074918406,18.578990437294056,0.0,4417.671839058718,95000.0,27.56737422548049,-69.2866082809818,1.2797921799691918e6
401.0000000000227,2.2227406517937784e6,-5.381295521563394e6,3.0189092593900147e6,184820.61650054995,5594.606383870822,6014.039854158746,3.7651933612469883,18.648687946236073,0.0,4389.592696962224,95000.0,27.560304705305693,-69.23236686084499,1.285611627985914e6
402.0000000000229,2.2285212577347043e6,-5.379686207643581e6,3.0183705373151843e6,185211.88421689346,5615.6584114657035,6035.137682968902,3.723504550342066,18.718861371552347,0.0,4361.51355486573,95000.0,27.553185953814538,-69.17792907714163,1.2914513842826267e6
403.00000000002314,2.2343194037602195e6,-5.378062873873406e6,3.0178252549690204e6,185600.1083305478,5636.854639052599,6056.379480299605,3.6814035177785773,18.789515463508664,0.0,4333.434412769236,95000.0,27.546017553863216,-69.12329361940918,1.2973115895410795e6
404.00000000002336,2.2401351755509363e6,-5.376425373893807e6,3.017273338457857e6,185985.22312920075,5658.196520604253,6077.766690356508,3.638887134714013,18.860655068680845,0.0,4305.355270672741,95000.0,27.538799083593272,-69.06845916466743,1.3031923858340844e6
405.0000000000236,2.245968659201563e6,-5.374773559547556e6,3.0167147129441807e6,186367.16187242884,5679.6855398514945,6099.300786900699,3.595952266653329,18.932285132838317,0.0,4277.276128576247,95000.0,27.531530116353256,-69.01342437716758,1.3090939166529113e6
406.0000000000238,2.2518199412307846e6,-5.373107280852419e6,3.0161493026327505e6,186745.8567774687,5701.323211176629,6120.983274140031,3.5525957721562254,19.004410703922098,0.0,4249.196986479753,95000.0,27.52421022061839,-68.95818790813327,1.3150163269355178e6
407.00000000002404,2.2576891085915617e6,-5.371426385973574e6,3.0155770307563464e6,187121.23900457472,5723.111080536208,6142.8156876497405,3.5088145014852925,19.07703693512069,0.0,4221.117844383259,95000.0,27.516838959908156,-68.90274839549375,1.3209597630955388e6
408.0000000000243,2.2635762486818605e6,-5.369730721195258e6,3.0149978195611257e6,187493.23864197172,5745.050726414293,6164.799595323518,3.464605295193526,19.150169088047644,0.0,4193.038702286764,95000.0,27.509415892701597,-68.8471044636086,1.326924373052331e6
409.0000000000245,2.2694814493558174e6,-5.368020130891639e6,3.014411590291585e6,187861.78469037823,5767.143760807371,6186.936598356146,3.4199649826493905,19.22381253602457,0.0,4164.95956019027,95000.0,27.50194057235046,-68.79125472298398,1.3329103062617693e6
410.0000000000247,2.2754047989353696e6,-5.366294457496838e6,3.0138182631750987e6,188226.80504707433,5789.391830242165,6209.228332258988,3.3748903804980825,19.297972767473883,0.0,4136.880418093776,95000.0,27.49441254699001,-68.73519776997973,1.3389177137480476e6
411.00000000002495,2.28134638622235e6,-5.364553541474128e6,3.013217757406031e6,188588.22648952436,5811.796616827603,6231.676467909529,3.3293782910569334,19.372655389425343,0.0,4108.801275997282,95000.0,27.48683135944727,-68.67893218650762,1.3449467481365332e6
412.0000000000252,2.287306300511067e6,-5.36279722128422e6,3.012609991129391e6,188945.97465847898,5834.359839342309,6254.282712636378,3.2834255006433097,19.44786613114103,0.0,4080.7221339007874,95000.0,27.479196547146966,-68.62245653971976,1.3509975636874838e6
413.0000000000254,2.2932846316013904e6,-5.36102533335264e6,3.0119948814240284e6,189299.97404059581,5857.083254359011,6277.048811341098,3.237028777833131,19.52361084786337,0.0,4052.642991804293,95000.0,27.471507642014785,-68.56576938168735,1.3570703163309442e6
414.00000000002564,2.2992814698123517e6,-5.3592377120361505e6,3.011372344285337e6,189650.14795052446,5879.9686574073885,6299.976547658366,3.190184871647997,19.599895524691295,0.0,4024.563849707799,95000.0,27.46376417037792,-68.50886924906928,1.3631651637026526e6
415.00000000002586,2.305296905996274e6,-5.357434189588172e6,3.0107422946074577e6,189996.41851243097,5903.017884176847,6323.067745155985,3.142890509668809,19.676726280589488,0.0,3996.4847076113047,95000.0,27.45596565286292,-68.45175466277014,1.3692822651810772e6
416.0000000000261,2.3113310315534575e6,-5.355614596123185e6,3.0101046461649626e6,190338.70664095785,5926.232811760923,6346.324268576412,3.0951423960739035,19.754109372536412,0.0,3968.4055655148104,95000.0,27.448111604290666,-68.3944241275874,1.3754217819256196e6
417.0000000000263,2.3173839384474317e6,-5.35377875958005e6,3.009459311593986e6,190676.9320215769,5949.615359945006,6369.748025121479,3.0469372095993483,19.83205119981669,0.0,3940.326423418316,95000.0,27.44020153356835,-68.33687613184736,1.3815838769159869e6
418.00000000002655,2.323455719220791e6,-5.351926505684224e6,3.0088062023727978e6,191011.01309032924,5973.167492539178,6393.34096578214,2.9982716014190807,19.910558308463926,0.0,3912.247281321822,95000.0,27.432234943578376,-68.27910914702935,1.3877687149928284e6
419.0000000000268,2.3295464670116454e6,-5.3500576579088215e6,3.008145228801787e6,191340.8670128947,5996.891218758093,6417.105086715104,2.949142192942534,19.98963739586031,0.0,3884.1681392253276,95000.0,27.424211331064097,-68.22112162737803,1.3939764628996549e6
420.000000000027,2.335656275570683e6,-5.348172037434458e6,3.007476299982836e6,191666.4096629955,6020.788594649857,6441.042430668362,2.8995455735270634,20.069295315499524,0.0,3856.0889971288334,95000.0,27.416130186512348,-68.16291200950302,1.4002072893260932e6
421.0000000000272,2.341785239278892e6,-5.34626946310788e6,3.00679932379806e6,191987.55560008995,6044.861724576067,6465.155088457702,2.8494782981025377,20.149539081920224,0.0,3828.009855032339,95000.0,27.40799099403234,-68.10447871196583,1.4064613649524339e6
422.00000000002746,2.34793345316594e6,-5.34434975139927e6,3.0061142068878864e6,192304.21804632433,6069.11276274514,6489.445200496396,2.7989368847053226,20.23037587581713,0.0,3799.930712935845,95000.0,27.399793231231254,-68.04582013485327,1.4127388624957157e6
423.0000000000277,2.3541010129292486e6,-5.3424127163582165e6,3.0054208546284507e6,192616.3088627169,6093.543914801346,6513.914958380413,2.747917811918634,20.311813049337818,0.0,3771.8515708393506,95000.0,27.391536369086026,-67.98693465933698,1.4190399567571892e6
424.0000000000279,2.3602880149537805e6,-5.340458169568283e6,3.0047191711082794e6,192923.73852453753,6118.1574394719355,6538.5666065315645,2.6964175162162434,20.39385813157312,0.0,3743.7724287428564,95000.0,27.383219871811413,-67.92782064721868,1.4253648246713819e6
425.00000000002814,2.3664945563325626e6,-5.338485920100122e6,3.004009059104231e6,193226.41609585192,6142.955650274975,6563.402443901184,2.644432389206112,20.476518834249916,0.0,3715.693286646362,95000.0,27.374843196724033,-67.86847644046054,1.4317136453566786e6
426.00000000002836,2.372720734887974e6,-5.336495774463075e6,3.003290420056665e6,193524.24920319207,6167.940917290599,6588.424825737028,2.5919587747707142,20.559803057635328,0.0,3687.614144549868,95000.0,27.366405794102388,-67.80890036069988,1.4380866001675902e6
427.0000000000286,2.3789666491938154e6,-5.334487536555197e6,3.0025631540438104e6,193817.1440083068,6193.115668998574,6613.636165416311,2.538992966100236,20.643718896661913,0.0,3659.5350024533736,95000.0,27.357907107042642,-67.74909070874831,1.4444838727487007e6
428.0000000000288,2.385232398598203e6,-5.332461007611648e6,3.0018271597553017e6,194105.00517998543,6218.482394185184,6639.038936347828,2.485531202614985,20.728274647283946,0.0,3631.4558603568794,95000.0,27.349346571309958,-67.68904576407382,1.4509056490903383e6
429.00000000002905,2.3915180832473e6,-5.3304159861513795e6,3.0010823344648397e6,194387.73586485628,6244.0436439226305,6664.635673946395,2.431569666772912,20.813478813075434,0.0,3603.376718260385,95000.0,27.340723615185283,-67.62876378426597,1.4573521175862055e6
430.0000000000293,2.3978238041099277e6,-5.328352267922042e6,3.0003285740019586e6,194665.2376571847,6269.802033624357,6690.428977682969,2.3771044807580277,20.89934011208119,0.0,3575.297576163891,95000.0,27.332037659307424,-67.56824300448295,1.463823469092731e6
431.0000000000295,2.404149663003078e6,-5.32626964584306e6,2.9995657727228412e6,194937.41056756768,6295.760245179816,6716.421513213967,2.3221317030452564,20.98586748393272,0.0,3547.2184340673966,95000.0,27.323288116510174,-67.50748163688027,1.4703198969905374e6
432.00000000002973,2.4104957626183624e6,-5.324167909946779e6,2.9987938234801623e6,195204.1529905079,6321.9210291724785,6742.616014593583,2.266647324836891,21.073070097241594,0.0,3519.1392919709024,95000.0,27.314474391654294,-67.44647787002017,1.476841597247874e6
433.00000000002996,2.4168622065494373e6,-5.322046847317615e6,2.9980126175919087e6,195465.36167082377,6348.2872071850625,6769.015286573034,2.2106472663658416,21.160957357283543,0.0,3491.060149874408,95000.0,27.305595881454277,-67.38522986826086,1.4833887684862171e6
434.0000000000302,2.423249099320429e6,-5.319906242029118e6,2.9972220448091314e6,195720.93166880403,6374.861674196182,6795.6222069909545,2.1541273730602715,21.249538913987273,0.0,3462.981007777914,95000.0,27.29665197429946,-67.32373577112513,1.489961612048037e6
435.0000000000304,2.4296565464154123e6,-5.317745875078875e6,2.9964219932826012e6,195970.75632411148,6401.647401072868,6822.4397292593485,2.0970834115640122,21.338824670242893,0.0,3434.9018656814196,95000.0,27.28764205006951,-67.26199369264728,1.4965603320669155e6
436.00000000003064,2.436084654308964e6,-5.315565524321145e6,2.995612349528301e6,196214.72721833084,6428.647437163682,6849.470884949838,2.039511065606948,21.428824790545608,0.0,3406.8227235849254,95000.0,27.2785654799439,-67.20000172069756,1.5031851355400095e6
437.00000000003087,2.442533530497845e6,-5.313364964397142e6,2.9947929983917126e6,196452.7341361111,6455.8649129974065,6876.718786485124,1.9814059317190686,21.519549709991356,0.0,3378.743581488431,95000.0,27.269421626205116,-67.13775791628325,1.5098362324029987e6
438.0000000000311,2.4490032835338456e6,-5.311143966662857e6,2.99396382301086e6,196684.66502486542,6483.303043092604,6904.1866299409885,1.9227635147815514,21.611010143642012,0.0,3350.664439391937,95000.0,27.260209842035533,-67.07526031282543,1.5165138356076274e6
439.0000000000313,2.455494023057849e6,-5.308902299114334e6,2.99312470477803e6,196910.405952923,6510.9651288836185,6931.877697964357,1.863579223407886,21.703217096278728,0.0,3322.5852972954426,95000.0,27.250929471307415,-67.01250691541051,1.5232181612019397e6
440.00000000003155,2.462005859835145e6,-5.306639726310256e6,2.9922755233001383e6,197129.8410660997,6538.85456176901,6959.7953628133955,1.803848365147558,21.796181872563366,0.0,3294.5061551989484,95000.0,27.24157984836608,-66.94949570001513,1.5299494284132964e6
441.0000000000318,2.4685389057920566e6,-5.304356009291753e6,2.9914161563576655e6,197342.85254258662,6566.974826288642,6987.943089525865,1.7435661415044594,21.88991608762881,0.0,3266.427013102454,95000.0,27.23216029780562,-66.88622461270405,1.5367078597343042e6
442.000000000032,2.4750932740539284e6,-5.302050905499311e6,2.990546479862106e6,197549.32054610178,6595.3295034361745,7016.324439222423,1.682727642761587,21.984431678120583,0.0,3238.34787100596,95000.0,27.22267013423711,-66.82269156879913,1.5434936810117958e6
443.00000000003223,2.481669078984526e6,-5.299724168686632e6,2.9896663678118647e6,197749.12317721825,6623.922274114018,7044.943072551953,1.621327842603234,22.079740913713394,0.0,3210.2687289094656,95000.0,27.213108662048892,-66.7588944520185,1.550307121538969e6
444.00000000003246,2.488266436226908e6,-5.297375548831326e6,2.98877569224653e6,197942.13642276265,6652.756922738271,7073.802753286378,1.559361592525111,22.17585640912757,0.0,3182.1895868129714,95000.0,27.20347517515859,-66.69483111358495,1.5571484141507943e6
445.0000000000327,2.4948854627458374e6,-5.295004792042292e6,2.9878743231994575e6,198128.2341032317,6681.837341001689,7102.907352072995,1.4968236160225359,22.272791136672296,0.0,3154.110444716477,95000.0,27.193768956756557,-66.63049937130153,1.5640177953229386e6
446.0000000000329,2.501526276871775e6,-5.2926116404636465e6,2.986962128648573e6,198307.28781811148,6711.167531803162,7132.260850352784,1.433708502545802,22.370558439343874,0.0,3126.031302619983,95000.0,27.183989279040244,-66.56589700859357,1.5709155052741647e6
447.00000000003314,2.5081889983465523e6,-5.29019583217502e6,2.986038974465333e6,198479.16688898858,6740.7516133527415,7161.867344453715,1.3700107012116554,22.46917204450914,0.0,3097.9521605234886,95000.0,27.174135402939367,-66.50102177351543,1.5778417880725767e6
448.00000000003337,2.514873748370768e6,-5.2877571010880815e6,2.9851047243617424e6,198643.73830038402,6770.5938234619125,7191.731049868671,1.3057245142586529,22.568646078206374,0.0,3069.8730184269943,95000.0,27.164206577831134,-66.43587137772015,1.584796891745756e6
449.0000000000336,2.5215806496529984e6,-5.285295176839101e6,2.9841592398353466e6,198800.8666381687,6800.698524029304,7221.856305728204,1.2408440902336215,22.66899508009768,0.0,3041.7938763305,95000.0,27.1542020412453,-66.37044349539072,1.591781068394906e6
450.0000000000338,2.5283098264608905e6,-5.282809784677374e6,2.983202380112108e6,198950.41402545292,6831.070205732803,7252.247579479021,1.1753634168954972,22.770234019109342,0.0,3013.714734234006,95000.0,27.144121018558607,-66.30473576213123,1.5987945743133954e6
451.00000000003405,2.5350614046742297e6,-5.28030064534931e6,2.9822340020870552e6,199092.24005583022,6861.713492939739,7282.909471779836,1.1092763138221267,22.872378309799128,0.0,2985.6355921375116,95000.0,27.13396272267803,-66.2387457738156,1.6058376701096713e6
452.0000000000343,2.5418355118400627e6,-5.277767474977979e6,2.981253960262611e6,199226.20172385313,6892.633148847533,7313.846721626943,1.042576424704355,22.975443829491777,0.0,2957.5564500410173,95000.0,27.12372635371226,-66.17247108539253,1.6129106208348875e6
453.0000000000345,2.548632277229969e6,-5.275209984937914e6,2.980262106684488e6,199352.15335258003,6923.834080868111,7345.064211722775,0.9752572093109093,23.07944693622704,0.0,2929.477307944523,95000.0,27.11341109863122,-66.10590920964431,1.6200136961153867e6
454.00000000003473,2.555451831899588e6,-5.272627881724909e6,2.979258290875017e6,199469.94651807193,6955.321346270229,7376.566974101545,0.9073119351064974,23.18440448756743,0.0,2901.398165848029,95000.0,27.103016130912508,-66.03905761589722,1.6271471702903488e6
455.00000000003496,2.562294308750492e6,-5.270020866820608e6,2.978242359763816e6,199579.42997067887,6987.100158094865,7408.360196027071,0.8387336685042098,23.290333860316217,0.0,2873.3190237515346,95000.0,27.092540610174737,-65.97191372868149,1.6343113225547562e6
456.0000000000352,2.569159842594522e6,-5.267388636551613e6,2.9772141576156328e6,199680.4495529458,7019.17589135985,7440.449226178914,0.7695152657319931,23.3972529711995,0.0,2845.2398816550403,95000.0,27.081983681796693,-65.90447492633838,1.6415064371080047e6
457.0000000000354,2.5760485702207033e6,-5.264730881942824e6,2.976173525955249e6,199772.84811397176,7051.5540895710565,7472.83958114411,0.6996493632919217,23.50518029857019,0.0,2817.160739558546,95000.0,27.071344476521887,-65.8367385395715,1.64873280330839e6
458.00000000003564,2.5829606304648607e6,-5.26204728856476e6,2.9751203034892855e6,199856.46542003658,7084.240471558697,7505.536952232951,0.629128367989079,23.61413490519566,0.0,2789.081597462052,95000.0,27.06062211004769,-65.76870184993986,1.6559907158337687e6
459.00000000003587,2.589896164282068e6,-5.259337536374516e6,2.974054326024756e6,199931.13806130923,7117.240938658576,7538.547212638632,0.557944446505518,23.724136462195254,0.0,2761.0024553655576,95000.0,27.049815682598375,-65.70036208828998,1.663280474848732e6
460.0000000000361,2.5968553148220642e6,-5.2566012995500695e6,2.9729754263842045e6,199996.69935441855,7150.561582259571,7571.876424961965,0.4860895144929024,23.83520527419857,0.0,2732.9233132690633,95000.0,27.038924278481222,-65.6317164331234,1.6706023861785447e6
461.0000000000363,2.6038382275077915e6,-5.253838246317575e6,2.9718834343172438e6,200052.97924068198,7184.208691740223,7605.530849123964,0.41355522515579846,23.947362305800745,0.0,2704.844171172569,95000.0,27.027946965624697,-65.56276200889711,1.6779567614902817e6
462.00000000003655,2.610845050117204e6,-5.251048038771277e6,2.9707781764083207e6,200099.8041797364,7218.188762818913,7639.516950690697,0.34033295729511875,24.060629209396378,0.0,2676.765029076075,95000.0,27.0168827950982,-65.49349588425254,1.685343918481419e6
463.0000000000368,2.6178759328685175e6,-5.248230332685685e6,2.9696594759805e6,200136.9970383728,7252.508506343945,7673.841409636681,0.2664138027795265,24.175028354479817,0.0,2648.6858869795806,95000.0,27.005730800612007,-65.42391507017044,1.6927641810764233e6
464.000000000037,2.6249310285090776e6,-5.24538477731955e6,2.968527152995055e6,200164.37697423808,7287.174857551883,7708.5111295750285,0.19178855340996823,24.290582858506276,0.0,2620.6067448830863,95000.0,26.99448999799657,-65.35401651804678,1.7002178796315573e6
465.00000000003723,2.6320104924080325e6,-5.242511015211266e6,2.9673810239466494e6,200181.75931419432,7322.194985824557,7743.533247484709,0.11644768713985482,24.40731661941519,0.0,2592.527602786592,95000.0,26.983159384660222,-65.28379711768619,1.7077053511485246e6
466.00000000003746,2.639114482653007e6,-5.239608681965181e6,2.9662209017538643e6,200188.95542699657,7357.576304977532,7778.9151439676025,0.04038135361093317,24.525254349925106,0.0,2564.448460690098,95000.0,26.971737939023928,-65.21325369520832,1.7152269394973076e6
466.2000000000375,2.640538237972548e6,-5.239024754211329e6,2.9659871814163364e6,200189.1554162614,7364.696581974917,7786.035363972285,0.025080139997054083,24.548988606583055,0.0,2558.832632270799,0.0,26.969442658750356,-65.1991058441453,1.7167353819446326e6
