t_s,alt_m,lat_deg,lon_deg,v_inertial_ms,v_rel_ms,gamma_deg,heading_deg,mach,qbar_pa,gload,alpha_deg,pitch_rate_dps,rho_kgm3,qdot_conv_wcm2,qdot_rad_wcm2,heat_load_jcm2,t_wall_k
0.0,405402.089427053,-50.06173497584268,107.81397099584457,7562.545748055809,7256.347259926534,-1.5902773407317584e-15,106.08817963123418,11.468965453955773,6.723451361254484e-5,0.0,5.0,0.0,2.553795673092725e-12,0.0,0.0,0.0,0.0
1.0,405408.2093201969,-50.07869257128225,107.90556754596818,7562.542609709312,7256.3390840858365,-0.0018805023236606164,106.01151024363273,11.46895084759292,6.722727049915599e-5,0.0,5.0,0.0,2.55352630918618e-12,0.0,0.0,0.0,0.0
5.0,405430.01008056477,-50.145731882687116,108.2726242642424,7562.532947210029,7256.309622228318,-0.009402218688286054,105.70412903542888,11.468898282682918,6.720146860838022e-5,0.0,5.0,0.0,2.5525669909346084e-12,0.0,0.0,0.0,0.0
10.0,405451.231811136,-50.2277436329531,108.73293702889178,7562.527374323626,7256.280090974651,-0.018803530218794832,105.31833752239068,11.468845767485732,6.717634575403906e-5,0.0,5.0,0.0,2.551633498416392e-12,0.0,0.0,0.0,0.0
15.0,405465.7516410798,-50.30775788819102,109.19488065248903,7562.5290304847385,7256.2586704223395,-0.028203643260575947,104.9308361093135,11.468807915861142,6.715913970235449e-5,0.0,5.0,0.0,2.5509950029715893e-12,0.0,0.0,0.0,0.0
20.0,405473.5668448694,-50.38576250087909,109.65842558625545,7562.537916567764,7256.245364524755,-0.037602266569181884,104.54165672224191,11.468784734772102,6.714984760286725e-5,0.0,5.0,0.0,2.5506514031053926e-12,0.0,0.0,0.0,0.0
25.0,405474.6749494476,-50.461745522451444,110.1235413750778,7562.554033233254,7256.2401769313265,-0.04699910899338978,104.15083219101705,11.46877623064674,6.714846910206434e-5,0.0,5.0,0.0,2.5506026884056206e-12,0.0,0.0,0.0,0.0
30.0,405469.07373452745,-50.53569521130929,110.59019666374314,7562.577380927808,7256.243110987032,-0.0563938794819416,103.758396243128,11.468782409377475,6.715500634474637e-5,0.0,5.0,0.0,2.550848939593823e-12,0.0,0.0,0.0,0.0
35.0,405456.76123288553,-50.60760004080464,111.05835920428464,7562.607959883968,7256.254169731909,-0.06578628709026454,103.36438349645181,11.468803276320205,6.716946397652406e-5,0.0,5.0,0.0,2.5513903286165486e-12,0.0,0.0,0.0,0.0
40.0,405437.7357306471,-50.67744870718481,111.52799586445217,7562.645770120111,7256.273355900576,-0.07517604098715834,102.96882945086816,11.468838836293463,6.719184914744778e-5,0.0,5.0,0.0,2.5522271187769178e-12,0.0,0.0,0.0,0.0
45.0,405411.995767558,-50.74523013748667,111.99907263731954,7562.690811440356,7256.30067192177,-0.08456285046158829,102.57177047873706,11.468889093577644,6.722217151677827e-5,0.0,5.0,0.0,2.5533596649067977e-12,0.0,0.0,0.0,0.0
50.0,405379.5401372574,-50.810933497369014,112.47155465203825,7562.74308343446,7256.336119917894,-0.09394642492934832,102.17324381422992,11.468954051914217,6.726044325888586e-5,0.0,5.0,0.0,2.5547884135791037e-12,0.0,0.0,0.0,0.0
55.0,405340.36788752023,-50.874548198870976,112.94540618574402,7562.80258547772,7256.379701704576,-0.10332647393979721,101.77328754150707,11.469033714504965,6.730667907031908e-5,0.0,5.0,0.0,2.556513903361749e-12,0.0,0.0,0.0,0.0
60.0,405294.47832052223,-50.93606390808493,113.42059067662152,7562.869316730886,7256.431418790244,-0.11270270718257777,101.37194058173709,11.46912808401125,6.736089617798502e-5,0.0,5.0,0.0,2.5585367651110468e-12,0.0,0.0,0.0,0.0
65.0,405241.8709930675,-50.9954705527317,113.89707073812862,7562.943276140051,7256.491272375707,-0.12207483449431064,100.9692426789562,11.469237162553295,6.742311434851733e-5,0.0,5.0,0.0,2.5608577223074435e-12,0.0,0.0,0.0,0.0
70.0,405182.54571682867,-51.05275832962613,114.3748081743794,7563.024462436577,7256.559263353763,-0.1314425658653348,100.56523438476849,11.46936095170948,6.74933558987793e-5,0.0,5.0,0.0,2.5634775914315383e-12,0.0,0.0,0.0,0.0
75.0,405116.5025585592,-51.10791771202076,114.85376399668272,7563.112874136997,7256.635392308808,-0.14080561144638895,100.15995704189035,11.469499452515688,6.757164570755515e-5,0.0,5.0,0.0,2.5663972823824182e-12,0.0,0.0,0.0,0.0
80.0,405043.7418403113,-51.160939456815626,115.3338984412295,7563.208509542927,7256.7196595164605,-0.15016368155531648,99.75345276654598,11.469652665464615,6.765801122839814e-5,0.0,5.0,0.0,2.5696177989370774e-12,0.0,0.0,0.0,0.0
85.0,404964.2641396364,-51.21181461162212,115.81517098791976,7563.311366740983,7256.812064943199,-0.15951648668378543,99.34576442972276,11.469820590505162,6.775248250367011e-5,0.0,5.0,0.0,2.573140239252215e-12,0.0,0.0,0.0,0.0
90.0,404878.0702897804,-51.2605345216687,116.29754038031703,7563.421443602698,7256.912608246016,-0.16886373750397576,98.93693563729914,11.470003227041795,6.785509217976573e-5,0.0,5.0,0.0,2.5769657964081213e-12,0.0,0.0,0.0,0.0
95.0,404785.16137986816,-51.30709083653692,116.78096464671522,7563.538737784432,7257.02128877208,-0.17820514487523378,98.52701070905961,11.470200573933967,6.796587552353748e-5,0.0,5.0,0.0,2.581095758995246e-12,0.0,0.0,0.0,0.0
100.0,404685.5387550844,-51.351475516715404,117.2654011222994,7563.663246727307,7257.138105558421,-0.18754041985083753,98.11603465661571,11.470412629495543,6.808487043992278e-5,0.0,5.0,0.0,2.585531511743457e-12,0.0,0.0,0.0,0.0
105.0,404579.2040168345,-51.393680839960695,117.75080647238013,7563.794967657111,7257.263057331613,-0.19686927368463017,97.70405316025317,11.47063939149423,6.821211749080138e-5,0.0,5.0,0.0,2.59027453619503e-12,0.0,0.0,0.0,0.0
110.0,404466.1590229077,-51.43369940745325,118.23713671667657,7563.933897584242,7257.396142507483,-0.20619141783770026,97.2911125447302,11.470880857151055,6.834765991506873e-5,0.0,5.0,0.0,2.5953264114207974e-12,0.0,0.0,0.0,0.0
115.0,404346.4058876233,-51.47152414973735,118.72434725462178,7564.080033303618,7257.537359190833,-0.2155065639850796,96.87725975405323,11.471137023139857,6.849154364995896e-5,0.0,5.0,0.0,2.6006888147806775e-12,0.0,0.0,0.0,0.0
120.0,404219.9469819674,-51.50714833243428,119.21239289166017,7564.233371394609,7257.686705175162,-0.22481442402239524,96.4625423252603,11.471407885586784,6.864381735362003e-5,0.0,5.0,0.0,2.606363522728663e-12,0.0,0.0,0.0,0.0
125.0,404086.7849337356,-51.540565561717756,119.70122786650475,7564.393908220976,7257.84417794242,-0.23411471007255089,96.04700836124488,11.471693440069817,6.880453242893688e-5,0.0,5.0,0.0,2.612352411662042e-12,0.0,0.0,0.0,0.0
130.0,403946.9226276409,-51.571769789541726,120.19080587931774,7564.561639930795,7258.009774662767,-0.24340713449238258,95.63070650265553,11.471993681618356,6.897374304866241e-5,0.0,5.0,0.0,2.618657458817102e-12,0.0,0.0,0.0,0.0
135.0,403800.3632054273,-51.60075531861031,120.68108012077683,7564.736562456385,7258.183492194335,-0.2526914098793003,95.21368589891026,11.472308604712735,6.915150618182332e-5,0.0,5.0,0.0,2.6252807432100103e-12,0.0,0.0,0.0,0.0
140.0,403647.11006598733,-51.62751680708058,121.17200330198649,7564.918671514264,7258.365327083023,-0.26196724907796615,94.79599617836566,11.472638203283864,6.93378816214175e-5,0.0,5.0,0.0,2.632224446623438e-12,0.0,0.0,0.0,0.0
145.0,403487.1668654401,-51.65204927298904,121.66352768518948,7565.107962605071,7258.555275562298,-0.2712343651869069,94.37768741768545,11.472982470712822,6.953293201346907e-5,0.0,5.0,0.0,2.6394908546414055e-12,0.0,0.0,0.0,0.0
150.0,403320.5375172198,-51.67434809839327,122.15560511523402,7565.304431013511,7258.753333553002,-0.28049247156520024,93.95881011045353,11.473341399830487,6.973672288739806e-5,0.0,5.0,0.0,2.647082357730661e-12,0.0,0.0,0.0,0.0
155.0,403147.2261921549,-51.69440903322047,122.64818705174726,7565.508071808299,7258.959496663183,-0.2897412818390348,93.53941513508052,11.473714982917205,6.994932268774529e-5,0.0,5.0,0.0,2.6550014523700485e-12,0.0,0.0,0.0,0.0
160.0,402967.23731853254,-51.71222819881559,123.14122460196486,7565.718879842108,7259.173760187929,-0.2989805099084147,93.1195537220541,11.47410321170246,7.01708028072754e-5,0.0,5.0,0.0,2.6632507422287173e-12,0.0,0.0,0.0,0.0
165.0,402780.57558215316,-51.72780209118194,123.63466855416421,7565.936849751511,7259.396119109232,-0.30820986995370936,92.69927742058574,11.474506077364577,7.040123762147059e-5,0.0,5.0,0.0,2.6718329393935392e-12,0.0,0.0,0.0,0.0
170.0,402587.2459263839,-51.741127583907634,124.12846941164634,7566.161975956929,7259.626568095852,-0.31742907644233437,92.2786380647086,11.474923570530443,7.064070452442349e-5,0.0,5.0,0.0,2.6807508656460352e-12,0.0,0.0,0.0,0.0
175.0,402387.25355218444,-51.75220193077238,124.6225774272107,7566.394252662594,7259.8651015031965,-0.3266378441352843,91.85768773888253,11.475355681275241,7.088928396618008e-5,0.0,5.0,0.0,2.6900074537906367e-12,0.0,0.0,0.0,0.0
180.0,402180.6039181454,-51.76102276802919,125.11694263806456,7566.633673856487,7260.11171337322,-0.33583588809377446,91.43647874316441,11.475802399122239,7.114705949150477e-5,0.0,5.0,0.0,2.699605749033175e-12,0.0,0.0,0.0,0.0
185.0,401967.3027405096,-51.767588116356585,125.61151490110794,7566.8802333103085,7260.366397434329,-0.34502292368584303,91.01506355800308,11.476263713042542,7.141411778012341e-5,0.0,5.0,0.0,2.709548910411638e-12,0.0,0.0,0.0,0.0
190.0,401747.35599317215,-51.77189638247704,126.1062439285335,7567.133924579427,7260.629147101319,-0.3541986665929206,90.59349480871904,11.476739611454933,7.169054868847248e-5,0.0,5.0,0.0,2.7198402122801695e-12,0.0,0.0,0.0,0.0
195.0,401520.7699076822,-51.773946360439076,126.60107932368012,7567.394741002847,7260.899955475295,-0.36336283281637377,90.1718252297308,11.477230082225677,7.197644529294696e-5,0.0,5.0,0.0,2.7304830458459907e-12,0.0,0.0,0.0,0.0
200.0,401287.5509732468,-51.77373723255967,127.09597061707738,7567.662675703167,7261.178815343637,-0.37251513868412267,89.75010762859002,11.477735112668396,7.227190393467128e-5,0.0,5.0,0.0,2.7414809207600316e-12,0.0,0.0,0.0,0.0
205.0,401047.70593669266,-51.77126857002583,127.59086730261829,7567.937721586548,7261.465719179957,-0.3816553008571615,89.32839484988867,11.478254689543926,7.257702426587019e-5,0.0,5.0,0.0,2.7528374667641508e-12,0.0,0.0,0.0,0.0
210.0,400801.24180245027,-51.766540333153614,128.08571887379696,7568.2198713426815,7261.7606591440845,-0.39078303633614286,88.90673973910128,11.478788799060217,7.289190929778544e-5,0.0,5.0,0.0,2.7645564353927708e-12,0.0,0.0,0.0,0.0
215.0,400548.1658325149,-51.75955287130451,128.58047485994723,7568.509117444758,7262.063627082058,-0.3998980624678994,88.48519510642612,11.479337426872258,7.321666545021988e-5,0.0,5.0,0.0,2.776641701731947e-12,0.0,0.0,0.0,0.0
220.0,400288.48554638866,-51.75030692245921,129.07508486241906,7568.805452149442,7262.37461452614,-0.40900009695197515,88.06381369068886,11.479900558082019,7.355140260272999e-5,0.0,5.0,0.0,2.7890972662365626e-12,0.0,0.0,0.0,0.0
225.0,400022.208721037,-51.73880361244994,129.5694985906291,7569.108867496849,7262.693612694829,-0.41808885784716543,87.64264812337207,11.480478177238401,7.389623414745219e-5,0.0,5.0,0.0,2.8019272566050214e-12,0.0,0.0,0.0,0.0
230.0,399749.34339080844,-51.72504445385269,130.0636658979223,7569.419355310519,7263.020612492904,-0.42716406357803627,87.2217508928338,11.48116794792043,7.427191126502234e-5,0.0,5.0,0.0,2.815918248083785e-12,0.0,0.0,0.0,0.0
235.0,399469.8978473777,-51.709031344542005,130.5575368171825,7569.736907197396,7263.355604511473,-0.43622543294137245,86.80117430877725,11.481883409510445,7.46605117696347e-5,0.0,5.0,0.0,2.83039040837534e-12,0.0,0.0,0.0,0.0
240.0,399183.88063962944,-51.69076656591116,131.05106159613032,7570.061514547822,7263.698579028039,-0.4452726851127987,86.38097046703326,11.482615888866286,7.506035832374984e-5,0.0,5.0,0.0,2.8452799332860783e-12,0.0,0.0,0.0,0.0
245.0,398891.30057359114,-51.67025278076157,131.54419073224778,7570.393168535509,7264.049526006576,-0.45430553965311704,85.96119121471641,11.483365366163675,7.547159716066988e-5,0.0,5.0,0.0,2.860592155909846e-12,0.0,0.0,0.0,0.0
250.0,398592.1667123074,-51.64749303086573,132.03687500727028,7570.731860117538,7264.408435097636,-0.4633237165148958,85.54188811581352,11.484131820952443,7.589437894126212e-5,0.0,5.0,0.0,2.8763325699031518e-12,0.0,0.0,0.0,0.0
255.0,398286.48837572895,-51.62249073420864,132.52906552118796,7571.077580034346,7264.775295638438,-0.47232693604889264,85.12311241726316,11.484915232156451,7.632885883278533e-5,0.0,5.0,0.0,2.892506832290967e-12,0.0,0.0,0.0,0.0
260.0,397974.2751405956,-51.59524968191349,133.02071372570077,7571.4303188097165,7265.1500966530075,-0.4813149190105087,84.70491501558186,11.485715578073545,7.677519659011403e-5,0.0,5.0,0.0,2.9091207663571255e-12,0.0,0.0,0.0,0.0
265.0,397655.53684028983,-51.56577403485785,133.5117714570713,7571.79006675078,7265.532826852303,-0.49028738656627613,84.28734642409214,11.486532836375561,7.723355663943779e-5,0.0,5.0,0.0,2.926180364622128e-12,0.0,0.0,0.0,0.0
270.0,397330.2835646933,-51.534068319987064,134.00219096832416,7572.156813948018,7265.923474634369,-0.4992440603002141,83.87045674080477,11.487366984108311,7.770410816444077e-5,0.0,5.0,0.0,2.9436917919083603e-12,0.0,0.0,0.0,0.0
275.0,396998.52566003706,-51.500137426332245,134.49192496074025,7572.530550275254,7266.322028084512,-0.5081846622203392,83.45429561700614,11.488217997691626,7.818702519502456e-5,0.0,5.0,0.0,2.9616613884949364e-12,0.0,0.0,0.0,0.0
280.0,396660.27372872364,-51.463986600741066,134.98092661459782,7572.911265389671,7266.728474975468,-0.5171089147650293,83.03891222659897,11.489085852919404,7.868248669865542e-5,0.0,5.0,0.0,2.980095673365085e-12,0.0,0.0,0.0,0.0
285.0,396315.5386291668,-51.42562144332942,135.46914961911423,7573.298948731807,7267.142802767606,-0.526016540809455,82.62435523624252,11.489970524959665,7.91906766743243e-5,0.0,5.0,0.0,2.999001347545439e-12,0.0,0.0,0.0,0.0
290.0,395964.3314755978,-51.38504790266311,135.95654820154508,7573.693589525578,7267.5649986091275,-0.5349072636719594,82.21067277633618,11.49087198835465,7.971178424924673e-5,0.0,5.0,0.0,3.018385297541858e-12,0.0,0.0,0.0,0.0
295.0,395606.6636378681,-51.34227227067878,136.44307715539878,7574.095176778284,7267.995049336307,-0.5437808071204343,81.79791241288709,11.491790217020949,8.024600377831646e-5,0.0,5.0,0.0,3.038254598872105e-12,0.0,0.0,0.0,0.0
300.0,395242.5467412444,-51.297301177353894,136.92869186772913,7574.50369928063,7268.432941473714,-0.5526368953786936,81.38612112030067,11.492725184249624,8.0793534946374e-5,0.0,5.0,0.0,3.058616519697522e-12,0.0,0.0,0.0,0.0
305.0,394871.99266620073,-51.25014158513609,137.41334834546956,7574.919145606741,7268.878661234476,-0.5614752531328409,80.97534525512951,11.493676862706362,8.135458287334323e-5,0.0,5.0,0.0,3.079478524555479e-12,0.0,0.0,0.0,0.0
310.0,394495.013548173,-51.200800783141936,137.89700324077634,7575.341504114193,7269.332194520539,-0.5702956055376147,80.56563053081364,11.494645224431679,8.192935822234759e-5,0.0,5.0,0.0,3.100848278196629e-12,0.0,0.0,0.0,0.0
315.0,394111.621777351,-51.14928638113654,138.37961387535094,7575.770762944033,7269.79352692296,-0.5790976782227082,80.1570219934419,11.495630240841098,8.251807731075552e-5,0.0,5.0,0.0,3.1227336495248244e-12,0.0,0.0,0.0,0.0
320.0,393721.829998401,-51.09560630330455,138.86113826371417,7576.206910020814,7270.262643722194,-0.5878811972991017,79.74956399856208,11.496631882725397,8.312096222437837e-5,0.0,5.0,0.0,3.1451427156479505e-12,0.0,0.0,0.0,0.0
325.0,393325.6511102319,-51.039768781824186,139.34153513540798,7576.649933052619,7270.739529888413,-0.5966458893653871,79.34330018906337,11.497650120250842,8.3738240934717e-5,0.0,5.0,0.0,3.168083766035484e-12,0.0,0.0,0.0,0.0
330.0,392923.09826572053,-50.98178235025571,139.82076395610414,7577.099819531107,7271.2241700818195,-0.6053914815140311,78.9382734741527,11.498684922959452,8.437014741945005e-5,0.0,5.0,0.0,3.1915653067898697e-12,0.0,0.0,0.0,0.0
335.0,392514.1848714268,-50.92165583675621,140.29878494760098,7577.556556731545,7271.716548653006,-0.6141177013377107,78.53452600944304,11.499736259769316,8.501692178618754e-5,0.0,5.0,0.0,3.215596065032337e-12,0.0,0.0,0.0,0.0
340.0,392098.92458731495,-50.85939835713225,140.7755591066933,7578.020131712857,7272.216649643296,-0.6228242769355289,78.13209917816916,11.500804098974895,8.567881039953288e-5,0.0,5.0,0.0,3.2401849934045668e-12,0.0,0.0,0.0,0.0
345.0,391677.3313264549,-50.79501930774273,141.25104822290325,7578.490531317664,7272.72445678512,-0.6315109369193033,77.73103357354269,11.501888408247362,8.635606601156699e-5,0.0,5.0,0.0,3.265341274690225e-12,0.0,0.0,0.0,0.0
350.0,391249.4192547072,-50.728528358263645,141.72521489506258,7578.967742172337,7273.2399535024,-0.640177410419839,77.33136898225631,11.502989154634959,8.704894789582151e-5,0.0,5.0,0.0,3.291074326558652e-12,0.0,0.0,0.0,0.0
355.0,390815.20279041026,-50.65993544432707,142.19802254673954,7579.4517506870525,7273.763122910946,-0.6488234270931224,76.93314436914352,11.504106304563397,8.775772198478869e-5,0.0,5.0,0.0,3.317393806432207e-12,0.0,0.0,0.0,0.0
360.0,390374.6966040386,-50.58925076004604,142.66943544050756,7579.942543055842,7274.293947818876,-0.6574487171265444,76.53639786299736,11.505239823836263,8.848266101109406e-5,0.0,5.0,0.0,3.3443096164817862e-12,0.0,0.0,0.0,0.0
365.0,389927.91561788786,-50.516484750438096,143.13941869105383,7580.44010525666,7274.832410727037,-0.6660530112451579,76.14116674354936,11.506389677635424,8.922404465232064e-5,0.0,5.0,0.0,3.3718319087497865e-12,0.0,0.0,0.0,0.0
370.0,389474.87500568945,-50.44164810375848,143.60793827713044,7580.944423051439,7275.378493829457,-0.6746360407178161,75.7474874296068,11.507555830521525,8.998215967972516e-5,0.0,5.0,0.0,3.399971090409288e-12,0.0,0.0,0.0,0.0
375.0,389015.5901922751,-50.36475174375576,144.07496105235177,7581.455481986169,7275.932179013796,-0.6831975373633727,75.35539546834374,11.50873824643444,9.075730011073158e-5,0.0,5.0,0.0,3.428737829154865e-12,0.0,0.0,0.0,0.0
380.0,388550.07685319707,-50.28580682186111,144.54045475484557,7581.9732673909575,7276.493447861823,-0.6917372335568724,74.96492552573913,11.509936888693776,9.154976736544201e-5,0.0,5.0,0.0,3.4581430587337382e-12,0.0,0.0,0.0,0.0
385.0,388078.3509143358,-50.20482470932298,145.0043880157672,7582.497764380114,7277.062281649913,-0.7002548622356765,74.57611137815226,11.511151719999422,9.23598704271995e-5,0.0,5.0,0.0,3.4881979846182648e-12,0.0,0.0,0.0,0.0
390.0,387600.42855152395,-50.12181698929882,145.4667303666883,7583.028957852219,7277.638661349524,-0.7087501569056035,74.18898590502428,11.512382702432062,9.318792600724368e-5,0.0,5.0,0.0,3.518914089821013e-12,0.0,0.0,0.0,0.0
395.0,387116.3261901252,-50.03679544891472,145.9274522458743,7583.566832490217,7278.222567627746,-0.7172228516470832,73.80358108269131,11.513629797453783,9.403425871365296e-5,0.0,5.0,0.0,3.5503031408593426e-12,0.0,0.0,0.0,0.0
400.0,386626.06050462555,-49.949772071304324,146.3865250034668,7584.111372761497,7278.813980847806,-0.7256726811212709,73.41992797929329,11.514892965908654,9.489920122457007e-5,0.0,5.0,0.0,3.5823771938690834e-12,0.0,0.0,0.0,0.0
405.0,386129.6484182123,-49.860759027637535,146.8439209055889,7584.6625629179825,7279.412881069637,-0.7340993805761195,73.03805675076063,11.51617216802335,9.578309446584701e-5,0.0,5.0,0.0,3.6151486008720406e-12,0.0,0.0,0.0,0.0
410.0,385627.1071023233,-49.769768669149805,147.2996131373935,7585.220386996234,7280.019248050423,-0.7425026858524503,72.65799663785813,11.51746736340781,9.668628779323762e-5,0.0,5.0,0.0,3.648630016201847e-12,0.0,0.0,0.0,0.0
415.0,385118.4539762167,-49.67681351918195,147.75357580507645,7585.784828817541,7280.633061245186,-0.750882333390098,72.27977596426487,11.518778511055888,9.760913917915017e-5,0.0,5.0,0.0,3.6828344030882175e-12,0.0,0.0,0.0,0.0
420.0,384603.7067064941,-49.581906265240576,148.20578393687808,7586.355871988022,7281.2542998073695,-0.7592380602339126,71.90342213566642,11.520105569346068,9.855201540417873e-5,0.0,5.0,0.0,3.717775040407503e-12,0.0,0.0,0.0,0.0
425.0,384082.8832066441,-49.48505975108883,148.65621348309773,7586.933499898746,7281.882942589453,-0.7675696040398123,71.52896163983421,11.521448496042163,9.951529225339967e-5,0.0,5.0,0.0,3.753465529598614e-12,0.0,0.0,0.0,0.0
430.0,383556.00163655356,-49.38628696887643,149.10484131514832,7587.517695725827,7282.518968143564,-0.7758767030808137,71.15642004766624,11.522807248294074,0.00010049935471763312,0.0,5.0,0.0,3.789919801751466e-12,0.0,0.0,0.0,0.0
435.0,383023.08040202036,-49.28560105131839,149.5516452236778,7588.108442430555,7283.162354722123,-0.7841590962530524,70.7858220151607,11.524181782638559,0.00010150459719971714,0.0,5.0,0.0,3.827152124869312e-12,0.0,0.0,0.0,0.0
440.0,382484.138154245,-49.18301526393046,149.99660391578723,7588.705722759504,7283.8130802784835,-0.7924165230818188,70.41719128629455,11.52557205500001,0.00010253142372594704,0.0,5.0,0.0,3.86517711131032e-12,0.0,0.0,0.0,0.0
445.0,381939.19378931634,-49.07854299733017,150.43969701137434,7589.309519244665,7284.471122467607,-0.8006487237274638,70.05055069677648,11.526978020691296,0.00010358024816276556,0.0,5.0,0.0,3.904009725411129e-12,0.0,0.0,0.0,0.0
450.0,381388.26644769777,-48.972197759610694,150.88090503863393,7589.919814203573,7285.136458646736,-0.8088554389914497,69.68592217864408,11.528399634414578,0.00010465149443880678,0.0,5.0,0.0,3.943665291295889e-12,0.0,0.0,0.0,0.0
455.0,380831.3755136728,-48.86399316879553,151.3202094287468,7590.536589739438,7285.809065876089,-0.8170364103222774,69.32332676567344,11.529836850262193,0.0001057455967724894,0.0,5.0,0.0,3.9841595008776475e-12,0.0,0.0,0.0,0.0
460.0,380268.540614808,-48.753942945380736,151.75759250978845,7591.159827741291,7286.488920919578,-0.8251913798214209,68.96278459956923,11.531289621717553,0.0001068629999051726,0.0,5.0,0.0,4.025508422052112e-12,0.0,0.0,0.0,0.0
465.0,379699.7816213928,-48.64206090497175,152.19303749989137,7591.789509884118,7287.176000245523,-0.8333200902492808,68.60431493690237,11.532757901656058,0.00010800415934007003,0.0,5.0,0.0,4.0677285070907174e-12,0.0,0.0,0.0,0.0
470.0,379125.11864586733,-48.52836095102081,152.62652849969308,7592.425617629015,7287.870280027392,-0.8414222850310784,68.24793615676228,11.534241642346025,0.00010916954158703249,0.0,5.0,0.0,4.110836601236617e-12,0.0,0.0,0.0,0.0
475.0,378544.57204223797,-48.41285706767126,153.05805048410429,7593.068132223332,7288.571736144563,-0.8494977082628026,67.89366576909025,11.535740795449675,0.00011035962441332282,0.0,5.0,0.0,4.154849951507768e-12,0.0,0.0,0.0,0.0
480.0,377958.162405489,-48.295563312714016,153.48758929342992,7593.717034700845,7289.28034418308,-0.857546104717033,67.54152042366034,11.537255312024124,0.00011157489710050101,0.0,5.0,0.0,4.19978621571105e-12,0.0,0.0,0.0,0.0
485.0,377365.91057097446,-48.17649381066158,153.91513162387741,7594.372305881905,7289.996079436452,-0.8655672198488776,67.1915159196741,11.538785142522407,0.00011281586070758323,0.0,5.0,0.0,4.24566347167301e-12,0.0,0.0,0.0,0.0
490.0,376767.8376138061,-48.055662745944275,154.34066501748603,7595.033926373611,7290.718916906428,-0.8735607998017655,66.843667215935,11.5403302367945,0.0001140830283405782,0.0,5.0,0.0,4.29250022669064e-12,0.0,0.0,0.0,0.0
495.0,376163.9648482101,-47.9330843562332,154.76417785151028,7595.701876569981,7291.448831303834,-0.8815265914133524,66.49798844156946,11.541890544088435,0.00011537692542859969,0.0,5.0,0.0,4.340315427209036e-12,0.0,0.0,0.0,0.0
500.0,375554.3138269186,-47.80877292589395,155.18565932729197,7596.376136652133,7292.185797049385,-0.8894643422213215,66.15449290726038,11.543466013051356,0.00011669809000655443,0.0,5.0,0.0,4.3891284687254164e-12,0.0,0.0,0.0,0.0
505.0,374938.90634048637,-47.68274277957464,155.60509945865326,7597.056686588466,7292.929788274534,-0.8973738004691997,65.81319311696032,11.545056591730676,0.00011804707300478355,0.0,5.0,0.0,4.438959205933096e-12,0.0,0.0,0.0,0.0
510.0,374317.7644166434,-47.55500827593199,156.02248905984402,7597.743506134845,7293.680778822324,-0.9052547151121725,65.47410078005139,11.546662227575206,0.00011942443854556995,0.0,5.0,0.0,4.4898279631015365e-12,0.0,0.0,0.0,0.0
515.0,373690.9103196254,-47.42558380149772,156.43781973307648,7598.436574834796,7294.43874224826,-0.9131068358228694,65.13722682391874,11.54828286743633,0.00012083076424678438,0.0,5.0,0.0,4.54175554470212e-12,0.0,0.0,0.0,0.0
520.0,373058.3665494798,-47.294483764688714,156.85108385567816,7599.135872019709,7295.203651821195,-0.9209299129971317,64.80258140690657,11.549918457569222,0.00012226664153282824,0.0,5.0,0.0,4.594763246284947e-12,0.0,0.0,0.0,0.0
525.0,372420.1558413673,-47.161722589962544,157.26227456689597,7599.841376809035,7295.9754805242355,-0.9287236977597605,64.4701739316242,11.551568943634065,0.00012373267595298726,0.0,5.0,0.0,4.6488728656103435e-12,0.0,0.0,0.0,0.0
530.0,371776.3011648599,-47.02731471212085,157.67138575438116,7600.553068110503,7296.754201055649,-0.9364879419703008,64.14001305857194,11.55323427069732,0.00012522948750735136,0.0,5.0,0.0,4.704106714040204e-12,0.0,0.0,0.0,0.0
535.0,371126.82572321594,-46.89127457076185,158.07841204038638,7601.270924620326,7297.539785829797,-0.9442223982287514,63.81210672005607,11.55491438323298,0.00012675771098050344,0.0,5.0,0.0,4.76048762819619e-12,0.0,0.0,0.0,0.0
540.0,370471.7529526409,-46.75361660488355,158.4833487677039,7601.994924823431,7298.332206978082,-0.9519268198812484,63.48646213436347,11.556609225123912,0.0001283179962831271,0.0,5.0,0.0,4.818038981889653e-12,0.0,0.0,0.0,0.0
545.0,369811.10652156174,-46.61435524763868,158.88619198537396,7602.725046993681,7299.1314363499,-0.9596009610258756,63.16308582016731,11.558318739663164,0.00012991100880163168,0.0,5.0,0.0,4.876784698326345e-12,0.0,0.0,0.0,0.0
550.0,369144.91032984294,-46.47350492124197,159.28693843419163,7603.461269194105,7299.937445513619,-0.9672445765182099,62.84198361113511,11.560042869555353,0.00013153742975613558,0.0,5.0,0.0,4.9367492625979594e-12,0.0,0.0,0.0,0.0
555.0,368473.1885080477,-46.33108003203054,159.6855855320391,7604.203569277144,7300.750205757573,-0.9748574219771353,62.52316067071264,11.561781556918037,0.0001331979565667361,0.0,5.0,0.0,4.9979577344570874e-12,0.0,0.0,0.0,0.0
560.0,367795.96541663166,-46.18709496567729,160.08213135906988,7604.9519248848865,7301.5696880910455,-0.9824392537904153,62.20662150705665,11.563534743283135,0.00013489330322851044,0.0,5.0,0.0,5.060435761391558e-12,0.0,0.0,0.0,0.0
565.0,367113.2656451622,-46.041564082557706,160.47657464277088,7605.706313449323,7302.395863245307,-0.9899898291203886,61.892369988091154,11.565302369598381,0.00013662420069520537,0.0,5.0,0.0,5.1242095919957345e-12,0.0,0.0,0.0,0.0
570.0,366425.11401152797,-45.8945017132693,160.8689147429264,7606.466712192597,7303.2287016746295,-0.9975089059096087,61.580409356662685,11.567084376228765,0.0001383913972718797,0.0,5.0,0.0,5.189306089647971e-12,0.0,0.0,0.0,0.0
575.0,365731.53556109127,-45.74592215430376,161.25915163650853,7607.233098127273,7304.06817355735,-1.004996242886423,61.270742245770315,11.568880702958081,0.00014019565901680683,0.0,5.0,0.0,5.255752746504887e-12,0.0,0.0,0.0,0.0
580.0,365032.55556588434,-45.59583966387065,161.64728590251633,7608.005448056602,7304.914248796911,-1.0124515995706385,60.96337069384829,11.570691288990403,0.00014203777015257113,0.0,5.0,0.0,5.323577697809231e-12,0.0,0.0,0.0,0.0
585.0,364328.19952375814,-45.44426845787202,162.03331870678588,7608.7837385748,7305.766897022955,-1.0198747362790768,60.65829616007846,11.572516072951677,0.00014391853348678138,0.0,5.0,0.0,5.392809736526273e-12,0.0,0.0,0.0,0.0
590.0,363618.4931575395,-45.291222706026936,162.41725178679226,7609.5679460673155,7306.626087592396,-1.0272654141312347,60.35551953971249,11.57435499289127,0.00014583877084245112,0.0,5.0,0.0,5.463478328309855e-12,0.0,0.0,0.0,0.0
595.0,362903.4624141501,-45.13671652814411,162.7990874364636,7610.358046711136,7307.491789590538,-1.0346233950547308,60.05504117938281,11.576207986283602,0.00014779932349836815,0.0,5.0,0.0,5.535613626809185e-12,0.0,0.0,0.0,0.0
600.0,362183.13346374966,-44.98076399054205,163.1788284910262,7611.154016475066,7308.36397183218,-1.0419484417909906,59.756860892384076,11.578074990029776,0.0001498010526394864,0.0,5.0,0.0,5.609246489316847e-12,0.0,0.0,0.0,0.0
605.0,361457.5326988315,-44.82337910261423,163.55647831189896,7611.955831120033,7309.242602862757,-1.0492403179007208,59.46097797390616,11.579955940459232,0.00015184483981773664,0.0,5.0,0.0,5.6844084927718676e-12,0.0,0.0,0.0,0.0
610.0,360726.6867333269,-44.66457581353834,163.93204077165456,7612.763466199393,7310.127650959481,-1.0564987877694836,59.1673912162021,11.58185077333146,0.00015393158742331252,0.0,5.0,0.0,5.761131950119111e-12,0.0,0.0,0.0,0.0
615.0,359990.6224016901,-44.5043680091271,164.3055202390636,7613.57689705925,7311.019084132507,-1.0637236166131874,58.876098923673986,11.583759423837696,0.00015606221916671507,0.0,5.0,0.0,5.839449927034602e-12,0.0,0.0,0.0,0.0
620.0,359249.366757974,-44.342769508819,164.67692156423738,7614.39609883876,7311.9168701261,-1.0709145704836325,58.587098927861966,11.585681826602691,0.0001582376805717452,0.0,5.0,0.0,5.919396259022944e-12,0.0,0.0,0.0,0.0
625.0,358502.947074892,-44.17979406280683,165.04625006388338,7615.221046470476,7312.82097641983,-1.0780714162739875,58.3003886023212,11.587617915686478,0.00016045893947966828,0.0,5.0,0.0,6.001005568894207e-12,0.0,0.0,0.0,0.0
630.0,357751.3908428652,-44.01545534930149,165.41351150668788,7616.051714680673,7313.731370229777,-1.0851939217242739,58.01596487737383,11.589567624586179,0.00016272698656477535,0.0,5.0,0.0,6.0843132846277064e-12,0.0,0.0,0.0,0.0
635.0,356994.72576906346,-43.849766971929206,165.77871209883816,7616.888077989687,7314.648018509744,-1.0922818554268754,57.73382425472221,11.591530886237841,0.00016504283586153798,0.0,5.0,0.0,6.169355657629007e-12,0.0,0.0,0.0,0.0
640.0,356232.979776429,-43.682742457259316,166.1418584696959,7617.730110712267,7315.570887952486,-1.0993349868319617,57.453962821912405,11.593507633018293,0.0001674075253036116,0.0,5.0,0.0,6.256169781388654e-12,0.0,0.0,0.0,0.0
645.0,355466.1810026886,-43.51439525246042,166.5029576576338,7618.577786957925,7316.499944990964,-1.106353086252979,57.17637626663615,11.595497796747036,0.00016982211727490222,0.0,5.0,0.0,6.34479361054957e-12,0.0,0.0,0.0,0.0
650.0,354694.3577993456,-43.34473872308224,166.86201709604492,7619.431080631306,7317.435155799595,-1.1133359248720716,56.9010598908612,11.59750130868818,0.00017228769917294954,0.0,5.0,0.0,6.435265980391537e-12,0.0,0.0,0.0,0.0
655.0,353917.5387306856,-43.17378615096066,167.21904459953484,7620.289965432546,7318.376486295533,-1.1202832747455378,56.62800862478052,11.599518099552359,0.00017480538398475888,0.0,5.0,0.0,6.527626626736577e-12,0.0,0.0,0.0,0.0
660.0,353135.75257273857,-43.00155073224302,167.57404835030522,7621.154414857656,7319.323902139953,-1.1271949088092073,56.357217040571534,11.601548099498743,0.00017737631087549075,0.0,5.0,0.0,6.621916206289383e-12,0.0,0.0,0.0,0.0
665.0,352349.028312237,-42.8280455755314,167.927036884737,7622.024402198905,7320.277368739355,-1.1340706008839136,56.088679365957255,11.603591238137021,0.00018000164579013136,0.0,5.0,0.0,6.718176317416281e-12,0.0,0.0,0.0,0.0
670.0,351557.39514558483,-42.65328370014079,168.27801908018026,7622.899900545209,7321.236851246874,-1.1409101256808327,55.822389497562234,11.605647444529442,0.00018268258206832958,0.0,5.0,0.0,6.816449521368467e-12,0.0,0.0,0.0,0.0
675.0,350760.8824777743,-42.47727803446941,168.62700414195757,7623.780882782532,7322.202314563614,-1.1477132588069394,55.558341014056545,11.60771664719288,0.0001854203410728526,0.0,5.0,0.0,6.9167793639652216e-12,0.0,0.0,0.0,0.0
680.0,349959.5199213298,-42.30004141447873,168.97400159058725,7624.6673215942865,7323.173723339991,-1.1544797767703652,55.296527189081715,11.609838078315036,0.00018822953684988577,0.0,5.0,0.0,7.019708786658958e-12,0.0,0.0,0.0,0.0
685.0,349153.33729520347,-42.121586582279654,169.31902124923081,7625.559189461759,7324.151041977087,-1.1612094569857125,55.03694100395357,11.612716130339193,0.00019135531323798962,0.0,5.0,0.0,7.134375067545496e-12,0.0,0.0,0.0,0.0
690.0,348342.36462368816,-41.94192618482305,169.6620732313706,7626.456458664521,7325.1342346280235,-1.1679020777795295,54.779575160137085,11.61561220726581,0.00019455203093932482,0.0,5.0,0.0,7.251612504401996e-12,0.0,0.0,0.0,0.0
695.0,347526.6321353037,-41.76107277269083,170.00316792872067,7627.35910128086,7326.123265199343,-1.1745574183955756,54.52442209148929,11.61852621701063,0.00019782138360589075,0.0,5.0,0.0,7.37148162982612e-12,0.0,0.0,0.0,0.0
700.0,346706.17026165687,-41.57903879898533,170.342315999375,7628.267089188225,7327.118097352412,-1.181175259000219,54.271473976266485,11.621458066744594,0.0002011651077513753,0.0,5.0,0.0,7.494044487146786e-12,0.0,0.0,0.0,0.0
705.0,345881.0096363304,-41.395836618313986,170.67952835619627,7629.180394063661,7328.118694504825,-1.187755380687725,54.02072274889298,11.624407662895154,0.00020458498382350607,0.0,5.0,0.0,7.619364667601774e-12,0.0,0.0,0.0,0.0
710.0,345051.1810937077,-41.21147848586653,171.014816155447,7630.09898738427,7329.125019831835,-1.194297565485656,53.7721601114888,11.627374911147724,0.00020808283730236094,0.0,5.0,0.0,7.74750734839812e-12,0.0,0.0,0.0,0.0
715.0,344216.7156678308,-41.025976556581824,171.34819078566565,7631.0228404276695,7330.137036267792,-1.2008015963601109,53.525777545154305,11.630359716447085,0.00021166053982478436,0.0,5.0,0.0,7.878539331658491e-12,0.0,0.0,0.0,0.0
720.0,343377.6445912067,-40.839342884401745,171.67966385678903,7631.951924272463,7331.154706507593,-1.207267257221119,53.2815663210104,11.633361982998903,0.000215320010335803,0.0,5.0,0.0,8.012529084284376e-12,0.0,0.0,0.0,0.0
725.0,342533.99929363,-40.65158942160899,172.00924718952226,7632.886209798717,7332.17799300815,-1.2136943329278873,53.03951751099307,11.636381614271214,0.00021906321626731116,0.0,5.0,0.0,8.149546778743798e-12,0.0,0.0,0.0,0.0
730.0,341685.81140098535,-40.46272801824665,172.33695280495624,7633.8256676884475,7333.206857989868,-1.2200826092941097,52.7996219984017,11.639418512995993,0.0002228921747447369,0.0,5.0,0.0,8.289664334807547e-12,0.0,0.0,0.0,0.0
735.0,340833.1127340244,-40.27277042161615,172.66279291443433,7634.770268426118,7334.241263438136,-1.226431873093307,52.561870488200924,11.642472581170752,0.00022680895382228345,0.0,5.0,0.0,8.43295546225348e-12,0.0,0.0,0.0,0.0
740.0,339975.935307147,-40.08172827585151,172.98677990966644,7635.719982299136,7335.281171104838,-1.23274191206403,52.32625351707621,11.645543720060163,0.00023081567374719269,0.0,5.0,0.0,8.579495704553035e-12,0.0,0.0,0.0,0.0
745.0,339114.31132716313,-39.88961312156693,173.30892635309144,7636.67477939837,7336.326542509863,-1.2390125149152253,52.09276146324343,11.64863183019774,0.00023491450825370921,0.0,5.0,0.0,8.729362483562518e-12,0.0,0.0,0.0,0.0
750.0,338248.2731920369,-39.69643639557507,173.6292449684862,7637.634629618669,7337.377338942649,-1.2452434713314364,51.86138455601353,11.651736811387549,0.0002391076858873382,0.0,5.0,0.0,8.882635145238563e-12,0.0,0.0,0.0,0.0
755.0,337377.85348962713,-39.502209430673844,173.94774863182087,7638.599502659391,7338.433521463716,-1.2514345719781221,51.632112885113294,11.654858562705964,0.0002433974913599168,0.0,5.0,0.0,9.039395006394432e-12,0.0,0.0,0.0,0.0
760.0,336503.08499640785,-39.306943455498654,174.26445036235828,7639.569368024937,7339.4950509062355,-1.2575856085068704,51.40493640976354,11.657996982503459,0.0002477862669361861,0.0,5.0,0.0,9.199725402519821e-12,0.0,0.0,0.0,0.0
765.0,335624.0006761905,-39.110649594438165,174.5793633139963,7640.544195025306,7340.561887877595,-1.2636963735607152,51.179844967516644,11.661151968406429,0.0002522764138523608,0.0,5.0,0.0,9.363711736679942e-12,0.0,0.0,0.0,0.0
770.0,334740.6336788032,-38.913338867610605,174.8925007668514,7641.523952776642,7341.633992760985,-1.2697666607793539,50.95682828285512,11.664323417319096,0.0002568703937675352,0.0,5.0,0.0,9.531441529522066e-12,0.0,0.0,0.0,0.0
775.0,333853.0173387928,-38.715022190898836,175.2038761190803,7642.508610201805,7342.711325717003,-1.2757962648043497,50.735875975553746,11.66751122542541,0.0002615707302482215,0.0,5.0,0.0,9.70300447039766e-12,0.0,0.0,0.0,0.0
780.0,332961.18517409544,-38.51571037604122,175.5135028789385,7643.498136030936,7343.793846685246,-1.281784981284481,50.51697756880719,11.670715288190985,0.0002663800102869077,0.0,5.0,0.0,9.878492469630117e-12,0.0,0.0,0.0,0.0
785.0,332065.17088468745,-38.3154141307765,175.82139465707257,7644.492498802049,7344.881515385954,-1.2877326068808579,50.30012249712619,11.67393550036515,0.0002713008858552248,0.0,5.0,0.0,1.0057999711946828e-11,0.0,0.0,0.0,0.0
790.0,331165.00835125055,-38.114144059040186,176.1275651590433,7645.4916668616215,7345.974291321639,-1.2936389392722678,50.085300114004866,11.677171755982956,0.00027633607549216717,0.0,5.0,0.0,1.0241622711089133e-11,0.0,0.0,0.0,0.0
795.0,330260.7316337852,-37.91191066121039,176.43202817807705,7646.495608365187,7347.072133778727,-1.2995037771603415,49.872499699361946,11.680423948367288,0.0002814883659283676,0.0,5.0,0.0,1.0429460365634119e-11,0.0,0.0,0.0,0.0
800.0,329352.37497026287,-37.70872433440069,176.73479758804223,7647.504291277955,7348.175001829232,-1.3053269202747564,49.66171046675947,11.683691970130964,0.0002867606137465779,0.0,5.0,0.0,1.0621614016030662e-11,0.0,0.0,0.0,0.0
805.0,328439.97277520504,-37.504595372798555,177.0358873366476,7648.5176833754285,7349.282854332421,-1.3111081693785702,49.45292157040162,11.686975713178951,0.0002921557470796268,0.0,5.0,0.0,1.0818187502893685e-11,0.0,0.0,0.0,0.0
810.0,327523.55963830836,-37.29953396804644,177.33531143885898,7649.535752244026,7350.395649936503,-1.316847326273323,49.24612211191762,11.69027506871055,0.0002976767673458363,0.0,5.0,0.0,1.1019287226552654e-11,0.0,0.0,0.0,0.0
815.0,326603.1703230087,-37.09355020966439,177.63308397053117,7650.558465281734,7351.513347080332,-1.3225441938043245,49.04130114693185,11.693589927221689,0.000303326751023169,0.0,5.0,0.0,1.1225022207898102e-11,0.0,0.0,0.0,0.0
820.0,325678.83976507373,-36.88665408551164,177.9292190622513,7651.585789698741,7352.635903995114,-1.3281985758658574,48.838447691424626,11.696920178507193,0.00030910885146224283,0.0,5.0,0.0,1.1435504150527905e-11,0.0,0.0,0.0,0.0
825.0,324750.6030711448,-36.67885548228561,178.22373089339007,7652.617692518106,7353.763278706135,-1.333810277406391,48.637550727887856,11.700265711663187,0.000315026300739349,0.0,5.0,0.0,1.1650847504231923e-11,0.0,0.0,0.0,0.0
830.0,323818.4955173014,-36.47016418605645,178.5166336863575,7653.654140576423,7354.895429034496,-1.3393791044338184,48.4385992112786,11.70362641508945,0.0003210824115496919,0.0,5.0,0.0,1.1871169529819633e-11,0.0,0.0,0.0,0.0
835.0,322882.5525475871,-36.26058988283524,178.8079417010584,7654.6951005244955,7356.0323125988625,-1.344904864020631,48.24158207477498,11.707002176491887,0.00032728057914189514,0.0,5.0,0.0,1.20965903653259e-11,0.0,0.0,0.0,0.0
840.0,321942.80977253243,-36.05014215917418,179.09766922954537,7655.74053882803,7357.173886817223,-1.3503873643091842,48.04648823533777,11.710392882885015,0.0003336242832942228,0.0,5.0,0.0,1.232723309360789e-11,0.0,0.0,0.0,0.0
845.0,320999.3029676713,-35.83883050279721,179.3858305908637,7656.79042176833,7358.320108908669,-1.355826414516847,47.85330659908198,11.713798420594498,0.0003401170903331998,0.0,5.0,0.0,1.2563223811354852e-11,0.0,0.0,0.0,0.0
850.0,320052.0680720415,-35.626664303259226,179.6724401260856,7657.844715443,7359.47093589517,-1.3612218249412993,47.662026066462126,11.717218675259726,0.00034676265519535974,0.0,5.0,0.0,1.2804691699534006e-11,0.0,0.0,0.0,0.0
855.0,319101.14118666016,-35.413652852632424,179.95751219352945,7658.903385766672,7360.626324603381,-1.366573406965672,47.47263553727513,11.720653531836456,0.00035356472353285576,0.0,5.0,0.0,1.3051769095296048e-11,0.0,0.0,0.0,0.0
860.0,318146.5585730085,-35.199805346218426,-179.75893883584052,7659.966398471725,7361.786231666446,-1.3718809730637984,47.28512391548519,11.724102874599499,0.00036052713386336443,0.0,5.0,0.0,1.330459156535237e-11,0.0,0.0,0.0,0.0
865.0,317188.3566514924,-34.98513088328422,-179.476898582837,7661.0337191090275,7362.95061352582,-1.3771443368054295,47.099480113873945,11.727566587145413,0.0003676538197651713,0.0,5.0,0.0,1.356329798085307e-11,0.0,0.0,0.0,0.0
870.0,316226.5719998833,-34.76963846782111,-179.19635266429958,7662.105313048685,7364.1194264331025,-1.3823633128614818,46.91569305852068,11.731044552395327,0.00037494881211807765,0.0,5.0,0.0,1.3828030593785521e-11,0.0,0.0,0.0,0.0
875.0,315261.24135176744,-34.553337009324785,-178.9172866971755,7663.181145480797,7365.292626451885,-1.3875377170091598,46.73375169311609,11.734536652597729,0.0003824162413905776,0.0,5.0,0.0,1.409893511490617e-11,0.0,0.0,0.0,0.0
880.0,314292.40159496106,-34.33623532359546,-178.63968630243542,7664.261181416226,7366.470169459599,-1.3926673661373083,46.5536449831137,11.738042769331349,0.000390060339974273,0.0,5.0,0.0,1.437616079323744e-11,0.0,0.0,0.0,0.0
885.0,313320.08976993244,-34.118342133556716,-178.3635371088277,7665.345385687378,7367.652011149392,-1.3977520782515551,46.3753619197229,11.741562783508083,0.0003978854445658643,0.0,5.0,0.0,1.4659860497138134e-11,0.0,0.0,0.0,0.0
890.0,312344.343068202,-33.89966607009179,-178.08882475647573,7666.433722948997,7368.838107032007,-1.402791672479536,46.19889152374772,11.745096575375955,0.00040589599859757993,0.0,5.0,0.0,1.495019079697526e-11,0.0,0.0,0.0,0.0
895.0,311365.1988307182,-33.68021567289604,-177.8155349003214,7667.526157678953,7370.028412437669,-1.4077859690761878,46.02422284927499,11.748644024522166,0.000414096554716705,0.0,5.0,0.0,1.5247312049417616e-11,0.0,0.0,0.0,0.0
900.0,310382.6945462553,-33.459999391344695,-177.5436532134196,7668.622654179067,7371.222882517989,-1.4127347894289417,45.85134498721611,11.752205009876125,0.0004224917773144584,0.0,5.0,0.0,1.5551388483356177e-11,0.0,0.0,0.0,0.0
905.0,309396.86784976814,-33.23902558537441,-177.27316539008626,7669.723176575925,7372.421472247877,-1.4176379560629597,45.68024706870587,11.755779409712591,0.00043108644510536724,0.0,5.0,0.0,1.5862588287489603e-11,0.0,0.0,0.0,0.0
910.0,308407.7565207388,-33.01730252637784,-177.0040571489052,7670.827688821712,7373.62413642747,-1.422495292646359,45.510918268362715,11.759367101654858,0.000439885453757464,0.0,5.0,0.0,1.61810836995827e-11,0.0,0.0,0.0,0.0
915.0,307415.39848153386,-32.79483839811008,-176.7363142355962,7671.936154695059,7374.830829684063,-1.4273066239955357,45.343347807413714,11.762967962677948,0.00044889381857373946,0.0,5.0,0.0,1.650705109740967e-11,0.0,0.0,0.0,0.0
920.0,306419.831795726,-32.57164129760603,-176.46992242574896,7673.048537801888,7376.041506474057,-1.4320717760803425,45.17752495668825,11.766581869111901,0.00045811667722583043,0.0,5.0,0.0,1.6840671091413965e-11,0.0,0.0,0.0,0.0
925.0,305421.0946664084,-32.3477192361076,-176.204867527426,7674.164801576292,7377.2561210849235,-1.4367905760293858,45.01343903948419,11.770208696645108,0.00046755929254028143,0.0,5.0,0.0,1.718212861909304e-11,0.0,0.0,0.0,0.0
930.0,304419.22543451004,-32.12308014000013,-175.9411353836384,7675.284909281397,7378.474627637164,-1.441462852135276,44.85107943430996,11.773848320327675,0.00047722705533785056,0.0,5.0,0.0,1.7531613041121194e-11,0.0,0.0,0.0,0.0
935.0,303414.2625770839,-31.89773185175677,-175.67871187469805,7676.4088240102565,7379.696980086295,-1.4460884338599085,44.69043557750635,11.777500614574851,0.0004871254873266626,0.0,5.0,0.0,1.7889318239235622e-11,0.0,0.0,0.0,0.0
940.0,302406.2447055988,-31.67168213089032,-175.41758292044946,7677.536508686751,7380.923132224838,-1.4506671518397247,44.53149696575139,11.781165453170512,0.0004972602440494448,0.0,5.0,0.0,1.8255442715890278e-11,0.0,0.0,0.0,0.0
945.0,301395.2105642026,-31.444938654911482,-175.15773448238502,7678.667926066495,7382.153037684321,-1.4551988378910228,44.37425315845213,11.784842709270716,0.0005076371178856658,0.0,5.0,0.0,1.8630189695703273e-11,0.0,0.0,0.0,0.0
950.0,300381.1990279844,-31.21750902029287,-174.89915256564683,7679.803038737756,7383.386649937284,-1.4596833250152008,44.21869378002613,11.788532255407247,0.0005182620411087961,0.0,5.0,0.0,1.9013767228701775e-11,0.0,0.0,0.0,0.0
955.0,299364.2491012309,-30.989400743438104,-174.64182322091872,7680.941809122387,7384.623922299313,-1.46412044740412,44.06480852207691,11.793819203763713,0.0005301424705548207,0.0,5.0,0.0,1.944311422671191e-11,0.0,0.0,0.0,0.0
960.0,298344.39991565887,-30.760621261655004,-174.38573254621127,7682.084199476779,7385.864807931059,-1.4685100404453593,43.91258714546587,11.800079782233015,0.0005429471869996589,0.0,5.0,0.0,1.9906040121739412e-11,0.0,0.0,0.0,0.0
965.0,297321.69072864484,-30.531177934132607,-174.13086668854348,7683.230171892804,7387.109259840293,-1.4728519407275469,43.76201948228433,11.80636417942112,0.0005560983796319163,0.0,5.0,0.0,2.038133278591016e-11,0.0,0.0,0.0,0.0
970.0,296296.1609214414,-30.301078042920942,-173.87721184552407,7684.379688298784,7388.357230883949,-1.4771459860456864,43.61309543772897,11.812672216773331,0.0005696056965498757,0.0,5.0,0.0,2.0869332012919017e-11,0.0,0.0,0.0,0.0
975.0,295267.84999737795,-30.070328793913372,-173.62475426683537,7685.532710460472,7389.608673770194,-1.481392015406486,43.46580499188353,11.819003714387122,0.0005834790522386825,0.0,5.0,0.0,2.137038684255014e-11,0.0,0.0,0.0,0.0
980.0,294236.7975800615,-29.838937317830542,-173.373480255623,7686.689199982041,7390.8635410605,-1.4855898690336957,43.32013820140995,11.825358491010693,0.0005977286345118552,0.0,5.0,0.0,2.1884855797416503e-11,0.0,0.0,0.0,0.0
985.0,293203.0434115501,-29.60691067120557,-173.1233761697943,7687.849118307078,7392.121785171719,-1.4897393883734547,43.176085201152105,11.831736364041703,0.00061236491161029,0.0,5.0,0.0,2.2413107124937176e-11,0.0,0.0,0.0,0.0
990.0,292166.6273505371,-29.374255837369947,-172.8744284232281,7689.012426719606,7393.383358378191,-1.4938404160996714,43.033636205654865,11.838137149526009,0.0006273986394606697,0.0,5.0,0.0,2.295551904460933e-11,0.0,0.0,0.0,0.0
995.0,291127.5893705087,-29.140979727439557,-172.62662348689923,7690.1790863451015,7394.648212813833,-1.4978927961193733,42.89278151060144,11.844560662156576,0.0006428408690961355,0.0,5.0,0.0,2.3512480000666777e-11,0.0,0.0,0.0,0.0
1000.0,290085.9695578916,-28.907089181300424,-172.37994788991978,7691.349058151531,7395.916300474256,-1.5018963735780912,42.75351149417183,11.851006715272451,0.0006587029542413853,0.0,5.0,0.0,2.408438892019088e-11,0.0,0.0,0.0,0.0
1005.0,289041.80811019614,-28.67259096859363,-172.13438822050057,7692.522302950397,7397.187573218892,-1.5058509948652445,42.61581661832528,11.857475120857876,0.0006749965590644358,0.0,5.0,0.0,2.4671655476742502e-11,0.0,0.0,0.0,0.0
1010.0,287995.1453341469,-28.43749178969913,-171.88993112683494,7693.698781397802,7398.461982773114,-1.5097565076195687,42.479687430009,11.863965689541441,0.00069173366609745,0.0,5.0,0.0,2.5274700359589522e-11,0.0,0.0,0.0,0.0
1015.0,286946.02164380625,-28.201798276717792,-171.6465633179076,7694.878453995513,7399.73948073039,-1.5136127607344898,42.34511456229641,11.870478230595397,0.0007089265843288222,0.0,5.0,0.0,2.589395554859641e-11,0.0,0.0,0.0,0.0
1020.0,285894.47755867895,-27.965516994451594,-171.40427156423112,7696.06128109205,7401.020018554423,-1.5174196043636017,42.212088735456824,11.877012551935062,0.0007265879574689148,0.0,5.0,0.0,2.652986459484998e-11,0.0,0.0,0.0,0.0
1025.0,284840.55370181333,-27.72865444138138,-171.16304269851227,7697.247222883776,7402.303547581311,-1.52117688992606,42.08060075795957,11.883568460118315,0.000744730772391393,0.0,5.0,0.0,2.718288290707869e-11,0.0,0.0,0.0,0.0
1030.0,283784.2907978911,-27.491217050641826,-170.92286361625105,7698.436239416004,7403.590019021721,-1.5248844701120365,41.95064152741473,11.890145760345256,0.0007633683677523946,0.0,5.0,0.0,2.785347804393339e-11,0.0,0.0,0.0,0.0
1035.0,282725.72967130877,-27.253211190993508,-170.68372127627404,7699.62829058412,7404.8793839630625,-1.5285421988882115,41.82220203145295,11.896744256457897,0.0007825144427895589,0.0,5.0,0.0,2.8542130012189735e-11,0.0,0.0,0.0,0.0
1040.0,281664.91124424245,-27.01464316779154,-170.44560270120522,7700.823336134705,7406.1715933716705,-1.5321499315031994,41.69527334854667,11.903363750940047,0.000802183066303067,0.0,5.0,0.0,2.9249331570936994e-11,0.0,0.0,0.0,0.0
1045.0,280601.87653472275,-26.775519223950493,-170.20849497787532,7702.021335666684,7407.466598095004,-1.5357075244931064,41.569846648774906,11.910004044917212,0.0008223886858201581,0.0,5.0,0.0,2.99755885417926e-11,0.0,0.0,0.0,0.0
1050.0,279536.666654665,-26.53584554090561,-169.9723852576732,7703.222248632479,7408.764348863849,-1.5392148356869657,41.44591319453399,11.916664938156764,0.0008431461369459879,0.0,5.0,0.0,3.072142012523328e-11,0.0,0.0,0.0,0.0
1055.0,278469.32280792296,-26.2956282395696,-169.73726075683993,7704.426034339172,7410.064796294528,-1.5426717242122898,41.32346434119622,11.92334622906809,0.0008644706529013907,0.0,5.0,0.0,3.148735922304914e-11,0.0,0.0,0.0,0.0
1060.0,277399.8862883244,-26.054873381285205,-169.50310875670888,7705.632651949688,7411.367890891123,-1.546078050500587,41.202491537718664,11.930047714702901,0.0008863778742499833,0.0,5.0,0.0,3.227395276699567e-11,0.0,0.0,0.0,0.0
1065.0,276328.3984776819,-25.81358696877313,-169.2699166038927,7706.842060483982,7412.6735830477,-1.5494336762929353,41.08298632720391,11.936769190755708,0.0009088838588164121,0.0,5.0,0.0,3.308176205369542e-11,0.0,0.0,0.0,0.0
1070.0,275254.90084381774,-25.571774947075,-169.03767171041997,7708.0542188202435,7413.981823050551,-1.5527384646454823,40.96494034741514,11.943510451564373,0.0009320050917964983,0.0,5.0,0.0,3.391136308580268e-11,0.0,0.0,0.0,0.0
1075.0,274179.43493855465,-25.3294432044915,-168.80636155382257,7709.269085696114,7415.292561080435,-1.5559922799350627,40.84834533124688,11.950271290110841,0.0009557584960616526,0.0,5.0,0.0,3.476334691950396e-11,0.0,0.0,0.0,0.0
1080.0,273102.0423957342,-25.08659757351509,-168.57597367717656,7710.486619709905,7416.6057472148295,-1.559194987864809,40.73319310715396,11.957051498021865,0.0009801614426576083,0.0,5.0,0.0,3.5638320018341953e-11,0.0,0.0,0.0,0.0
1085.0,272022.7649291791,-24.843243831757558,-168.34649568909705,7711.706779321846,7417.921331430195,-1.5623464554696755,40.61947559953982,11.963850865570077,0.0010052317615004474,0.0,5.0,0.0,3.653690461345752e-11,0.0,0.0,0.0,0.0
1090.0,270941.64433068596,-24.599387702871898,-168.1179152636901,7712.929522855334,7419.239263604241,-1.5654465511221534,40.50718482910644,11.970669181674994,0.001030987752269122,0.0,5.0,0.0,3.7459739070206945e-11,0.0,0.0,0.0,0.0
1095.0,269858.7224679943,-24.35503485746865,-167.890220140462,7714.154808498191,7420.5594935182,-1.5684951445378248,40.39631291316742,11.977506233904249,0.0010574481954965867,0.0,5.0,0.0,3.8407478261218026e-11,0.0,0.0,0.0,0.0
1100.0,268774.04128274135,-24.110190914026354,-167.6633981241887,7715.382594303952,7421.881970859113,-1.5714921067810808,40.28685206592568,11.984361808474967,0.0010846323638601621,0.0,5.0,0.0,3.938079394589366e-11,0.0,0.0,0.0,0.0
1105.0,267687.6427884288,-23.864861439796147,-167.43743708474608,7716.612838193138,7423.206645222121,-1.5744373102707288,40.178794598717836,11.991235690255195,0.001112560033671124,0.0,5.0,0.0,4.0380375156349864e-11,0.0,0.0,0.0,0.0
1110.0,266599.56906834897,-23.619051951700442,-167.21232495690293,7717.845497954569,7424.533466112762,-1.5773306287857296,40.072132920226295,11.998127662765604,0.0011412514965653282,0.0,5.0,0.0,4.1406928589840574e-11,0.0,0.0,0.0,0.0
1115.0,265509.86227354314,-23.37276791722533,-166.98804974007797,7719.080531246668,7425.862382949271,-1.5801719374708574,39.96685953666107,12.005037508181173,0.0011707275713933628,0.0,5.0,0.0,4.246117900760146e-11,0.0,0.0,0.0,0.0
1120.0,264418.56462071184,-23.126014755306997,-166.76459949806224,7720.317895598793,7427.193345064901,-1.5829611128424563,39.862967051912314,12.011965007333162,0.0012010096163124404,0.0,5.0,0.0,4.3543869640180386e-11,0.0,0.0,0.0,0.0
1125.0,263325.71839015465,-22.878797837211785,-166.5419623587087,7721.557548412568,7428.526301710239,-1.5856980327941335,39.76044816767555,12.018909939711111,0.0012321195410779672,0.0,5.0,0.0,4.465576259916719e-11,0.0,0.0,0.0,0.0
1130.0,262231.3659236673,-22.631122487409918,-166.32012651358943,7722.799446963237,7429.861202055523,-1.5883825766025392,39.65929568355041,12.025872083465075,0.0012640798195365064,0.0,5.0,0.0,4.579763929537271e-11,0.0,0.0,0.0,0.0
1135.0,261135.54962246586,-22.38299398444294,-166.09908021762269,7724.043548401019,7431.197995192988,-1.591014624933154,39.559502497114586,12.032851215407915,0.0012969135023178052,0.0,5.0,0.0,4.697030086336042e-11,0.0,0.0,0.0,0.0
1140.0,260038.31194507796,-22.134417561784673,-165.8788117886702,7725.289809752489,7432.5366301391905,-1.5935940598460074,39.46106160397429,12.039847111017812,0.001330644229726887,0.0,5.0,0.0,4.817456859235568e-11,0.0,0.0,0.0,0.0
1145.0,258939.69540522806,-21.885398408695796,-165.65930960710662,7726.538187921964,7433.877055837367,-1.5961207648015718,39.363966097792215,12.046859544440943,0.0013652962448346764,0.0,5.0,0.0,4.9411284363465176e-11,0.0,0.0,0.0,0.0
1150.0,257839.7425697446,-21.635941671071794,-165.44056211536167,7727.788639692895,7435.219221159772,-1.5985946246665095,39.26820917029457,12.053888288494168,0.001400894406765118,0.0,5.0,0.0,5.0681311093122275e-11,0.0,0.0,0.0,0.0
1155.0,256738.49605642166,-21.386052452284613,-165.22255781743627,7729.041121729285,7436.56307491005,-1.6010155257195553,39.17378411125812,12.060933114668066,0.0014374642041795516,0.0,5.0,0.0,5.1985533182774694e-11,0.0,0.0,0.0,0.0
1160.0,255635.99853189383,-21.135735814017593,-165.00528527839415,7730.295590577108,7437.9085658255835,-1.6033833556573802,39.08068430847837,12.06799379313,0.001475031768954963,0.0,5.0,0.0,5.3324856974682556e-11,0.0,0.0,0.0,0.0
1165.0,254532.2927095145,-20.884996777094,-164.788733123829,7731.552002665745,7439.255642579872,-1.6056980036004231,38.98890324772023,12.075070092727334,0.0015136238900544815,0.0,5.0,0.0,5.470021121375753e-11,0.0,0.0,0.0,0.0
1170.0,253427.4213472018,-20.633840322298983,-164.57289003930933,7732.810314309432,7440.604253784903,-1.607959360098847,38.898434512651946,12.082161780990893,0.0015532680275892068,0.0,5.0,0.0,5.611254751540111e-11,0.0,0.0,0.0,0.0
1175.0,252321.42724530306,-20.382271391195008,-164.357744769801,7734.07048170872,7441.954347993532,-1.6101673171384019,38.809271784763624,12.089268624138487,0.0015939923270672364,0.0,5.0,0.0,5.756284083918368e-11,0.0,0.0,0.0,0.0
1180.0,251214.35324443597,-20.13029488693077,-164.14328611906882,7735.332460951948,7443.305873701872,-1.6123217681463933,38.72140884327102,12.096390387078683,0.0016358256338285795,0.0,5.0,0.0,5.90520899683087e-11,0.0,0.0,0.0,0.0
1185.0,250106.2422233373,-19.87791567504361,-163.92950294905813,7736.596208016723,7444.6587793516765,-1.6144226079976085,38.63483956500591,12.103526833414655,0.0016787975076618365,0.0,5.0,0.0,6.058131799470589e-11,0.0,0.0,0.0,0.0
1190.0,248997.13709670212,-19.625138584255478,-163.71638417925698,7737.861678771421,7446.013013332742,-1.6164697330203062,38.549557924293744,12.117409126665962,0.0017325608102276208,0.0,5.0,0.0,6.24986879936017e-11,0.0,0.0,0.0,0.0
1195.0,247887.0808130037,-19.371968407262422,-163.50391878603983,7739.128828976692,7447.368523985305,-1.6184630410021963,38.46555799281952,12.132058287139948,0.0017891503803189467,0.0,5.0,0.0,6.451655227970726e-11,0.0,0.0,0.0,0.0
1200.0,246776.1163523337,-19.118409901517623,-163.29209580199378,7740.397614286987,7448.725259602453,-1.62040243119645,38.382833939482914,12.14676261655854,0.001847636818997063,0.0,5.0,0.0,6.660129778487864e-11,0.0,0.0,0.0,0.0
1205.0,245664.28672421258,-18.864467790008163,-163.0809043152275,7741.667990252085,7450.083168432529,-1.6222878043277047,38.301380030243294,12.16152187029827,0.0019080828798992125,0.0,5.0,0.0,6.875511116302818e-11,0.0,0.0,0.0,0.0
1210.0,244551.63496542163,-18.61014676202529,-162.8703334686645,7742.939912318634,7451.442198681547,-1.6241190625981583,38.22119062795569,12.176335799362889,0.001970553290978762,0.0,5.0,0.0,7.09802469583577e-11,0.0,0.0,0.0,0.0
1215.0,243438.2041377928,-18.355451473928568,-162.6603724593203,7744.213335831722,7452.802298515616,-1.6258961096935909,38.142260192198165,12.191204150337335,0.0020351148103150093,0.0,5.0,0.0,7.327902949266747e-11,0.0,0.0,0.0,0.0
1220.0,242324.03732604533,-18.100386549903604,-162.45101053756534,7745.488216036433,7454.163416063356,-1.6276188507894627,38.06458327909178,12.206126665340973,0.0021018362831642778,0.0,5.0,0.0,7.565385479347808e-11,0.0,0.0,0.0,0.0
1225.0,241209.17763556074,-17.84495658271374,-162.24223700637333,7746.764508079433,7455.525499418332,-1.6292871925570285,37.98815454111357,12.221103081981395,0.0021707887002691364,0.0,5.0,0.0,7.810719256348622e-11,0.0,0.0,0.0,0.0
1230.0,240093.6681902008,-17.589166134445517,-162.03404122055628,7748.042167010562,7456.888496641485,-1.6309010431694122,37.91296872690337,12.236133133307591,0.0022420452574297024,0.0,5.0,0.0,8.064158819141319e-11,0.0,0.0,0.0,0.0
1235.0,238977.55213010218,-17.33301973724807,-161.8264125859865,7749.32114778444,7458.2523557635595,-1.6324603123078125,37.83902068106513,12.251216547763228,0.00231568141634971,0.0,5.0,0.0,8.325966480461865e-11,0.0,0.0,0.0,0.0
1240.0,237860.87260945793,-17.076521894066573,-161.6193405588062,7750.601405262084,7459.617024787551,-1.6339649111676242,37.76630534396355,12.26635304913997,0.002391774966764869,0.0,5.0,0.0,8.596412536366713e-11,0.0,0.0,0.0,0.0
1245.0,236743.6727943197,-16.819677079369708,-161.4128146446251,7751.8828942125365,7460.982451691143,-1.6354147524646272,37.69481775151637,12.281542356530462,0.002470406089858167,0.0,5.0,0.0,8.875775479893271e-11,0.0,0.0,0.0,0.0
1250.0,235625.995860368,-16.562489739871236,-161.20682439770712,7753.165569314502,7462.348584429156,-1.6368097504411576,37.624553034983386,12.296784184281535,0.0025516574229712675,0.0,5.0,0.0,9.164342218948945e-11,0.0,0.0,0.0,0.0
1255.0,234507.88499071728,-16.304964295245828,-161.00135942014583,7754.449385158009,7463.715370935993,-1.6381498208723646,37.55550642075226,12.312078241946967,0.00263561412561201,0.0,5.0,0.0,9.462408298420732e-11,0.0,0.0,0.0,0.0
1260.0,233389.38337366935,-16.047105138839136,-160.7964093610298,7755.734296246061,7465.08275912809,-1.6394348810724018,37.487673230122134,12.32742423424073,0.0027223639467672616,0.0,5.0,0.0,9.770278126530724e-11,0.0,0.0,0.0,0.0
1265.0,232270.53420050535,-15.788916638372246,-160.59196391559792,7757.020256996321,7466.450696906377,-1.6406648499007062,37.421048879085504,12.34282186098974,0.0028119972935166156,0.0,5.0,0.0,1.0088265205413566e-10,0.0,0.0,0.0,0.0
1270.0,231151.38066326547,-15.530403136640567,-160.38801282438538,7758.3072217428,7467.819132158723,-1.6418396477682724,37.35562887810866,12.358270817086689,0.002904607300950802,0.0,5.0,0.0,1.0416692365922151e-10,0.0,0.0,0.0,0.0
1275.0,230031.96595250163,-15.271568952207241,-160.18454587236067,7759.595144737548,7469.188012762411,-1.6429591966438988,37.29140883191165,12.373770792443146,0.0030002899033951267,0.0,5.0,0.0,1.0755892006655225e-10,0.0,0.0,0.0,0.0
1280.0,228912.33325507212,-15.012418380091145,-159.98155288805367,7760.883980152372,7470.557286586585,-1.644023420060557,37.2283844392478,12.389321471942155,0.0030991439069295193,0.0,5.0,0.0,1.1106206337169538e-10,0.0,0.0,0.0,0.0
1285.0,227792.52575188968,-14.752955692449653,-159.77902374267572,7762.173682080551,7471.926901494722,-1.6450322431216648,37.16655149268364,12.404922535391332,0.0032012710632080207,0.0,5.0,0.0,1.14679876253796e-10,0.0,0.0,0.0,0.0
1290.0,226672.58661570307,-14.493185139256134,-159.57694834923186,7763.464204538574,7473.296805347097,-1.6459855925074474,37.10590587837956,12.420573657475614,0.003306776144564749,0.0,5.0,0.0,1.18415984490918e-10,0.0,0.0,0.0,0.0
1295.0,225552.55900885537,-14.233110948972334,-159.37531666162522,7764.755501467885,7474.666946003244,-1.6468833964813006,37.04644357587165,12.436274507710243,0.003415767020403022,0.0,5.0,0.0,1.2227411951654505e-10,0.0,0.0,0.0,0.0
1300.0,224432.48608104791,-13.972737329215779,-159.1741186737544,7766.047526736634,7476.037271324439,-1.647725584896149,36.988160657855104,12.452024750393752,0.0035283547348550857,0.0,5.0,0.0,1.2625812101672852e-10,0.0,0.0,0.0,0.0
1305.0,223312.41096710507,-13.712068467422224,-158.9733444186039,7767.340234141447,7477.407729176155,-1.6485120892008671,36.93105328996985,12.467824044560958,0.0036446535857005756,0.0,5.0,0.0,1.30371939567398e-10,0.0,0.0,0.0,0.0
1310.0,222192.3767847428,-13.451108531503241,-158.7729839673278,7768.633577409203,7478.778267430539,-1.6492428424466563,36.875117730588485,12.483672043935965,0.0037647812045289806,0.0,5.0,0.0,1.346196393112508e-10,0.0,0.0,0.0,0.0
1315.0,221072.4266323289,-13.189861670499148,-158.57302742832735,7769.927510198824,7480.148833968896,-1.6499177792934887,36.820350330607155,12.499568396885355,0.003888858638130728,0.0,5.0,0.0,1.3900540067361603e-10,0.0,0.0,0.0,0.0
1320.0,219952.60358663648,-12.928332015227273,-158.3734649463221,7771.221986103076,7481.519376684142,-1.6505368360165533,36.76674753323963,12.515512746371527,0.0040170104310977735,0.0,5.0,0.0,1.4353352311656243e-10,0.0,0.0,0.0,0.0
1325.0,218832.95070061553,-12.666523678925675,-158.17428670141555,7772.516958650375,7482.8898434833,-1.6510999505127162,36.714305873815064,12.531504729905937,0.004149364709609543,0.0,5.0,0.0,1.4820842793033771e-10,0.0,0.0,0.0,0.0
1330.0,217713.51100115757,-12.404440757892472,-157.97548290815496,7773.812381306616,7484.2601822899605,-1.6516070623069687,36.663021979579646,12.547543979502517,0.004286053266382564,0.0,5.0,0.0,1.5303466106132728e-10,0.0,0.0,0.0,0.0
1335.0,216594.32748685125,-12.142087332120862,-157.77704381458594,7775.108207476997,7485.630341046761,-1.6520581125589533,36.61289256950259,12.563630121631366,0.00442721164675755,0.0,5.0,0.0,1.5801689597555591e-10,0.0,0.0,0.0,0.0
1340.0,215475.44312574435,-11.87946746592989,-157.57895970130164,7776.40439050787,7487.0002677178645,-1.6524530440694456,36.56391445408674,12.579762777172494,0.004572979235892532,0.0,5.0,0.0,1.6315993655657886e-10,0.0,0.0,0.0,0.0
1345.0,214356.90085312352,-11.616585208591156,-157.3812208804873,7777.700883688589,7488.369910291434,-1.6527918012868867,36.51608453518413,12.59594156136952,0.004723499347027813,0.0,5.0,0.0,1.684687200365147e-10,0.0,0.0,0.0,0.0
1350.0,213238.74356926512,-11.353444594951517,-157.18381769495966,7778.997640253377,7489.7392167821035,-1.6530743303138808,36.46939980581687,12.61216608378391,0.004878919310793207,0.0,5.0,0.0,1.7394831995914272e-10,0.0,0.0,0.0,0.0
1355.0,212121.01413720287,-11.090049646051908,-156.98674051720198,7780.294613383196,7491.10813523346,-1.6533005789138124,36.42385735000347,12.628435948249226,0.005039390565513206,0.0,5.0,0.0,1.796039491734658e-10,0.0,0.0,0.0,0.0
1360.0,211003.75538050942,-10.826404369742365,-156.78997974839442,7781.591756207643,7492.476613720517,-1.6534704965173195,36.37945434259114,12.644750752825404,0.0052050687484680395,0.0,5.0,0.0,1.8544096285623084e-10,0.0,0.0,0.0,0.0
1365.0,209887.01008105,-10.562512761293434,-156.59352581744037,7782.889021806827,7493.844600352179,-1.653584034228939,36.33618804909402,12.661110089753613,0.005376113788071337,0.0,5.0,0.0,1.9146486156200056e-10,0.0,0.0,0.0,0.0
1370.0,208770.82097677328,-10.298378804004022,-156.3973691799883,7784.186363213295,7495.212043273733,-1.6536411448336439,36.29405582553804,12.67751354541095,0.005552689996906264,0.0,5.0,0.0,1.976812942987069e-10,0.0,0.0,0.0,0.0
1375.0,207655.23075946793,-10.034006469805774,-156.20150031744976,7785.483733413927,7496.578890669302,-1.6536417828034748,36.253055118312254,12.693960700265782,0.005734966165578181,0.0,5.0,0.0,2.0409606162720287e-10,0.0,0.0,0.0,0.0
1380.0,206540.282072559,-9.769399719864206,-156.00590973601345,7786.781085351876,7497.945090764325,-1.6535859043041536,36.21318346402706,12.71045112883292,0.005923115657316427,0.0,5.0,0.0,2.1071511878242627e-10,0.0,0.0,0.0,0.0
1385.0,205426.01750887185,-9.504562505176546,-155.81058796565532,7788.078371928489,7499.3105918280235,-1.6534734672016675,36.1744384893796,12.726984399629524,0.006117316503276569,0.0,5.0,0.0,2.175445788144679e-10,0.0,0.0,0.0,0.0
1390.0,204312.47960842587,-9.2394987671666,-155.61552555914517,7789.375546005266,7500.67534217587,-1.6533044310689415,36.13681791102657,12.743560075130937,0.006317751498469208,0.0,5.0,0.0,2.2459071574694588e-10,0.0,0.0,0.0,0.0
1395.0,203199.71085621975,-8.974212438276549,-155.4207130910495,7790.6725604058065,7502.039290172059,-1.6530787571924284,36.10031953546452,12.760177711727007,0.006524608298253436,0.0,5.0,0.0,2.318599677505225e-10,0.0,0.0,0.0,0.0
1400.0,202087.75368001778,-8.70870744255597,-155.22614115673073,7791.969367917767,7503.402384231956,-1.6527964085788223,36.06494125891793,12.776836859678768,0.00673807951532138,0.0,5.0,0.0,2.39358940328997e-10,0.0,0.0,0.0,0.0
1405.0,200976.6504481528,-8.44298769624808,-155.0318003713434,7793.265921294846,7504.764572824572,-1.65245734996169,36.03068106723549,12.793537063075293,0.00695836281709431,0.0,5.0,0.0,2.4709440951520234e-10,0.0,0.0,0.0,0.0
1410.0,199866.44346731436,-8.17705710837342,-154.83768136882617,7794.562173258754,7506.12580447502,-1.6520615478081273,35.997537035794245,12.811769172197923,0.007192498739153717,0.0,5.0,0.0,2.553160471943711e-10,0.0,0.0,0.0,0.0
1415.0,198757.17498036195,-7.910919581310999,-154.64377480089144,7795.858076501214,7507.486027766964,-1.6516089703254502,35.96550732941247,12.841006197625486,0.0074861482622719765,0.0,5.0,0.0,2.656435983540139e-10,0.0,0.0,0.0,0.0
1420.0,197648.8871641187,-7.644579011377128,-154.45007133601086,7797.153583685952,7508.84519134508,-1.6510995874678915,35.934590202270975,12.870397483460144,0.007791510813123428,0.0,5.0,0.0,2.763792106315677e-10,0.0,0.0,0.0,0.0
1425.0,196541.62212720048,-7.378039289401951,-154.25656165839817,7798.4486474507175,7510.203243917505,-1.6505333709432655,35.90478399784317,12.899943317086494,0.00810902979163137,0.0,5.0,0.0,2.875381745210037e-10,0.0,0.0,0.0,0.0
1430.0,195435.42190782074,-7.1113043013039094,-154.06323646698849,7799.74322040929,7511.56013425828,-1.6499102942196795,35.87608714883408,12.929643978122975,0.008439163875108891,0.0,5.0,0.0,2.991363011127574e-10,0.0,0.0,0.0,0.0
1435.0,194330.32847161498,-6.844377928662183,-153.87008647441473,7801.037255153507,7512.915811209796,-1.6492303325322577,35.84849817712853,12.959499738171859,0.008782387459315737,0.0,5.0,0.0,3.1118993687762354e-10,0.0,0.0,0.0,0.0
1440.0,193226.38370946702,-6.577264049287255,-153.6771024059806,7802.330704255307,7514.270223685233,-1.6484934628897918,35.82201569374852,12.989510860564286,0.00913919110765383,0.0,5.0,0.0,3.2371597871318596e-10,0.0,0.0,0.0,0.0
1445.0,192123.6294353567,-6.309966537789745,-153.4842749986307,7803.623520268763,7515.623320671003,-1.6476996640814998,35.79663839882002,13.019677600099717,0.009510082008390092,0.0,5.0,0.0,3.367318892485061e-10,0.0,0.0,0.0,0.0
1450.0,191022.10738417786,-6.042489266147621,-153.2915949999174,7804.915655732138,7516.975051229168,-1.6468489166837361,35.77236508154943,13.050000202781025,0.00989558443979976,0.0,5.0,0.0,3.5025571240298073e-10,0.0,0.0,0.0,0.0
1455.0,189921.8592096027,-5.774836104271903,-153.09905316696475,7806.207063169934,7518.325364499876,-1.645941203066681,35.74919462020969,13.080478905543323,0.010296240243062927,0.0,5.0,0.0,3.6430608919316024e-10,0.0,0.0,0.0,0.0
1460.0,188822.9264819231,-5.507010920571022,-152.9066402654291,7807.497695094982,7519.674209703787,-1.6449765074010858,35.72712598213627,13.111113935978073,0.010712609302774042,0.0,5.0,0.0,3.789022737823108e-10,0.0,0.0,0.0,0.0
1465.0,187725.35068591498,-5.239017582513912,-152.7143470684569,7808.787504010493,7521.021536144485,-1.6439548156649735,35.7061582237331,13.141905512051377,0.01114527003486475,0.0,5.0,0.0,3.9406414976543015e-10,0.0,0.0,0.0,0.0
1470.0,186629.17321871035,-4.970859957192024,-152.52216435563915,7810.076442412149,7522.367293210897,-1.6428761156503846,35.68629049048879,13.172853841816643,0.011594819881738735,0.0,5.0,0.0,4.098122466823992e-10,0.0,0.0,0.0,0.0
1475.0,185534.43538765982,-4.7025419118803296,-152.33008291196302,7811.364462790197,7523.711430379693,-1.641740396970043,35.667522017002874,13.203959123122107,0.012061875814396349,0.0,5.0,0.0,4.261677567512512e-10,0.0,0.0,0.0,0.0
1480.0,184441.17840821762,-4.434067314597513,-152.13809352676017,7812.651517631541,7525.053897217703,-1.6405476510641426,35.64985212702265,13.235221543312257,0.01254707484128354,0.0,5.0,0.0,4.43152551812044e-10,0.0,0.0,0.0,0.0
1485.0,183349.4434018368,-4.165440034665397,-151.946186992652,7813.937559421846,7526.394643384298,-1.6392978712070123,35.63328023349034,13.26664127892338,0.01305107452359058,0.0,5.0,0.0,4.6078920047155077e-10,0.0,0.0,0.0,0.0
1490.0,182259.27139385883,-3.896663943267822,-151.7543541044917,7815.2225406476555,7527.733618633798,-1.6379910525138428,35.61780583860092,13.298218495373675,0.013574553496703784,0.0,5.0,0.0,4.791009854382282e-10,0.0,0.0,0.0,0.0
1495.0,181170.70331142936,-3.6277429140090414,-151.56258565830342,7816.506413798497,7529.070772817843,-1.6366271919473874,35.603428533870755,13.329953346646896,0.01411821199746453,0.0,5.0,0.0,4.981119210352518e-10,0.0,0.0,0.0,0.0
1500.0,180083.7799813999,-3.358680823471822,-151.37087245021772,7817.7891313690225,7530.406055887786,-1.6352062883246752,35.59014800021684,13.36184597497064,0.014682772396895194,0.0,5.0,0.0,5.178467708796329e-10,0.0,0.0,0.0,0.0
1505.0,178998.54212825838,-3.0894815517753327,-151.17920527540434,7819.07064586113,7531.739417897059,-1.6337283423236897,35.57796400804713,13.40639679164065,0.015383775971122652,0.0,5.0,0.0,5.42378381223756e-10,0.0,0.0,0.0,0.0
1510.0,177915.0303720571,-2.8201489831329893,-150.98757492700142,7820.350909786101,7533.07080900354,-1.632193356490076,35.56687641736181,13.45234888034925,0.01612713798481547,0.0,5.0,0.0,5.683857720668312e-10,0.0,0.0,0.0,0.0
1515.0,176833.2852263609,-2.550687006410388,-150.79597219504143,7821.6298756667475,7534.400179471914,-1.6306013352438262,35.5568851778657,13.498668453714489,0.016905118994214183,0.0,5.0,0.0,5.955947499327575e-10,0.0,0.0,0.0,0.0
1520.0,175753.34709619638,-2.281099515683446,-150.6043878653739,7822.907496039565,7535.72747967603,-1.628952284885918,35.547990329091824,13.545358813506155,0.017719235224925394,0.0,5.0,0.0,6.240574906701878e-10,0.0,0.0,0.0,0.0
1525.0,174675.25627600402,-2.011390410796904,-150.41281271858477,7824.183723456879,7537.0526601012425,-1.627246213605013,35.540192000536216,13.592423296644204,0.01857106303052165,0.0,5.0,0.0,6.538282186537655e-10,0.0,0.0,0.0,0.0
1530.0,173599.05294761807,-1.7415635979233195,-150.2212375289121,7825.458510489017,7538.375671346748,-1.6254831314840785,35.53349041180418,13.639865275488278,0.01946224089395363,0.0,5.0,0.0,6.849632740537674e-10,0.0,0.0,0.0,0.0
1535.0,172524.77717824,-1.4716229901226907,-150.02965306315878,7826.731809726466,7539.696464127923,-1.6236630505070604,35.52788587276791,13.687688158125072,0.020394471473103127,0.0,5.0,0.0,7.175211815469603e-10,0.0,0.0,0.0,0.0
1540.0,171452.4689184418,-1.2015725079028527,-149.8380500796012,7828.003573782056,7541.014989278642,-1.6217859845654565,35.523378783735616,13.735895388651674,0.021369523690065936,0.0,5.0,0.0,7.515627204523524e-10,0.0,0.0,0.0,0.0
1545.0,170382.16800015606,-0.9314160797807867,-149.64641932689497,7829.273755293126,7542.331197753592,-1.619851949464993,35.51996963563226,13.784490447456328,0.022389234863713026,0.0,5.0,0.0,7.871509962742094e-10,0.0,0.0,0.0,0.0
1550.0,169313.91413470078,-0.6611576428449737,-149.45475154297657,7830.54230692371,7543.645040630581,-1.6178609629321599,35.517659010191885,13.833476851494323,0.02345551288489044,0.0,5.0,0.0,8.243515136282033e-10,0.0,0.0,0.0,0.0
1555.0,168247.74691079278,-0.39080114331895294,-149.2630374539615,7831.809181366731,7544.956469112834,-1.6158130446208279,35.516447580161696,13.882858154560516,0.02457033843358254,0.0,5.0,0.0,8.632322505254516e-10,0.0,0.0,0.0,0.0
1560.0,167183.70579258818,-0.12035053712620787,-149.07126777303898,7833.0743313461835,7546.265434531288,-1.6137082161188008,35.51633610951783,13.932637947556488,0.025735767237163594,0.0,5.0,0.0,9.038637339823283e-10,0.0,0.0,0.0,0.0
1565.0,166121.830117736,0.15019020954346324,-148.87943319936275,7834.337709619339,7547.571888346864,-1.611546500954345,35.51732545369301,13.982819858752496,0.026953932368778685,0.0,5.0,0.0,9.463191169211387e-10,0.0,0.0,0.0,0.0
1570.0,165062.1590954326,0.42081711966595176,-148.6875244169378,7835.599268978939,7548.8757821527515,-1.6093279246027448,35.51941655981604,14.033407554044357,0.028227046584761654,0.0,5.0,0.0,9.906742563222404e-10,0.0,0.0,0.0,0.0
1575.0,164004.73180449381,0.6915262048130737,-148.49553209350404,7836.858962255404,7550.177067676652,-1.6070525144927776,35.522610466963165,14.084404737204016,0.029557404699823365,0.0,5.0,0.0,1.037007792582253e-9,0.0,0.0,0.0,0.0
1580.0,162949.58719144017,0.9623134645808871,-148.30344687941522,7838.116742319038,7551.475696783048,-1.604720300013175,35.52690830642149,14.135815150123612,0.030947385998615854,0.0,5.0,0.0,1.0854012300287124e-9,0.0,0.0,0.0,0.0
1585.0,161896.76406859793,1.2331748860159455,-148.1112594065146,7839.372562082247,7552.771621475436,-1.602331312519128,35.53231130196419,14.187642573052308,0.03239945668211304,0.0,5.0,0.0,1.1359390185359628e-9,0.0,0.0,0.0,0.0
1590.0,160846.30111220386,1.5041064430393403,-147.91896028700623,7840.626374501751,7554.06479389857,-1.599885585338667,35.538820770138,14.239890824826002,0.033916172347106845,0.0,5.0,0.0,1.188708636182314e-9,0.0,0.0,0.0,0.0
1595.0,159798.23686053138,1.7751040958683764,-147.72654011232257,7841.878132580802,7555.355166340668,-1.5973831537791203,35.54643812056259,14.295677234509068,0.035563789363753255,0.0,5.0,0.0,1.2460293024341569e-9,0.0,0.0,0.0,0.0
1600.0,158752.60971202794,2.0461637904357435,-147.53398945198765,7843.127789371408,7556.642691235636,-1.5948240551334159,35.555164856242044,14.365156170041299,0.03756772027507205,0.0,5.0,0.0,1.3157914566045582e-9,0.0,0.0,0.0,0.0
1605.0,157709.45792347006,2.3172814578060126,-147.34129885247665,7844.375297976559,7557.92732116527,-1.5922083286864974,35.565002573888506,14.435442454653467,0.03967941742987255,0.0,5.0,0.0,1.389280245016972e-9,0.0,0.0,0.0,0.0
1610.0,156668.81960811466,2.5884530135893318,-147.14845883607074,7845.62061155245,7559.2090088614395,-1.5895360157216296,35.57595296425786,14.506549553187964,0.04190429118062628,0.0,5.0,0.0,1.4666814100846713e-9,0.0,0.0,0.0,0.0
1615.0,155630.73273388855,2.859674357352144,-146.9554598997083,7846.86368331072,7560.487707208272,-1.5868071595266449,35.588017812497654,14.578491247351623,0.044247996601246495,0.0,5.0,0.0,1.5481890254065848e-9,0.0,0.0,0.0,0.0
1620.0,154595.2351215845,3.1309413720247723,-146.7622925138315,7848.104466520673,7561.7633692443205,-1.5840218054002198,35.60119899850706,14.651281645303191,0.04671644277186662,0.0,5.0,0.0,1.6340058083192916e-9,0.0,0.0,0.0,0.0
1625.0,153562.36444305163,3.40224992330575,-146.56894712122897,7849.342914511522,7563.03594816472,-1.5811800006581258,35.615498497309034,14.724935191599819,0.04931580230146953,0.0,5.0,0.0,1.7243434402746075e-9,0.0,0.0,0.0,0.0
1630.0,152532.15821943711,3.6735958590626963,-146.3754141358739,7850.578980674621,7564.305397323331,-1.578281794639316,35.63091837943467,14.799466677514623,0.05205252108682217,0.0,5.0,0.0,1.819422894978859e-9,0.0,0.0,0.0,0.0
1635.0,151504.65381940827,3.944975008729603,-146.18168394175808,7851.812618465702,7565.571670234876,-1.5753272387122157,35.64746081131958,14.874891251746877,0.054933328305842154,0.0,5.0,0.0,1.9194747742190146e-9,0.0,0.0,0.0,0.0
1640.0,150479.88845741656,4.216383182700381,-145.98774689172132,7853.043781407123,7566.8347205770615,-1.5723163862806766,35.665128055712465,14.95122443153828,0.05796524664253578,0.0,5.0,0.0,2.0247396512669533e-9,0.0,0.0,0.0,0.0
1645.0,149457.89919195604,4.487816171718473,-145.7935933062769,7854.272423090095,7568.094502192681,-1.5692492927901367,35.68392247209583,15.036790432776234,0.06146033526988227,0.0,5.0,0.0,2.1461092570019213e-9,0.0,0.0,0.0,0.0
1650.0,148438.72292385064,4.759269746262425,-145.5992134724323,7855.498497176936,7569.350969091717,-1.5661260157336148,35.70384651711875,15.131014897799318,0.06544219373299752,0.0,5.0,0.0,2.2843916259342785e-9,0.0,0.0,0.0,0.0
1655.0,147422.39639455173,5.030739655927206,-145.40459764250576,7856.721957403307,7570.604075453422,-1.5629466146577224,35.724902745041675,15.226698791588904,0.06966979564126535,0.0,5.0,0.0,2.431159564602747e-9,0.0,0.0,0.0,0.0
1660.0,146408.95618445333,5.3022216288011315,-145.20973603293822,7857.942757580456,7571.853775628387,-1.5597111511685535,35.747093808193306,15.323877403487772,0.07415731704794072,0.0,5.0,0.0,2.58689956462992e-9,0.0,0.0,0.0,0.0
1665.0,145398.4387112297,5.573711370838221,-145.01461882310127,7859.160851597463,7573.100024140606,-1.5564196889375972,35.77042245743941,15.422587246907712,0.0789196757460713,0.0,5.0,0.0,2.7521233939607693e-9,0.0,0.0,0.0,0.0
1670.0,144390.8802281674,5.8452045652258615,-144.81923615410014,7860.376193423485,7574.3427756895135,-1.5530722937075723,35.79489154266362,15.522866114778935,0.08397256450803488,0.0,5.0,0.0,2.927369219411514e-9,0.0,0.0,0.0,0.0
1675.0,143386.3168225484,6.116696871747549,-144.6235781275729,7861.588737109998,7575.581985152016,-1.549669033298236,35.82050401326007,15.624753138111588,0.08933248542055439,0.0,5.0,0.0,3.113202765640947e-9,0.0,0.0,0.0,0.0
1680.0,142384.78441401292,6.388183926140575,-144.42763480448477,7862.798436793037,7576.817607584514,-1.5462099776121008,35.847262918637874,15.728288847885619,0.09501678532372632,0.0,5.0,0.0,3.3102185107896208e-9,0.0,0.0,0.0,0.0
1685.0,141386.3187529752,6.6596613394485,-144.23139620391854,7864.005246695445,7578.049598224895,-1.5426951986401676,35.87517140873732,15.833515240487952,0.10104369235963413,0.0,5.0,0.0,3.5190409189299983e-9,0.0,0.0,0.0,0.0
1690.0,140390.95541902538,6.931124697368235,-144.03485230186016,7865.209121129113,7579.277912494532,-1.5391247704675055,35.904232734557816,15.940475846947567,0.10743235363437563,0.0,5.0,0.0,3.740325709411269e-9,0.0,0.0,0.0,0.0
1695.0,139398.72981936485,7.202569559591515,-143.83799302998057,7866.410014497219,7580.502506000254,-1.5354987692788715,35.934450248697296,16.062791759380413,0.11518526467967687,0.0,5.0,0.0,4.008952669882386e-9,0.0,0.0,0.0,0.0
1700.0,138409.67718726117,7.473991459140708,-143.6408082744128,7867.607881296472,7581.723334536302,-1.531817273364207,35.9658274059033,16.19650329886421,0.12415750567963993,0.0,5.0,0.0,4.319834511153119e-9,0.0,0.0,0.0,0.0
1705.0,137423.8325805124,7.745385901698641,-143.44328787452528,7868.802676119346,7582.94035408628,-1.5280803631241118,35.9983677636352,16.333072012886337,0.1337960730076149,0.0,5.0,0.0,4.653696780046763e-9,0.0,0.0,0.0,0.0
1710.0,136441.23087993544,8.016748364932386,-143.24542162169078,7869.994353656323,7584.153520825084,-1.5242881210752686,36.03207498263792,16.47259809493418,0.1441474417667376,0.0,5.0,0.0,5.012134350893675e-9,0.0,0.0,0.0,0.0
1715.0,135461.90678786114,8.288074297810777,-143.04719925805114,7871.1828686981235,7585.362791120811,-1.5204406318557342,36.06695282752673,16.61518679670195,0.155261062334167,0.0,5.0,0.0,5.396843633392848e-9,0.0,0.0,0.0,0.0
1720.0,134485.8948266711,8.559359119915488,-142.84861047527835,7872.368176137939,7586.568121536664,-1.5165379822302476,36.10300516738301,16.760948762949926,0.16718952826741335,0.0,5.0,0.0,5.809628264270302e-9,0.0,0.0,0.0,0.0
1725.0,133513.22933732346,8.830598220745523,-142.64964491333154,7873.5502309736685,7587.769468832834,-1.512580261095415,36.14023597636099,16.91000039394245,0.1799887518466242,0.0,5.0,0.0,6.252405055265049e-9,0.0,0.0,0.0,0.0
1730.0,132543.94447792228,9.101786959014872,-142.4502921592102,7874.728988310143,7588.966789968369,-1.5085675594849175,36.17864933430515,17.06246423818497,0.19371814745225507,0.0,5.0,0.0,6.727210203962034e-9,0.0,0.0,0.0,0.0
1735.0,131578.07422229275,9.372920661943258,-142.25054174570343,7875.904403361349,7590.160042103025,-1.5044999705744768,36.2182494273782,17.218469418510228,0.20844082297132852,0.0,5.0,0.0,7.236205773769611e-9,0.0,0.0,0.0,0.0
1740.0,130615.65235857293,9.643994624539712,-142.05038315013604,7877.076431452656,7591.349182599104,-1.5003775896869378,36.259040548699474,17.378152094915453,0.2242237794163042,0.0,5.0,0.0,7.781686449015893e-9,0.0,0.0,0.0,0.0
1745.0,129656.7124878401,9.91500410887881,-141.84980579311107,7878.245028023037,7592.534169023271,-1.4962005142971688,36.301027098993465,17.55388244924903,0.2431964135547697,0.0,5.0,0.0,8.437497391650696e-9,0.0,0.0,0.0,0.0
1750.0,128701.28802273143,10.185944343369433,-141.64879903724864,7879.410148627275,7593.714959148358,-1.491968844036895,36.3442135872484,17.75685279690988,0.2677312415210514,0.0,5.0,0.0,9.285824365914253e-9,0.0,0.0,0.0,0.0
1755.0,127749.41218611412,10.456810522015829,-141.4473521859221,7880.571748938187,7594.8915109551535,-1.4876826806995271,36.38860463138454,17.96610467484047,0.29463605870620607,0.0,5.0,0.0,1.021580849150844e-8,0.0,0.0,0.0,0.0
1760.0,126801.11800974794,10.727597803670802,-141.24545448199115,7881.729784748828,7596.063782634171,-1.4833421282448238,36.4342049589321,18.18196713894449,0.3241277813910037,0.0,5.0,0.0,1.123489574420048e-8,0.0,0.0,0.0,0.0
1765.0,125856.43833298143,10.998301311280867,-141.04309510653175,7882.884211974689,7597.231732587394,-1.478947292803483,36.481019407718435,18.404794141445393,0.3564418570843961,0.0,5.0,0.0,1.2351165646198296e-8,0.0,0.0,0.0,0.0
1770.0,124915.4058014676,11.268916131123143,-140.840263177564,7884.034986655907,7598.395319430025,-1.474498282681719,36.5290529265642,18.63496701466162,0.3918337077582498,0.0,5.0,0.0,1.3573380381743668e-8,0.0,0.0,0.0,0.0
1775.0,123978.0528658973,11.53943731203385,-140.63694774877723,7885.182064959459,7599.554501992193,-1.469995208365736,36.578310575988425,18.872897264979084,0.43058027126000015,0.0,5.0,0.0,1.491103723491765e-8,0.0,0.0,0.0,0.0
1780.0,123044.41178074945,11.80985986462821,-140.43313780825338,7886.325403181342,7600.7092393206585,-1.4654381825260416,36.628797528921844,19.119029723905093,0.47298164618546695,0.0,5.0,0.0,1.6374424526856033e-8,0.0,0.0,0.0,0.0
1785.0,122114.51460306626,12.080178760511538,-140.2288222771877,7887.464957748777,7601.859490680497,-1.4608273200217243,36.680519071428606,19.373846111460068,0.5193628456422211,0.0,5.0,0.0,1.797468123440502e-8,0.0,0.0,0.0,0.0
1790.0,121188.39319124632,12.350388931481382,-140.02399000860896,7888.600685222368,7603.00521555676,-1.4561627379046824,36.73348060343571,19.637869077279216,0.5700756654729486,0.0,5.0,0.0,1.9723860476761775e-8,0.0,0.0,0.0,0.0
1795.0,120266.07920385897,12.620485268720488,-139.81862978609738,7889.732542298295,7604.146373656124,-1.4514445554236908,36.78768763946982,19.911666797055805,0.6255006726341966,0.0,5.0,0.0,2.1634997060703626e-8,0.0,0.0,0.0,0.0
1796.4463500976562,119999.99588417541,12.698594082686279,-139.7591251767514,7890.058859249145,7604.475251281617,-1.45006966952679,36.80360116168632,19.992776851642667,0.6424699570563533,0.0005045144382583495,4.99992909372773,-0.00045964474775689844,2.222001348523027e-8,0.8508923500004963,0.0,0.06329932312625682,648.2029291078437
1796.9963500976557,119898.89754303824,12.728293683915675,-139.73648561159823,7890.1802631246355,7604.597610759532,-1.4495451279151788,36.809680060262394,20.026871751858632,0.652140231592777,0.000512113114123042,4.998212637334047,-0.0038829184292859067,2.2553736984520844e-8,0.8572997155086263,0.0,0.5330500742268073,649.4197681913736
1797.4963500976553,119807.03046638332,12.755292041222397,-139.71589848676064,7890.290553240938,7604.708762299843,-1.449067727358964,36.81521949064121,20.058003196509446,0.6610536769405424,0.0005191103795293242,4.995006683403626,-0.007038096324200675,2.2861332904007254e-8,0.8631638452315107,0.0,0.9631644019191478,650.5274764749533
1797.9963500976548,119715.20199868269,12.782289173827406,-139.69530591984227,7890.4007694820475,7604.819833010261,-1.448589808724441,36.82077145924865,20.089265180904047,0.6700851217861223,0.0005261990974065485,4.990212462426897,-0.010233828966204955,2.3172992001005454e-8,0.8690655848766131,0.0,1.3962201877724176,651.6366051400776
1798.4963500976544,119623.41217049025,12.809285076413918,-139.67470789958,7890.510911354971,7604.930822400591,-1.4481113725437722,36.826335971805015,20.120658622950252,0.6792360711851354,0.000533380389983448,4.983809829619224,-0.013469579967816666,2.3488765988547454e-8,0.8750051553575062,0.0,1.8322362919287483,652.7471546115422
1798.996350097654,119531.66101231892,12.836279743659308,-139.65410441470482,7890.620978361197,7605.0417299751225,-1.4476324193620387,36.83191303404175,20.152184449685794,0.6885080485626709,0.0005406553934559531,4.975778920774185,-0.01674476319329717,2.3808707209559588e-8,0.8809827787269422,0.0,2.2712316852716823,653.8591253098979
1799.4963500976535,119439.94855463412,12.863273170235066,-139.63349545394186,7890.7309699966345,7605.15255523257,-1.447152949737585,36.837502651701485,20.18384359739789,0.6979025959265104,0.0005480252582709287,4.966100177532561,-0.020058741177660464,2.413286864416276e-8,0.886998678181934,0.0,2.7132254499969366,654.9725176515113
1799.996350097653,119348.27482786309,12.890265350806793,-139.61288100601016,7890.840885751527,7605.263297665993,-1.4466729642423555,36.843104830538124,20.215637011739283,0.7074212740810517,0.0005554911494186248,4.954754373445953,-0.02341082352944846,2.4461303916996228e-8,0.8930530780678193,0.0,3.1582367801856814,656.0873320484358
1800.4963500976526,119256.63986238558,12.917256280034144,-139.59226105962307,7890.950725110396,7605.373956762732,-1.4461924634621683,36.848719576316604,20.24756564785255,0.71706566284545,0.000563054246736758,4.941722640842755,-0.026800265318727385,2.479406730468637e-8,0.8991462038835459,0.0,3.6062849823799623,657.2035689085069
1800.996350097652,119165.04368852824,12.94424595257083,-139.57163560348772,7891.060487551966,7605.484532004332,-1.4457114479970836,36.85434689481319,20.2796304704951,0.7268373612737813,0.0005707157452246514,4.92698649850352,-0.030226265451890756,2.5131213743384563e-8,0.9052782822867402,0.0,4.057389476160723,658.3212286353931
1801.4963500976517,119073.48633658141,12.971234363064566,-139.55100462630563,7891.170172549086,7605.595022866474,-1.4452299184617414,36.85998679181524,20.311832454158385,0.7367379878751996,0.0005784768553659598,4.910527880151853,-0.0336879650349673,2.5472798836304088e-8,0.9114495410972966,0.0,4.5115697947281195,659.4403116283758
1801.9963500976512,118981.96783677489,12.99822150615707,-139.53036811677217,7891.279779568655,7605.705428818892,-1.4447478754856864,36.86563927312133,20.344172583203306,0.7467691808408513,0.0005863388034653878,4.892329163766162,-0.0371844457272663,2.581887886148982e-8,0.917660209303706,0.0,4.968845585484196,660.5608182826255
1802.4963500976507,118890.48821930494,13.025207376483985,-139.509726063577,7891.389308071551,7605.815749325301,-1.4442653197137263,36.87130434454124,20.376651851979872,0.7569325982677053,0.0005943028319917528,4.872373201716593,-0.04071472808732568,2.6169510779480466e-8,0.9239105170659654,0.0,5.429236610617925,661.6827489888567
1802.9963500976503,118799.04751430266,13.052191968674917,-139.48907845540379,7891.498757512548,7605.925983843323,-1.4437822518062218,36.87698201189592,20.409271264969394,0.7672299183912206,0.0006023701999367932,4.850643351730476,-0.04427776991326898,2.652475224127554e-8,0.9302006957224516,0.0,5.89276274769266,662.8061041336963
1803.4963500976498,118707.64575185627,13.07917527735335,-139.46842528093023,7891.60812734023,7606.036131824393,-1.4432986724395414,36.88267228101753,20.442031836909898,0.7776628398145705,0.0006105421831800953,4.8271235086885325,-0.04787246457982301,2.688466159618251e-8,0.9365309777931538,0.0,6.359443990236184,663.9308840993932
1803.9963500976494,118616.28296200186,13.106157297136626,-139.44776652882837,7891.717416996924,7606.146192713692,-1.4428145823062402,36.888375157749365,20.474934592934822,0.7882330817438353,0.0006188200748675079,4.80179813725292,-0.05149763937438676,2.7249297899869427e-8,0.9429015969850579,0.0,6.829300448332756,665.0570892639151
1804.496350097649,118524.95917472057,13.133138022635938,-139.42710218776415,7891.826625918605,7606.256165950056,-1.4423299821155493,36.89409064794599,20.507980568711606,0.7989423842250275,0.0006272051857997389,4.774652305326926,-0.055152053834719036,2.7618720922480082e-8,0.9493127881971127,0.0,7.302352349217952,666.1847200009654
1804.9963500976485,118433.67441993766,13.160117448456294,-139.40643224639774,7891.935753534808,7606.36605096589,-1.4418448725936959,36.899818757473106,20.54117081058187,0.8097925083834585,0.0006356988448314372,4.745671718344879,-0.05883439809095333,2.7992991156829373e-8,0.9557647875250701,0.0,7.77862003787585,667.3137766799763
1805.496350097648,118342.42872752622,13.187095569196465,-139.38575669338348,7892.044799268557,7606.475847187087,-1.4413592544841198,36.90555949220759,20.574506375702278,0.8207852366651209,0.0006443023992803613,4.714842754389359,-0.06254329121482223,2.8372169826667405e-8,0.9622578322660175,0.0,8.258123977638489,668.4442596660467
1805.9963500976476,118251.22212730255,13.214072379448965,-139.36507551736977,7892.153762536255,7606.585554032931,-1.4408731285480136,36.911312858037576,20.60798833219059,0.8319223730816485,0.0006530172153476771,4.682152500131355,-0.06627727957914986,2.875631889506657e-8,0.9687921609234973,0.0,8.740884750787904,669.5761693199807
1806.496350097647,118160.05464902148,13.241047873800035,-139.34438870699927,7892.262642747609,7606.695170916009,-1.4403864955644896,36.91707886086235,20.641617759274293,0.8432057434579407,0.000661844678548426,4.647588787587454,-0.0700348352308415,2.914550107289986e-8,0.9753680132126538,0.0,9.226923059160528,670.7095059983284
1806.9963500976467,118068.92632238753,13.26802204682959,-139.32369625090865,7892.371439305531,7606.804697242122,-1.4398993563310405,36.92285750659237,20.67539574743572,0.8546371956804802,0.0006707861941503348,4.611140231686435,-0.07381435428078843,2.9539779827342278e-8,0.981985630064251,0.0,9.71625972475416,671.8442700532286
1807.4963500976462,117977.83717703912,13.294994893111191,-139.30299813772893,7892.480151606042,7606.914132410186,-1.4394117116637812,36.928648801149286,20.70932339856962,0.8662185999516575,0.0006798431876247833,4.572796268635944,-0.0776141553142869,2.993921939057913e-8,0.9886452536306389,0.0,10.20891569033714,672.9804618325885
1807.9963500976457,117886.7872425532,13.321966407212022,-139.28229435608517,7892.588779038181,7607.023475812136,-1.438923562397879,36.93445275046599,20.743401826135706,0.8779518490442926,0.0006890171051049728,4.532547195078029,-0.08143247782577585,3.034388476852031e-8,0.9953471272902641,0.0,10.704912020060226,674.1180816800068
1808.4963500976453,117795.77654845081,13.34893658369286,-139.26158489459667,7892.697320983896,7607.132726832825,-1.4384349093877775,36.94026936048648,20.777632155313384,0.8898388585587168,0.0006983094138526762,4.4903842080204095,-0.08526748068188679,3.0753841749602246e-8,1.0020914956521088,0.0,11.204269900070924,675.2571299346866
1808.9963500976448,117704.80512418319,13.37590541710802,-139.24086974187696,7892.805776817953,7607.24188484993,-1.437945753507644,36.946098637165996,20.81201552316642,0.901881567185138,0.0007077216027351782,4.446299445528253,-0.08911724061700517,3.116915691377157e-8,1.0088786045615799,0.0,11.707010639130107,676.3976069315916
1809.4963500976444,117613.87299914006,13.402872902005345,-139.2201488865337,7892.9141459078255,7607.350949233838,-1.4374560956515434,36.95194058647095,20.846553078801904,0.9140819369659193,0.0007172551827075822,4.400286028159126,-0.09297975076576032,3.158989764146514e-8,1.0157087011047616,0.0,12.213155669231256,677.5395130013222
1809.996350097644,117522.98020264506,13.429839032926163,-139.19942231716882,7893.0224276135905,7607.459919347544,-1.4369659367338528,36.957795214378955,20.881245983536832,0.9264419535623518,0.0007269116873034078,4.352338101121513,-0.09685291923706776,3.201613212274446e-8,1.022582033613647,0.0,12.72272654622223,678.6828484701568
1810.4963500976435,117432.12676395383,13.45680380440526,-139.17869002237848,7893.130621287824,7607.568794546553,-1.4364752776895384,36.96366252687878,20.916095411066465,0.9389636265239218,0.000736692673131153,4.302450877134895,-0.10073456773456824,3.244792936651543e-8,1.0294988516711705,0.0,13.235744950429387,679.827613660056
1810.996350097643,117341.3127122568,13.483767210970809,-139.15795199075302,7893.238726275492,7607.677574178756,-1.4359841194744716,36.9695425299704,20.951102547633667,0.9516489895597993,0.0007465997203757782,4.2506206799669695,-0.1046224302285367,3.2885359209824274e-8,1.036459406115897,0.0,13.7522326872843,680.9738088886089
1811.4963500976426,117250.53807666805,13.51072924714441,-139.13720821087708,7893.346741913828,7607.786257584326,-1.4354924630656858,36.97543522966496,20.986268592206542,0.9645001008151738,0.0007566344333062563,4.196844988620926,-0.10851415168455794,3.332849232731996e-8,1.0434639490477902,0.0,14.27221168795287,682.1214344691555
1811.996350097642,117159.80288624205,13.537689907440958,-139.11645867132958,7893.454667532233,7607.894844095602,-1.4350003094616754,36.981340631984814,21.021594756648298,0.9775190431465993,0.0007667984407836148,4.141122482143045,-0.11240728685450412,3.37774002406817e-8,1.0505127338318505,0.0,14.79570400996707,683.2704907105565
1812.4963500976417,117069.1071699448,13.564649186368717,-139.09570336068367,7893.562502452142,7608.003333036966,-1.4345076596826476,36.98725874296344,21.057082265907635,0.9907079244067585,0.0007770933967765437,4.083453085018017,-0.11629929913558228,3.423215532837116e-8,1.057606015105273,0.0,15.322731837859243,684.4209779175385
1812.9963500976412,116978.45095668454,13.591607078429174,-139.0749422675068,7893.670245986926,7608.111723724738,-1.4340145147708052,36.993189568645526,21.09273235818931,1.0040688777237117,0.0007875209808716866,4.023838013116468,-0.12018755950345743,3.469283083519314e-8,1.0647440487800222,0.0,15.853317483798769,685.5728963902885
1813.4963500976407,116887.83427528385,13.618563578117083,-139.0541753803607,7893.777897441743,7608.220015467034,-1.4335208757905675,36.99913311508697,21.128546285150374,1.0176040617915834,0.000798082898790639,3.962279820156088,-0.12406934552570975,3.515950088225095e-8,1.071927092049946,0.0,16.38748338823133,686.7262464247858
1813.9963500976403,116797.25715449173,13.645518679920398,-139.03340268780144,7893.885456113445,7608.328207563663,-1.4330267438288176,37.00508938835479,21.164525312084283,1.0313156611585321,0.0008087808829011935,3.8987824446345893,-0.12794184046212226,3.5632240476806785e-8,1.0791554033948134,0.0,16.92525212052073,687.8810283126322
1814.4963500976398,116706.7196229836,13.672472378320222,-139.01262417837935,7893.992921290427,7608.436299305986,-1.4325321199950811,37.01105839452719,21.200670718112764,1.0452058865194884,0.0008196166927272492,3.833351257189401,-0.13180213245854927,3.6111125522306464e-8,1.086429242585274,0.0,17.466646379593236,689.0372423410312
1814.9963500976394,116616.22170934733,13.699424667790797,-138.9918398406392,7894.1002922525095,7608.544289976796,-1.4320370054217895,37.01704013969358,21.236983796386667,1.0592769750141768,0.0008305921154562305,3.765993108335549,-0.13564721384136294,3.6596232828585556e-8,1.0937488706889635,0.0,18.011688994584397,690.194888792947
1815.496350097639,116525.76344209723,13.726375542799445,-138.97104966311997,7894.207568270808,7608.6521788501805,-1.4315414012643974,37.023034629954466,21.27346585427909,1.0735311905239995,0.0008417089664373415,3.696716376529671,-0.13947398051973278,3.708764012203577e-8,1.101114550074383,0.0,18.56040292548858,691.3539679469075
1815.9963500976385,116435.34484966192,13.753324997806557,-138.95025363435514,7894.314748607597,7608.759965191395,-1.4310453087015689,37.029041871421605,21.31011821359241,1.0879708239760861,0.0008529690896754125,3.625531016504327,-0.14327923150323935,3.758542605601792e-8,1.108526544416878,0.0,19.112811263811015,692.5144800771388
1816.496350097638,116344.96596038621,13.780273027265514,-138.92945174287246,7894.421832516173,7608.867648256721,-1.4305487289353498,37.03506187021785,21.346942210763174,1.102598193648401,0.0008643743583137176,3.552448607813065,-0.14705966854257896,3.808967022131079e-8,1.1159851187035046,0.0,19.6689372332222,693.6764254535227
1816.9963500976376,116254.62680252828,13.807219625622668,-138.9086439771942,7894.528819240724,7608.975227293335,-1.4300516631912397,37.04109463247724,21.383939197072632,1.1174156454788173,0.000875926675106102,3.477482403522662,-0.15081189590137473,3.860045315669618e-8,1.123490539238296,0.0,20.22880419021521,694.8398043416125
1817.496350097637,116164.32740426622,13.834164787317311,-138.88783032583692,7894.635708016186,7609.082701539164,-1.4295541127183289,37.047140164344974,21.421110538857018,1.1324255533759033,0.0008876279728746311,3.4006473789849476,-0.15453242026734798,3.911785635960254e-8,1.1310430736467503,0.0,20.792435624765353,696.0046170025302
1817.9963500976367,116074.06779368222,13.86110850678163,-138.86701077731163,7894.742498068098,7609.1900702227495,-1.4290560787893483,37.05319847197741,21.458457617730804,1.1476303195366946,0.0008994802149547718,3.3219602806164077,-0.15821765081136457,3.964196229698896e-8,1.1386429908821947,0.0,21.35985516099239,697.1708636931495
1818.4963500976362,115983.84799877368,13.888050778440643,-138.84618532012385,7894.849188612463,7609.297332563091,-1.4285575627007157,37.059269561542045,21.49598183080274,1.1630323747633424,0.000911485395619549,3.241439674609458,-0.16186389940311263,4.017285441618987e-8,1.1462905612299126,0.0,21.93108655782548,698.3385446659328
1818.9963500976357,115893.6680474449,13.91499159671219,-138.82535394277346,7894.955778855602,7609.404487769522,-1.4280585657725968,37.065353439217525,21.533684590903878,1.178634178786362,0.0009236455404864429,3.1591059954948126,-0.1654673809924096,4.071061715598667e-8,1.1539860563129194,0.0,22.506153709670713,699.5076601690197
1819.4963500976353,115803.52796750888,13.941930956006868,-138.80451663375496,7895.0622679940025,7609.511535041536,-1.4275590893488344,37.07145011119362,21.571567326815295,1.194438220589549,0.0009359627069008013,3.07498159446986,-0.16902421416537294,4.1255335957736705e-8,1.1617297490968728,0.0,23.08508064708107,700.6782104461819
1819.9963500976348,115713.4277866818,13.968868850728013,-138.78367338155715,7895.1686552141755,7609.618473568661,-1.4270591347969863,37.07755958367131,21.609631483503136,1.2104470187396246,0.0009484389842957266,2.9890907874032226,-0.17253042188492532,4.1807097276664366e-8,1.1695219138956505,0.0,23.667891537429263,701.8501957368771
1820.4963500976344,115623.36753258668,13.995805275271616,-138.76282417466354,7895.274939692497,7609.725302530293,-1.4265587035081748,37.08368186286264,21.6478785223539,1.2266631217176962,0.0009610764945236657,2.9014599024209433,-0.17598193242532129,4.236598859321461e-8,1.1773628263761247,0.0,24.25461068558286,703.02361627618
1820.996350097634,115533.34723274969,14.022740224026332,-138.74196900155206,7895.381120595068,7609.832021095552,-1.4260577968970567,37.08981695499077,21.686309921417042,1.2430891082555149,0.0009738773921594784,2.812117326974807,-0.17937458051060762,4.293209842457125e-8,1.1852527635635897,0.0,24.845262534582297,704.1984722948104
1821.4963500976335,115443.366914602,14.04967369137338,-138.72110785069518,7895.487197077543,7609.938628423123,-1.4255564164016215,37.095964866290096,21.72492717564972,1.2597275876742486,0.000986843864770607,2.7210935542883137,-0.18270410866712805,4.3505516336261536e-8,1.1931920038467172,0.0,25.43987166632138,705.3747640190894
1821.996350097633,115353.42660546768,14.076605671686545,-138.70024071056,7895.593168284991,7610.045123661102,-1.4250545634830534,37.102125603006044,21.76373179717182,1.2765812002293973,0.0009999781331545558,2.6284212290707014,-0.18596616880038097,4.408633295397218e-8,1.2011808269837407,0.0,26.038462802230377,706.5524916710764
1822.4963500976326,115263.52633257397,14.103536159332114,-138.67936756960816,7895.699033351732,7610.151505946845,-1.4245522396255332,37.1082991713952,21.80272531551613,1.2936526174552039,0.001013282451535818,2.5341351923842352,-0.189156324006724,4.467463997534719e-8,1.2092195141067095,0.0,26.641060803961818,707.7316554684164
1822.996350097632,115173.66612304002,14.130465148668826,-138.65848841629602,7895.8047914011795,7610.2577744067985,-1.4240494463359241,37.11448557772523,21.841909277892256,1.3109445425166535,0.0010267591077259318,2.438272525544669,-0.1922700506305851,4.5270530182047376e-8,1.2173083477276154,0.0,27.247690674079063,708.9122556244644
1823.4963500976316,115083.84600389283,14.15739263404783,-138.63760323907442,7895.91044154569,7610.363928156365,-1.423546185143509,37.12068482827499,21.88128524944369,1.328459710560008,0.0010404104232369224,2.3408725929294416,-0.19530274057799082,4.587409745175821e-8,1.2254476117421498,0.0,27.858377556747197,710.0942923480609
1823.9963500976312,114994.0660020439,14.184318609812637,-138.616712026389,7896.015982886391,7610.469966299711,-1.4230424575996639,37.12689692933433,21.92085481352659,1.3462008890745236,0.0010542387533553994,2.241977083562694,-0.19824970389736293,4.648543677058383e-8,1.2336375914369375,0.0,28.47314673842676,711.2777658438131
1824.4963500976307,114904.32614429854,14.211243070299084,-138.59581476667995,7896.121414513032,7610.5758879296345,-1.4225382652773921,37.133121887204275,21.96061957197951,1.3641708782517037,0.0010682464871640395,2.141630051340735,-0.20110617163864872,4.7104644245354716e-8,1.241878573493903,0.0,29.092023648570066,712.4626763119552
1824.9963500976303,114814.62645735499,14.23816600983527,-138.57491144838227,7896.226735503826,7610.681692127398,-1.4220336097709891,37.13935970819693,22.00058114540261,1.3823725113502392,0.001082436047514301,2.039877953755973,-0.20386729900194692,4.773181711613148e-8,1.2501708459955396,0.0,29.71503386032037,713.6490239483405
1825.4963500976298,114724.96696780529,14.265087422741514,-138.5540020599256,7896.331944925289,7610.787377962568,-1.4215284926955039,37.145610398635505,22.040741173441194,1.4008086550643681,0.0010968098909461602,1.9367696889717845,-0.20652816878685618,4.8367053768825984e-8,1.2585146984300184,0.0,30.342203091213253,714.8368089444091
1825.9963500976294,114635.34770212974,14.292007303330312,-138.53308658973438,7896.437041832077,7610.892944492855,-1.4210229156861536,37.15187396485425,22.0811013150774,1.4194822098974018,0.0011113705075538845,1.8323566310951125,-0.20908379515383455,4.901045374800045e-8,1.2669104216969047,0.0,30.97355720388122,716.0260314872403
1826.496350097629,114545.76868669502,14.318925645906273,-138.51216502622782,7896.542025266835,7610.998390763963,-1.4205168803978157,37.15815041319852,22.121663248925785,1.4383961105384229,0.0011261204207940769,1.7266926634879887,-0.21152912770886023,4.966211776977521e-8,1.2753583081125601,0.0,31.609122206760343,717.2166917595591
1826.9963500976285,114456.22994775511,14.345842444766076,-138.4912373578199,7896.646894260031,7611.103715809417,-1.4200103885043105,37.164439750024755,22.162428673533103,1.457553326242299,0.0011410621872340388,1.6198342099534788,-0.21385905592269153,5.032214773485069e-8,1.2838586514152812,0.0,32.248924254800315,718.4087899397031
1827.496350097628,114366.73151145037,14.372757694198441,-138.47030357291948,7896.75164782981,7611.208918650423,-1.4195034416977292,37.17074198170041,22.20339930768461,1.476956861214037,0.0011561983962393896,1.5118402636259545,-0.21606841389596323,5.0990646741678363e-8,1.2924117467706304,0.0,32.89298965017643,719.6023262016157
1827.9963500976276,114277.27340380754,14.399671388484029,-138.4493636599302,7896.856284981826,7611.3139982956955,-1.4189960416876224,37.17705711460407,22.244576890715727,1.4966097549969046,0.001171531669598816,1.402772413389961,-0.2181519854812979,5.1667719099761624e-8,1.3010178907766767,0.0,33.541344843004744,720.7973007148261
1828.496350097627,114187.8556507323,14.426583521895449,-138.42841760725062,7896.9608047091015,7611.418953741324,-1.4184881902002253,37.183385155125315,22.285963182833047,1.5165150828662457,0.001187064661086048,1.2926948676464165,-0.22010450977348145,5.235347034315216e-8,1.3096773814699745,0.0,34.19401643205969,721.9937136445296
1828.9963500976266,114098.47827801853,14.453494088697171,-138.4074654032742,7897.065205991866,7611.523783970603,-1.4179798889774984,37.189726109664804,22.32755996543367,1.5366759562236638,0.001202800055953736,1.1816744752393586,-0.22192068697860903,5.304800724395904e-8,1.3183905183299363,0.0,34.85103116549445,723.1915651514443
1829.4963500976262,114009.1413113419,14.480403083145456,-138.38650703638925,7897.16948779741,7611.628487953888,-1.4174711397762099,37.1960799846342,22.369369041438013,1.5570955229987682,0.0012187405703640171,1.0697807433510833,-0.22359518467290315,5.375143782611808e-8,1.327157602284728,0.0,35.51241594156395,724.3908553918778
1829.9963500976257,113919.84477625694,14.507310499488346,-138.36554249497917,7897.273649079936,7611.7330646484525,-1.4169619443668693,37.20244678645619,22.411392235627236,1.577776968054303,0.0012348889507519973,0.957085852168198,-0.22512264446166896,5.446387137927745e-8,1.335978935716838,0.0,36.17819780935057,725.5915845177474
1830.4963500976253,113830.58869819622,14.53421633196559,-138.34457176742225,7897.377688780421,7611.837512998336,-1.4164523045327158,37.20882652156458,22.453631394986342,1.5987235135950462,0.00125124797312232,0.8436646661159707,-0.22649768904855858,5.518541847281312e-8,1.3448548224684693,0.0,36.84840396949257,726.7937526765722
1830.9963500976248,113741.37310247868,14.5611205748086,-138.32359484209186,7897.481605826459,7611.941831934206,-1.4159422220684308,37.215219196404036,22.496088389049422,1.619938419578715,0.0012678204422777247,0.7295947414533417,-0.22771492972497487,5.59161909699129e-8,1.3537855678460147,0.0,37.52306177491518,727.9973600113434
1831.4963500976244,113652.19801429939,14.588023222240356,-138.30261170735633,7897.585399132136,7612.0460203732155,-1.415431698778988,37.22162481743038,22.538765110260446,1.6414249841354653,0.0012846091909854763,0.6149563300161506,-0.2287689742890475,5.66563020419568e-8,1.3627714786263818,0.0,38.20219873156422,729.202406660643
1831.996350097624,113563.06345872954,14.614924268475413,-138.28162235157913,7897.689067597891,7612.150077218871,-1.4149207364782692,37.22804339111035,22.58166347433622,1.663186543989362,0.0013016170790777011,0.4998323788915284,-0.22965443540316074,5.740586618296485e-8,1.3718128630623272,0.0,38.88584249914267,730.4088927586251
1832.4963500976235,113473.96946071927,14.641823707719801,-138.26062676311886,7897.79261011038,7612.254001360899,-1.4144093369877309,37.23447492392165,22.624785420635042,1.6852264748834809,0.0013188469924886592,0.3843085258020375,-0.23036593939849692,5.8164999224169845e-8,1.3809100308875126,0.0,39.5740208918499,731.6168184349622
1832.996350097623,113384.9160450995,14.668721534170995,-138.23962493032914,7897.896025542355,7612.357791675118,-1.4138975021348859,37.24091942235305,22.66813291253302,1.707548192009563,0.001336301842231968,0.2684730899740523,-0.23089813553447608,5.8933818348746836e-8,1.3900632933216555,0.0,40.26676187912343,732.8261838148009
1833.4963500976226,113295.90323657822,14.695617742017827,-138.21861684155886,7897.999312752531,7612.461447023309,-1.4133852337517874,37.24737689290424,22.71170793781047,1.7301551504434596,0.001353984563321637,0.15241705826109725,-0.23124570572032832,5.971244210674211e-8,1.3992729630762486,0.0,40.96409358638335,734.036989018795
1833.996350097622,113206.93105973862,14.722512325440471,-138.1976024851521,7898.10247058548,7612.5649662531105,-1.4128725336733796,37.25384734208588,22.755512509045094,1.7530508455846352,0.0013718981136390787,0.03623406628941154,-0.23140337470531408,6.050099043014151e-8,1.4085393543601268,0.0,41.66604429577959,735.2492341631149
1834.4963500976216,113117.99953904375,14.749405278610356,-138.17658184944807,7898.205497871507,7612.668348197891,-1.4123594037358136,37.26033077641958,22.799548664009645,1.7762388135984786,0.0013900454727492934,-0.07997962561004755,-0.2313659207433123,6.129958464803566e-8,1.4178627828843458,0.0,42.37264244694184,736.4629193593662
1834.9963500976212,113029.10869883373,14.776296595690107,-138.15555492278133,7898.308393426544,7612.771591676647,-1.4118458457746628,37.2668272024379,22.84381846608123,1.7997226318650428,0.0014084296406739667,-0.1961251619215987,-0.23112818673662622,6.210834750200638e-8,1.4272435658678506,0.0,43.083916637732095,737.6780447146126
1835.4963500976207,112940.2585633276,14.803186270833516,-138.13452169348176,7898.411156052042,7612.874695493889,-1.411331861623004,37.27333662668436,22.888324004656376,1.8235059194311576,0.0014270536366246804,-0.3121011271574517,-0.23068509186289868,6.292740316162946e-8,1.4366820220426588,0.0,43.79989562499983,738.8946103313325
1835.9963500976203,112851.44915661775,14.830074298185458,-138.11348214987447,7898.513784534881,7612.977658439553,-1.4108174531095068,37.279859055713366,22.933067395578206,1.8475923374691685,0.0014459204977051757,-0.4278035870052586,-0.23003164368799356,6.375687724020521e-8,1.446178471659849,0.0,44.52060832534003,740.1126163074814
1836.4963500976198,112762.68050268758,14.856960671881827,-138.09243628028,7898.616277647261,7613.080479288898,-1.4103026220563764,37.286394496090274,22.978050781560395,1.8719855897340136,0.001465033277583327,-0.5431261356540632,-0.229162950766566,6.459689681043192e-8,1.4557332364930722,0.0,45.24608381585376,741.3320627362331
1836.9963500976194,112673.95262538455,14.883845386049515,-138.0713840730142,7898.71863414663,7613.18315680242,-1.4097873702772417,37.2929429543913,23.023276332642286,1.8966894230371427,0.0014843950451552893,-0.6579599495426744,-0.22807423573082738,6.544759042065968e-8,1.4653466398468353,0.0,45.97635133491138,742.5529497063338
1837.496350097619,112585.26554844342,14.910728434806328,-138.0503255163885,7898.8208527755905,7613.285689725772,-1.409271699574966,37.29950443720358,23.068746246627683,1.9217076277115128,0.0015040088831904325,-0.7721938477744108,-0.22676084886669057,6.630908811083629e-8,1.475019006559432,0.0,46.71144028291861,743.7752773017695
1837.9963500976185,112496.61929548346,14.937609812260902,-138.02926059870964,7898.92293226182,7613.388076789676,-1.40875561173932,37.30607895112518,23.11446274954578,1.9470440380883614,0.001523877886982896,-0.8857143594414142,-0.22521828217506704,6.718152142885914e-8,1.4847506630086376,0.0,47.45138022308499,744.999045601788
1838.496350097618,112408.01389000285,14.964489512512689,-138.0081893082799,7899.02487131801,7613.490316709867,-1.4082391085446546,37.31266650276495,23.16042809612292,1.9727025329796872,0.0015440051630154958,-0.9984057981002333,-0.22344218391456724,6.806502344712366e-8,1.4945419371177406,0.0,48.19620088219523,746.2242546809623
1838.9963500976176,112319.44935538433,14.991367529651882,-137.98711163339715,7899.126668641787,7613.592408187005,-1.4077221917474172,37.31926709874264,23.20664457025825,1.9986870361624367,0.0015643938276441631,-1.1101503436381053,-0.22142837362023107,6.89597287791307e-8,1.504393158360348,0.0,48.945932151382955,747.4509046090978
1839.496350097617,112230.92571489234,15.018243857759343,-137.96602756235475,7899.228322915658,7613.694349906631,-1.4072048630836849,37.3258807456889,23.25311448551342,2.025001516870008,0.001585047005819485,-1.220828131766247,-0.21917285759118232,6.986577359634568e-8,1.5143046577661334,0.0,49.700604086907425,748.6789954512583
1839.9963500976166,112142.44299168326,15.045118490906553,-137.9449370834417,7899.329832806952,7613.796140539097,-1.4066871242664285,37.33250745024515,23.299840185605586,2.0516499902848304,0.001605967829853447,-1.3303173513724598,-0.21667184483825686,7.078329564509503e-8,1.5242767679251212,0.0,50.460246910932575,749.9085272676098
1840.4963500976162,112054.00120879896,15.071991423155554,-137.92384018494252,7899.431196967764,7613.897778739521,-1.4061689769829828,37.33914721906369,23.346824044919302,2.078636518040863,0.0016271594382521136,-1.4384943499603848,-0.21392176348069294,7.171243426380453e-8,1.5343098229938394,0.0,51.22489101230874,751.1395001134968
1840.9963500976157,111965.60038917046,15.098862648558896,-137.90273685513765,7899.532414034915,7613.99926314774,-1.4056504228921742,37.34580005880757,23.394068469023708,2.1059652087281315,0.0016486249746226625,-1.545233747396786,-0.21091927757889603,7.265333040030763e-8,1.5444041587003408,0.0,51.99456694735724,752.3719140393773
1841.4963500976153,111877.24055562075,15.125732161159544,-137.88162708230303,7899.6334826299035,7614.100592388257,-1.4051314636215477,37.352465976150675,23.44157589520083,2.133640218402558,0.0016703675866726487,-1.65040855818119,-0.20766130438809818,7.360612662933661e-8,1.5545601123493142,0.0,52.76930544065733,753.6057690907702
1841.9963500976148,111788.92173087224,15.15259995499086,-137.86051085471044,7899.7344013588645,7614.201765070209,-1.4046121007644308,37.3591449777777,23.489348792982504,2.1616657510994033,0.0016923904253162026,-1.7538903224440496,-0.2041450320154146,7.4570967170138e-8,1.5647780228266632,0.0,53.54913738583567,754.841065308138
1842.4963500976144,111700.6439375421,15.179466024076513,-137.83938816062735,7899.835168812538,7614.302779787334,-1.4040923358769817,37.365837070384096,23.537389664704946,2.19004605935563,0.0017146966439079696,-1.8555492458702527,-0.20036793746035625,7.554799790439553e-8,1.5750582306054588,0.0,54.33409384635858,756.0778027269382
1842.996350097614,111612.40719814599,15.206330362430437,-137.81825898831715,7899.935783566231,7614.403635117919,-1.4035721704751747,37.37254226067606,23.585701046070465,2.218785444734856,0.0017372893976170443,-1.955254348734182,-0.19632780501630434,7.653736639424304e-8,1.5854010777509286,0.0,55.12420605632668,757.3159813775567
1843.4963500976135,111524.2115350999,15.233192964056764,-137.797123326039,7900.036244179785,7614.504329624786,-1.4030516060316969,37.379260555370614,23.634285506722083,2.2478882583581496,0.0017601718429611343,-2.0528736242206143,-0.19202274500775587,7.753922190047813e-8,1.595806907925674,0.0,55.91950542127222,758.5556012852687
1843.996350097613,111436.05697073229,15.26005382294975,-137.77598116204805,7900.136549197546,7614.604861855251,-1.4025306439728018,37.385991961195415,23.683145650824578,2.2773589014366467,0.0017833471375158577,-2.1482742061924713,-0.18745121283534397,7.85537154008392e-8,1.606276066393652,0.0,56.720023518959024,759.7966624700553
1844.4963500976125,111347.94352727756,15.286912933093738,-137.75483248459525,7900.236697148338,7614.705230341096,-1.40200928567517,37.39273648488889,23.732284117668126,2.30720182581557,0.0018068184398250082,-2.2413225465516877,-0.18261202829769868,7.958099960867588e-8,1.6168089000263293,0.0,57.52579210018445,761.0391649466786
1844.996350097612,111259.87122688442,15.313770288463074,-137.7336772819276,7900.3366865454245,7614.805433598534,-1.4014875324626208,37.39949413320021,23.7817035822766,2.3374215345187093,0.0018305889095216845,-2.3318846023232402,-0.1775043951561461,8.062122899163525e-8,1.6274057573070853,0.0,58.336843089584505,762.2831087245507
1845.4963500976116,111171.84009161219,15.340625883022078,-137.71251554228817,7900.436515886475,7614.905470128177,-1.4009653856029067,37.406264912889164,23.83140675603553,2.3680225823023635,0.001854661707685794,-2.4198260325745977,-0.1721279209050719,8.167455979067506e-8,1.63806698833703,0.0,59.15320858644097,763.528493807769
1845.9963500976112,111083.85014345124,15.367479710724938,-137.6913472539159,7900.536183653541,7615.005338415003,-1.4004428463043743,37.4130488307263,23.88139638732001,2.3990095762063457,0.0018790399974465348,-2.505012405263431,-0.16648263670745622,8.274115003897541e-8,1.6487929448379124,0.0,59.974920865491114,764.7753201948128
1846.4963500976107,110995.90140431095,15.394331765515687,-137.6701724050459,7900.6356883130065,7615.105036928313,-1.3999199157126854,37.41984589349276,23.93167526215438,2.4303871761216533,0.0019037269448631904,-2.587309414085328,-0.16056901745167768,8.382115958142601e-8,1.6595839801588965,0.0,60.802012377739885,766.0235878786953
1846.9963500976103,110907.9938960271,15.421182041328134,-137.64899098390939,7900.735028315547,7615.20456412169,-1.399396594907512,37.426656107980385,23.982246204875214,2.4621600953569778,0.0019287257200877527,-2.666583105370429,-0.15438800188212837,8.491475009407353e-8,1.6704404492810074,0.0,61.63451575127449,767.2732968468417
1847.4963500976098,110820.1276403768,15.448030532085774,-137.6278029787338,7900.834202096078,7615.303918432941,-1.3988728848991534,37.43347948099163,24.033112078804244,2.494333101207915,0.001954039498829169,-2.742700115053262,-0.14794101275255472,8.602208510366293e-8,1.6813627088205902,0.0,62.47246379208133,768.5244470808591
1847.9963500976094,110732.30265907012,15.474877231701788,-137.60660837774265,7900.9332080737,7615.403098284048,-1.3983487866252413,37.44031601933957,24.084275786949387,2.5269110155401258,0.0019796714641438676,-2.8155279157135724,-0.14122997694726458,8.714333000766e-8,1.6923511170356218,0.0,63.31588948486521,769.7770385566346
1848.496350097609,110644.5189737631,15.501722134078914,-137.58540716915573,7901.032044651635,7615.502102081096,-1.3978243009474902,37.447165729847875,24.135740272708656,2.5598987153703807,0.0020056248085546786,-2.884935073657557,-0.13425734551149454,8.827865209420208e-8,1.7034060338293429,0.0,64.16482599387099,771.0310712441293
1848.9963500976085,110556.77660605684,15.528565233109438,-137.5641993411892,7901.130710217136,7615.600928214194,-1.397299428648353,37.454028619350794,24.18750852059761,2.5933011334583513,0.0020319027365215264,-2.9507915159785782,-0.12702611352828697,8.942822056241998e-8,1.7145278207555958,0.0,65.01930666370757,772.2865451073684
1849.496350097608,110469.07557751518,15.555406522675085,-137.54298488205538,7901.2292031414145,7615.699575057389,-1.3967741704278145,37.46090469469318,24.23958355698187,2.62712325889705,0.0020585084672660914,-3.012968807504095,-0.11953983977519152,9.059220654271398e-8,1.725716841021787,0.0,65.87936502017406,773.5434601041653
1849.9963500976075,110381.41590965725,15.582245996646996,-137.52176377996304,7901.327521779527,7615.798040968558,-1.3962485269001947,37.46779396273038,24.291968450840557,2.6613701377184693,0.0020854452379731477,-3.0713404375011892,-0.11180266609000637,9.177078311755535e-8,1.7369734594949586,0.0,66.74503477108809,774.8018161862005
1850.496350097607,110293.79762396682,15.609083648885656,-137.50053602311732,7901.425664470265,7615.8963242893,-1.3957224985910721,37.47469643032833,24.344666314536834,2.696046873498706,0.002112716307363845,-3.1257821159766292,-0.10381933637058868,9.296412534227082e-8,1.7482980427057366,0.0,67.61634980711626,776.0616132988616
1850.9963500976066,110206.22074190434,15.635919473240811,-137.47930159971975,7901.523629536012,7615.994423344784,-1.3951960859341332,37.481612104363414,24.397680304603707,2.7311586279676225,0.00214032495965,-3.176172079368869,-0.09559521512955513,9.417241026598515e-8,1.7596909588518308,0.0,68.49334420260723,777.3228513810386
1851.4963500976062,110118.68528490886,15.66275346355143,-137.4580604979684,7901.621415282596,7616.09233644361,-1.3946692892683354,37.488540991722566,24.45101362255364,2.7667106216283304,0.0021682745088758867,-3.222391405388735,-0.08713630552043361,9.539581695290353e-8,1.771152577802815,0.0,69.3760522164263,778.5855303650657
1851.9963500976057,110031.19127440453,15.689585613645626,-137.43681270605782,7901.719019999117,7616.190061877632,-1.3941421088350225,37.49548309930315,24.504669515703423,2.802708134380729,0.0021965683036423147,-3.2643243367227517,-0.07844926674751918,9.663452650373512e-8,1.7826832711042455,0.0,70.2645082927925,779.8496501765917
1852.4963500976053,109943.7387318043,15.716415917336475,-137.41555821218236,7901.816436481092,7616.2875924394475,-1.393614545564774,37.50243843401136,24.537006835929624,2.8436097614665514,0.002228700002739487,-3.3018581301294123,-0.06953691069689336,9.804226200078722e-8,1.7956900369136717,0.0,71.15897274442715,781.2682541811298
1852.9963500976048,109856.32767855283,15.743244368373107,-137.39429700457504,7901.913643316635,7616.384906699624,-1.3930866024742636,37.509407002750315,24.55743828403574,2.887595094862764,0.0022632423081924958,-3.3348776483285008,-0.060390827102842,9.9556248626987e-8,1.8095709703134126,0.0,72.060283822281,782.7737251497877
1853.4963500976044,109768.95813610125,15.770070960455527,-137.37302907149572,7902.010636330334,7616.4820004830135,-1.3925582801486838,37.516388812427934,24.57790951094515,2.9322392895889084,0.0022982939211978054,-3.3632673237351325,-0.051017377332343926,1.0109287882473273e-7,1.8235524107002992,0.0,72.96856046588375,784.2813665404487
1853.996350097604,109681.63012590166,15.796895687269286,-137.35175440120375,7902.107412977297,7616.578871246667,-1.3920295788221573,37.523383869961854,24.598420636100315,2.9775518588724377,0.0023338614214957194,-3.3869155739949766,-0.04142510374661954,1.0265247916920835e-7,1.8376350247481579,0.0,73.88385309523659,785.7911791564553
1854.4963500976035,109594.34366939403,15.823718542486064,-137.33047298195743,7902.203970679667,7616.675516414634,-1.3915004986068809,37.530392182279385,24.618971779387675,3.023542447533555,0.0023699514958928584,-3.4057152977392855,-0.031623391303080055,1.0423538075201993e-7,1.851819483000708,0.0,74.80621246464452,787.303163791017
1854.996350097603,109507.09878804535,15.850539519763533,-137.30918480201416,7902.300306826082,7616.771933377424,-1.390971039489566,37.537413756317484,24.63956306112961,3.070220833692595,0.0024065709464780195,-3.419564301591898,-0.021622490189953922,1.0584191923991466e-7,1.8661064598821693,0.0,75.73568966465376,788.8173212264431
1855.4963500976025,109419.89550333004,15.87735861274527,-137.28788984963057,7902.396418771084,7616.8681194914025,-1.3904412013280039,37.54444859902257,24.660194602089774,3.117596930528711,0.0024437266993333024,-3.4283657381997954,-0.011433537259261854,1.0747243493527469e-7,1.8804966337172107,0.0,76.67233612399724,790.3336522343774
1855.996350097602,109332.73383676168,15.904175815060569,-137.2665881130625,7902.492303834491,7616.964072078175,-1.3899109838480033,37.55149671735072,24.68086652346645,3.1656807880325384,0.002481425813667904,-3.4320285546444116,-0.0010685760888883707,1.0912727283640791e-7,1.8949906867425321,0.0,77.61620361154743,791.8521575751467
1856.4963500976016,109245.6138098836,15.93099112032437,-137.24527958056524,7902.587959300727,7617.059788423913,-1.3893803866404542,37.558558118267385,24.701578946895253,3.214482594801968,0.002519675491378131,-3.43046795050411,0.00945942450408814,1.1080678269933115e-7,1.9095893051250183,0.0,78.56734423827737,793.3728379978098
1856.9963500976012,109158.53544429038,15.95780452213712,-137.2239642403935,7902.683382418116,7617.155265778642,-1.3888494091588226,37.56563280874745,24.722331994444524,3.2640126798426636,0.0025584830869607544,-3.4236058447472013,0.020136553685070554,1.1251131909972324e-7,1.9242931789747626,0.0,79.52581045922841,794.8956942396701
1857.4963500976007,109071.49876163248,15.984616014084619,-137.20264208080158,7902.7785703981235,7617.250501355481,-1.3883180507169028,37.572720795775254,24.743125788614453,3.314281514399255,0.0025978561177491012,-3.4113713505396444,0.03094794375333737,1.1424124149594245e-7,1.939103002360713,0.0,80.49165507548615,796.4207270260703
1857.9963500976003,108984.50378362741,16.011425589737904,-137.18131309004343,7902.873520414552,7617.345492329843,-1.3877863104869848,37.579822086344464,24.763960452334484,3.365299713804747,0.002637802274402568,-3.3937012569521503,0.041877757426015655,1.1599691429267884e-7,1.9540194733251415,0.0,81.46493123616337,797.9479370700706
1858.4963500975998,108897.55053207092,16.03823324265311,-137.1599772563729,7902.968229602694,7617.440235838582,-1.3872541874984061,37.58693668745797,24.784836108960604,3.4170780393518125,0.0026783294315841457,-3.370540516447972,0.05290917746550234,1.1777870690536918e-7,1.9690432938979567,0.0,82.44569244039042,799.477325072117
1858.9963500975994,108810.6390288379,16.06503896637133,-137.1386345680436,7903.0626950584365,7617.534728979099,-1.3867216806366234,37.59406460612799,24.805752882274778,3.4696274001924476,0.0027194456587536523,-3.3418427369253014,0.06402439886888299,1.195869938255976e-7,1.984175170112668,0.0,83.43399253931288,801.0088917198852
1859.496350097599,108723.76929590758,16.09184275441845,-137.11728501330933,7903.15691383732,7617.628968808395,-1.3861887886426412,37.60120584937587,24.82671089647856,3.5229588552455753,0.00276115923097421,-3.307570676977059,0.07520462384519899,1.2142215468677896e-7,1.999415812018026,0.0,84.42988573809603,802.5426376876916
1859.9963500975985,108636.94135536347,16.11864460030505,-137.09592858042384,7903.250882953537,7617.722952342078,-1.385655510113088,37.608360424232124,24.847710276192387,3.577083615142177,0.00280347863965953,-3.267696742916214,0.08643005981328544,1.2328457433114552e-7,2.0147659336938424,0.0,85.4334265979369,804.078563636338
1860.496350097598,108550.15522940457,16.145444497526185,-137.0745652576413,7903.344599378913,7617.816676553327,-1.385121843500836,37.615528337736336,24.868751146452116,3.6320130441867096,0.002846412603140727,-3.222203485996795,0.09767992065922364,1.2517464287730438e-7,2.0302262532647473,0.0,86.44467003808313,805.6166702127557
1860.9963500975975,108463.41094035748,16.1722424395613,-137.0531950332161,7903.438060041801,7617.9101383718,-1.3845877871161616,37.622709596937085,24.88983363270506,3.6877586623409053,0.0028899700769440596,-3.1710840981397794,0.10893243149813578,1.270927557885774e-7,2.0457974929136156,0.0,87.46367133785863,807.1569580496238
1861.496350097597,108376.70851068199,16.19903841987403,-137.03181789540324,7903.531261825962,7618.0033346825085,-1.384053339128695,37.629904208891965,24.910957860807493,3.7443321472349904,0.0029341602636618197,-3.114342904349411,0.1201648371900509,1.2903931394229667e-7,2.061480378895985,0.0,88.49048613869633,808.6994277650969
1861.9963500975966,108290.0479629878,16.225832431912036,-137.01043383245838,7903.624201569404,7618.09626232465,-1.3835184975699457,37.63711218066742,24.932123957019275,3.8017453361952263,0.0029789926222781793,-3.051995849879558,0.1313534148636911,1.3101472369967422e-7,2.077275641552324,0.0,89.52517044617754,810.2440799623287
1862.4963500975962,108203.42932003457,16.252624469106884,-136.98904283263784,7903.716876063159,7618.188918090388,-1.3829832603366539,37.64433351933875,24.953332048002295,3.8600102283060846,0.0030244768768278602,-2.9840709800819463,0.14247349070524754,1.330193969768777e-7,2.0931840153231347,0.0,90.56778063207827,811.7909152292859
1862.9963500975957,108116.85260475427,16.279414524873808,-136.96764488419896,7903.809282050033,7618.281298723608,-1.3824476251948754,37.651568231990034,24.974582260813406,3.9191389864816295,0.003070623024225171,-2.910608910738992,0.15349946127134925,1.350537513164359e-7,2.109206238759843,0.0,91.61837343642205,813.3399341381593
1863.4963500975953,108030.31784024648,16.306202592611587,-136.9462399754001,7903.901416223346,7618.373400918645,-1.3819115897849277,37.658816325714014,24.995874722903775,3.979143939579149,0.0031174413411418863,-2.8316632865540754,0.16440481958642286,1.3711820996011305e-7,2.125343054540441,0.0,92.67700596953917,814.891137245248
1863.9963500975948,107943.82504979242,16.332988665702345,-136.9248280945007,7903.993275225607,7618.465221318958,-1.3813751516272574,37.66607780761215,25.017209562113486,4.040037584524887,0.0031649423897594986,-2.747301225341978,0.17516218628430005,1.3921320192221462e-7,2.141595209481574,0.0,93.743735714133,816.4445250905089
1864.4963500975944,107857.37425687257,16.359772737511374,-136.9034092297617,7904.084855647187,7618.556756515815,-1.3808383081291302,37.67335268479435,25.03858690666527,4.101832588461506,0.0032131370222506,-2.6576037453327226,0.18574334605213555,1.4133916206365542e-7,2.157963454549713,0.0,94.81862052735221,818.000098197032
1864.996350097594,107770.96548515372,16.386554801386925,-136.88198336944546,7904.176154024989,7618.648003046948,-1.3803010565924172,37.6806409643791,25.060006885165524,4.164541790942355,0.0032620363838563437,-2.56266617287373,0.1961192896313789,1.4349653116765505e-7,2.174448544877953,0.0,95.90171864286964,819.5578570710626
1865.4963500975934,107684.59875852242,16.41333485066004,-136.86055050181602,7904.267166841068,7618.73895739518,-1.3797633942223024,37.68794265349322,25.08146962659391,4.22817820611781,0.0033116519143664286,-2.4625985276890896,0.2062602616254516,1.4568575601517633e-7,2.1910512397738566,0.0,96.99308867296797,821.1178022011838
1865.996350097593,107598.27410106454,16.44011287864435,-136.83911061513922,7904.357890521283,7618.829615987073,-1.3792253181370386,37.69525775927193,25.10297526030614,4.292755024986077,0.0033619953479121123,-2.3575258827315198,0.21613581435680493,1.4790728946259923e-7,2.207772302737404,0.0,98.0927896106313,822.6799340584658
1866.4963500975925,107511.99153709132,16.466888878635856,-136.81766369768295,7904.448321433947,7618.919975191583,-1.378686825378893,37.70258628885864,25.12452391602535,4.358285617636075,0.003413078710876341,-2.247588695543457,0.22571486800709767,1.5016159051913793e-7,2.2246125014699363,0.0,99.20088083164336,824.2442530957775
1866.996350097592,107425.7510911366,16.49366284391275,-136.79620973771716,7904.538455888477,7619.010031318701,-1.3781479129260932,37.70992824940494,25.146115723840566,4.424783535537445,0.0034649143178347133,-2.132943107929512,0.23496577726302886,1.524491244258984e-7,2.241572607888462,0.0,100.31742209669198,825.8107597476123
1867.4963500975916,107339.5527879633,16.52043476773515,-136.77474872351422,7904.6282901340755,7619.099780618147,-1.3776085777060691,37.71728364807052,25.16775081420288,4.492262513850231,0.0035175147653891607,-2.0137612106345717,0.2438564046768832,1.547703627356293e-7,2.258653398138065,0.0,101.44247355348008,827.379454429749
1867.9963500975912,107253.39665256161,16.54720464334495,-136.753280643349,7904.71782035844,7619.189219278063,-1.3770688166097702,37.72465249202296,25.189429317923825,4.5607364737678475,0.003570892923804432,-1.890231269621152,0.25235420093481287,1.5712578339363755e-7,2.275855652605845,0.0,102.57609573884297,828.9503375390606
1868.4963500975907,107167.28271016199,16.573972463965546,-136.731805485499,7904.807042686521,7619.278343423791,-1.3765286265073682,37.732034788437886,25.211151366170203,4.63021952487549,0.0036250619263521714,-1.762557910447712,0.26042629220721203,1.59515870819251e-7,2.293180155931839,0.0,103.7183495808721,830.523409453059
1868.9963500975903,107081.2109862268,16.600738222801628,-136.71032323824468,7904.895953179319,7619.367149116655,-1.3759880042650448,37.739430544498596,25.23291709046429,4.700725967552831,0.0036800351563268207,-1.630962257167657,0.26803957473403894,1.6194111598882534e-7,2.310627697024075,0.0,104.86929640104549,832.098670529826
1869.4963500975898,106995.1815064568,16.627501913038948,-136.6888338898696,7904.984547832752,7619.455632352839,-1.3754469467631818,37.74683976739614,25.25472662268063,4.772270295392792,0.00373582623167929,-1.4956820220983795,0.27516081677343723,1.6440201651932138e-7,2.328199069070626,0.0,106.02899791636474,833.6761211076795
1869.9963500975894,106909.19429678284,16.65426352784411,-136.66733742866055,7905.072822576593,7619.543789062316,-1.3749054509157892,37.75426246432918,25.276580095046704,4.8448671976607285,0.0037924489872855614,-1.3569715427522682,0.2817567680143816,1.6689907675329136e-7,2.345895069554625,0.0,107.19751624149858,835.2557615051147
1870.496350097589,106823.24938337691,16.681023060364282,-136.6458338429078,7905.160773273482,7619.6316151078745,-1.3743635136912382,37.76169864250385,25.298477640139023,4.918531561765882,0.00384991745485986,-1.215101762178847,0.28779427652314915,1.694328078443051e-7,2.363716500265277,0.0,108.3749138909332,836.8375920203949
1870.9963500975884,106737.34679263085,16.70778050372702,-136.62432312090527,7905.248395718043,7619.7191062842285,-1.3738211321343898,37.769148309133755,25.32041939088772,4.993278475789359,0.003908245840615859,-1.0703601489407695,0.2932404132590571,1.720037278443403e-7,2.381664167315555,0.0,109.56125378112979,838.4216129317441
1871.496350097588,106651.48655116651,16.734535851039947,-136.60280525095084,7905.335685636097,7619.806258317231,-1.373278303389892,37.77661147143972,25.342405480573508,5.069123231014776,0.003967448500742961,-0.9230505529379964,0.2980626041569684,1.7461236179128154e-7,2.399738881153419,0.0,110.75659923268917,840.0078244969679
1871.9963500975875,106565.66868582089,16.761289095390577,-136.5812802213464,7905.422638683969,7619.893066863195,-1.3727350247268455,37.78408813664982,25.364436042831322,5.146081324510246,0.004027539914888465,-0.7734929933060027,0.3022287697324514,1.772592417982052e-7,2.417941456578275,0.0,111.96101397252343,841.5962269535462
1872.496350097587,106479.89322364237,16.788040229846022,-136.55974802039822,7905.50925044795,7619.979527508341,-1.3721912935648426,37.79157831199916,25.386511211651715,5.2241684617311765,0.004088534657820686,-0.6220233746471154,0.3057074721200392,1.7994490714339666e-7,2.436272712755216,0.0,113.17456213603506,843.1868205185285
1872.9963500975866,106394.16019187309,16.814789247452772,-136.53820863641704,7905.595516443848,7620.065635768368,-1.3716471075010854,37.79908200472987,25.408631121386076,5.303400559166481,0.004150447369538153,-0.4689931279110374,0.3084680694057244,1.8266990436188032e-7,2.4547334732323174,0.0,114.3973082693042,844.7796053887013
1873.4963500975862,106308.46961794887,16.841536141236393,-136.5166620577183,7905.681432116701,7620.151387088158,-1.371102464338881,37.80659922209093,25.430795906747996,5.383793747000071,0.004213292724100585,-0.31476877232321465,0.3104808770615078,1.8543478733749193e-7,2.4733245659543144,0.0,115.62931733128367,846.3745817404385
1873.9963500975857,106222.82152946666,16.868280904201363,-136.4951082726225,7905.766992840607,7620.236776841616,-1.3705573621172686,37.81412997133805,25.453005702823372,5.465364371834464,0.004277085397567413,-0.15973139486996535,0.3117173362325056,1.8824011739710593e-7,2.4920468232834536,0.0,116.87065469600192,847.9717497301707
1874.4963500975853,106137.21595419291,16.895023529330714,-136.47354726945517,7905.8521939186985,7620.32180033165,-1.3700117991417338,37.82167425973362,25.475260645070623,5.548128999408526,0.004341840035391413,-0.0042760439892205225,0.31215018856574883,1.9108646340467815e-7,2.5109010820116917,0.0,118.12138615477548,849.5711094941071
1874.9963500975848,106051.65292002633,16.921764009585857,-136.45197903654733,7905.937030583278,7620.406452790302,-1.369465774016037,37.82923209454653,25.497560869333142,5.632104417391221,0.004407571219783447,0.15118896571263704,0.3117536572043699,1.9397440185792043e-7,2.529888183383025,0.0,119.38157791842919,851.1726611488216
1875.4963500975844,105966.13245498203,16.948502337906294,-136.4304035622355,7906.02149799606,7620.490729379005,-1.3689192856749997,37.83680348305213,25.519906511846806,5.717307638189101,0.004474293437501147,0.3062428406919929,0.3105036335014397,1.9690451698546618e-7,2.54900897311145,0.0,120.65129661952643,852.7764047914546
1875.996350097584,105880.65458717477,16.975238507209372,-136.4088208348621,7906.105591248585,7620.574625188997,-1.3683723334181686,37.84438843253202,25.542297709248345,5.8037559017886275,0.004542021048626592,0.4604531903803703,0.30837786893431524,1.9987740084525019e-7,2.5682643013994113,0.0,121.93060931460893,854.3823404999501
1876.4963500975834,105795.21934478637,17.00197251039004,-136.3872308427756,7906.189305362747,7620.658135241854,-1.3678249169443153,37.851986950274004,25.56473459858831,5.891466678649155,0.0046107682569370215,0.613377006232303,0.30535617162313144,2.0289365342465018e-7,2.587655022960076,0.0,123.2195834864463,855.9904683336033
1876.996350097583,105709.82675605174,17.028704340320594,-136.36563357433056,7906.2726352914515,7620.741254490157,-1.3672770363865643,37.85959904357203,25.587217317339814,5.980457672612619,0.00468054908247176,0.7645617400447897,0.3014206067761472,2.0595388274121996e-7,2.607181997035775,0.0,124.51828704629627,857.600788333275
1877.4963500975825,105624.47684920765,17.055433989850442,-136.34402901788826,7906.355575919384,7620.823977818263,-1.3667286923480282,37.867224719725904,25.60974600341744,6.070746823887823,0.004751377337001829,0.9135464833247892,0.29655570030024875,2.0905870494600902e-7,2.62684608742526,0.0,125.82678833617587,859.2133005223221
1877.996350097582,105539.16965248156,17.082161451805856,-136.3224171618164,7906.438122063889,7620.906300043192,-1.3661798859379308,37.87486398604136,25.632320795186263,6.162352312030423,0.0048232666030253515,1.0598632490785644,0.2907486447272698,2.1220874442675144e-7,2.646648162502285,0.0,127.14515613114418,860.8280049067918
1878.4963500975816,105453.90519404877,17.10888671898972,-136.3007979944897,7906.520268475915,7620.988215915574,-1.36563061880787,37.88251684982986,25.654941831479565,6.25529255899325,0.004896230217046051,1.2030383569494796,0.28398950651623206,2.1540463391349632e-7,2.666589095241772,0.0,128.47345964159643,862.444901476223
1878.9963500975812,105368.68350199703,17.135609784181305,-136.27917150429,7906.602009841037,7621.0697201206885,-1.3650808931881377,37.89018331840852,25.677609251615003,6.349586232207497,0.004970281257806173,1.342593922137701,0.27627143369847834,2.1864701458532098e-7,2.686669763244746,0.0,129.81176851557078,864.063990204324
1879.4963500975807,105283.50460429024,17.16233064013606,-136.2575376796064,7906.683340780514,7621.150807279519,-1.3645307119239607,37.89786339909995,25.700323195411347,6.4452522477039285,0.005045432540173949,1.4780494479949942,0.26759086273743404,2.2193653617844398e-7,2.7068910487639166,0.0,131.16015284106774,865.6852710496781
1879.9963500975803,105198.36852870975,17.189049279585344,-136.23589650883554,7906.764255852363,7621.2314719498345,-1.3639800785112903,37.90555709923221,25.723083803211395,6.542309773299282,0.00512169661537526,1.6089235215995061,0.2579477233778809,2.2527385709660667e-7,2.7272538387350154,0.0,132.51868314838384,867.3087439568847
1880.4963500975798,105113.27530284226,17.21576569523623,-136.21424798038169,7906.844749552421,7621.311708627265,-1.3634289971321087,37.91326442613871,25.745891215892833,6.640778231770875,0.005199085778140976,1.7347356109783942,0.2473456401617498,2.2865964452107385e-7,2.7477590247975647,0.0,133.88743041245812,868.9344088568253
1880.9963500975794,105028.22495400347,17.242479879771256,-136.19259208265711,7906.924816315345,7621.391511746305,-1.3628774726887956,37.920985387158055,25.76874557489599,6.740677304145268,0.0052776120814455076,1.8550079619601039,0.2357921291891537,2.3209457452459144e-7,2.7684075033313404,0.0,135.26646605523328,870.5622656681555
1881.496350097579,104943.21750920825,17.269191825848246,-136.1709288040822,7907.004450515568,7621.470875681267,-1.362325510837497,37.928719989634,25.79164702223949,6.842026932976506,0.0053572873592440005,1.96926759190291,0.22329878860547497,2.3557933218501493e-7,2.789200175482246,0.0,136.6558619480322,872.192314297918
1881.9963500975784,104858.25299511012,17.295901526100067,-136.14925813308554,7907.083646468101,7621.549794747104,-1.3617731180200636,37.93646824091533,25.81459570054371,6.944847325702825,0.005438123257692203,2.077048376762496,0.20988148119860736,2.3911461170167545e-7,2.810137947195988,0.0,138.05569041394915,873.8245546427393
1882.496350097578,104773.33143795375,17.32260897313441,-136.12758005810434,7907.162398429206,7621.628263200087,-1.3612203014943864,37.9442301483558,25.837591753050692,7.049158958032228,0.0055201312751151635,2.1778932271295925,0.19556050739578112,2.427011165127778e-7,2.8312217292490716,0.0,139.4660242302577,875.4589865897802
1882.9963500975775,104688.45286351908,17.349314159533638,-136.10589456758436,7907.240700596877,7621.706275238277,-1.3606670693627068,37.95200571931401,25.860635323645827,7.1549825773826985,0.005603322810921593,2.271356347990382,0.18036076685786664,2.463395594147231e-7,2.8524524372822393,0.0,140.88693663083438,877.0956100178389
1883.496350097577,104603.61729706172,17.37601707785449,-136.08420164998037,7907.318547111084,7621.783825001789,-1.360113430597666,37.95979496115332,25.883726556880106,7.26233920637287,0.005687709223489852,2.3570055760392314,0.1643119067816678,2.5003066268321523e-7,2.8738309918352822,0.0,142.3185013085992,878.7344247985204
1883.9963500975766,104518.82476326171,17.402717720627937,-136.06250129375618,7907.395932053743,7621.86090657277,-1.3595593950657274,37.96759788124181,25.906865597989455,7.371250146348608,0.005773301896877709,2.4344247874078455,0.14744845493868441,2.537751581956564e-7,2.895358318380124,0.0,143.7607924179739,880.3754307972329
1884.4963500975762,104434.0752861565,17.429416080358983,-136.04079348738483,7907.472849448406,7621.937513975074,-1.3590049735475798,37.975414486952175,25.930052592917658,7.481736980976811,0.00586011231606119,2.5032163676699617,0.12980993540346436,2.5757378755591495e-7,2.9170353473582384,0.0,145.21388457735713,882.018627874476
1884.9963500975757,104349.3688890785,17.456112149526405,-136.01907821934884,7907.5492932595835,7622.013641173606,-1.3584501777552804,37.98324478566169,25.953287688337117,7.593821579881975,0.005948152150165611,2.5630037349401023,0.11144096485726916,2.6142730222062803e-7,2.9388630142172834,0.0,146.67785287161806,883.6640158870226
1885.4963500975753,104264.70559460577,17.48280592058256,-135.99735547814046,7907.625257391695,7622.08928207327,-1.3578950203455775,37.991088784752066,25.976571031665134,7.70752610231423,0.00603743334295078,2.613433905812795,0.09239132729486893,2.653364636266582e-7,2.9608422594446555,0.0,148.1527728546078,885.3115946888283
1885.9963500975748,104180.08542448748,17.509497385953203,-135.97562525226166,7907.700735687628,7622.164430517529,-1.3573395149292498,37.99894649160944,25.999902771085935,7.822873000900156,0.006127968209639315,2.654180092790401,0.07271602491537732,2.693020433214742e-7,2.982974028607757,0.0,149.63872055169026,886.9613641324044
1886.4963500975744,104095.50839958433,17.53618653803721,-135.95388753022465,7907.775721926853,7622.2390802865175,-1.3567836760758831,38.00681791362432,26.023283055567475,7.939885025424828,0.006219769538867776,2.6849443207289685,0.05247530294377703,2.7332482309468964e-7,3.0052592723907026,0.0,151.13577246229028,888.6133240698771
1886.996350097574,104010.974539808,17.562873369206418,-135.93214230055176,7907.850209823099,7622.313225094729,-1.3562275193139017,38.01470305819149,26.046712034877338,8.058585226666228,0.006312850698366186,2.705460048699278,0.03173464610982028,2.774055951114905e-7,3.0276989466314737,0.0,152.64400556246176,890.2674743540396
1887.4963500975734,103926.48386405222,17.589557871805297,-135.91038955177598,7907.9241930215485,7622.386858588195,-1.3556710611251923,38.022601932709996,26.07018985959948,8.178996960293423,0.00640722574273503,2.715494782521874,0.010564744507210259,2.815451620483549e-7,3.05029401236141,0.0,154.16349730747442,891.9238148395341
1887.996350097573,103842.03639013506,17.616240038150803,-135.8886292724409,7907.997665095593,7622.459974341247,-1.3551143189342443,38.030514544583035,26.093716681146834,8.30114389080233,0.006502909521438955,2.714852662099136,-0.010958573429924384,2.857443372301634e-7,3.0730454358420016,0.0,155.6943256344194,893.5823453837914
1888.4963500975725,103757.63213473465,17.642919860532057,-135.86686145110122,7908.070619543093,7622.532565852777,-1.354557311091178,38.03844090121796,26.117292651774225,8.425049995514193,0.0065999177849702835,2.7033770065435143,-0.032754443062311116,2.900039447695763e-7,3.0959541886034834,0.0,157.23656896483422,895.2430658480642
1888.996350097572,103673.27111333236,17.66959733121008,-135.84508607632267,7908.1430497822075,7622.604626542051,-1.354000056848458,38.04638101002621,26.140917924588017,8.550739568617772,0.006698267286915883,2.6809527989995607,-0.054737102965912075,2.9432481970802554e-7,3.1190212474815815,0.0,158.79030620734625,896.905976098285
1889.4963500975716,103588.95334015414,17.696272442417524,-135.8233031366827,7908.214949146774,7622.676149744095,-1.3534425763308229,38.05433487842325,26.16459265355507,8.678237225269164,0.006797975879530272,2.6475090919895328,-0.0768160737313917,2.9870780815880623e-7,3.1422475946548722,0.0,160.35561676033515,898.5710760059325
1889.9963500975712,103504.6788281072,17.722945186358366,-135.8015126207704,7908.286310881314,7622.747128704686,-1.3528848904981845,38.06230251382855,26.188316993511894,8.807567905754803,0.0068990626002908536,2.603021313090476,-0.09889637813175571,3.0315376745246125e-7,3.1656342176835666,0.0,161.93258051461368,900.2383654489629
1890.4963500975707,103420.44758874085,17.749615555207566,-135.7797145171869,7908.357128135656,7622.817556574969,-1.3523270211010232,38.070283923665535,26.21209110016603,8.938756879674074,0.007001547746796611,2.547513449788123,-0.12087880451473765,3.07663566282965e-7,3.1891821095417656,0.0,163.52127785612666,901.9078443122404
1890.9963500975703,103336.25963218044,17.77628354111077,-135.75790881454577,7908.427393959286,7622.887426405801,-1.3517689906283195,38.07827911536155,26.235915130104253,9.071829750220214,0.007105452937442792,2.4810600914638803,-0.14266021511474425,3.1223808485741226e-7,3.2128922686573334,0.0,165.1217896686679,903.5795124884802
1891.4963500975698,103252.11496708822,17.80294913618393,-135.73609550147327,7908.497101295453,7622.956731141842,-1.3512108222472736,38.0862880963478,26.259789240792557,9.206812458477701,0.0072108011552139825,2.403788305670671,-0.16413390078620568,3.1687821504640004e-7,3.23676569894451,0.0,166.73419733661538,905.2533698786449
1891.9963500975693,103168.01360062789,17.829612332512912,-135.71427456660865,7908.566242975125,7623.025463615502,-1.3506525397351308,38.094310874059325,26.283713590574845,9.34373128777095,0.0073176167721313,2.31587932515762,-0.1851899834343273,3.2158486053629875e-7,3.260803409835634,0.0,168.35858274768233,906.9294163922559
1892.496350097569,103083.95553841908,17.85627312215312,-135.6924459986046,7908.634811710872,7623.093616540808,-1.3500941674024658,38.10234745593495,26.30768833867428,9.482612868088003,0.007425925552056442,2.2175700215291645,-0.20571586715911044,3.263589369842276e-7,3.2850064163160417,0.0,169.995028295685,908.6076519479057
1892.9963500975684,102999.94078450464,17.88293149712907,-135.67060978612759,7908.702800090796,7623.161182507324,-1.3495357300081945,38.11039784941729,26.331713645191424,9.623484180542869,0.0075357546297626,2.1091541409887333,-0.22559673883256814,3.3120137217447614e-7,3.3093757389556826,0.0,171.64361688332735,910.2880764735174
1893.496350097568,102915.96934133675,17.909587449433978,-135.64876591785819,7908.770200572578,7623.228153974177,-1.3489772526658785,38.118462061952656,26.355789671097522,9.766372561865838,0.007647132464539565,1.9909832773389793,-0.24471611849607014,3.361131061760039e-7,3.3339124039357455,0.0,173.30443192499956,911.9706899062459
1893.9963500975675,102832.0412097415,17.936240971029257,-135.62691438249163,7908.837005477787,7623.294523264359,-1.3484187607417222,38.12654010099099,26.379916578234933,9.91130570898942,0.007760088767084187,1.8634675573081387,-0.26295645959414354,3.4109509150333534e-7,3.3586174430820015,0.0,174.9775573495927,913.6554921928287
1894.496350097567,102748.1563889198,17.962892053844083,-135.60505516873818,7908.903206986559,7623.360282559378,-1.3478602797439503,38.134631973985975,26.40409452930859,10.058311683633013,0.007874654398806141,1.727076013364777,-0.2801997986516499,3.4614829327750897e-7,3.383491893888201,0.0,176.66307760332654,915.3424832892434
1894.9963500975666,102664.31487643905,17.989540689774884,-135.58318826532346,7908.968797132742,7623.425423894397,-1.3473018352039048,38.14273768839479,26.428323687881736,10.20741891696272,0.007990861243405598,1.5823366194901554,-0.2963284535533155,3.512736893897028e-7,3.4085367995428126,0.0,178.36107765259044,917.0316631605917
1895.4963500975662,102580.51666823588,18.016186870684844,-135.56131366098907,7909.033767799664,7623.489939153977,-1.3467434525491102,38.150857251678225,26.45260421837069,10.358656214292091,0.008108742051161775,1.4298359659181212,-0.31122576909784677,3.564722706663423e-7,3.4337532089532616,0.0,180.07164298679675,918.72303178081
1895.9963500975657,102496.76175862737,18.042830588403405,-135.53943134449298,7909.098110716602,7623.553820068524,-1.3461851569684666,38.158990671300565,26.476936286039656,10.512052759827979,0.008228330257140324,1.2702185496460572,-0.3247769079739593,3.617450410358288e-7,3.4591421767685233,0.0,181.7948596212459,920.4165891322707
1896.4963500975653,102413.05014034268,18.069471834725668,-135.51754130461,7909.161817456079,7623.617058211581,-1.3456269732701667,38.16713795472955,26.50132005699245,10.667638121438646,0.008349659775304023,1.104185658585841,-0.3368696847436457,3.6709301769608344e-7,3.484704763396481,0.0,183.5308141000019,922.1123352050421
1896.9963500975648,102329.38180454168,18.096110601411972,-135.4956435301322,7909.2248794321,7623.679644998031,-1.345068925732686,38.175299109436374,26.525755698171228,10.825442255504893,0.0084727647714179,0.9324938285791541,-0.3473954398204428,3.725172312849871e-7,3.5104420350261725,0.0,185.27959349877722,923.810269996483
1897.4963500975643,102245.7567408625,18.122746880187265,-135.4737380098697,7909.287287899365,7623.741571683295,-1.344511037949564,38.18347414289558,26.550243377350164,10.985495511777094,0.008597679418398613,0.7559528541641034,-0.35624994979947844,3.7801872605104965e-7,3.53635506364234,0.0,187.041285427827,925.5103935103408
1897.996350097564,102162.17493748106,18.14938066274061,-135.4518247326506,7909.349033953573,7623.802829363623,-1.343953332668624,38.191663062585015,26.574783263129316,11.147828638266338,0.008724437638710125,0.5754233359660473,-0.36333436983450856,3.835985600252635e-7,3.5624449270372236,0.0,188.81597803485013,927.2127057556887
1898.4963500975634,102078.63638116233,18.176011940724663,-135.429903687322,7909.410108532833,7623.863408977479,-1.343395831626648,38.199865875985886,26.599375524934626,11.3124727862087,0.008853072839264085,0.3918137499091165,-0.3685562030685554,3.8925780519547404e-7,3.5887127088259403,0.0,190.60376000789734,928.917206746124
1898.996350097563,101995.14105733763,18.202640705755137,-135.40797486275022,7909.470502420213,7623.923301308073,-1.3428385553802389,38.20808259058252,26.62402033301412,11.479459515035735,0.008983617644997728,0.20607702611876166,-0.3718302914133036,3.949975476809537e-7,3.6151594984547906,0.0,192.40472057828376,930.6238964985275
1899.4963500975625,101911.68895020057,18.22926694941028,-135.38603824782132,7909.530206247398,7623.982496987006,-1.3422815231341674,38.21631321386247,26.64871785843234,11.648820797361763,0.009116103638078946,0.019206628419862946,-0.3730798212432677,4.008188879075338e-7,3.6417863912044726,0.0,194.21894952350635,932.3327750315327
1899.996350097562,101828.28004278988,18.255890663230424,-135.36409383144155,7909.589210499454,7624.040986499009,-1.3417247525682867,38.22455775331639,26.673468273072167,11.820589024050006,0.009250561110330326,-0.16776787126304124,-0.3722373368297322,4.0672294078542507e-7,3.66859448819811,0.0,196.04653717016302,934.043842364342
1900.4963500975616,101744.91431710403,18.282511838717486,-135.34214160253774,7909.647505520573,7624.098760187679,-1.34116825966454,38.23281621643797,26.698271749630504,11.994797009266527,0.009387018836797914,-0.35378572552277876,-0.36924575359344336,4.1271083588659124e-7,3.695584896399751,0.0,197.88757439687345,935.757098514975
1900.9963500975612,101661.59175422788,18.3091304673345,-135.32018155005787,7909.705081520755,7624.155808262135,-1.3406120585353474,38.24108861072386,26.72312846161334,12.171477995556998,0.009525503878760597,-0.5377604488764193,-0.36405936251164295,4.187837176228817e-7,3.722758728609117,0.0,199.7421526371984,937.47254349833
1901.4963500975607,101578.31233444903,18.335746540505234,-135.29821366297125,7909.7619285832025,7624.21212080441,-1.3400561612550765,38.249374943673644,26.748038583335973,12.350665658991586,0.009666041424540216,-0.718585753218582,-0.3566448162829386,4.249427454264915e-7,3.750117103459542,0.0,201.6103638825573,939.1901773245048
1901.9963500975603,101495.07603741251,18.362360049613788,-135.2762379302692,7909.8180366723245,7624.267687777425,-1.3395005776963866,38.25767522278971,26.773002289913578,12.532394114273357,0.00980865467616546,-0.8951419697004928,-0.34698208714226936,4.3118909392915753e-7,3.7776611454030062,0.0,203.4923006851414,940.9099999963654
1902.4963500975598,101411.8828422688,18.388970986004203,-135.25425434096505,7909.873395642079,7624.322499033329,-1.3389453153731816,38.26598945557714,26.798019757254504,12.716697919900435,0.00995336478963227,-1.0663029401886055,-0.3350653855383555,4.375239531432163e-7,3.805391984696238,0.0,205.3880561608199,942.6320115072554
1902.9963500975593,101328.73272783961,18.41557934098015,-135.23226288409484,7909.927995244449,7624.376544321957,-1.338390379292223,38.27431764954372,26.823091162048165,12.903612083327383,0.01010019087563295,-1.2309433559014062,-0.32090402824902037,4.439485286426688e-7,3.833310757379453,0.0,207.29772399203722,944.3562118383252
1903.496350097559,101245.62567278184,18.44218510580462,-135.21026354871736,7909.981825137745,7624.429813299116,-1.3378357718154248,38.28265981219967,26.84821668175229,13.09317206616506,0.010249150066632956,-1.3879465149625712,-0.3045232439278913,4.504640417456359e-7,3.861418605253608,0.0,209.22139843069945,946.082600955856
1903.9963500975584,101162.5616557775,18.468788271699648,-135.18825632391457,7910.034874894451,7624.482295534428,-1.3372814925349836,38.29101595105765,26.873396494570216,13.285413789352535,0.010400257654709807,-1.536212464473824,-0.28596490356262716,4.570717296959536e-7,3.8897166758461585,0.0,211.1591743010458,947.811178807971
1904.496350097558,101079.5406557247,18.495388829846064,-135.16624119879174,7910.0871340083295,7624.533980518414,-1.3367275381636512,38.299386073632576,26.89863077942441,13.480373638352226,0.010553527302966647,-1.674666486339359,-0.26528816289377044,4.637728458457094e-7,3.918206122372974,0.0,213.1111470025031,949.5419453212204
1904.9963500975575,100996.5626519192,18.52198677138329,-135.1442181624779,7910.138591900417,7624.584857668481,-1.3361739024423314,38.30777018744139,26.923919715928196,13.678088468389921,0.01070897133132016,-1.8022678795103375,-0.24257000350949265,4.7056865983951814e-7,3.9468881036992585,0.0,215.0774125125208,951.2749003972222
1905.496350097557,100913.62762426492,18.54858208740909,-135.12218720412588,7910.189237923623,7624.634916333514,-1.3356205760673796,38.31616830000294,26.94926348434305,13.878595609646462,0.010866601075113832,-1.9180189846152378,-0.21790565911018236,4.77460457797379e-7,3.975763784285765,0.0,217.05806738938176,953.010043908533
1905.9963500975566,100830.73555347882,18.575174768979412,-135.1001483129126,7910.239061365639,7624.6841457967685,-1.3350675466400976,38.32458041883777,26.974662265530537,14.0819328724761,0.011026427312654158,-2.020974390159819,-0.19140891334368818,4.844495424987515e-7,4.004834334131195,0.0,219.05320877498616,954.7473756944325
1906.4963500975562,100747.88642130233,18.601764807108207,-135.07810147803937,7910.288051449824,7624.732535276752,-1.3345147986404562,38.333006551467804,27.000116240894304,14.288138552619237,0.011188460755027236,-2.1102502526873645,-0.16321225566338216,4.915372335668021e-7,4.034100928705934,0.0,221.06293439760447,956.4868955563376
1906.9963500975557,100665.08021069411,18.628352192767206,-135.05604668873195,7910.336197333885,7624.780073925897,-1.333962313427715,38.34144670541615,27.025625592318786,14.497251436468677,0.011352712588868084,-2.1850336565619055,-0.1334668818730419,4.987248676549117e-7,4.063564748885374,0.0,223.08734257459696,958.22860325335
1907.4963500975553,100582.31690605171,18.654936916885767,-135.03398393424095,7910.3834881061,7624.826750826764,-1.3334100692699216,38.34990088820669,27.051190502089284,14.709310806268087,0.01151919505984123,-2.2445919324586794,-0.10234252641123795,5.060137986313353e-7,4.093226980865468,0.0,225.12653221509453,959.9724984969185
1907.9963500975548,100499.59649341833,18.681518970350588,-135.01191320384197,7910.429912778959,7624.872554985689,-1.3328580414045805,38.358369107363814,27.076811152806357,14.924356445346621,0.01168792208207662,-2.2882818473094346,-0.07002711400896135,5.134053977656405e-7,4.123088816075385,0.0,227.18060282263866,961.7185809455168
1908.4963500975543,100416.91896066442,18.708098344005585,-134.98983448683583,7910.475460280149,7624.9174753237585,-1.3323062021324885,38.36685137041189,27.102487727297234,15.142428643417146,0.011858909856245074,-2.31555857245543,-0.03672621914304717,5.209010539179261e-7,4.15315145109074,0.0,229.24965449777605,963.4668501995427
1908.996350097554,100334.28429770004,18.734675028651477,-134.967747772549,7910.520119440889,7624.9615006651375,-1.331754520946497,38.37534768487493,27.128220408507115,15.363568201791493,0.012032177476630525,-2.3259843312155555,-0.00266232271845085,5.285021737258175e-7,4.183416087527141,0.0,231.3337879406055,965.217305795265
1909.4963500975534,100251.69249664061,18.761249015045532,-134.94565305033385,7910.563878981719,7625.004619722857,-1.3312029646969652,38.38385805827603,27.154009379394534,15.587816438712728,0.012207747506070496,-2.3192366220950564,0.03192614334215047,5.362101817961522e-7,4.2138839319418775,0.0,233.43310445327313,966.9699471994521
1909.996350097553,100169.14355199132,18.787820293901177,-134.9235503095691,7910.6067274959105,7625.046821082223,-1.3306514977951795,38.3923824981368,27.179854822811148,15.815215194633993,0.012385646496148383,-2.2951159095621856,0.06678597143169403,5.440265208955142e-7,4.244556195720303,0.0,235.54770594241555,968.7247738033235
1910.4963500975525,100086.63746078871,18.814388855887536,-134.90143953966023,7910.648653430805,7625.088093182162,-1.330100082455757,38.40092101197669,27.205756921386282,16.045806837609756,0.012565905429769347,-2.253552670831164,0.10165057959859188,5.519526521453253e-7,4.2754340949698575,0.0,237.67769492154684,970.4817849171549
1910.996350097552,100004.17422275897,18.8409546916289,-134.87932073004,7910.689645067482,7625.12842429489,-1.3295486789788835,38.40947360731241,27.231715857398903,16.279634268640063,0.01274856006327864,-2.1946136845394704,0.13624164296832245,5.599900552159962e-7,4.3065188504003755,0.0,239.8231745133905,972.2409797643093
1911.4963500975516,99921.75384043436,18.867517791686655,-134.85719387018355,7910.729674578281,7625.167786567966,-1.3289972475905776,38.4180402916506,27.240442873049314,16.525532989061546,0.012940535876117779,-2.118506088292048,0.17027950992372032,5.684426588502823e-7,4.338966050414298,0.0,241.98452157769384,974.0671505314745
1911.9963500975512,99839.37631935067,18.894078146493204,-134.83505894966373,7910.768709789296,7625.206147798279,-1.328445747704128,38.426621072471,27.24824826735519,16.775486838030975,0.013135566271157936,-2.0255769801880383,0.20347790924806364,5.770347256562315e-7,4.371700994190766,0.0,244.16217886750093,975.8991663558415
1912.4963500975507,99757.04166803975,18.920635746407164,-134.81291595810512,7910.806737279578,7625.2434945537425,-1.3278941360306178,38.435215957243216,27.25605259660288,17.029083836111056,0.013333344341341757,-1.9163216870275763,0.23553380984048766,5.857520893347511e-7,4.40466395155071,0.0,246.35626057411918,977.7335760764661
1912.9963500975502,99674.74989805091,18.947190581735853,-134.7907648851655,7910.843743384579,7625.279813158294,-1.3273423687859622,38.44382495342958,27.263855806789962,17.28637483326867,0.013533930000077986,-1.791388065737478,0.2661405836334921,5.945965043739164e-7,4.437856328481989,0.0,248.56688105561778,979.5703786691981
1913.4963500975498,99592.50102396775,18.97374264273432,-134.76860572053678,7910.879714144454,7625.315089640189,-1.3267904021722385,38.45244806848434,27.271657842507242,17.547411342311687,0.013737387647293499,-1.651577610809915,0.2949907874378948,6.035697483718777e-7,4.471279536197774,0.0,250.79415537436995,981.4095729950226
1913.9963500975493,99510.29506339785,19.000291919604283,-134.74643845394596,7910.91463528556,7625.349309713558,-1.3262381928929377,38.46108530985244,27.27945864687098,17.812245546377312,0.013943785582073386,-1.4978451255488998,0.32177914034964267,6.126736223092421e-7,4.504934991061211,0.0,253.03819929964547,983.2511577975463
1914.4963500975489,99428.1320369225,19.026838402493016,-134.7242630751561,7910.948492204922,7625.382458762904,-1.3256856987020689,38.46973668496862,27.287258161469282,18.080930306620893,0.014153195239117978,-1.3312968547149977,0.3462056975753718,6.219099508284956e-7,4.538824114529119,0.0,255.29912931017088,985.0951317016485
1914.9963500975484,99346.0119680129,19.053382081492163,-134.7020795739675,7910.981269958379,7625.414521831305,-1.3251328789837193,38.47840220125611,27.29505632632477,18.353519170101805,0.01436569026169941,-1.1531869852684995,0.3679792003510849,6.312805825202073e-7,4.572948333114449,0.0,257.57706259666645,986.941493213233
1915.496350097548,99263.9348829072,19.079922946636565,-134.67988794021875,7911.012953253107,7625.445483613009,-1.3245796953578357,38.48708186612563,27.302853079876694,18.630066377902846,0.014581345432012508,-0.9649124331404474,0.3868205773401275,6.407873902170969e-7,4.607309078372241,0.0,259.87211706436943,988.7902407202964
1915.9963500975475,99181.90081043821,19.106460987902974,-134.65768816378784,7911.043526445039,7625.475328450918,-1.324026112306997,38.49577568697421,27.31064835898514,18.910626873537716,0.014800235488162944,-0.7680058473690645,0.4024665684767093,6.504322712977112e-7,4.641907786915485,0.0,262.1844113355582,990.6413724956028
1916.496350097547,99099.90978183039,19.13299619520886,-134.63548023459344,7911.072973541619,7625.504040339426,-1.3234720978185754,38.50448367118403,27.318442098957334,19.195256311605878,0.015022433865089549,-0.5641267785798308,0.4146734377203377,6.60217147998147e-7,4.6767459004554555,0.0,264.5140647520893,992.4948867006133
1916.9963500975466,99017.9618304437,19.15952855841121,-134.61326414259594,7911.101278210116,7625.531602932824,-1.3229176240356157,38.513205826121286,27.326234233599067,19.484011066791794,0.015248011404342576,-0.3550509766864822,0.42322073666467724,6.70143967735042e-7,4.711824865877755,0.0,266.86119737796486,994.3507813912131
1917.4963500975462,98936.0569914896,19.18605806730529,-134.59103987779847,7911.128423791534,7625.5579995593,-1.3223626679089062,38.521942159135136,27.334024695288917,19.77694824314392,0.015477035083980269,-0.14265780284151391,0.4279150764690194,6.802147034375088e-7,4.7471461353450275,0.0,269.22593000194416,996.209054524691
1917.9963500975457,98854.19530167617,19.212584711623546,-134.5688074302482,7911.154393319891,7625.583213240325,-1.321807211842479,38.53069267755663,27.34181341507868,20.074125683806972,0.015709566824992374,0.07108423697366109,0.4285938612282066,6.904313538939175e-7,4.782711166445969,0.0,271.60838414021765,998.0697039689409
1918.4963500975452,98772.37679884024,19.239108481034567,-134.54656679003716,7911.179169546435,7625.607226714974,-1.3212512443232498,38.53945738869773,27.349600322813004,20.375601981025802,0.01594566243338284,0.28413380483919126,0.4251289317517359,7.007959441072616e-7,4.818521422366644,0.0,274.00868203916144,999.9327275125526
1918.9963500975448,98690.60152151622,19.26562936514209,-134.52431794730322,7911.2027349680675,7625.630022468456,-1.3206947605257777,38.54823629985037,27.35738534727043,20.681436486620633,0.016185370737961224,0.49439483189698274,0.4174300648771125,7.113105256660105e-7,4.854578372106019,0.0,276.42694667818773,1001.7981228768818
1919.4963500975443,98608.86950848158,19.292147353484125,-134.50206089223107,7911.225071858999,7625.651582763888,-1.32013776288171,38.557029418285694,27.36516841631861,20.991689322809798,0.016428732981508484,0.6997363207711886,0.40544826999581685,7.219771771262817e-7,4.8908834907180605,0.0,278.86330177271157,1003.6658877291109
1919.9963500975439,98527.1807982549,19.31866243553223,-134.4797956150528,7911.246162304453,7625.67188967609,-1.3195802616035277,38.56583675125336,27.372949457081724,21.306421393486485,0.016675782517999616,0.898013732799456,0.38917882152833033,7.32798004409154e-7,4.927438259590031,0.0,281.31787177724584,1005.5360196967451
1920.4963500975434,98445.53542856034,19.34517460069088,-134.45752210604874,7911.265988234948,7625.690925125997,-1.3190222751516774,38.57465830598087,27.380728396113685,21.625694395916344,0.016926544860091913,1.087091812223711,0.3686639637587676,7.437751412121993e-7,4.964244166749501,0.0,283.7907818886442,1007.408516383106
1920.996350097543,98363.93343577627,19.371683838296903,-134.4352403555479,7911.284531459632,7625.708670914063,-1.3184638306336651,38.58349408967326,27.388505159569707,21.949570832800468,0.01718103810947724,1.2648686672627385,0.343995222845161,7.549107494336116e-7,5.001302707190014,0.0,286.28215804950133,1009.2833753832599
1921.4963500975425,98282.37485433184,19.398190137619128,-134.41295035392858,7911.301773696914,7625.725108750998,-1.3179049641240455,38.592344109512716,27.396279673373673,22.278114024858656,0.01743927378817967,1.4293008951724808,0.31531526007587146,7.662070196146015e-7,5.038615383229348,0.0,288.79212695172487,1011.160594301064
1921.996350097542,98200.85971612297,19.424693487858047,-134.39065209161868,7911.317696600673,7625.740220284042,-1.3173457208938002,38.60120837265842,27.40405186336814,22.61138812365959,0.01770125807109871,1.5784295054479598,0.2828192006642626,7.776661713910521e-7,5.076183704864958,0.0,291.3208160402853,1013.0401707655025
1922.4963500975416,98119.38804988284,19.45119387814557,-134.3683455590961,7911.332281780341,7625.753987117104,-1.3167861555382658,38.610086886246584,27.41182165544698,22.94945812496245,0.017966993400832763,1.710406362745758,0.24675537367886155,7.892904539639601e-7,5.11400919015303,0.0,293.8683535171517,1014.9221024476478
1922.9963500975412,98037.95988055784,19.47769129754494,-134.34603074688894,7911.3455108132675,7625.766390823168,-1.3162263319928755,38.6189796573907,27.419588975660186,23.292389882372177,0.018236480444252384,1.8235208394781643,0.2074254012068155,8.010821465823119e-7,5.152093365584692,0.0,296.4348683454138,1016.8063870769045
1923.4963500975407,97956.57522870693,19.504185735050502,-134.32370764557584,7911.357365248023,7625.777412947605,-1.3156663234268238,38.62788669318178,27.427353750284116,23.640250121230764,0.018509720328586228,1.9162263379735918,0.1651835786491636,8.130435590361784e-7,5.19043776644763,0.0,299.0204902535909,1018.6930224559782
1923.9963500975402,97875.23410986923,19.53067717958762,-134.30137624578623,7911.367826597577,7625.787035001348,-1.3151062120057542,38.63680800068883,27.43511590585856,23.993106452976395,0.018786717073719268,1.9871663142869591,0.12043549324165766,8.25177032168423e-7,5.229043937195963,0.0,301.62534974012317,1020.5820064757263
1924.4963500975398,97793.9365339987,19.557165620012512,-134.2790365382006,7911.376876321733,7625.795238443289,-1.3145460885154379,38.645743586959696,27.442875369178953,24.351027389550477,0.019067480117316283,2.035199410896307,0.07363583456479762,8.374849383909623e-7,5.267913431779706,0.0,304.2495780780381,1022.4733371275208
1924.9963500975393,97712.68250489514,19.583651045111978,-134.25668851355087,7911.3844957986375,7625.802004651721,-1.3139860518400677,38.65469345902159,27.45063206724964,24.71408235814717,0.019352026813423732,2.059423284392018,0.02528535901445633,8.499696822160058e-7,5.307047813965148,0.0,306.8933073197801,1024.367012514727
1925.4963500975389,97631.47201969288,19.610133443603043,-134.23433216262077,7911.390666285756,7625.807314885231,-1.313426208290469,38.66365762388228,27.4583859271938,25.082341716035405,0.019640384772658514,2.0591966976326206,-0.024073020009097355,8.626337007931873e-7,5.346448657616234,0.0,309.55667030219,1026.2630308618861
1925.9963500975384,97550.30506838765,19.6366128041325,-134.21196747624657,7911.395368871283,7625.811150233987,-1.3128666707793077,38.67263608853101,27.466136876125105,25.455876765530164,0.01993259390599402,2.034159434500954,-0.0738590330547932,8.754794644552921e-7,5.386117546946239,0.0,312.2398006516179,1028.1613905221286
1926.496350097538,97469.18163343985,19.663089115276204,-134.18959444531768,7911.398584417559,7625.813491563015,-1.3123075578427805,38.681628859939735,27.473884840983192,25.834759768931868,0.02022870803450292,1.9842495901415105,-0.1234607506159526,8.885094772662669e-7,5.426056076722346,0.0,314.9428327891511,1030.0620899820553
1926.9963500975375,97388.10168943647,19.689562365538215,-134.16721306077747,7911.400293498644,7625.814319449599,-1.3117489925106036,38.69063594506433,27.481629748342197,26.21906396350291,0.020528795936044068,1.9097177911741592,-0.1722411635708349,9.017262775736313e-7,5.466265852433949,0.0,317.66590193593584,1031.9651278646909
1927.496350097537,97307.06520283129,19.716032543349712,-134.1448233136245,7911.400476334687,7625.813614117465,-1.3111911010289852,38.699657350845996,27.489371524200013,26.608863576382543,0.02083294171670069,1.811137909608092,-0.2195456215290628,9.151324385614786e-7,5.50674849041852,0.0,320.40914411856977,1033.8705029302905
1927.9963500975366,97226.07213179115,19.74249963706773,-134.12242519491366,7911.399112726239,7625.811355370885,-1.3106340114440107,38.708693084212655,27.497110093756813,27.004233839293338,0.021141244420422704,1.6894138517168062,-0.2647100852798669,9.287305687984152e-7,5.547505617935446,0.0,323.17269617454855,1035.778214074634
1928.4963500975362,97145.12242611311,19.76896363497365,-134.1000186957576,7911.396181991879,7625.807522532077,-1.3100778520563732,38.717743152080374,27.50484538119834,27.405251003194177,0.02145381682467948,1.545782029600096,-0.3070701311232105,9.425233127850207e-7,5.588538873210521,0.0,325.9566957577376,1037.688260325955
1928.9963500975357,97064.21602729522,19.79542452527146,-134.0776038073284,7911.391662912706,7625.8020943854735,-1.3095227497610646,38.72680756135486,27.512577309488993,27.811992352458258,0.021770783411145526,1.3818091590746366,-0.34597062551912294,9.565133514854444e-7,5.62984990541497,0.0,328.76128134385317,1039.600640838893
1929.4963500975352,96983.35286866967,19.82188229608599,-134.05518052085912,7911.38553368718,7625.795049132318,-1.308968828289716,38.73588631893293,27.52030580019574,28.22453621900027,0.022092277548806074,1.199385073301317,-0.38077596848194123,9.707034028567572e-7,5.671440374630515,0.0,331.5865922359274,1041.5153548879446
1929.9963500975348,96902.53287568688,19.848336935460893,-134.03274882764586,7911.37777189954,7625.78636435885,-1.308416206376394,38.74497943170393,27.528030773346288,28.64296199589235,0.022418437977758943,1.0007102974284448,-0.4108807837948902,9.850962223591936e-7,5.713311951761159,0.0,334.43276856974387,1043.4324018586467
1930.4963500975343,96821.75596631691,19.87478843135662,-134.01030871904953,7911.368354504502,7625.7760170207775,-1.3078649958711281,38.75408690655122,27.535752147334502,29.06735015059684,0.022749404735146014,0.7882781955862175,-0.4357209137966542,9.996946034506914e-7,5.755466318412749,0.0,337.2999513192179,1045.3517812375335
1930.9963500975339,96741.02205158677,19.901236771648392,-133.98786018649767,7911.357257830245,7625.763983446036,-1.3073152998288986,38.763208750353506,27.54346983887843,29.497782237677352,0.023085314714965513,0.5648515776920863,-0.4547845566175434,1.0145013780600567e-6,5.797905166733574,0.0,340.18828230171107,1047.2734926006167
1931.4963500975334,96660.33103621937,19.927681944124203,-133.96540322148647,7911.344457600762,7625.750239356945,-1.3067672106052393,38.77234496998613,27.551183763038463,29.934340911119296,0.02342629709841982,0.3334337393787039,-0.4676233647869421,1.0295194170425038e-6,5.840630199235111,0.0,343.09790418325895,1049.1975356013088
1931.996350097533,96579.6828194242,19.95412393648299,-133.94293781558247,7911.329928977564,7625.734759911707,-1.306220807992129,38.78149557232222,27.558893833290565,30.37710993593224,0.023772468926108736,0.09723400335010896,-0.4738633066102273,1.0447516306057997e-6,5.8836431285650646,0.0,346.02896048369615,1051.1239099565728
1932.4963500975325,96499.07729579322,19.980562736332995,-133.92046396042403,7911.313646619473,7625.717519764058,-1.3056761574312032,38.790660564233846,27.566599961654845,30.826174199205305,0.024123931105331967,-0.14037206624515422,-0.47321507617396796,1.0602009687126918e-6,5.926945677252905,0.0,348.98159558166367,1053.0526154322708
1932.996350097532,96418.51435632259,20.00699833119029,-133.89798164772284,7911.295584758027,7625.698493138512,-1.3051333083430197,38.79983995259279,27.574302058868362,31.28161972041922,0.02448076515017954,-0.3758874944000085,-0.4654838248663395,1.075870421453031e-6,5.970539577409745,0.0,351.95595471947587,1054.9836518269467
1933.4963500975316,96337.99388952553,20.03343070847773,-133.87549086926506,7911.275717284692,7625.677653917461,-1.30459229261294,38.8090337442713,27.582000034591843,31.743533661106614,0.024843030937426323,-0.6057433726168577,-0.45057797750022316,1.0917630193893216e-6,6.014426570390493,0.0,354.9521840078287,1056.91701895446
1933.9963500975311,96257.51578265335,20.059859855524106,-133.85299161691213,7911.2540178449735,7625.654975735186,-1.3040531232756103,38.81824194614252,27.589693797631085,32.21200433365748,0.02521076572481034,-0.826352464749555,-0.4285168901141572,1.1078818338697246e-6,6.0586084063958765,0.0,357.97043043032426,1058.8527166245449
1934.4963500975307,96177.07992298715,20.08628575956371,-133.83048388260136,7911.230459933569,7625.6304320729505,-1.3035157934398678,38.82746456508072,27.59738325615532,32.687121209360946,0.02558398462055202,-1.034166300949224,-0.39943710491247897,1.1242299773130737e-6,6.103086844018306,0.0,361.01084184778387,1060.790744621556
1934.9963500975302,96096.68619918823,20.112708407736235,-133.80796765834626,7911.205016984067,7625.603996348636,-1.3029802754956892,38.83670160796111,27.605068317890108,33.16897492563218,0.025962682614280794,-1.2257349976992815,-0.36359696118233986,1.1408106034659757e-6,6.147863649720273,0.0,364.0735670023159,1062.7311026809919
1935.4963500975298,96016.33450269792,20.139127787086856,-133.7854429362365,7911.177662446368,7625.57564199414,-1.302446520643195,38.845953081659424,27.61274889026103,33.65765729235293,0.026346838183146367,-1.3977689233336466,-0.3213793299461808,1.1576269076316471e-6,6.192940597231105,0.0,367.1587555211026,1064.6737904632846
1935.9963500975293,95936.02472915873,20.165543884566723,-133.762909708438,7911.148369845258,7625.545342513946,-1.3019144587812939,38.855218993050805,27.620424880466924,34.15326129736769,0.026736418377426047,-1.5472012157934156,-0.27329225507079863,1.1746821268742525e-6,6.238319466858256,0.0,370.26655791986707,1066.6188075248094
1936.4963500975289,95855.7567798011,20.19195668703345,-133.74036796719236,7911.117112814169,7625.513071518883,-1.3013839987899145,38.86449934900862,27.62809619546614,34.65588111136945,0.02713138517367021,-1.6712500558206405,-0.21996730497741385,1.191979540209165e-6,6.284002044726743,0.0,373.39712560597394,1068.5661532868123
1936.9963500975284,95775.53056284692,20.218366181251728,-133.71781770481675,7911.083865099348,7625.478802730327,-1.3008550292347731,38.87379415640232,27.635762741853675,35.16561209176652,0.027531702767450227,-1.767479507627587,-0.16215546729808425,1.2095224687673354e-6,6.329990121902455,0.0,376.5506108811231,1070.5158270004831
1937.496350097528,95695.34599480219,20.244772353893893,-133.6952589137036,7911.048600531313,7625.442509951703,-1.3003274195181072,38.88310342209508,27.643424425629842,35.682550786254055,0.02793734537306274,-1.8338576637589483,-0.10072045399562472,1.2273142759605964e-6,6.376285493460638,0.0,379.7271669435903,1072.4678277109124
1937.9963500975275,95615.20300169475,20.2711751915403,-133.6726915863204,7911.011292962527,7625.4041670062215,-1.299801021490799,38.89242715294064,27.651081151850963,36.20679493571367,0.028348305010492538,-1.8688107748856995,-0.036629326649828854,1.2453583676363858e-6,6.422889957462313,0.0,382.9269478899801,1074.4221542184398
1938.496350097527,95535.10152016208,20.29757468067939,-133.65011571520992,7910.9719161726,7625.363747642175,-1.2992756715337699,38.9017653557795,27.65873282417611,36.73844347705428,0.028764598703393096,-1.8712720121153434,0.029059599315523,1.2636581922437166e-6,6.469805313894428,0.0,386.1501087164533,1076.3788050398337
1938.9963500975266,95455.04149840865,20.32397080770737,-133.62753129299062,7910.93044374491,7625.3212254096725,-1.2987511931061209,38.91111803743459,27.666379344321758,37.277596545928816,0.02918627449148426,-1.8407235024443198,0.09521155705822452,1.2822172410080465e-6,6.517033363571397,0.0,389.39680531941707,1078.337778369232
1939.4963500975261,95375.02289696783,20.35036355892741,-133.60493831235766,7910.886848921027,7625.2765735152125,-1.2982273997473617,38.92048520470618,27.674020611453827,37.82435547986195,0.029613415685819187,-1.7772303003693142,0.16063276133460402,1.301039048132409e-6,6.564575907052789,0.0,392.66719449566637,1080.2990720411317
1939.9963500975257,95295.04568925127,20.376752920548263,-133.58233676608424,7910.841104441703,7625.229764662875,-1.2977040985092785,38.92986686436624,27.68165652155064,38.378822822071754,0.030046142868513398,-1.6814650132424127,0.22409032914547275,1.3201271910324644e-6,6.612434743612147,0.0,395.96143394199555,1082.2626834968007
1940.4963500975252,95215.10986186285,20.403138878682274,-133.55972664702347,7910.793182385048,7625.180770892733,-1.2971810937807962,38.93926302315227,27.68928696677754,38.94110232636204,0.03048461326165096,-1.5547218870790924,0.28433447392075045,1.3394852906154256e-6,6.660611670302713,0.0,399.27968225431715,1084.2286097558638
1940.9963500975248,95135.21541464608,20.429521419342848,-133.53710794811096,7910.743054013815,7625.129563428434,-1.2966581914559354,38.94867368776054,27.69691183491971,39.51129896356848,0.030929017259794456,-1.398919285012236,0.3401226850765055,1.3591170116155776e-6,6.70910848117637,0.0,402.62209892634877,1086.1968473951722
1941.4963500975243,95055.36236044485,20.455900528441344,-133.5144806623675,7910.690689644134,7625.076112546296,-1.2961352033826403,38.958098864839094,27.704531008920267,40.0895189300198,0.03137957212905349,-1.2165896535299519,0.3902455292913132,1.3790260629977495e-6,6.757926966710115,0.0,405.98884434795895,1088.1673925368748
1941.9963500975239,94975.5507245548,20.48227619178417,-133.4918447829021,7910.636060131501,7625.0203890632065,-1.295611951944228,38.967538560980735,27.71030672614922,40.67317397015607,0.03183440322821711,-1.0108562936132535,0.43355322449666284,1.3991234684142771e-6,6.8068433521208975,0.0,409.38006250620043,1090.1312099199552
1942.4963500975234,94895.78054380137,20.508648395109685,-133.46920030288018,7910.579157914513,7624.96238540073,-1.295088273970172,38.97699278272898,27.71191455991472,41.258802504746114,0.03229095888489775,-0.7853977950552464,0.4689789284064328,1.4192901975937235e-6,6.855567733386199,0.0,412.79565211226077,1092.0768247572705
1942.996350097523,94816.05186526198,20.535017124113523,-133.44654721550253,7910.519959054723,7624.90207758976,-1.2945640274258499,38.986461536576996,27.713513403002835,41.852526234540626,0.03275418130587093,-0.5443971938992408,0.49557798894172833,1.43973688687546e-6,6.904608925752753,0.0,416.2356830414551,1094.0246458311833
1943.4963500975225,94736.36474492121,20.5613823643838,-133.42388551406066,7910.458430554248,7624.839432595579,-1.2940390956173657,38.99594482894359,27.715103131984975,42.454451228613685,0.033224284566035156,-0.29247420274762814,0.5125513819928963,1.4604672481068382e-6,6.953968614369382,0.0,419.700314120734,1095.974667620858
1943.996350097522,94656.71924586687,20.587744101391138,-133.40121519194597,7910.394538493644,7624.7744164639325,-1.2935133912409362,39.00544266616551,27.716683619896518,43.06468478289092,0.03370145197147029,-0.03460680284769532,0.5192690822950461,1.4814850376918376e-6,7.003648482301466,0.0,423.1897050190478,1097.9268842869997
1944.4963500975216,94577.11543620937,20.614102320485475,-133.37853624265279,7910.32824818965,7624.706994479441,-1.2929868604740993,39.01495505449194,27.718254736858956,43.68333544773352,0.03418582556548203,0.22395928760097353,0.5152937792579928,1.5027940575546702e-6,7.053650212005472,0.0,426.7040162466579,1099.8812897377402
1944.9963500975211,94497.55338674504,20.640457006893524,-133.35584865978083,7910.259524392814,7624.637131363884,-1.292459486590893,39.02448200008018,27.719816350853108,44.31051305951841,0.03467749847181706,0.47781234467913514,0.5004018359174007,1.524398156221771e-6,7.103975487147759,0.0,430.24340915527443,1101.8378777058954
1945.4963500975207,94418.03316837549,20.666808145716953,-133.33315243703714,7910.188331510586,7624.564791499917,-1.2919312929718572,39.03402350899211,27.72136832859073,44.94632877626811,0.03517651103226176,0.7214860031531576,0.47460074072617087,1.5463012300280829e-6,7.154625994734677,0.0,433.80804593918157,1103.7966418358642
1945.9963500975202,94338.55484937225,20.693155721931312,-133.3104475682374,7910.114633837846,7624.489939162164,-1.291402345381991,39.04357958719233,27.722910536416848,45.59089511669348,0.035682851451275796,0.94957831562842,0.4381423177173525,1.568507224431864e-6,7.2056034274582155,0.0,437.39808963748607,1105.7575757761008
1946.4963500975198,94259.11849249527,20.719499720385716,-133.28773404730646,7910.038395774421,7624.412538735195,-1.2908727533970175,39.053150240547694,27.724442841168145,46.24432600256267,0.036196461318677334,1.1568762092774008,0.3915309982884171,1.5910201354429705e-6,7.256909486201499,0.0,441.01370413758326,1107.720673274781
1946.9963500975193,94179.72415206023,20.745840125803348,-133.26501186827844,7909.959582008439,7624.332554897213,-1.290342670868556,39.062735474828195,27.725965110908202,46.906736803545535,0.0367172459606754,1.3384827089170837,0.3355265191502812,1.6138440111445313e-6,7.308545882586118,0.0,444.65505417988777,1109.685928274015
1947.4963500975189,94100.37187100202,20.77217692278238,-133.24228102529608,7909.878157645559,7624.249952749459,-1.2898122953338207,39.072335295709905,27.727477215465775,47.57824438399219,0.037245089102470014,1.489943997959611,0.27114049702746484,1.6369829532991062e-6,7.360514341471227,0.0,448.32230536383304,1111.6533349992178
1947.9963500975184,94021.06167800818,20.798510095797337,-133.21954151261016,7909.794088267332,7624.16469787454,-1.2892818662953478,39.08194970877902,27.728979026713173,48.258967150847276,0.03777987085122757,1.6073731408551546,0.19962644205666766,1.6604411190212237e-6,7.412816603301148,0.0,452.01562415508533,1113.62288803988
1948.496350097518,93941.79358482361,20.824839629200504,-133.19679332457835,7909.707339907201,7624.076756312212,-1.2887516623190107,39.091578719537864,27.730470418540683,48.949025101627406,0.0383214875739503,1.6875671047404495,0.12246290836032717,1.6842227224873954e-6,7.465454426189468,0.0,455.7351778938692,1115.5945824178357
1948.9963500975175,93862.56758377049,20.851165507223175,-133.17403645566475,7909.617878939577,7623.986094448009,-1.288221996927116,39.10122233341216,27.731951266509117,49.64853987187101,0.038869871901120005,1.7281136064780938,0.0413296409998669,1.7083320366688964e-6,7.518429587680756,0.0,459.48113480425906,1117.568413641254
1949.496350097517,93783.3836455876,20.87748771397642,-133.15127090043936,7909.5256718855535,7623.892678818289,-1.2876932132941596,39.11088055575967,27.733421447190782,50.35763478096795,0.039425010880645255,1.727484285789036,-0.041923238441174626,1.7327733950520948e-6,7.571743886111393,0.0,463.2536640042523,1119.5443777419487
1949.9963500975166,93704.24171767384,20.903806233451093,-133.12849665357854,7909.43068514747,7623.7964758439475,-1.287165677788355,39.120553391879824,27.734880837241665,51.07643487545775,0.039986960279526036,1.6851107762274626,-0.12531276289749096,1.7575511933133427e-6,7.6253991415265725,0.0,467.05293551641137,1121.5224712950123
1950.4963500975161,93625.14172279648,20.930121049516895,-133.10571370986602,7909.33288469295,7623.697451513404,-1.2866397724386858,39.130240847024574,27.73632931227793,51.805066969134415,0.04055585320997559,1.6014404221163598,-0.20676690469554715,1.7826698909196958e-6,7.6793971961506555,0.0,470.8791202788564,1123.5026914213072
1950.9963500975157,93546.08355831541,20.95643214592038,-133.08292206419506,7909.2322357160465,7623.595571042571,-1.2861158864469848,39.13994292640955,27.737766745656533,52.54365967942749,0.04113190165186871,1.4779686778304424,-0.28417392283750076,1.8081340126269592e-6,7.733739914436641,0.0,474.7323901563844,1125.4850357743674
1951.4963500975152,93467.06709604524,20.98273950628194,-133.06012171157133,7909.128702308153,7623.49079854449,-1.2855944069038223,39.14965963522577,27.73919300727596,53.29234345888493,0.04171539004096943,1.3172456298161932,-0.3554363480551662,1.8339481498206483e-6,7.788429182688685,0.0,478.6129179515031,1127.469502512072
1951.9963500975148,93388.09218272101,21.009043114091675,-133.03731264711675,7909.0222471732795,7623.3830967432805,-1.2850757089072222,39.15939097865151,27.740607962523853,54.051250622020774,0.042306660857049594,1.122854602059498,-0.41852845018141704,1.8601169616922425e-6,7.843466908367751,0.0,482.5208774151983,1129.4560902576104
1952.4963500975143,93309.15864115674,21.03534295270459,-133.01449486607405,7908.912831420761,7623.272426765549,-1.2845601453198774,39.16913696186389,27.742011471490354,54.820515366614025,0.04290609301166096,0.8993614392102951,-0.4715558118589408,1.8866451762014084e-6,7.898855019105265,0.0,486.4564432572746,1131.4447980510447
1952.9963500975139,93230.26627208386,21.061639005335337,-132.99166836381156,7908.800414463072,7623.158748036945,-1.284048036436041,39.1788975900501,27.743403388548135,55.60027378941263,0.043514074721370935,0.6522338009796391,-0.5128154309807572,1.9135375908055065e-6,7.95459546150728,0.0,490.41979115614976,1133.4356252947694
1953.4963500975134,93151.41485667415,21.087931255052826,-132.96883313582828,7908.684954037399,7623.042018302608,-1.2835396598580506,39.18867286841772,27.744783562367537,56.390663895914564,0.04413097335638052,0.3877306350140339,-0.5408546006867514,1.9407990729307623e-6,8.010690199796038,0.0,494.41109776800715,1135.4285716947757
1953.996350097513,93072.60415972397,21.114219684775314,-132.94598917775843,7908.56640635744,7622.922193777982,-1.283035240906527,39.19846280220419,27.746151836391,57.191825603997096,0.0447571053718564,0.11276290684303589,-0.5545266796587186,1.968434560167853e-6,8.067141214319852,0.0,498.43054073523774,1137.4236371989964
1954.4963500975125,92993.83393344376,21.140504277266206,-132.92313648537552,7908.444726387774,7622.799229422386,-1.2825349439031548,39.20826739668468,27.74750804974066,58.00390074129795,0.045392709759815894,-0.1652723664164374,-0.5530417762679709,1.996449060185894e-6,8.12395049994307,0.0,502.4782986941061,1139.4208219332731
1954.996350097512,92915.1039217664,21.166785015131083,-132.90027505459506,7908.3198682181865,7622.6730793127435,-1.2820388646710896,39.21808665717853,27.748852038478912,58.827033036369535,0.046037928422784515,-0.4386817328587075,-0.5360103368522268,2.024847650370883e-6,8.181120064302915,0.0,506.55455128157763,1141.4201261346075
1955.4963500975116,92836.41386514716,21.193061880816213,-132.8774048814763,7908.191785501614,7622.5436970811315,-1.2815470245931564,39.227920589053326,27.750183637090505,59.661368102809796,0.046692796419253564,-0.6996845273801287,-0.503477659262049,2.053635477174924e-6,8.238651925830801,0.0,510.6594791412224,1143.4215500782695
1955.9963500975111,92757.76350563765,21.219334856608587,-132.85452596222265,7908.06043190835,7622.411036368794,-1.2810593665507346,39.237769197727,27.751502680018792,60.50705341741389,0.04735724416649017,-0.9406366853512348,-0.4559474548275293,2.082817755233845e-6,8.296548111536259,0.0,514.793263928071,1145.4250939989633
1956.4963500975107,92679.15259218588,21.24560392463748,-132.83163829318036,7907.925761542745,7622.275051242826,-1.280575753035867,39.2476324886669,27.752809003061394,61.36423829156487,0.04803111245493232,-1.1542632386145546,-0.3943927603767715,2.112399766254254e-6,8.35481065440283,0.0,518.9560883122691,1147.4307580011246
1956.9963500975102,92600.58088597562,21.271869066877372,-132.8087418708367,7907.787729268073,7622.1356965211935,-1.2800959666856377,39.25751046738596,27.75410244443169,62.233073836573425,0.048714179641853005,-1.333892796091964,-0.32025276006618314,2.1423868577260437e-6,8.41344159034083,0.0,523.1481359813226,1149.438541956911
1957.4963500975098,92522.04816563893,21.29813026515156,-132.7858366918167,7907.646290891416,7621.992927957929,-1.2796197134297371,39.267403139435665,27.755382845314323,63.1137129236482,0.04940619880203451,-1.4736866724952615,-0.23541441513659098,2.1727844415154017e-6,8.472442954643542,0.0,527.3695916406964,1151.448445390561
1957.9963500975093,92443.5542321587,21.324387501136247,-132.76292275288029,7907.5014031733035,7621.846702253196,-1.2791466283712432,39.27731051039519,27.756650049790206,64.00631013970245,0.05010694111367768,-1.5688548786497964,-0.14217821584831505,2.203597992407361e-6,8.531816777947723,0.0,531.620641012517,1153.4604673497035
1958.4963500975089,92365.09891329799,21.350640756364058,-132.74000005091932,7907.353023645643,7621.6969768717845,-1.2786762844365955,39.28723258585696,27.757903904074585,64.91102174044387,0.05081624055682179,-1.6158509633479397,-0.04320785795501246,2.234833046666895e-6,8.591565081747992,0.0,535.9014708321378,1155.4746062658178
1958.9963500975084,92286.68206736259,21.376890012226678,-132.71706858295576,7907.201110244463,7621.54370967657,-1.2782082037362037,39.297169371408614,27.759144255096107,65.82800560313169,0.051534034299794536,-1.61253773321751,0.05853580332315578,2.2664952007078275e-6,8.651689873620214,0.0,540.2122688423817,1157.4908598094942
1959.496350097508,92208.30358613655,21.403135249975627,-132.69412834614138,7907.045620788688,7621.386858408126,-1.2777418714736128,39.30712087261104,27.760370948533858,66.75742118169126,0.05226039310791722,-1.5583162019025036,0.15987556906364125,2.2985901099546632e-6,8.712193142376544,0.0,544.5532237853683,1159.509224748163
1959.9963500975075,92129.96339679044,21.429376450721147,-132.67117933775887,7906.886512359264,7621.226380064909,-1.2772767521319845,39.3170870949735,27.761583826515007,67.69942946807032,0.052995536825384354,-1.454210753382043,0.25751189751248865,2.331123488007871e-6,8.773076853499365,0.0,548.9245253919717,1161.5296968177709
1960.496350097507,92051.6614627,21.455613595428478,-132.6482215552258,7906.723740651503,7621.062230256858,-1.2768123075553053,39.32706804392582,27.762782725239706,68.65419296276944,0.05373983145956976,-1.302904457464445,0.3481278623467135,2.3641011061757716e-6,8.834342945175573,0.0,553.3263643691283,1163.5522706185498
1960.9963500975066,91973.39778296743,21.481846664912013,-132.6252549961,7906.557259383965,7620.894362615788,-1.276348016432272,39.33706372478859,27.763967472841674,69.62187565977275,0.054493766540769414,-1.108719748066062,0.4285022105375881,2.397528793503801e-6,8.895993325422996,0.0,557.7589323854194,1165.5769395501768
1961.4963500975061,91895.17239067238,21.508075639827357,-132.60227965808713,7906.387019847403,7620.722728346104,-1.2758833945888364,39.347074142742535,27.765137887788523,70.60264304866197,0.05525791402255429,-0.8775412536442392,0.4956270720389857,2.431412437341995e-6,8.958029870639136,0.0,562.2224220555541,1167.6036957957074
1961.9963500975057,91816.98534973059,21.53430050066212,-132.57929553904893,7906.212970665862,7620.54727598794,-1.2754180154042292,39.357099302798154,27.766293778087267,71.59666213862049,0.056032872726100504,-0.61667942682381,0.5468263528119829,2.4657579845590606e-6,9.020454425999121,0.0,566.7170269245772,1169.6325303663755
1962.4963500975052,91738.83675043005,21.56052122772607,-132.55630263701298,7906.035057819053,7620.367951441798,-1.2749515295928386,39.36713920976658,27.767434941472995,72.60410150652464,0.05681920482989011,-0.3346757146414262,0.5798704215682691,2.5005714434344276e-6,9.083268807912876,0.0,571.242941452781,1171.6634332118367
1962.9963500975048,91660.72670369782,21.58673780114183,-132.53330095018092,7905.853224942798,7620.184698271393,-1.2744836835429345,39.37719386823376,27.768561166640538,73.62513137103441,0.05761737276569255,-0.04105228454018515,0.5930824093281347,2.535858886267134e-6,9.146474808657503,0.0,575.8003610023931,1173.6963933971786
1963.4963500975043,91582.65533419605,21.61295020083682,-132.51029047693652,7905.6674138858425,7619.997458262945,-1.2740143353810265,39.387263282538854,27.76967223543821,74.65992369331107,0.058427685731012445,0.2539882979429195,0.5854313082606287,2.571626452719994e-6,9.210074203127178,0.0,580.3894818271104,1175.7313993423818
1963.9963500975039,91504.62277247012,21.63915840653752,-132.48727121585125,7905.477565462119,7619.806172179764,-1.2735434679389217,39.39734745675827,27.77076792579607,75.70865230245211,0.059250264596688446,0.5399056418918331,0.5566071081331565,2.607880353857751e-6,9.274068757389646,0.0,585.010501065481,1177.7684391120144
1964.4963500975034,91426.6291463254,21.665362397766376,-132.4642431656877,7905.283620302958,7619.610780616552,-1.2730711978463876,39.40744639469671,27.77184801503656,76.77149304331189,0.0600850321677552,0.8061962308800916,0.5070734662217301,2.6446268768510785e-6,9.338460238629564,0.0,589.6636167389319,1179.8075007399673
1964.996350097503,91348.67457175627,21.69156215384169,-132.44120632540054,7905.085519690057,7619.411224833932,-1.2725977800546544,39.41756009988592,27.772912283124807,77.84862394145809,0.060931732635943536,1.0427879848580845,0.43809388453060255,2.681872390241257e-6,9.40325042582132,0.0,594.3490277549779,1181.8485725671676
1965.4963500975025,91270.7591437269,21.71775765388016,-132.41816069413494,7904.883206241876,7619.207447445771,-1.2721236072187911,39.427688575591716,27.7739605153871,78.94022537948027,0.06178997996354074,1.2404405727892884,0.3517280733930983,2.7196233496566907e-6,9.46844112042562,0.0,599.0669339158079,1183.8916435695871
1965.996350097502,91192.882927184,21.743948876801383,-132.39510627122317,7904.6766243369875,7618.999392842613,-1.2716492035281528,39.43783182482963,27.77499250426318,80.04648027721909,0.06265933038116499,1.3911359277093354,0.250796110104147,2.7578863038180156e-6,9.534034156335924,0.0,603.8175359320591,1185.9367036526673
1966.4963500975016,91115.04594864976,21.770135801333417,-132.37204305618056,7904.465720188104,7618.787007264847,-1.2711752127709768,39.44798985038869,27.776008049769093,81.16757426871881,0.06353936984438034,1.4884424971008565,0.1388091413360834,2.7966679006642914e-6,9.600031408399923,0.0,608.6010354412377,1187.9837438923385
1966.9963500975011,91037.2481888216,21.79631840601806,-132.34897104870146,7904.250441527831,7618.570238486607,-1.2707023806481765,39.458162654862825,27.777006958517802,82.30369586777228,0.06442980391292075,1.5278364602931929,0.019866702917821628,2.835974893373347e-6,9.666434798917678,0.0,613.4176350299134,1190.032756706007
1967.4963500975007,90959.4895765325,21.82249666921455,-132.32589024865658,7904.030736925651,7618.349035129949,-1.2702315316046437,39.46835024068892,27.777989041360208,83.45503661543383,0.06533053578295031,1.506963544315948,-0.10147779819060733,2.875814146061512e-6,9.73324630177498,0.0,618.2675382585816,1192.0837359454595
1967.9963500975002,90881.7699844176,21.848670569100754,-132.30280065609256,7903.806554817276,7618.123345690552,-1.2697635407160537,39.47855261019005,27.77895410993417,84.62179120372511,0.06624171862783265,1.4258262312741503,-0.22038032801841767,2.9161926389297537e-6,9.800467944100532,0.0,623.1509496879738,1194.136676911029
1968.4963500974998,90804.08922662213,21.8748400836708,-132.27970227123458,7903.577842382092,7617.893117410871,-1.269299301443628,39.4887697656223,27.779901972608926,85.80415757062777,0.06716377120828844,1.2868831064890136,-0.3318934841949094,2.957117472605212e-6,9.86810180555441,0.0,628.068074905593,1196.1915762930587
1968.9963500974993,90726.44705876801,21.901005190729286,-132.2565950944919,7903.344544442033,7617.658295174342,-1.2688396903368548,39.49900170922363,27.780832430452783,87.00233696377472,0.06809735074338294,1.0950498459996667,-0.43117149754156603,2.9985958714665474e-6,9.93615001561816,0.0,633.0191205513755,1198.2484320544438
1969.4963500974989,90648.84318032302,21.927165867882255,-132.2334791264665,7903.10660256721,7617.41882060626,-1.2683855300107836,39.509248443262315,27.781745273897698,88.21653397156909,0.06904328371761909,0.8575948445251227,-0.5136852664137063,3.0406351857626814e-6,10.004614749393381,0.0,638.0042943416046,1200.3072432715917
1969.9963500974984,90571.27723948564,21.95332209252599,-132.21035436796333,7902.863954554804,7617.174631548164,-1.2679375519348033,39.51950997008377,27.782640280706964,89.44695652057507,0.07000246268395703,0.5839266585883375,-0.5754384823808926,3.0832428923370184e-6,10.073498222400838,0.0,643.0238050904479,1202.3680099500293
1970.496350097498,90493.74884047452,21.9794738418351,-132.1872208200013,7902.616534397863,7616.925662022616,-1.26749636073081,39.529786292153084,27.783517215675314,90.69381584053487,0.0709757239831576,0.2852751584526571,-0.6131749699392742,3.126426593880737e-6,10.142802684905327,0.0,648.077862728762,1204.4307328312334
1970.9963500974975,90416.25755311176,22.00562109275178,-132.1640784838233,7902.364272784509,7616.671842729163,-1.267062401773347,39.54007741209186,27.784375832213833,91.95732639686887,0.0719637263092131,-0.025726622226308376,-0.6245668069504854,3.170194016638242e-6,10.2125304160159,0.0,653.1666783199946,1206.4954131984516
1971.496350097497,90338.80292437598,22.031763821977698,-132.14092736090376,7902.107098076905,7616.41310202092,-1.2666359339028976,39.55038333270716,27.78521587564315,93.2377057920094,0.0729668520317988,-0.3355476880946346,-0.6083726928296396,3.214553006610474e-6,10.282683717651981,0.0,658.2904640731076,1208.5620526843015
1971.9963500974966,90261.38449153397,22.05790200597019,-132.11776745295253,7901.844937627336,7616.149367219245,-1.2662170089916955,39.560704057010696,27.786037087684925,94.53517463609255,0.07398515134586874,-0.6303338999400198,-0.5645564509572468,3.2595115243544835e-6,10.353264908158431,0.0,663.449433352407,1210.6306530738277
1972.4963500974961,90184.00179635733,22.084035620943244,-132.09459876191454,7901.577719213724,7615.880566048767,-1.2658054599351283,39.571039588226796,27.786839211368978,95.84995638761796,0.07501834348396262,-0.8965301383763198,-0.49435653396817447,3.305077638557279e-6,10.424276315127477,0.0,668.643800684005,1212.701216090414
1972.9963500974957,90106.65439979266,22.110164642873197,-132.0714212899649,7901.305372334467,7615.606627932608,-1.2654008983748017,39.58138992978738,27.78762199542158,97.18227716622172,0.0760658799780196,-1.1215233443820383,-0.4002989644980067,3.3512595186717843e-6,10.495720266915711,0.0,673.8737817583896,1214.7737431504431
1973.4963500974952,90029.34189641383,22.13628904750834,-132.0482350395011,7901.027829105041,7615.327484890106,-1.2650027230936354,39.59175508531256,27.788385197209756,98.53236554085787,0.07712706363289235,-1.294276695015287,-0.2861482792481445,3.39806542696509e-6,10.56759908236532,0.0,679.1395934283182,1216.848235073792
1973.9963500974948,89952.0639279401,22.162408810386477,-132.02504001312775,7900.745033341994,7615.043080630511,-1.26461013902524,39.60213505857916,27.788023677081767,99.89304607592796,0.07819540790852586,-1.4059234163841454,-0.15679676153957217,3.445248266454964e-6,10.639520675194916,0.0,684.4413925754501,1218.9133963019408
1974.4963500974943,89874.82019494846,22.18852390692649,-132.00183621357579,7900.456956671942,7614.753386679205,-1.2642221866307513,39.61252985349938,27.786966556026407,101.26716345134157,0.0792724441557589,-1.450291344580838,-0.01809238957646267,3.4929064611056e-6,10.711633714676156,0.0,689.7791631589165,1220.9735693620696
1974.9963500974939,89797.61046640109,22.21463431241551,-131.97862364371386,7900.163542515447,7614.45834631486,-1.2638377866660266,39.622939474044244,27.78588992539631,102.65941769515534,0.0803614780736154,-1.4243176922949536,0.12342087194245897,3.5412024957881476e-6,10.784180151629082,0.0,695.1530985234067,1223.0356544879255
1975.4963500974934,89720.43458614405,22.24074000195129,-131.95540230660026,7899.864730802604,7614.157899312381,-1.2634557894252199,39.63336392414729,27.78479356542432,104.07003848472695,0.08146273115540655,-1.3283274393411297,0.2607880097464686,3.590144701341531e-6,10.85716206426267,0.0,700.5634158902698,1225.0996465206188
1975.996350097493,89643.29247574601,22.26684095043697,-131.93217220548797,7899.560459366056,7613.851983343019,-1.263075032162496,39.643803207615825,27.78367724866684,105.49925677396331,0.08257685824764971,-1.166157180731259,0.38697610329081994,3.6397414657835415e-6,10.93058145120249,0.0,706.0103335005508,1227.1655378922808
1976.4963500974925,89566.18413330801,22.292937132570533,-131.90893334383497,7899.250662184136,7613.540532222412,-1.262694401445592,39.65425732803541,27.78254073361078,106.94730469533236,0.0837048779761665,-0.9451044167965746,0.4952359246718154,3.690001233008786e-6,11.004440222158417,0.0,711.4940705726593,1229.2333184262566
1976.996350097492,89489.10962810554,22.319028522828404,-131.88568572531938,7898.93526810811,7613.223474643531,-1.2623128972598825,39.66472628867259,27.781383760049938,108.41441555010215,0.08484802294653593,-0.6756927664062535,0.5794735276516414,3.7409325042033085e-6,11.078740194500616,0.0,717.0148472567695,1231.302975308277
1977.4963500974916,89412.06909100246,22.345115095445433,-131.86242935385832,7898.61420037368,7612.900733694558,-1.2619296954700159,39.67521009238129,27.78020604732571,109.9008239054766,0.08600753398447566,-0.3712529489970617,0.6346121693968522,3.7925438422835825e-6,11.153483097410849,0.0,722.5728845893474,1233.3744932687669
1977.9963500974911,89335.06270087231,22.371196824394474,-131.83916423362703,7898.287377058533,7612.572227323318,-1.261544205006234,39.685708741519306,27.779007296021817,111.40676580893071,0.08718443726101666,-0.047329593209196295,0.6569235399034917,3.844843879483895e-6,11.228670584449846,0.0,728.1684044518445,1235.4478549920104
1978.4963500974907,89258.09066749364,22.397273683368702,-131.81589036907602,7897.954712459961,7612.237869721781,-1.2611561160926186,39.69622223788109,27.777787193016525,112.9324791203742,0.08837935097348716,0.27906543823066604,0.6443069924267762,3.8978413280533234e-6,11.304304254346041,0.0,733.8016295377608,1237.523041738784
1978.9963500974902,89181.15321162064,22.42334564576979,-131.79260776494263,7897.616119164751,7611.897573402308,-1.2607654359992695,39.70675058265265,27.776545419059026,114.47820395136804,0.08959236665234868,0.5903220501104179,0.5964964272269594,3.951544993837707e-6,11.380385678645958,0.0,739.4727833318988,1239.6000341377578
1979.4963500974898,89104.25054316781,22.44941268470348,-131.76931642625635,7897.27151041105,7611.551251564573,-1.2603725091983637,39.71729377639339,27.7752816574066,116.0441831886604,0.09082303822427323,0.8691824292968403,0.5151767769875556,4.005963792312231e-6,11.456916433759577,0.0,745.1820901046634,1241.6788130726327
1979.9963500974893,89027.38283862732,22.475474772983283,-131.74601635833668,7896.920802241133,7611.198820251359,-1.259978019436859,39.727851819047785,27.7739956016913,117.63066306941118,0.09207049104492934,1.0997240916925282,0.4039956993171231,4.061106766438376e-6,11.533898134149352,0.0,750.9297749228186,1243.7593605736583
1980.4963500974889,88950.5502189761,22.50153188314044,-131.72270756678574,7896.563914946451,7610.840199793939,-1.2595829720976832,39.738424709988294,27.772686961194278,119.23789376864764,0.09333363689815709,1.268320472125168,0.2684610385884987,4.116983105537143e-6,11.611332463098384,0.0,756.7160636763789,1245.8416606173719
1980.9963500974884,88873.75272943359,22.527583987437527,-131.69939005747707,7896.200773423826,7610.475315165444,-1.2591886562757437,39.74901244808871,27.771355462135286,120.86612995649207,0.09461145491723166,1.3645208320565887,0.11572072066730855,4.173602164197272e-6,11.68922119773533,0.0,762.5411831195765,1247.92569974871
1981.496350097488,88796.99032239057,22.55363105788143,-131.6760638365451,7895.8313062799425,7610.104095079267,-1.2587965872038656,39.759615031824616,27.770000844382654,122.51563128599479,0.09590327874436047,1.3817913105419235,-0.04577126337306366,4.23097348015652e-6,11.767566225874639,0.0,768.4053609223693,1250.0114674665213
1981.9963500974875,88720.26284480654,22.579673066231994,-131.65272891037853,7895.455443800629,7609.726469949227,-1.2584084309626384,39.77023245939602,27.768622854009717,124.18666277802704,0.09720902257050525,1.318062642871695,-0.20669159314061986,4.289106789997788e-6,11.846369553439295,0.0,774.308825728037,1252.098956347898
1982.496350097487,88643.57003110927,22.60570998400296,-131.62938528562023,7895.073115181486,7609.342369108726,-1.2580259147250714,39.780864728865744,27.76722123314727,125.87949508167064,0.09852928643297243,1.1760375848883622,-0.3573682387678144,4.348012041586822e-6,11.92563330277772,0.0,780.251807212172,1254.1881619284736
1982.9963500974866,88566.91150246654,22.63174178245382,-131.60603296917546,7894.684245629066,7608.951717899079,-1.2576507270341366,39.7915118383058,27.765795709358606,127.5944045976877,0.09986530441506015,0.9632223404435015,-0.4883588773280827,4.407699402203412e-6,12.005359703400426,0.0,786.2345361388449,1256.2790823870528
1983.4963500974861,88490.28677287139,22.65776843257326,-131.58267196822703,7894.28875402643,7608.554435322032,-1.257284413695638,39.80217378594301,27.76434598707331,129.33167346477606,0.10121873445210403,0.6916609637678932,-0.5910547026309705,4.4681792615633784e-6,12.085551077622512,0.0,792.2572444107506,1258.3717181061506
1983.9963500974857,88413.69526213035,22.68378990505754,-131.5593022902557,7893.886551777369,7608.1504328719375,-1.2569282756979634,39.812850570295645,27.762871743325775,131.0915894145317,0.10259132799883199,0.3773691911052645,-0.6582723977476768,4.529462229149235e-6,12.166209823741855,0.0,798.320165111458,1260.4660711810186
1984.4963500974852,88337.1363153737,22.709806170288015,-131.53592394306054,7893.477543200624,7607.739614920019,-1.256583276054076,39.823542190292336,27.761372629157414,132.87444550507044,0.10398455230353727,0.03948356979505839,-0.684794223022578,4.59155912561632e-6,12.247338398870227,0.0,804.4235325390929,1262.5621449336895
1984.9963500974848,88260.60922823846,22.735817198313537,-131.51253693477548,7893.061627482665,7607.321880659975,-1.2562499625233976,39.83424864536506,27.75984827671634,134.68053974340464,0.10539925779167708,-0.30083802376113833,-0.6678158160423598,4.654480968434358e-6,12.328939302398911,0.0,810.5675822315833,1264.6599434572513
1985.4963500974843,88184.11327644717,22.761822958842004,-131.48914127387718,7892.638701795115,7606.897127221427,-1.2559284127558683,39.84496993550884,27.758298310618663,136.51017460431106,0.10683548087836311,-0.6217086721376208,-0.607263735872533,4.718238952331808e-6,12.411015059633824,0.0,816.7525509837286,1266.7594711776362
1985.9963500974839,88107.64774806611,22.787823421243935,-131.46573696918236,7892.208664842775,7606.465253217109,-1.2556182074776328,39.85570606130141,27.75672236089252,138.36365645323048,0.1082924460580089,-0.9019239481533122,-0.5059501831493022,4.782844425575774e-6,12.4935682039181,0.0,822.9786768557976,1268.8607323898036
1986.4963500974834,88031.21197646856,22.81381855456743,-131.44232402983468,7891.771419928319,7606.02616180957,-1.2553184359093326,39.86645702387808,27.755120074168744,140.24129488182155,0.10976878432547296,-1.1224048089410603,-0.36954066376771216,4.848308863481038e-6,12.576601254863775,0.0,829.2461991723154,1270.9637307093012
1986.996350097483,87954.80537175015,22.83980832756123,-131.4189024652845,7891.326876667994,7605.579762431269,-1.2550277357174993,39.877222824857775,27.753491119957673,142.14340197497788,0.11126292806334304,-1.2675745098676086,-0.2063213845659424,4.9146438409565985e-6,12.660116690741136,0.0,835.5553585085657,1273.0684683932818
1987.4963500974825,87878.42744832952,22.86579270869989,-131.39547228526652,7890.874950782454,7605.125970581779,-1.254744367527935,39.88800346622035,27.75183518990914,144.07029154184553,0.1127735899843239,-1.3265688170784595,-0.0267663819112053,4.981861006119137e-6,12.74411691444642,0.0,841.9063966616616,1275.1749455212364
1987.996350097482,87802.07784652617,22.89177166620379,-131.3720334997824,7890.415561866119,7604.664705605232,-1.254466321501095,39.898798950137156,27.75015198970213,146.02227836403526,0.1143002008867813,-1.2941824262086263,0.1570809419551636,5.049972057172786e-6,12.828604214803164,0.0,848.2995566033078,1277.2831590842852
1988.4963500974816,87725.7563461503,22.91774516804763,-131.34858611909368,7889.94862959453,7604.195886907452,-1.2541914508463439,39.90960927876176,27.74844122524076,147.99967753531416,0.11584317975059678,-1.1714656329587563,0.3323820103155719,5.118988724763559e-6,12.913580727608418,0.0,854.7350824129126,1279.3931020957978
1988.9963500974811,87649.46287059598,22.94371318195331,-131.32513015372905,7889.47406931254,7603.719429555734,-1.2539176246253485,39.92043445399205,27.74670258659742,150.0028039818001,0.11740394453705327,-0.9659039330624131,0.48638853857536296,5.188922761815353e-6,12.999048403027281,0.0,861.2132191924995,1281.5047628857499
1989.4963500974807,87573.19748045411,22.969675675367156,-131.30166561450594,7888.991788208804,7603.235240466837,-1.2536428899788377,39.93127447721891,27.744935734102434,152.03197225703533,0.11898463755125163,-0.6911387505795766,0.6073820605371016,5.25978594254942e-6,13.0850089870354,0.0,867.7342129685095,1283.6181247616857
1989.9963500974802,87496.96035640314,22.995632615425453,-131.27819251256315,7888.501683221131,7602.7432163276135,-1.2533656322221438,39.942129349080446,27.743140290756195,154.08749669269574,0.12058762010637256,-0.36621867943178965,0.6856006054656609,5.33159007182953e-6,13.17146402382307,0.0,874.298310589317,1285.7331661926655
1990.4963500974798,87420.75177191012,23.02158396891578,-131.25471085939736,7888.003641413079,7602.243243987945,-1.2530847202980733,39.95299906924345,27.741315843663052,156.16969195477134,0.12221486534755038,-0.014405641867724198,0.7140801580051329,5.404347005304373e-6,13.25841488339227,0.0,880.9057596301518,1287.8498616010756
1990.9963500974793,87344.57205710746,23.04752970224318,-131.2312206668954,7887.497542895358,7601.735203398359,-1.2527996250221933,39.963883636233234,27.739461954750954,158.27887400731757,0.1238674220446069,0.3384031519922751,0.6893382820946272,5.478068680003834e-6,13.345862814271214,0.0,887.5568083182059,1289.9681827394788
1991.4963500974789,87268.42155602481,23.07346978140916,-131.2077219473558,7886.983265608379,7601.218972406676,-1.2525104985234126,39.974783047330995,27.73757817827486,160.41536142876728,0.1255451183851874,0.6655414038956066,0.6118329173573888,5.552767154148205e-6,13.433809016241847,0.0,894.2517054894131,1292.0881005093056
1991.9963500974784,87192.30058007408,23.09940417200813,-131.18421471349367,7886.460690656291,7600.694432101814,-1.25221820531688,39.98569729855364,27.735664080316813,162.579476970191,0.12724661813418597,0.941601239849128,0.48614112339570076,5.628454654021632e-6,13.522254723464046,0.0,900.9907005846709,1294.2095869755449
1992.496350097478,87116.20936123375,23.12533283924092,-131.160698978431,7885.929706598604,7600.161471108629,-1.2519242985062322,39.99662638472349,27.733719254458208,164.7715492028354,0.12896984293173908,1.1444717635409796,0.32082022081946127,5.7051436249265554e-6,13.611201285654067,0.0,907.7740436876753,1296.3326172760762
1992.9963500974775,87040.14800869953,23.151255747939736,-131.13717475567566,7885.3902112921805,7599.61998742489,-1.2516309385583793,40.00757029962794,27.731743328483113,166.99191408337487,0.13071266007439827,1.257225117083893,0.12793657479503942,5.7828467825486576e-6,13.700650234929068,0.0,914.6019856002348,1298.4571711349172
1993.496350097477,86964.1164728012,23.177172862594965,-131.11364205909925,7884.842110528756,7599.069887044977,-1.2513407566911725,40.01852903626031,27.72973595935599,169.24091627467584,0.13247363985844454,1.2696856643657168,-0.0777261584175897,5.861577160613264e-6,13.790603328796497,0.0,921.4747779453506,1300.5832337676957
1993.9963500974766,86888.11451965477,23.203084147373534,-131.0901009029217,7884.285313674114,7598.511079577195,-1.2510566698357903,40.029502587125506,27.727696817228853,171.5189100965957,0.13425264410553608,1.1795309134575196,-0.27973902037741954,5.9413481506204725e-6,13.881062564967998,0.0,928.3926732847992,1302.7107960981748
1994.4963500974761,86812.14171947911,23.228989566120433,-131.0665513017111,7883.719727505314,7597.9434720532745,-1.2507816589831005,40.04049094458777,27.725625562851565,173.8262600314372,0.136051038681797,0.9928000401939615,-0.4613115887553683,6.022173529593834e-6,13.972030169627423,0.0,935.3559252372963,1304.8398543470732
1994.9963500974757,86736.19745040871,23.25488908234091,-131.04299327040104,7883.145250136528,7597.3669628238595,-1.2505185270504449,40.05149410123333,27.723521825295858,176.16334076936073,0.13787142674698452,0.7237265283270782,-0.6066941749657164,6.104067472575409e-6,14.063508566144003,0.0,942.3647885855362,1306.9704091769665
1995.4963500974752,86660.28091858327,23.280782659166732,-131.01942682432178,7882.561767054628,7596.781437564924,-1.2502696557583037,40.06251205021924,27.721385187382385,178.53053681956362,0.13971695034558285,0.39386334472917356,-0.7025854298781168,6.187044547471318e-6,14.155500333687236,0.0,949.419519364653,1309.102464627218
1995.9963500974748,86584.3911938183,23.306670259316668,-130.99585197923668,7881.969150743643,7596.186768877712,-1.2500367829556318,40.07354478557874,27.71921518422084,180.9282417400141,0.14159036008227893,0.03052876255986957,-0.7394210850256825,6.271119691322608e-6,14.248008164546517,0.0,956.5203749293667,1311.236027048971
1996.4963500974743,86508.52725870442,23.332551845064074,-130.97226875137227,7881.367264272206,7595.582819858962,-1.2498208220306204,40.08459230245578,27.71701131623807,183.3568570406252,0.14349315312349203,-0.33533617917022046,-0.7124184406412741,6.356308168717251e-6,14.34103482503118,0.0,963.667614000592,1313.371104152253
1996.9963500974739,86432.68806766346,23.35842737822322,-130.94867715743078,7880.755967871923,7594.969450670623,-1.2496217432524916,40.09565459724451,27.71477307315161,185.8167908002513,0.14542508628072176,-0.671747013511778,-0.622261667397738,6.44262551474559e-6,14.434583119094412,0.0,970.861496693331,1315.5077041422787
1997.4963500974734,86356.8726112647,23.384296820160735,-130.9250772145801,7880.135126396267,7594.346525998627,-1.2494385330374265,40.106731667613595,27.71249996118741,188.30845602826298,0.14738426879207084,-0.9484880711056299,-0.475335442790305,6.530087466674522e-6,14.528655848812832,0.0,978.1022845259102,1317.6458348092451
1997.996350097473,86281.07998027187,23.410160131829894,-130.90146894042255,7879.504615051324,7593.713920790962,-1.2492692413319852,40.11782351240279,27.71019152401868,190.8322688091482,0.1493678515891807,-1.1399154482613778,-0.28344819877636473,6.6187098900230934e-6,14.623255763733736,0.0,985.3902404069995,1319.78550239331
1998.4963500974725,86205.30942344759,23.436017273817246,-130.8778523529527,7878.864321186156,7593.0715220614275,-1.2491111198823983,40.128930131386646,27.707847349347908,193.3886463091787,0.15137311434837658,-1.2274896680689225,-0.06302939512106351,6.7085087059186715e-6,14.718385493564687,0.0,992.7256285932511,1321.9267101086925
1998.996350097472,86129.56039332692,23.46186820638526,-130.85422747051874,7878.214141178871,7592.419225793926,-1.2489608456403034,40.14005152491246,27.70546705761037,195.97800479141677,0.15339858507908763,-1.2017813680128413,0.1661653765411161,6.799499827153415e-6,14.814047465461455,0.0,1000.1087146091957,1324.0694563669808
1999.4963500974716,86053.83257475588,23.487712889494592,-130.8305943118029,7877.553973187536,7591.7569297158825,-1.2488148146614968,40.15118769343191,27.70305027560362,198.60075787146636,0.15544477825700903,-1.063723134076458,0.38275620666655097,6.891699110431494e-6,14.91024381669295,0.0,1007.5397651239766,1326.2137329501243
1999.9963500974711,85978.12589231972,23.513551282806276,-130.80695289582042,7876.883739351215,7591.084555553341,-1.2486694822596103,40.16233863696678,27.69181825000799,201.2062018240681,0.157474236093666,-0.824935955174762,0.5657071562445148,6.983348256714991e-6,15.005070657271595,0.0,1015.0188960061619,1328.3173510362012
2000.4963500974707,85902.44049278274,23.539383346386106,-130.7833032412761,7876.203758539178,7590.402422144972,-1.2485217106006716,40.17350435483062,27.678425792995146,203.7347551290087,0.15944387270911817,-0.5070543887419141,0.6963476225475966,7.072378807671326e-6,15.09634698567481,0.0,1022.544233926094,1330.3328086240463
2000.9963500974702,85826.77670435887,23.565209041132096,-130.7596453661726,7875.5140490668355,7589.710547583037,-1.2483691433031325,40.184684845225576,27.66501551160024,206.29181067468863,0.16143973377006163,-0.1399967324927522,0.760544519912683,7.162449234514002e-6,15.188018795711097,0.0,1030.115308907006,1332.3478207060593
2001.4963500974698,85751.13497833256,23.59102832764731,-130.7359792888436,7874.814478517638,7589.008799198277,-1.2482104816637445,40.19588010444378,27.65158698968722,208.8776261771076,0.16346420704030296,0.24072826461938737,0.7502803005296973,7.253569993588063e-6,15.28008533876891,0.0,1037.7323185114033,1334.3623494586227
2001.9963500974693,85675.51581270248,23.616841166090868,-130.71230502809254,7874.104908644172,7588.297038611143,-1.2480456728797622,40.207090126567095,27.638139797461594,211.4924585804683,0.16551737518482704,0.5973705077160365,0.6647365287459768,7.345751561716923e-6,15.372545733213189,0.0,1045.3954598874518,1336.3763548437075
2002.4963500974688,85599.9196663918,23.642647516166015,-130.6886226032073,7873.385205928261,7587.575132312593,-1.2478759877845178,40.218314903394074,27.6246735176988,214.13656758624842,0.16759693848465818,0.8936803216870951,0.5107401795947577,7.439004539389375e-6,15.4653991367106,0.0,1053.1049297449451,1338.3897983918407
2002.9963500974684,85524.34687262774,23.668447337142535,-130.66493203394256,7872.655250390242,7586.8429604788935,-1.247703965312618,40.22955442458867,27.611187765427992,216.8102193676549,0.16969909480514409,1.0986833334537398,0.30243972379287676,7.53333976247892e-6,15.558644914609587,0.0,1060.8609244179797,1340.4026467983813
2003.496350097468,85448.79756053537,23.6942405879021,-130.641233340481,7871.914938981159,7586.100420350159,-1.2475332194751068,40.240808678047834,27.59768218903055,219.51368992951228,0.1718200942860296,1.1900939770595362,0.06018689901961639,7.628768411376746e-6,15.652282769521946,0.0,1068.6636400034336,1342.4148745907119
2003.9963500974675,85373.2715938501,23.720027226985472,-130.61752654339256,7871.164181825826,7585.347422439817,-1.2473681192347361,40.25207765045879,27.58415644776673,222.24726763994946,0.17395787967509413,1.1569819095101244,-0.1913156029007446,7.72530210551543e-6,15.746312807885985,0.0,1076.5132725491426,1344.426465377618
2004.496350097467,85297.76853446756,23.74580721261903,-130.59381166361158,7870.402892418754,7584.583880680241,-1.2472133665975726,40.26336132799367,27.570610170898252,225.01125463010843,0.1761131324628048,1.0013574252596504,-0.4254540824946888,7.822952971688218e-6,15.840735537591911,0.0,1084.4100182579486,1346.4374115988142
2004.9963500974666,85222.28763638064,23.771580502706403,-130.57008872244597,7869.630975503078,7583.809700241746,-1.2470735118137566,40.27465969707182,27.5570429128055,227.8059669743287,0.17828923418693216,0.7384353505479531,-0.6165064669464778,7.92173367639863e-6,15.93555181007908,0.0,1092.354073675773,1348.4477131048782
2005.4963500974661,85146.82787254918,23.79734705478599,-130.5463577416163,7868.848317636512,7583.024768038323,-1.246952455094974,40.28597274511088,27.543454122655884,230.63173375443404,0.18049107286611404,0.3954655268194387,-0.7425218554669175,8.021657415675051e-6,16.030762733201254,0.0,1100.3456358422138,1350.4573751579605
2005.9963500974657,85071.38799370732,23.823106825971024,-130.5226187433118,7868.05478467361,7582.22895015873,-1.2468529901426555,40.29730046118554,27.52984314380383,233.48889521825586,0.18272312024750845,0.009170682953335965,-0.7879571474567879,8.122737860097032e-6,16.126369582321843,0.0,1108.384902396133,1352.4664064474482
2006.4963500974652,84995.96661442704,23.848859772898432,-130.4988717502365,7867.250227696072,7581.422097761882,-1.2467764448325054,40.308642836519994,27.516209247735265,236.37780024469924,0.18498756600993224,-0.378006019971318,-0.7457507246414915,8.224989057778931e-6,16.222373726087298,0.0,1116.472071640127,1354.4748174639442
2006.9963500974648,84920.56231819745,23.874605851711877,-130.4751167856248,7866.434495300253,7580.604059349077,-1.2467224679515152,40.31999986474998,27.502551693699036,239.29880326380035,0.1872833423528792,-0.7224892607589645,-0.61855068832588,8.328425303413366e-6,16.318776565470127,0.0,1124.6073425716525,1356.482619191649
2007.4963500974643,84845.17377056088,23.900345018090853,-130.45135387321392,7865.607447135803,7579.774694306694,-1.246688997970811,40.33137154190945,27.488869793869625,242.25226071181507,0.1896065475432359,-0.9845171592677269,-0.41889017828208275,8.433060986208547e-6,16.415579468587715,0.0,1132.7909148835506,1358.4898217477569
2007.9963500974638,84769.79982759338,23.92607722731819,-130.42758303718082,7864.768962616747,7578.933881637582,-1.2466724312879962,40.342757866118475,27.475162960175798,245.23852711637994,0.19195218520644428,-1.132887714370183,-0.168209928576302,8.538910433367858e-6,16.51278367885404,0.0,1141.0229889261593,1360.4964325085473
2008.4963500974634,84694.43962660804,23.951802434359795,-130.40380430206852,7863.9189404577555,7578.081519530185,-1.2466679848160194,40.35415883697896,27.46143071523,248.25795104461724,0.19431652125812246,-1.1489316482517966,0.1052411298358473,8.645987767987722e-6,16.610390184768537,0.0,1149.3037656139727,1362.502453498517
2008.996350097463,84619.09264722932,23.97752059392194,-130.38001769273288,7863.0572886005175,7577.217515327425,-1.2466702235741225,40.365574454718626,27.447672664213975,251.31087137441816,0.19669900852416258,-1.0291875937848751,0.36945642033707515,8.754306800188237e-6,16.708399563121816,0.0,1157.6334462594727,1364.507878306219
2009.4963500974625,84543.75873359758,24.003231660458276,-130.35622323433725,7862.183908572946,7576.341769936725,-1.2466737009108841,40.37700471916158,27.43388844118434,254.39761458264582,0.19910283767490392,-0.7863748359671816,0.5923699081548218,8.86388096816297e-6,16.80681183408549,0.0,1166.0122323294727,1366.5126893239271
2009.996350097462,84468.43807259761,24.02893558811876,-130.3324209524012,7861.298681293799,7575.4541636927825,-1.2466736402385994,40.38844962863809,27.420077654561638,257.51849383432796,0.20153374340806182,-0.44843892602888175,0.7457907197206614,8.974723341128628e-6,16.90562638256238,0.0,1174.4403251432304,1368.5168564023647
2010.4963500974616,84393.13112802152,24.05463233065776,-130.30861087288852,7860.401461208542,7574.554550556559,-1.2466665756101754,40.39990917897133,27.406239856735287,260.67381050341515,0.20399750421733226,-0.05566963442977422,0.8090970658169443,9.086846689547184e-6,17.004841994816562,0.0,1182.9179255584475,1370.5203378654642
2010.9963500974611,84317.83853614423,24.08032184133781,-130.28479302230014,7859.492082158589,7573.642764046562,-1.2466508664693832,40.411383362685925,27.39237455080811,263.8638583244112,0.2064972533785814,0.3438655114784021,0.7722015127757661,9.200263619800018e-6,17.10445703019279,0.0,1191.445233709401,1372.523084210635
2011.4963500974607,84242.56097351573,24.106004072868153,-130.26096742773555,7858.570372912564,7572.71863282113,-1.2466270108206234,40.4228721685676,27.37848122840173,267.08892976367747,0.20903191481258196,0.700095192353522,0.6373515786925076,9.314986761786706e-6,17.204469703716658,0.0,1200.0224488606182,1374.525043928718
2011.9963500974602,84167.2990122484,24.13167897740221,-130.23713411690014,7857.636175346517,7571.78199888612,-1.2465977009397675,40.43437558166297,27.36455941520974,270.3493235980206,0.2115966344213996,0.9672570593159451,0.41944448417571,9.431028989644175e-6,17.304878413884495,0.0,1208.64976941653,1376.5261700717722
2012.4963500974598,84092.05298086721,24.157346506589743,-130.21329311806124,7856.689356393885,7570.832729537606,-1.246567595122422,40.44589358375006,27.350608694695772,273.64535232324204,0.21418514626118007,1.109960392174071,0.14470424129266807,9.548403649349894e-6,17.405682029990604,0.0,1217.327393088478,1378.5264258486845
2012.9963500974593,84016.82284950372,24.18300661165262,-130.18944445998173,7855.729807362061,7569.87071663113,-1.2465428148639324,40.45742615424222,27.33662868946901,276.97734802988316,0.21679301685862296,1.1081844862650334,-0.15222389947373094,9.667124763271944e-6,17.506880065590796,0.0,1226.055517179283,1380.5257878296309
2013.4963500974588,83941.60815630201,24.208659243440543,-130.16558817187112,7854.757430197647,7568.895862763426,-1.2465302150288,40.46897327142314,27.322619001286803,280.34566578926956,0.21942016129346173,0.9604811667554475,-0.43248671614900697,9.787207182002397e-6,17.608472706064077,0.0,1234.8343389183137,1382.5242462017764
2013.9963500974584,83866.40798756108,24.234304352432698,-130.14172428338557,7853.772117013196,7567.9080606928965,-1.2465365098929138,40.48053491386016,27.30857913433187,283.7506842200479,0.2220712613246598,0.6848395640250705,-0.6580654122131899,9.908666658221821e-6,17.71046071066376,0.0,1243.664055777092,1384.521802563263
2014.496350097458,83791.22101756465,24.25994188868017,-130.11785282468193,7852.77373319011,7566.907176333515,-1.2465673651217215,40.49211106181365,27.294508439868434,287.19280350294827,0.22475370290158336,0.3169523596873423,-0.7970118196389382,1.0031519826032521e-5,17.812845248626147,0.0,1252.5448657165327,1386.5184664889457
2014.9963500974575,83716.04560618196,24.285571801717474,-130.09397382649962,7851.762113234127,7565.89304451922,-1.2466265800069594,40.5037016984544,27.28040611506475,290.6724414401201,0.22747394375627938,-0.09403547403884631,-0.8281609506430516,1.0155784081075403e-5,17.915627735394057,0.0,1261.4769673498756,1388.514252185289
2015.496350097457,83640.87994396221,24.31119404049225,-130.0700873202249,7850.737072377243,7564.865480548155,-1.246715482149223,40.51530681071722,27.266271265209106,294.1900281458787,0.23023415351172288,-0.491854630999257,-0.7446151295744976,1.028147737076365e-5,18.018809706292892,0.0,1270.4605600324878,1390.5091759528227
2015.9963500974566,83565.72222701833,24.336808553357642,-130.0461933378965,7849.698428561401,7563.824302148475,-1.2468326367504794,40.526926389653546,27.252103007351522,297.74599972090584,0.23303098379768,-0.8207476900378889,-0.5554111502931042,1.04086179178707e-5,18.122392717501853,0.0,1279.495843896716,1392.503254237517
2016.4963500974561,83490.57083844207,24.362415288140983,-130.0222919121398,7848.646023303863,7562.769350363293,-1.246973935730384,40.538560430196945,27.237900570591076,301.3407910795205,0.23585730989620612,-1.033400681512581,-0.2849959546877425,1.0537223912772705e-5,18.22637822729526,0.0,1288.58301983461,1394.4965013545022
2016.9963500974557,83415.42451046407,24.388014192261018,-129.99838307605597,7847.579729685869,7561.700497588796,-1.247133081619005,40.55020893032233,27.22366334709004,304.97482821647617,0.23870619347444505,-1.0980400093651648,0.02957295575055039,1.066731321756526e-5,18.33076740990648,0.0,1297.7222894058161,1396.4889259868876
2017.4963500974552,83340.28244258091,24.413605212835517,-129.97446686312088,7846.499442064817,7560.617637357896,-1.2473024236818189,40.56187188965993,27.20939087108256,308.6485206897468,0.24157499044408706,-1.0036050569895834,0.3434542746940252,1.0798903127595013e-5,18.435560896875632,0.0,1306.9138546331587,1398.480526399297
2017.9963500974548,83265.14435556624,24.43918829672006,-129.95054330714905,7845.405052119764,7559.520660473968,-1.2474740469672083,40.573549307713684,27.195082739904596,312.362255752493,0.2444672621876898,-0.762113885168009,0.6103018806870091,1.093201023171901e-5,18.5407585068921,0.0,1316.1579176621383,1400.4712855573155
2018.4963500974543,83190.0104694739,24.46476339045081,-129.92661244234924,7844.296424083505,7558.409430344675,-1.2476409677946823,40.58524118191692,27.180738521826814,316.11639596556574,0.24739121572019201,-0.4076980054409832,0.7891504982817286,1.1066650401402502e-5,18.6463590764462,0.0,1325.4546803053704,1402.4611682685702
2018.9963500974538,83114.88140424993,24.49033044011377,-129.90267430345045,7843.173383496276,7557.283771845396,-1.2477982601132653,40.596947505818754,27.166357702110627,319.91128186552686,0.25035532150516077,0.007748245534235372,0.8508966102825706,1.1202838921975686e-5,18.75236050370695,0.0,1334.8043435518646,1404.450122391286
2019.4963500974534,83039.75801343005,24.515889391203753,-129.87872892583962,7842.035726979057,7556.143481197828,-1.2479439328227881,40.60866826771012,27.15193969558808,323.74724018851043,0.2533634899277507,0.42184016790850876,0.7833399713107111,1.1340590758200244e-5,18.858760053709183,0.0,1344.2071071635921,1406.4380848867888
2019.996350097453,82964.64117252827,24.54144018854288,-129.85477634564444,7840.883248615471,7554.988352431966,-1.248079402056698,40.620403449957244,27.13748391268918,327.62459655393735,0.256412663932424,0.7709440002740044,0.5938899838338015,1.14799209242465e-5,18.965554868129203,0.0,1353.6631694804432,1408.4249915192888
2020.4963500974525,82889.53155259974,24.566982776295745,-129.83081659972623,7839.7157682319985,7553.818205696426,-1.2482094538408084,40.63215302920845,27.12298983007987,331.5436900072321,0.2594944720835602,1.0000542514569275,0.30933770536795474,1.1620844908148019e-5,19.07274252842366,0.0,1363.1727275009957,1410.410787298222
2020.996350097452,82814.42941405065,24.59251709806236,-129.80684972559936,7838.533144621811,7552.632900443141,-1.2483416660528257,40.64391697749819,27.108457009784097,335.50488611296805,0.2626002399212204,1.0717761767242464,-0.027482785745580645,1.1763379087048574e-5,19.180321489987683,0.0,1372.735977219716,1412.3954342824686
2021.4963500974516,82739.33445528615,24.618043096982802,-129.78287576133755,7837.335264751072,7551.432324521755,-1.2484853444012691,40.65569526411379,27.09388503947014,339.5085857234973,0.26572651351084275,0.9729163008149223,-0.36382667326860535,1.1907541064441465e-5,19.288291259005423,0.0,1382.3531141201236,1414.3789144694956
2021.996350097451,82664.24574415665,24.643560715780637,-129.75889474553642,7836.122014239336,7550.216364493094,-1.248650112133972,40.66748785795304,27.079273416920067,343.5552279604376,0.26887767983745414,0.7174665374489038,-0.6451587383554511,1.2053349867302474e-5,19.396652298717765,0.0,1392.0243336866474,1416.361227669854
2022.4963500974507,82589.16174850427,24.66906989671005,-129.73490671736354,7834.893246539393,7548.9848746229,-1.2488443628647166,40.67929473000824,27.06462144358221,347.64528761268525,0.2720638102890641,0.3452758575194244,-0.8240555912739175,1.2200825958690548e-5,19.505405764455364,0.0,1401.7498318210103,1418.3423863194225
2022.9963500974502,82514.08046650141,24.694570581436732,-129.71091171666976,7833.648770306518,7547.737664088051,-1.249073826688628,40.69111585557872,27.049928197192447,351.77926828924603,0.27529474973018536,-0.08362651960120351,-0.8684494764569228,1.2349991049093998e-5,19.614553212795172,0.0,1411.5298051139087,1420.3224099507431
2023.4963500974497,82438.99964061193,24.72006271093138,-129.68690978408665,7832.38836412755,7546.47451159997,-1.2493405014868308,40.70295121584061,27.03519261394794,355.9576928154463,0.2785739939212492,-0.49835980994266127,-0.7677643528045633,1.2500867723089119e-5,19.72409638300249,0.0,1421.3644509872724,1422.3013211040006
2023.9963500974493,82363.91702349298,24.745546225455833,-129.66290096103668,7831.111810606224,7545.195199457474,-1.249642159480828,40.71480079847915,27.020413646967437,360.1810917771447,0.281896342723867,-0.8288011188086762,-0.5357373233186188,1.2653478931897742e-5,19.83403704254481,0.0,1431.253967745923,1424.2791424893296
2024.4963500974488,82288.83065311238,24.771021064667927,-129.638885289631,7829.818928443698,7543.899545664413,-1.2499725563419193,40.72666459721093,27.005590418519795,364.4499905594428,0.28525115726162675,-1.0176118128049454,-0.20919665391195374,1.2807847430595834e-5,19.944376799310742,0.0,1441.1985545485772,1426.2558936241442
2024.9963500974484,82213.73908979353,24.79648716779396,-129.61486281250436,7828.509580904431,7542.587412487294,-1.250322356776393,40.73854261018099,26.99072228224444,368.76489549406773,0.2886294505740503,-1.0306106643623034,0.15727841643137647,1.296399525595794e-5,20.055116783436016,0.0,1451.1984112549117,1428.2315852325573
2025.496350097448,82138.64157139976,24.821944473766006,-129.59083357268395,7827.183653367522,7541.258684137114,-1.250680663588093,40.750434837406054,26.97580876354383,373.126280978333,0.29203029356987364,-0.8635682522759333,0.5001604514520648,1.3121943342460096e-5,20.166257205776386,0.0,1461.2537380792912,1430.2062115971526
2025.9963500974475,82063.53805431165,24.847392921233062,-129.56679761358006,7825.841013190282,7539.913226791465,-1.251036918468051,40.76234127762701,26.960849421428126,377.53458095058147,0.29546210198515543,-0.5440002103833143,0.7579021376371337,1.3281711358194575e-5,20.277796946985234,0.0,1471.3647350223332,1432.1797436417996
2026.496350097447,81988.42912607733,24.87283244842816,-129.54275497911493,7824.481478301223,7538.550857364684,-1.2513828550723198,40.77426192509693,26.94584372460428,381.9901886272958,0.29893753557815705,-0.12734087328956034,0.8821521807825603,1.3443317809898178e-5,20.38973341505078,0.0,1481.531601154219,1434.1521269083694
2026.9963500974466,81913.3157978747,24.89826299296423,-129.51870571392269,7823.104816878897,7537.171343364727,-1.251714148232656,40.78619676691335,26.93079102279545,386.493466953504,0.30246510490663286,0.31213621240567846,0.8472137520450522,1.3606780421196991e-5,20.502062849860938,0.0,1491.7545339343867,1436.1232874148047
2027.496350097446,81838.19920775667,24.923684491678504,-129.494649863505,7821.710780339174,7535.7744360259785,-1.2520314300291453,40.79814578146623,26.915690625128917,391.0447688936907,0.3060431793332521,0.6942855031544475,0.6558583676739493,1.3772116736954197e-5,20.61478105807631,0.0,1502.0337287968089,1438.0931448768267
2027.9963500974457,81763.08028459921,24.949096880613848,-129.47058747425902,7820.299148420856,7534.359915463054,-1.252340435784432,40.81010893839815,26.900541916205988,395.6444629088054,0.3096608610529451,0.9477537368942296,0.34014036317420115,1.3939344858841412e-5,20.727884335653506,0.0,1512.369379163465,1440.061628866385
2028.4963500974452,81687.95943390764,24.974500095131912,-129.44651859337944,7818.869754969695,7532.927616406821,-1.2526511900030513,40.8220862001885,26.885344405788093,400.2929566983876,0.313305604360997,1.023673645387845,-0.04329869245141051,1.410848418232401e-5,20.841370221158787,0.0,1522.7616768914825,1442.0286916476166
2028.9963500974447,81612.83630700689,24.999894070060567,-129.42244326872574,7817.422474756482,7531.477414847953,-1.2529763208814984,40.834077525141794,26.87009765030561,404.9907128764389,0.3169725174724865,0.9057164597905951,-0.42292179261353013,1.4279555992122772e-5,20.955237804979706,0.0,1533.2108129931555,1443.9943130468
2029.4963500974443,81537.7097032778,25.025278739753823,-129.3983615487692,7815.957178792495,7530.009183083085,-1.2533287701537412,40.84608287126198,26.854801079830125,409.73825342200934,0.32066861233959504,0.6143493746698364,-0.7254493704862929,1.4452583787743714e-5,21.06948755619595,0.0,1543.7169783859083,1445.9584969250498
2029.9963500974438,81462.57763237692,25.05065403800935,-129.37427348267158,7814.47368942707,7528.522744515962,-1.2537193069215309,40.858102200298866,26.83945384601562,414.53615364235384,0.3244084695465751,0.204127967234055,-0.890125130359128,1.4627593252839992e-5,21.184120868237002,0.0,1554.2803644736691,1447.9212629284327
2030.4963500974434,81387.43753334321,25.076019897901617,-129.35017912044057,7812.971768815258,7527.017861879777,-1.2541543271846909,40.8701354811924,26.8240548103786,419.38502879376813,0.3282039635120909,-0.24584816275778013,-0.8813291599164248,1.4804611846582999e-5,21.29913960524453,0.0,1564.9011634907574,1449.882638447786
2030.996350097443,81312.28661558498,25.101376251665865,-129.32607851303553,7811.451151346747,7525.494269529964,-1.254634402822239,40.88218269221907,26.808602705684496,424.28551641788545,0.33205544521686053,-0.6468085784269261,-0.6968785407689368,1.4983668071091083e-5,21.41454580216703,0.0,1575.5795686557617,1451.8426533773868
2031.4963500974425,81237.12225973047,25.126723030743776,-129.30197171231828,7809.911597612743,7523.951727403306,-1.2551539288321127,40.8942438213415,26.793096381844347,429.2382558357948,0.33595127380212353,-0.9178196755021416,-0.37001914204307457,1.5164790540757279e-5,21.530341440747744,0.0,1586.3157742019685,1453.8013362807524
2031.996350097442,81161.94239994138,25.152060165986473,-129.27785877085498,7808.352929157311,7522.390055874056,-1.2557020193290407,40.90631886455545,26.777534980498057,434.2438653793897,0.33987665103983894,-1.0025032383502428,0.03574591301530312,1.534800703206563e-5,21.646528088874557,0.0,1597.1099752703847,1455.758708351518
2032.4963500974416,81086.74580789637,25.17738758788454,-129.2537397416934,7806.7750154015175,7520.809122864629,-1.256264553971373,40.918407822392574,26.761917925970632,439.3029194773011,0.3438254587154307,-0.8814659362666893,0.4384159775707324,1.5533343712802396e-5,21.763106287834884,0.0,1607.9623675591222,1457.7147732987455
2032.996350097441,81011.53221375588,25.2027052266575,-129.22961467827722,7805.1777199934595,7519.20879043739,-1.2568270247598758,40.930510695132675,26.746244750292295,444.41593104772426,0.34780588617177466,-0.5775941234192095,0.7538232972260471,1.572082472972009e-5,21.880074852736687,0.0,1618.8731466314005,1459.669506028388
2033.4963500974407,80936.30222920794,25.228013012124418,-129.20548363457297,7803.560846902435,7517.588861165269,-1.2573776325971922,40.94262747763142,26.730514891522155,449.58334695183055,0.3518348735106661,-0.15268216975268104,0.9133720208145564,1.5910472273664964e-5,21.99743049625611,0.0,1629.8425069353425,1461.6228469696437
2033.9963500974402,80861.057077365,25.25331087343434,-129.1813466653356,7801.924129770325,7515.949067764166,-1.2579099830928966,40.954758154876934,26.714727620803615,454.80556246460014,0.355925088015152,0.30438608713377474,0.8794588980328213,1.6102307148848028e-5,22.115168162044164,0.0,1640.870640802081,1463.5747082819669
2034.4963500974397,80785.79817635287,25.27859873884008,-129.157203826336,7800.267275910972,7514.289117321668,-1.2584247649651823,40.96690269935138,26.698882144443374,460.08295421309265,0.36007460845064904,0.695836154385959,0.6550503512526662,1.629634976445076e-5,22.233282111228206,0.0,1651.9577378069223,1465.52499232769
2034.9963500974393,80710.52665880416,25.303876535665474,-129.13305517440628,7798.590032153006,7512.608757240007,-1.2589299689495836,40.97906107094949,26.682977774741403,465.4159228303257,0.3642680905331903,0.9359721319359383,0.28489530676870045,1.649262136472177e-5,22.351767349687186,0.0,1663.1039847839352,1467.4736152999396
2035.4963500974388,80635.24292992987,25.32914419046169,-129.10890076730297,7796.892219259335,7510.9078095607365,-1.259439495907185,40.99123321964736,26.6670139936219,470.80493162233506,0.36848926668461296,0.9704408749936683,-0.1524804788426401,1.6691145241287228e-5,22.470620745679497,0.0,1674.3095665034148,1469.4205252264605
2035.9963500974384,80559.94636549056,25.354401629195156,-129.0847406635364,7795.173704416723,7509.186143154909,-1.2599703554991672,41.00341909046265,26.65099031433631,476.2505292706856,0.3727349968473074,0.7893868318811337,-0.5608353550130455,1.6891947651044165e-5,22.5898413679619,0.0,1685.5746667239187,1471.365706850836
2036.496350097438,80484.63522639591,25.379648777286118,-129.06057492233737,7793.434331847009,7507.443603899959,-1.2605389961406557,41.015618629682386,26.634906023109668,481.7533519219511,0.3770189511710659,0.4311731565525108,-0.8472252814914607,1.7095058204890077e-5,22.709430059345046,0.0,1696.8994692106864,1473.3091739940203
2036.9963500974375,80409.30682189204,25.404885559451724,-129.0364036038058,7791.673868899218,7505.679960331113,-1.2611575521561078,41.02783179100119,26.61876000892629,487.3141080051031,0.38136100975739035,-0.02472225042284909,-0.9434675989703721,1.7300509595358164e-5,22.829388685227883,0.0,1708.2841584369066,1475.2509568420076
2037.496350097437,80333.95789745264,25.430111899492562,-129.01222676910933,7789.892015299903,7503.89491257588,-1.2618308774052398,41.04005854017827,26.60255084736772,492.93355262947944,0.3857706474910914,-0.4746131760960888,-0.8230809266944327,1.7508336676283043e-5,22.949719530043662,0.0,1719.7289199319785,1477.191091910746
2037.9963500974366,80258.58516903874,25.455327720234813,-128.9880444805302,7788.088470806405,7502.088159893435,-1.2625551194003788,41.0522988570764,26.586277110815146,498.61245643976673,0.3902385659715184,-0.8139224009693814,-0.5093935521722973,1.771857506403534e-5,23.07042495060806,0.0,1731.2339403977066,1479.1296163634916
2038.496350097436,80183.18588558678,25.480532943723485,-128.9638568012715,7786.263004134852,7500.259469693633,-1.2633182810582426,41.06455273443741,26.569937686491198,504.3515703785175,0.394744610610718,-0.9617645044732164,-0.07227640139302272,1.7931259560416937e-5,23.191506985388386,0.0,1742.799407657429,1481.0665617573268
2038.9963500974357,80107.75828718115,25.50572749154305,-128.9396637951424,7784.415460900867,7498.408685727429,-1.264102773187303,41.07682017341667,26.5535318643477,510.1515883455108,0.39927593420635926,-0.8809910810198269,0.3864975085663695,1.8146422767330924e-5,23.312966581747624,0.0,1754.4255103221903,1483.0019418608863
2039.4963500974352,80032.30184278172,25.530911285008596,-128.9154655263717,7782.545699432738,7496.535664254893,-1.264889474295115,41.08910117665442,26.53705914072509,516.0131155580275,0.40383952261486755,-0.588595904824458,0.7564832488223717,1.8364094249585152e-5,23.434802535533407,0.0,1766.1124369821287,1484.9357362010724
2039.9963500974347,79956.81719717197,25.55608424505431,-128.8912620597187,7780.653508854789,7494.640192545704,-1.265662401925368,41.10139574036649,26.520518921898425,521.9366564354016,0.4084571286759138,-0.15338944795840662,0.9452506782546847,1.8584300499108666e-5,23.557010773172564,0.0,1777.860374919946,1486.8678794005468
2040.4963500974343,79881.30582350865,25.581246291890658,-128.86705346081305,7778.738584223792,7492.721964442323,-1.2664128734333255,41.11370384738031,26.503910391897875,527.9226343704175,0.41314611298691073,0.31920546275138467,0.9021155827655355,1.8807065776642886e-5,23.679584701794493,0.0,1789.6695087094322,1488.7982675547028
2040.9963500974338,79805.76945095882,25.60639734469745,-128.8428397964661,7776.800585445995,7490.780639619947,-1.2671420716349975,41.12602546301992,26.487232647636795,533.9714438138581,0.41790326798935545,0.7121685020390983,0.6327325778058634,1.9032413691520314e-5,23.80251678847142,0.0,1801.5400193077671,1490.7267837092538
2041.4963500974334,79730.20939880144,25.63153732158492,-128.81862113472712,7774.839229478282,7488.815935917869,-1.2678612506314773,41.13836053515431,26.470484938943773,540.083518644156,0.4227072481455164,0.925943377480678,0.20020405840965058,1.9260369176617464e-5,23.925800679397852,0.0,1813.4720841158748,1492.6533311713656
2041.996350097433,79654.62598196324,25.65666613980933,-128.79439754469212,7772.854330183992,7486.827669009802,-1.2685893656575036,41.15070899867603,26.45366673174634,546.2593912402504,0.42753858237639547,0.9043513159566712,-0.2885058163361982,1.949096037901304e-5,24.04943273858056,0.0,1825.4658779979825,1494.5778570318098
2042.4963500974325,79579.0181461377,25.681783715994047,-128.77016909630126,7770.845744938233,7484.815698511843,-1.2693485670834974,41.163070783470964,26.43677747078472,552.4997215447357,0.4323990684766407,0.6504856000258031,-0.7083204565199909,1.9724219963592933e-5,24.173412286206972,0.0,1837.5215747573934,1496.5003550171832
2042.996350097432,79503.38344125636,25.706889966111056,-128.7459358603595,7768.813275133806,7482.779827822538,-1.270158598699987,41.17544582394814,26.419816223459183,558.8052911327783,0.4373114983688718,0.2278712168356608,-0.9480147715776308,1.996018543705149e-5,24.29774074216791,0.0,1849.6393484303946,1498.420851392958
2043.4963500974316,79427.71835924126,25.731984805228958,-128.7216979087745,7766.7566160838915,7480.719753418139,-1.2710315166056212,41.187834067709076,26.402781546010253,565.1769717137032,0.4422986449898484,-0.2542462772596561,-0.9403079317418864,2.0198898329605912e-5,24.42242052539759,0.0,1861.8193740526578,1500.339387436294
2043.996350097431,79352.01896568108,25.75706814729611,-128.6974553147555,7764.675408712677,7478.635116191739,-1.2719681720702034,41.20023548105023,26.385671747612026,571.6156805818575,0.44736112634520797,-0.6684476265342272,-0.6818571966836108,2.0440402369734486e-5,24.54745435878084,0.0,1874.0618279645637,1502.2560085129599
2044.4963500974306,79276.2816707734,25.782139905229982,-128.6732081527139,7762.569346225685,7476.525608107563,-1.2729575363157617,41.212650049664376,26.368485366393625,578.1223290381724,0.4524764417971734,-0.9028079032540635,-0.23702420910489252,2.068474107704579e-5,24.6728448364437,0.0,1886.3668878568874,1504.170757401899
2044.9963500974302,79200.50393698737,25.80719999129764,-128.64895649788335,7760.438229757333,7474.391028127683,-1.2739792480111156,41.225077774003914,26.3512214568466,584.6977654099098,0.457621563767327,-0.8918413483481304,0.27672604623270547,2.0931955397182777e-5,24.79859360394401,0.0,1898.734732529296,1506.0836618944218
2045.4963500974297,79124.68472539634,25.832248317463883,-128.62470042597607,7758.281912319944,7472.231226643507,-1.2750088962575903,41.237518660118276,26.333879449601948,591.3427210696871,0.4627973086182433,-0.6360331359464486,0.718980384252482,2.1182082045652564e-5,24.924699914792907,0.0,1911.1655410729502,1507.9947132428251
2045.9963500974293,79048.82454218436,25.857284795371772,-128.6004400132031,7756.100182413478,7470.045989686866,-1.2760247411316517,41.249972708123266,26.316458747815723,598.0577808698553,0.4680291571264806,-0.20387182036290916,0.9646632379940442,2.1435153087180614e-5,25.05115932430825,0.0,1923.6594913153358,1509.9038471695774
2046.4963500974288,78972.92504981533,25.882309335946182,-128.57617533667022,7753.892705650815,7467.834981188254,-1.2770140591472798,41.26243990141669,26.298958473156535,604.8434023891168,0.47334206440427795,0.2851681908859204,0.9401211502322382,2.1691196972385643e-5,25.17796378766936,0.0,1936.216757915658,1511.8109463891951
2046.9963500974284,78896.98832859378,25.90732184896712,-128.55190647481197,7751.659089592126,7465.59780833268,-1.2779772631425625,41.27492019990121,26.28137760135023,611.6999902182932,0.4787343422514646,0.6929052717626086,0.6464866223694542,2.195024085305278e-5,25.305103701625004,0.0,1948.8375110026006,1513.715872144264
2047.496350097428,78821.01598123368,25.932322242980923,-128.5276335075024,7749.399009900155,7463.334147921132,-1.2789284465320594,41.28741353956988,26.263715292655252,618.6280005568585,0.48417868265925584,0.90153671154098,0.1626722013316072,2.221231360522024e-5,25.432570940183084,0.0,1961.5219161494192,1515.6185098423766
2047.9963500974275,78745.00833273213,25.95731042556495,-128.5033565158201,7747.112265822721,7461.043801577443,-1.2798919481608533,41.299919839009334,26.245970984137443,625.6280314486206,0.48965108061512963,0.8485209876579014,-0.37426151226864585,2.2477448724219225e-5,25.560361055992566,0.0,1974.2701357329886,1517.5188012836863
2048.496350097429,78668.96396746114,25.98228630359349,-128.47907558180304,7744.798701431835,7458.726616243321,-1.2808956878574143,41.312439011247626,26.228144051546245,632.7008625848938,0.4951578309748358,0.5467457153420948,-0.807061203143805,2.274568621529199e-5,25.688473473965605,0.0,1987.0823309085229,1519.4167464740926
2048.996350097431,78592.87976074964,26.00724978316995,-128.4547907885161,7742.458072574294,7456.3823501636825,-1.2819630549930048,41.32497097765304,26.21023334349421,639.8474386312748,0.5007305843675067,0.08315783955372077,-1.00439998111113,2.30170728291486e-5,25.816910122232827,0.0,1999.9586632404025,1521.312382372908
2049.4963500974327,78516.75142259803,26.032200769291304,-128.430502220368,7740.090004687807,7454.010629885939,-1.2831057139248412,41.33751567983431,26.19223710140443,647.0688152263002,0.5063928761590432,-0.4049248469651292,-0.9017136953058297,2.329166044382883e-5,25.945673933400634,0.0,2012.8992955569033,1523.2057602077307
2049.9963500974345,78440.57441527303,26.05713916566247,-128.4062099632753,7737.694093385443,7451.611050464308,-1.2843195953572129,41.35007308589138,26.174153429577693,654.3660883049675,0.5121340533159938,-0.7698452110123104,-0.5238722727015598,2.356950295430609e-5,26.07476804830329,0.0,2025.9043922262042,1525.0969335644895
2050.4963500974363,78364.34498239588,26.08206487496356,-128.3819141043838,7735.270040493047,7449.183311629039,-1.285585532272297,41.3626431887826,26.155980903884515,661.7403137930653,0.5179208121311054,-0.8985664336820496,0.01856272504050336,2.3850652530635425e-5,26.204195157904945,0.0,2038.9741191146422,1526.9859487538827
2050.996350097438,78288.06097596698,26.106977799377304,-128.35761473153954,7732.817670395661,7446.727234674037,-1.2868746557594124,41.37522599671161,26.137718734109384,669.192421897231,0.5237354470867817,-0.7488469595347412,0.560090963666489,2.4135156379563373e-5,26.333955985387874,0.0,2052.1086430273635,1528.8728229117867
2051.49635009744,78211.72221130412,26.131877840847064,-128.33331193303246,7730.336800302534,7444.242633519055,-1.288157163426645,41.387821517861184,26.119366354092723,676.723149185787,0.5295979482147595,-0.36477198241782705,0.9301003030095842,2.4423055083042985e-5,26.46404714596542,0.0,2065.3081301858806,1530.7575135863822
2051.996350097442,78135.3302115649,26.15676490076809,-128.30900579790622,7727.827107688473,7441.729183060949,-1.2894118794857377,41.400429743886086,26.100922926115032,684.3330307944382,0.5355448604604495,0.13443155764872586,1.0070843925665705,2.471438317621471e-5,26.594460175293936,0.0,2078.572743837981,1532.639905835574
2052.4963500974436,78058.88738969062,26.181638879400033,-128.28469641655477,7725.288151340067,7439.186441050586,-1.290633563090194,41.41305063752107,26.082387314103354,692.022481273666,0.5415872035869843,0.5901714866550146,0.7599905858987452,2.500917195913182e-5,26.7251833465154,0.0,2091.902642046864,1534.519839642426
2052.9963500974454,77982.39590123855,26.206499675578304,-128.26038388103524,7722.7195297936605,7436.614006986523,-1.2918354191852548,41.42568412882043,26.06375849643196,699.7919423977908,0.5476966397132409,0.8545884314388493,0.2623066821363782,2.5307453800111512e-5,26.856205705812293,0.0,2105.2979770227785,1536.3971684620378
2053.4963500974472,77905.85652647074,26.23134718694568,-128.23606828487203,7720.120994783966,7434.0116353493295,-1.29304565724604,41.43833012191916,26.045035822424836,707.642028795654,0.5538385777891397,0.839311681033388,-0.32759176156440534,2.560926661895414e-5,26.98752066300951,0.0,2118.7588964882543,1538.2718101473426
2053.996350097449,77829.26795531344,26.256181310319295,-128.21174972271726,7717.4923805563885,7431.379163973074,-1.2942988494103018,41.45098851063476,26.026218672201914,715.573602630223,0.5600148301236667,0.5466169189599672,-0.8155079455812261,2.5914657054467698e-5,27.119126810311485,0.0,2132.28554619821,1540.1437574061413
2054.496350097451,77752.62673833594,26.281001941673622,-128.1874282903711,7714.833427056424,7428.716335892985,-1.2956246618717207,41.46365919806833,26.007305828196092,723.5877573123055,0.5662637823031886,0.07156971783475252,-1.0352732311700543,2.622368113430213e-5,27.25102617904955,0.0,2145.8780721625108,1542.0130517836976
2054.9963500974527,77675.92795655504,26.30580897574323,-128.16310408515878,7712.143710993004,7426.022729233457,-1.2970376348434727,41.47634211378797,25.988295315951714,731.6857395578925,0.5726151306799139,-0.42715664653725416,-0.9065442636120601,2.653640202665821e-5,27.383222112744452,0.0,2159.536621803684,1543.8797527986894
2055.4963500974545,77599.16641824413,26.330602305800547,-128.13877720612572,7709.422776250518,7423.297887079067,-1.2985316109886342,41.48903722267968,25.969185010052314,739.8688457273972,0.5790532564462996,-0.779493812879045,-0.4661859825316878,2.685288543907291e-5,27.515718185269215,0.0,2173.2613443009764,1545.7439224232064
2055.9963500974563,77522.33799575362,26.355381824024025,-128.11444775365104,7706.670307876576,7420.541491683554,-1.3000810681632886,41.501744521941454,25.949973410230353,748.1383043595222,0.5855363131840363,-0.8623845258746596,0.13946243115850418,2.7173194108614126e-5,27.64851729803418,0.0,2187.05239051101,1547.6056124025008
2056.496350097458,77445.44064245094,26.380147422149843,-128.09011582878856,7703.886128080825,7417.753361289491,-1.301649348491217,41.51446402637024,25.9306597548059,756.4951526363353,0.5920499542584666,-0.6442644684494961,0.701296078842317,2.749738327421677e-5,27.78161945958421,0.0,2200.909912140694,1549.4648334766416
2056.99635009746,77368.47471396625,26.404898991675058,-128.0657815330635,7701.070008691347,7414.933263759045,-1.3032013106191564,41.52719574615848,25.911243406542237,764.9401494404677,0.5986281091309172,-0.19911756929544233,1.0190456546469202,2.7825498833671576e-5,27.91501893802178,0.0,2214.834059561481,1551.3215165515496
2057.496350097462,77291.44244149234,26.42963642333794,-128.0414449689988,7698.221534011487,7412.080780710067,-1.3047161392613518,41.53993966461496,25.891723310916372,773.4737945827125,0.605311454743059,0.3165749394310253,0.9736080519807085,2.8157579067515474e-5,28.04870373549958,0.0,2228.824978648142,1553.1755068513903
2057.9963500974636,77214.34670030884,26.45435960643308,-128.01710624082216,7695.340197261179,7409.195404989993,-1.3061956532340637,41.55269572410565,25.872098183576636,782.0964836024256,0.6120945896246464,0.7176666162493524,0.5738053143873485,2.849365958664546e-5,28.182659232667472,0.0,2242.882808394482,1555.0266157212395
2058.4963500974654,77137.1894840002,26.479068428688038,-127.99276545462845,7692.425615831581,7406.276756236742,-1.3076647501699732,41.56546382617076,25.852367074213717,790.808733838374,0.6189318594016251,0.8569479566120417,-0.041329552536591714,2.883377993232929e-5,28.316873926665696,0.0,2257.0076810403025,1556.8747001036522
2058.9963500974673,77059.97063245252,26.503762776691808,-127.96842271799194,7689.477584698114,7403.324633531712,-1.309163298716214,41.57824384670698,25.832529393313536,799.6113587481238,0.6257978245008057,0.6806017716980809,-0.6485171466130956,2.9177989488262965e-5,28.45134289276026,0.0,2271.1997246666424,1558.719709146783
2059.496350097469,76982.68730415124,26.528442536164334,-127.9440781397161,7686.495889093686,7400.3388264209925,-1.3107319617706354,41.591035661273715,25.812584188789476,808.5055077912408,0.632723611047328,0.25120097419148096,-1.0203273865455733,2.9526350409783968e-5,28.586066898932366,0.0,2285.459066426166,1560.5616704931597
2059.996350097471,76905.33443293162,26.553107591635257,-127.91973183014267,7683.4801210506985,7397.318929642036,-1.31239694021335,41.603839171445706,25.792529558694458,817.492585365811,0.6397577274249939,-0.27218129488530024,-1.0111951560230101,2.9878936219960817e-5,28.721049356006457,0.0,2299.7858346383578,1562.4006474188363
2060.4963500974727,76827.9060466392,26.577757826010977,-127.89538390155288,7680.429752877365,7394.264415461691,-1.3141594286248168,41.61665432232203,25.772363068639574,826.5741122201692,0.646900950706419,-0.691470472758945,-0.6166942625554015,3.023582629316601e-5,28.8562942871738,0.0,2314.180159528734,1564.2367106888166
2060.9963500974745,76750.39698373154,26.60239312078705,-127.87103446792372,7677.344376889276,7391.174873367479,-1.3159941896856349,41.62948110404529,25.752082799102695,835.7515648203431,0.6541047649741947,-0.84455174026223,0.018696043231590343,3.0597098082096005e-5,28.991805339124916,0.0,2328.6421732926974,1566.0699250696684
2061.4963500974764,76672.80436040834,26.627013356835647,-127.84668364412079,7674.223780591298,7388.050086189875,-1.3178584106621047,41.64231953563202,25.731687788746896,845.026199771058,0.6613393465991613,-0.6694222681790906,0.65174472203336,3.0962819994256604e-5,29.127583410151665,0.0,2343.172009409546,1567.900317513182
2061.996350097478,76595.12819913868,26.65161841483763,-127.82233154546051,7671.067740113145,7384.889825090264,-1.3197080099817904,41.655169636034884,25.711177394176563,854.398912091111,0.6686381913797144,-0.23169172670217236,1.032431855139512,3.133304781281366e-5,29.26362276338454,0.0,2357.7698002994584,1569.7278256915542
2062.49635009748,76517.3709246628,26.67620817477253,-127.79797828823004,7667.875812325752,7381.693643443744,-1.32151534880609,41.66803139299955,25.690550508440282,863.870234041948,0.6760535437623381,0.2974770514164326,1.003587172561971,3.1707826383266484e-5,29.39990956432421,0.0,2372.4356734379303,1571.552280005631
2062.996350097482,76439.53586807754,26.700782515058123,-127.77362399057975,7664.647426290185,7378.460969746929,-1.3232812615129408,41.68090474238569,25.669805701058497,873.4405373155881,0.6835820007241726,0.7067656885515078,0.5683430516504696,3.208719629990994e-5,29.53642619832111,0.0,2387.1697481454885,1573.3734629435794
2063.4963500974836,76361.62533199415,26.725341312345815,-127.74926877277758,7661.382156998568,7375.191381804228,-1.3250361007752847,41.693789567436404,25.648941936000796,883.110351136695,0.6911678729113303,0.8291665149364035,-0.10430827583138715,3.247120323992435e-5,29.67315888252147,0.0,2401.97213559348,1575.1912109319685
2063.9963500974854,76283.63898851443,26.7498844420222,-127.72491275675488,7658.079789506864,7371.884669793127,-1.3268286402783918,41.706685719618264,25.627958596206856,892.880604369408,0.6987843086197959,0.6118318000392733,-0.7421781440347923,3.285990626764007e-5,29.810102162668375,0.0,2416.842942087916,1577.0054728812554
2064.4963500974873,76205.57329535298,26.77441177848499,-127.70055606584944,7654.740070067461,7368.540585109529,-1.3287066797253166,41.71959305343111,25.606854541013124,902.7526653823364,0.7064757352615851,0.1415235501922437,-1.0789934109695882,3.3253381529803276e-5,29.947257363581336,0.0,2431.7822730631187,1578.8162878320068
2064.996350097489,76127.42223031074,26.798923194701743,-127.67619882522995,7651.362503808033,7365.158635657813,-1.3306970068695656,41.73251146124671,25.58562748726969,912.7282114991131,0.7142952411101187,-0.3873788124720045,-0.9668604500120198,3.3651719418776965e-5,30.084628527142517,0.0,2446.790235443677,1580.6237300571895
2065.496350097491,76049.17910067737,26.82341856179688,-127.65184116226908,7647.946507461697,7361.73823728889,-1.3327932335100283,41.74544089355566,25.56427475802495,922.8090275734127,0.7222258933158917,-0.7517983660414866,-0.44427180402066696,3.405501594192128e-5,30.22222014946487,0.0,2461.866938336347,1582.4278788390195
2065.9963500974927,75970.83870695252,26.847897749541474,-127.62748320601209,7644.491698784627,7358.2790035061325,-1.33495727176769,41.75838135520186,25.542794550781114,932.9967766525147,0.7302058832370363,-0.7944766949511556,0.27256600264323994,3.4463361625846515e-5,30.36003577119357,0.0,2477.0124929521708,1584.2287999920943
2066.4963500974945,75892.39894348849,26.872360627307383,-127.60312508619539,7640.997879389472,7354.78072987611,-1.3371347015578463,41.77133287749978,25.521186073783863,943.2927592507261,0.7382244538531058,-0.49397913678476496,0.8762533965731601,3.487683264668846e-5,30.498074068027687,0.0,2492.2270112775495,1586.0264952631626
2066.9963500974964,75813.8611084735,26.896807064210225,-127.57876693310077,7637.464719976096,7351.243081538554,-1.3392781666276297,41.78429547650571,25.49944849533021,953.6977678605407,0.7463423094535263,0.021746507855488494,1.0994630158444354,3.5295488290680886e-5,30.636324141784876,0.0,2507.51060237059,1587.8208424008121
2067.496350097498,75735.22871820722,26.921236928181564,-127.55440887851249,7633.891627202407,7347.665462391733,-1.3413689017453891,41.797269115039164,25.477580345249983,964.2121990758467,0.7545996312625933,0.5272394864583967,0.8353801294150915,3.571937637878647e-5,30.77476645383435,0.0,2522.8633674603075,1589.611609301984
2067.9963500975,75656.50527386181,26.94565008517584,-127.53005105656752,7630.278013099795,7344.047285938363,-1.3434265741701776,41.8102536861965,25.45558018521008,974.8364347524227,0.7629519504137564,0.7970971729178623,0.19242149764855765,3.614854483354071e-5,30.913381299343605,0.0,2538.285397525717,1591.398564923346
2068.496350097502,75577.6919323178,26.97004639942207,-127.50569360356646,7626.623557628088,7340.388237407728,-1.3455021959914393,41.823249027550794,25.433447237741845,985.5712598751069,0.7713391506927856,0.707589310957914,-0.5458817409624377,3.658305458339634e-5,31.052157616595093,0.0,2553.7767756116773,1593.181592258554
2068.9963500975036,75498.78614138812,26.994425734000004,-127.4813366574355,7622.928043168436,7336.688105773241,-1.3476562622016621,41.836254961266285,25.41118064159995,996.4180443889337,0.7797836410099481,0.2961479829982165,-1.0434977133685415,3.702298793508583e-5,31.191094255898857,0.0,2569.3375818362147,1594.9607026538306
2069.4963500975055,75419.78192225844,27.018787950622443,-127.45698035794072,7619.191013214312,7332.946439112889,-1.349931310787188,41.8492713428233,25.38877829513636,1007.3786355677478,0.788358557276124,-0.25092277464664625,-1.0653582610024328,3.746844815037113e-5,31.330195088361965,0.0,2584.9678972297265,1596.73597134927
2069.9963500975073,75340.6717529213,27.043132909005866,-127.43262484727708,7615.4118092779245,7329.162579179083,-1.3523314235369004,41.862298096191694,25.366237205425623,1018.4551008848248,0.7970709452662393,-0.6805607491086758,-0.5916363334260369,3.791954977515306e-5,31.469465043487883,0.0,2600.6678051124027,1598.507486099242
2070.496350097509,75261.44924606569,27.06746046714106,-127.40827026974141,7611.58994051994,7325.336030816629,-1.3548188412434894,41.87533521832001,25.343555088052078,1029.6494248634674,0.8058498463120395,-0.7898721932733523,0.1638579658144399,3.8376403667996266e-5,31.60890849665975,0.0,2616.437391212718,1600.2753265550966
2070.996350097511,75182.11138854828,27.09177048243385,-127.38391677054355,7607.725178253275,7321.46655824504,-1.3573304282149952,41.88838274875404,25.32073096421678,1040.9631789669781,0.8146651403953059,-0.5240486417236137,0.8461050038139857,3.8839103564162365e-5,31.748525153812224,0.0,2632.2767425426023,1602.0395124828071
2071.4963500975127,75102.6592459837,27.11606281212971,-127.35956449536869,7603.817198416376,7317.553830482243,-1.3598073035911722,41.90144071627666,25.297764013642944,1052.397285626451,0.8235822724181783,-0.007191492459398135,1.1244576535919983,3.930772083870756e-5,31.888303653829695,0.0,2648.185943411034,1603.7999243063493
2071.9963500975146,75023.09671117924,27.14033731232475,-127.33521359140357,7599.865358644503,7313.597201545147,-1.3622239928768092,41.91450908695417,25.274652663355347,1063.9521207360685,0.8326550630719798,0.5124415722209723,0.8550464775645013,3.9782310680399626e-5,32.0282214917313,0.0,2664.165069424901,1605.5563044287483
2072.4963500975164,74943.42780545447,27.16459383694792,-127.31086420842921,7595.86900069711,7309.596014871637,-1.36460264842095,41.92758773983548,25.251395319350472,1075.6280118674988,0.841833011314396,0.7803524354102389,0.15952887351050749,4.026292750754439e-5,32.168255350854686,0.0,2680.21418417234,1607.3083885497097
2072.996350097518,74863.65379384812,27.188832237998426,-127.28651649865935,7591.827780648431,7305.549932969443,-1.3670042616392137,41.94067648465455,25.22799116418096,1087.4258066716238,0.8510463299169245,0.6616699123251931,-0.6244812936774504,4.074964260690079e-5,32.30839248279167,0.0,2696.3333419157693,1609.0560474613203
2073.49635009752,74783.77155345492,27.21305236618914,-127.26217061613883,7587.741454095065,7301.458719304622,-1.3694998163403083,41.953775115022026,25.20443921226986,1099.3471047898256,0.860329493714269,0.21227815377833717,-1.1044509782733125,4.124255520124043e-5,32.44863200625814,0.0,2712.5225936931524,1610.799300973413
2073.996350097522,74703.77409003582,27.23725407062336,-127.23782671705956,7583.609474935697,7297.321832736498,-1.3721348075642088,41.966883471820466,25.180736974888223,1111.3940865450738,0.8697660361378637,-0.34367501293536334,-1.0303899388173459,4.174179075920012e-5,32.58897843270745,0.0,2728.7819917370557,1612.538235413542
2074.4963500975236,74623.65304816514,27.26143719814609,-127.21348496035857,7579.431115739448,7293.1385451222795,-1.3749049886294167,41.980001485023486,25.15688116658843,1123.5691535933574,0.8793433780517294,-0.7232396777930344,-0.4293005394586074,4.224748648598111e-5,32.72943714723801,0.0,2745.1115908431907,1614.272946832994
2074.9963500975255,74543.40201586299,27.285601593937052,-127.18914550704928,7575.205913723308,7288.908387517078,-1.3777567012747656,41.993129171283975,25.132869634028484,1135.87451382226,0.8889749981013771,-0.728992335689266,0.3973738209663412,4.2759770676349955e-5,32.870012287479106,0.0,2761.511448328761,1616.0035147804933
2075.4963500975273,74463.01893887669,27.309747102840984,-127.16480851883041,7570.933641693461,7284.631123916139,-1.3806132010561,42.006266585500434,25.108701544680528,1148.3117460236408,0.8986583814162492,-0.3546144353050955,1.020628242441542,4.3278746417538375e-5,33.01070040611382,0.0,2777.9816220513335,1617.7299249222074
2075.996350097529,74382.5063282866,27.333873569384494,-127.1404741580685,7566.613830451757,7280.306277765077,-1.3834146579052973,42.01941374843264,25.08437577389989,1160.8815796073138,0.9084849509444822,0.20603005140925723,1.1061662402521644,4.380448868611256e-5,33.151483371169746,0.0,2794.5221646094637,1619.4519838324356
2076.496350097531,74301.86903656647,27.357980836362145,-127.11614258928377,7562.245702815591,7275.933069800175,-1.3861512204797042,42.032570587671735,25.059890428275985,1173.5842208587749,0.9184751112811851,0.6561483762272662,0.5974676812228712,4.433705744397177e-5,33.29233277829516,0.0,2811.133116462073,1621.1693755499987
2076.9963500975327,74221.11067049578,27.38206874411006,-127.09181397997867,7557.8286626436075,7271.510908574632,-1.3888707432915472,42.045736925576044,25.03524411610663,1186.42012285969,0.9285382597192197,0.7526701101103489,-0.24214641412782764,4.487652084291304e-5,33.43322548952628,0.0,2827.814504508345,1622.8818520789457
2077.4963500975346,74140.23052346334,27.406137131181527,-127.06748850003757,7553.362449406588,7267.039542668379,-1.391655307076792,42.05891252402877,25.01043611440688,1199.3905998056264,0.9386410438394822,0.44003915889527023,-0.9604061385483491,4.542297652139688e-5,33.57415356222833,0.0,2844.5663477831818,1624.5893524210844
2077.9963500975364,74059.22274693288,27.430185834652686,-127.04316632144247,7548.84665651255,7262.518573679344,-1.3945775444144843,42.072097164264534,24.985464599332023,1212.4978596180197,0.9488750431017964,-0.11365660218963523,-1.1583354016359975,4.5976558961070715e-5,33.715119854887476,0.0,2861.388664430936,1626.291946645372
2078.496350097538,73978.0783384731,27.4542146893375,-127.0188476190235,7544.280510517318,7257.947230486639,-1.397659932536475,42.08529071910709,24.960326106448328,1225.7446083683924,0.9592882522777675,-0.603328060948817,-0.7152817707242489,4.6537427716932705e-5,33.85613001466523,0.0,2878.2814749484546,1627.9897375166117
2078.99635009754,73896.78896913212,27.478223527755457,-126.99453257040635,7539.663347315948,7253.324843956853,-1.400860269493219,42.09849317690785,24.935017611188144,1239.1335275817942,0.9697940632813944,-0.7539315437718362,0.13157900182053195,4.710574183939649e-5,33.997189451093355,0.0,2895.2448026828934,1629.6828237200177
2079.496350097542,73815.35056990385,27.502212181617153,-126.9702213544286,7534.994882722205,7248.6511200137675,-1.4040933098085513,42.111704600638426,24.909537880249776,1252.6666955035819,0.9803394522626974,-0.47723436109279893,0.9078042527257186,4.7681634204648074e-5,34.13829806548853,0.0,2912.278672690411,1631.3712369592558
2079.9963500975437,73733.7646134533,27.526180482575104,-126.94591415035346,7530.274729709418,7243.925661861185,-1.4072783839010679,42.12492504080352,24.883885971457378,1266.3451463907784,0.9910137268819531,0.07211724180574987,1.165269774356216,4.826520065778263e-5,34.27944013363293,0.0,2929.383106425675,1633.0548224965123
2080.4963500975455,73652.03623343352,27.550128260885426,-126.92161113927845,7525.502080740394,7239.147657627815,-1.4103868836683078,42.13815444955561,24.85805993974334,1280.169063974474,1.0018777338243325,0.5788595688215777,0.7440518372316208,4.8856511467361656e-5,34.420584395062285,0.0,2946.5581131781137,1634.7332430814254
2080.9963500975473,73570.17011546809,27.574055344127657,-126.8973125055438,7520.676197245463,7234.316372744434,-1.4134616112958194,42.151392647433575,24.83205805405175,1294.1387045954632,1.0128417164113497,0.7466226612955089,-0.12176404019737846,4.945564004246224e-5,34.56170137787663,0.0,2963.803686161998,1636.4061868133842
2081.496350097549,73488.16647265758,27.597961557710367,-126.87301843632663,7515.796761033699,7229.431499337975,-1.4165946677412116,42.164639366453294,24.80587953451112,1308.2553113325512,1.0238427111877837,0.473501532046372,-0.9270748882188387,5.006269305573876e-5,34.702778860081,0.0,2981.1198078883544,1638.0735491973442
2081.996350097551,73406.01951959543,27.621846725416145,-126.84872912113003,7510.863376433972,7224.492651909281,-1.4198745429989965,42.17789434789246,24.779522649725862,1322.521281215123,1.0349761327673688,-0.0814075371359722,-1.1878843594387167,5.06778238312217e-5,34.84381886065393,0.0,2998.5064587611987,1639.7353945809732
2082.4963500975527,73323.71949648857,27.64571066860626,-126.82444475254714,7505.875212756082,7219.499003154429,-1.4233326102948265,42.19115743838307,24.752983706173914,1336.9396865276974,1.0463084360384693,-0.5862153553145066,-0.7356469027316244,5.130121955473267e-5,34.98482731690696,0.0,3015.963621490556,1641.3918325185857
2082.9963500975546,73241.25718387775,27.66955320609447,-126.80016552628673,7500.8315307165785,7214.449808081476,-1.426921839989323,42.20442862590991,24.72625936660381,1351.5135972488729,1.057742577674115,-0.7332664958053728,0.16666507318827442,5.193306831980943e-5,35.1258099896247,0.0,3033.491281808604,1643.0429692063203
2083.4963500975564,73158.62824945897,27.693374155845664,-126.77589163934583,7495.73202602686,7209.34475067146,-1.4305429852180003,42.2177079899248,24.699348331655838,1366.2453296300191,1.069219869029959,-0.42912781790978316,0.9698085032414588,5.257352513380563e-5,35.26676618638815,0.0,3051.089427182866,1644.6888343560136
2083.996350097558,73075.83471925184,27.717173335802748,-126.75162328913686,7490.576251082047,7204.183372032561,-1.4341048499875726,42.23099559041532,24.672249540838497,1381.1358865367886,1.0808486206958592,0.1410587101695304,1.1700872085274092,5.322269823771504e-5,35.407676407586536,0.0,3068.7580404476125,1646.329238735971
2084.49635009756,72992.88250585087,27.74095056226155,-126.72736067521207,7485.363294705263,7198.964756876446,-1.437582648572131,42.244291361730795,24.64496081308806,1396.1852783217591,1.0926813716953108,0.6216787427844928,0.6293701981216118,5.388066599110925e-5,35.54850388549425,0.0,3086.4970897651756,1647.9637952630706
2084.996350097562,72909.77635782026,27.764705648559822,-126.70310400073566,7480.092415172365,7193.688169635291,-1.4410369994716399,42.25759508031318,24.617480450563935,1411.393775417858,1.104601209210371,0.7072579153707538,-0.32197556506563246,5.4547515835410165e-5,35.689217062479386,0.0,3104.306525143483,1649.5921816620828
2085.4963500975637,72826.51533811633,27.78843840579385,-126.67885347187361,7474.763310845502,7188.353321465082,-1.444578778596444,42.27090643242295,24.58980764093953,1426.762982852806,1.1165702001524196,0.33969866148391165,-1.079155083944446,5.5223381715962614e-5,35.829805670837224,0.0,3122.1862859871144,1651.2143247501526
2085.9963500975655,72743.09179660492,27.812148643133547,-126.65460929750236,7469.375437194506,7182.959678506489,-1.4482993507511839,42.284225143147076,24.561939979156634,1442.2958511272823,1.1287175658592805,-0.246900731863332,-1.145785968824008,5.5908455245299195e-5,35.97027346576105,0.0,3140.1363106735857,1652.83031328848
2086.4963500975673,72659.49468752649,27.83583616685758,-126.6303716901194,7463.927832907151,7177.5062804657455,-1.452210002987093,42.2975510852345,24.533873229623314,1457.9959552396692,1.1410656279589992,-0.6708706306302599,-0.4648646415110572,5.660296125721211e-5,36.11062683944742,0.0,3158.1565403824256,1654.440265201545
2086.996350097569,72575.71524762642,27.85950078091128,-126.60614086514104,7458.41985644628,7171.992476194351,-1.456231507170478,42.310884294959656,24.505604484250867,1473.8665907140883,1.1534821852348605,-0.6508801903751081,0.5256777076039181,5.7307111587755656e-5,36.25087078196493,0.0,3176.2469193390702,1656.0442810271102
2087.496350097571,72491.75135773327,27.883142288974902,-126.58191703868518,7452.85122028054,7166.417963599403,-1.46024400281438,42.32422487841676,24.477132783672694,1489.9098163910844,1.165975894433976,-0.19663465683352946,1.167152731393353,5.802106681442915e-5,36.390997799771,0.0,3194.40739183695,1657.642317979074
2087.9963500975728,72407.60758562293,27.906760494313797,-126.55770042772976,7447.221205999549,7160.782013649634,-1.4641671027995666,42.33757286371001,24.448456463271693,1506.126054587161,1.1786848223285986,0.38925211981628693,1.0180552752269423,5.8744932701685104e-5,36.53097576743481,0.0,3212.6378923711827,1659.2340540685398
2088.4963500975746,72323.29066388123,27.930355197558647,-126.53349125250966,7441.5287962982375,7155.083609623486,-1.4680171136750904,42.350928097175725,24.41957311868973,1522.5150784149857,1.1915686328611645,0.7089418662808152,0.16529912894760487,5.947879645695703e-5,36.67076184308331,0.0,3230.9383354993192,1660.8190496517323
2088.9963500975764,72238.80328126997,27.95392619627799,-126.50928973712155,7435.773463604365,7149.322235998512,-1.4719002203656182,42.36429025970534,24.390481604237664,1539.077723691917,1.2044960029904652,0.540399273581644,-0.8147990730308837,6.022278058443883e-5,36.81033126894984,0.0,3249.308617960016,1662.397074248647
2089.496350097578,72154.14042728674,27.977473285943336,-126.48509610863229,7429.9548425288895,7143.497542420444,-1.4759423772256612,42.37765899911871,24.361180481071006,1555.8166352277658,1.2175468428663516,-0.0032003692521850786,-1.239960649856166,6.0977077696483344e-5,36.94968242689773,0.0,3267.7486303586884,1663.9681604680404
2089.99635009758,72069.29099554103,28.000996259307225,-126.46091059768351,7424.072014188015,7137.608616722232,-1.4802015641212183,42.391034091176756,24.331665724372986,1572.73566844068,1.2308375508144762,-0.5433205584301745,-0.7996591569670904,6.174194003911643e-5,37.08882151287798,0.0,3286.2582650408585,1665.5324282318218
2090.496350097582,71984.24376359396,28.024494906000957,-126.43673343876407,7418.124060609958,7131.654534117793,-1.4846240468479137,42.40441551656246,24.30193326826613,1589.8387966773805,1.2442554172495681,-0.6969782109960266,0.20849628831450606,6.251762799801707e-5,37.22775484863719,0.0,3304.8374176114207,1667.0899974808026
2090.9963500975837,71898.99366995879,28.047969014662268,-126.41256486787431,7412.110624038009,7125.634920757419,-1.489078998179708,42.41780339372408,24.271981620369647,1607.1288891467989,1.257724088022483,-0.35104845400595674,1.0690754614167073,6.330435208867834e-5,37.36648054547102,0.0,3323.4859854466804,1668.6408951146234
2091.4963500975855,71813.54386231676,28.071418374007937,-126.3884051213774,7406.031129566185,7119.549186829147,-1.493451141326343,42.43119780624871,24.241809466394905,1624.6068165177314,1.2713913072746024,0.24814485075236878,1.1531165532158922,6.410225053466717e-5,37.50497069958987,0.0,3342.2038590429584,1670.184858066569
2091.9963500975873,71727.90181011427,28.09484277131897,-126.36425443766443,7399.885215129981,7113.396967690995,-1.4977267901819231,42.4445986449049,24.208151961375663,1641.8227616746312,1.2849318124179732,0.6647007709768266,0.3842414044154034,6.48936462517783e-5,37.638034191928114,0.0,3360.9897884354195,1671.6642990208584
2092.496350097589,71642.07204126753,28.118241994639977,-126.34011305507494,7393.673396642053,7107.178791901806,-1.5020087563302504,42.45800558563167,24.173774086797362,1659.1451045327572,1.298471834980887,0.5897869060123794,-0.6826879555377778,6.569311927917045e-5,37.769946721679545,0.0,3379.8418010161226,1673.1270762640356
2092.996350097591,71556.05078975856,28.14161583123977,-126.3159812136181,7387.395408328769,7100.894411653414,-1.5064443546324604,42.471418226083635,24.139186161985744,1676.6402366071386,1.3121016887575954,0.07552411012593399,-1.2536872197521807,6.650338790042798e-5,37.901444076302646,0.0,3398.7596659095757,1674.581441067083
2093.4963500975928,71469.8266751077,28.164964065809617,-126.29185915681751,7381.050409518203,7094.542996228472,-1.5111160745115129,42.48483628777444,24.10438409817178,1694.3119287017137,1.3259749397450062,-0.4943381456470779,-0.8877813390435471,6.732471350542568e-5,38.03253203864709,0.0,3417.743176861769,1676.0275161060333
2093.9963500975946,71383.38718254399,28.188286479783965,-126.26774713225693,7374.63742307573,7088.123562322291,-1.5159764059567729,42.498259732975406,24.0693631389017,1712.1642443709507,1.3399884422444273,-0.6871124075324261,0.1523004903433481,6.81573756011662e-5,38.16321697009787,0.0,3436.792130799032,1677.4654289956009
2094.4963500975964,71296.72623573337,28.211582853554688,-126.2436453891103,7368.156104781901,7081.635747521466,-1.5208799156747328,42.51168870113539,24.03412164230162,1730.2000680857213,1.3540385767535972,-0.3520453903269155,1.0761230115049945,6.900159843444435e-5,38.29349774895763,0.0,3455.906326651144,1678.895223874828
2094.996350097598,71209.84704492334,28.234852967940455,-126.21955417655649,7361.605929693934,7075.079009444692,-1.5256934009244876,42.525123302275276,23.998658779122916,1748.4199476242914,1.3682861465501912,0.2551095698320825,1.1617125268481632,6.985751941462112e-5,38.42334497016806,0.0,3475.0855564547023,1680.3166350681404
2095.4963500976,71122.75778121315,28.258096601768248,-126.19547374639983,7354.985772414772,7068.452219180277,-1.5304019384184728,42.53856342060471,23.96297248260041,1766.82286064284,1.3827591580416403,0.6612399586621299,0.3265588301626494,7.072522736588455e-5,38.55270574976524,0.0,3494.3295904303304,1681.7291433831124
2095.996350097602,71035.46314796712,28.281313530318407,-126.17140435490654,7348.294957903723,7061.754715753809,-1.5351260847252028,42.552008687030366,23.927061743063287,1785.4088009254936,1.3972776554752526,0.5439612512923405,-0.7824997418967828,7.160484511036598e-5,38.681543764388486,0.0,3513.638174868701,1683.132414802062
2096.4963500976037,70947.95838774834,28.304503526375242,-126.14734626187784,7341.533166365799,7054.9861999602845,-1.54003102788593,42.5654586533857,23.890925347225682,1804.1803048735812,1.4119106301308588,-0.0069705764538820995,-1.2808400385782601,7.249659280635525e-5,38.80985421394279,0.0,3533.01104622382,1684.5264604823724
2096.9963500976055,70860.23068739474,28.327666359747212,-126.1232997311175,7334.699421413289,7048.145704996061,-1.545194983468446,42.57891303758776,23.854558620653552,1823.14167987954,1.4268092494144786,-0.5508541318869263,-0.7540447543702187,7.340077887052952e-5,38.9376433151066,0.0,3552.4479421909073,1685.9114104915911
2097.4963500976073,70772.26718043908,28.350801796903465,-126.09926503061422,7327.792761674615,7041.232259636814,-1.5505423147376047,42.592371843575535,23.817956893340167,1842.2973500718267,1.441823179619852,-0.6452128590822546,0.38519761435225985,7.431772095346041e-5,39.06491729454329,0.0,3571.9486037318193,1687.28739350114
2097.996350097609,70684.06326550338,28.37390960378724,-126.07524242941723,7320.812886380992,7034.24554100152,-1.5559006387829564,42.60583525026539,23.78111895110155,1861.6500220965443,1.456893948894074,-0.209320255977537,1.206916262058342,7.524765800742163e-5,39.191670322932865,0.0,3591.512772893462,1688.6544068437352
2098.496350097611,70595.62435946055,28.39698954662022,-126.05123219676246,7313.759052975964,7027.184788962415,-1.5611416220482468,42.619303346667905,23.74404360676585,1881.1995593408665,1.472216582652272,0.3991145973637577,1.0202576877173541,7.619072671814337e-5,39.31786141946764,0.0,3611.1401805255523,1690.012069927082
2098.996350097613,70506.95931163337,28.4200413888143,-126.02723460546189,7306.630068999194,7020.048812621598,-1.5662916320085023,42.63277592686749,23.706728726461552,1900.9446080624837,1.487729055745226,0.6718458261256168,-0.03558113238626734,7.714702690786519e-5,39.44343237361735,0.0,3630.83053074755,1691.3598208701212
2099.4963500976146,70418.07064949814,28.443064890141308,-126.00324993303049,7299.4254377810275,7012.837135720926,-1.5715161159515445,42.646252525250645,23.669173645237517,1920.8857979644852,1.5032710811144914,0.37592754159381264,-1.0786142073238472,7.811672638066313e-5,39.56835398924316,0.0,3650.583504488194,1692.6974131672227
2099.9963500976164,70328.94984995946,28.466059807711602,-125.97927846079682,7292.144644958792,7005.549265426831,-1.576983598053709,42.65973267579263,23.631376006449962,1941.0267242912864,1.5190156330993931,-0.2400286192517963,-1.2136440763970004,7.910011728776338e-5,39.69262726080464,0.0,3670.398776674123,1694.0249244516447
2100.4963500976182,70239.58196266182,28.489025894939086,-125.95532047486961,7284.786482194203,6998.183996398955,-1.5827202815331534,42.67321618221264,23.593330120098695,1961.3724263139754,1.5350146018188568,-0.6473985712675728,-0.3078896247281113,8.009757128912635e-5,39.81625890277599,0.0,3690.2760248048603,1695.3424921971982
2100.99635009762,70149.95597942825,28.511962902621352,-125.9313762647552,7277.350253139749,6990.7406134344565,-1.5885822313777338,42.68670316418504,23.55503256109754,1981.9272532126142,1.5510629238981046,-0.49027003707602346,0.8643767460173216,8.110942616002013e-5,39.93925289455218,0.0,3710.214929445003,1696.6502232392243
2101.496350097622,70060.07209278364,28.534870582114067,-125.907446119867,7269.835593211118,6983.218726262896,-1.5943767737166141,42.70019382533734,23.516482666060682,2002.6927035461404,1.567263973645326,0.09720468259949618,1.27233319460662,8.213590014372456e-5,40.06158736124048,0.0,3730.215168055511,1697.9479491730137
2101.9963500976237,69969.9392695576,28.55774868381783,-125.88353033117535,7262.241327723838,6975.617149123504,-1.600033457636341,42.71368813153545,23.477678381614762,2023.6673266083058,1.5837542434489675,0.5969112173407685,0.5387874156568202,8.31771129480431e-5,40.18320182482754,0.0,3750.2763967470014,1699.235094713321
2102.4963500976255,69879.56485895813,28.58059695414597,-125.85962919465686,7254.566495899548,6967.934935501193,-1.605673194627665,42.72718568557746,23.438618217762983,2044.8501513214203,1.600323001805974,0.5607874513209904,-0.6958372394504792,8.42332020309063e-5,40.304043862715154,0.0,3770.3982408537545,1700.5111743994564
2102.9963500976273,69788.94526346773,28.6034151362349,-125.83574301080452,7246.8107589855645,6960.171773975249,-1.6115065102453618,42.74068592585034,23.399301221464608,2066.243634335933,1.6169955148994513,0.017872140498303993,-1.318259248268572,8.530443452024414e-5,40.424102420459974,0.0,3790.580309956534,1701.7761421008877
2103.496350097629,69698.06626256648,28.626202969785638,-125.81187208479237,7238.97306233832,6952.326624226281,-1.6176444027248282,42.75418848372447,23.359722456760043,2087.8529130523207,1.6339722134995667,-0.5397241071832891,-0.7469721686448583,8.639121080825596e-5,40.54338355175218,0.0,3810.822213704707,1703.0301313247555
2103.996350097631,69606.9131317623,28.648960190678036,-125.78801672662655,7231.05231286824,6944.398380298832,-1.6239923188081442,42.767693377440594,23.31987672556652,2109.6833587520427,1.6510721454359947,-0.5983284036109481,0.5092136779718207,8.749394898650881e-5,40.66189346939641,0.0,3831.1235650346525,1704.2732756428234
2104.496350097633,69515.48156751879,28.671686534489478,-125.76417724718534,7223.048183726863,6936.386685913053,-1.6303315661671043,42.78120085252477,23.279762882944148,2131.737849191771,1.6682520451902074,-0.10012458876526965,1.2871848954505938,8.861295104640715e-5,40.77962195964363,0.0,3851.483977250896,1705.5055352941563
2104.9963500976346,69423.77919918206,28.69438173708097,-125.74035395757258,7214.959703438686,6928.290549214556,-1.6365221737627011,42.79471099654431,23.23937937990805,2154.01534036042,1.6857397385377562,0.49070610881039417,0.8441718788777905,8.974837689745949e-5,40.89651355850342,0.0,3871.9030475998716,1706.7263983380892
2105.4963500976364,69331.81582655478,28.717045530722814,-125.71654717344816,7206.7856144088955,6920.108720763301,-1.6426405120870338,42.80822348246606,23.19872411089647,2176.513860461671,1.703379440404528,0.6146650522948505,-0.4185932864135584,9.09003588179603e-5,41.01250149939111,0.0,3892.3803398798464,1707.9352390867443
2105.9963500976382,69239.59120493289,28.73967764370277,-125.69275721577118,7198.5255127751325,6911.84082675077,-1.6489150540789097,42.82173769838487,23.157796460206225,2199.2349074070025,1.7210767635703967,0.1500981772717233,-1.300322961556685,9.20691554790557e-5,41.12756258304965,0.0,3912.915394473548,1709.1318892604559
2106.49635009764,69147.0920928223,28.762277800829878,-125.66898441035605,7190.178496292376,6903.485986942397,-1.6555109683023075,42.83525315898505,23.11659226508814,2222.183637339494,1.7390810094938653,-0.45797144513873217,-0.9383911328066502,9.325519741871395e-5,41.24170138592923,0.0,3933.5077487597064,1710.3164693985857
2106.996350097642,69054.3018717654,28.78484572258354,-125.64522908852487,7181.743272111166,6895.042899678667,-1.6623664336565864,42.84876981007796,23.07510550088267,2245.3661020770514,1.7572652950120389,-0.61745205558216,0.3331977461728616,9.445897145300185e-5,41.35492443254587,0.0,3954.156943262094,1711.4891186359796
2107.4963500976437,68961.21380673908,28.807381128496765,-125.62149158321212,7173.219438253819,6886.511130646641,-1.6692461286896227,42.86228791980244,23.0333344841964,2268.785981465925,1.7755074674645084,-0.16849947778815946,1.2711367213235523,9.568084854159416e-5,41.467225454437276,0.0,3974.8625198514155,1712.6498423248463
2107.9963500976455,68867.8349311836,28.829883738892732,-125.59777222704234,7164.606106747363,6877.889765745512,-1.6759710401281518,42.8758076392594,22.99127789056631,2292.442349822695,1.7940629202512035,0.4465639703929842,0.9326360555461505,9.692102459768846e-5,41.5785499010854,0.0,3995.62400611356,1713.7981476992943
2108.4963500976473,68774.17624314595,28.852353270738494,-125.57407135696644,7155.901890711434,6869.177424148528,-1.6826025412648824,42.88932865600877,22.948933391194508,2316.33259139442,1.8128032439571986,0.6117867417905946,-0.3624837762837744,9.817964233975583e-5,41.68882283695484,0.0,4016.440894153338,1714.9333357140463
2108.996350097649,68680.23851461988,28.874789436570815,-125.55038931578123,7147.106326790388,6860.373676008457,-1.689390166104886,42.90285030246047,22.90630038712688,2340.4578550895376,1.8315955301832192,0.15708410905825385,-1.312015354490746,9.945698214117407e-5,41.79801539798651,0.0,4037.3126487052523,1716.0551850727118
2109.496350097651,68586.00804811623,28.89719194512387,-125.52672645158773,7138.218494444192,6851.4776266275285,-1.696523106212557,42.91637203335794,22.863374701951773,2364.823641638451,1.8507107614168792,-0.4565981078299674,-0.9347620781437102,0.00010075352892029754,41.906131590971754,0.0,4058.238730170128,1717.163812227241
2109.996350097653,68491.46721813548,28.919560500529663,-125.5030831183675,7129.237031474998,6842.487903766558,-1.7039324426594837,42.929893796257915,22.820150048006056,2389.436536206488,1.8700111028131903,-0.597096002252366,0.39979383336995694,0.00010206983649634256,42.01317780777059,0.0,4079.218601999878,1718.2593563961875
2110.4963500976546,68396.6094459705,28.941894806116082,-125.47945967158672,7120.161529253974,6833.404061656508,-1.7113546447577626,42.94341590215254,22.776624806058617,2414.3002872438988,1.8893801635166416,-0.11524407430874392,1.310170230548469,0.00010340631903343677,42.1191454606093,0.0,4100.251728598303,1719.3418021572484
2110.9463500976562,68310.97320513893,28.96196615311929,-125.45821586579864,7111.9123579032075,6825.147292148788,-1.7178866398579673,42.955586226556605,22.737193881963872,2436.8908940840597,1.9071069759533106,0.44135603246048916,0.9361594739020304,0.00010462657875894817,42.21354302311009,0.0,4119.226619435191,1720.3043421428013
2111.446350097658,68215.53909363877,28.984234565980724,-125.4346311855363,7102.655027867992,6815.881425308548,-1.72505455171478,42.96910895096824,22.693092645441254,2462.225548841603,1.9269758221878308,0.5935617337415202,-0.419077153504002,0.00010600193084231882,42.31727317737684,0.0,4140.359375198901,1721.3601835987172
2111.94635009766,68119.80758248083,29.006467859938365,-125.41106743611782,7093.3008585242815,6806.518657482431,-1.7324009911313165,42.98263110341826,22.64868656103873,2487.807762280425,1.9469052544154706,0.11032310781694735,-1.349089858263293,0.00010739813396343352,42.419758654264854,0.0,4161.543684980236,1722.401451233241
2112.4463500976617,68023.7635849975,29.02866572689776,-125.38752498903517,7083.84881670784,6797.057983139181,-1.740123568287287,42.996152108334044,22.603970995251938,2513.643626666578,1.9671859407432477,-0.49026035548201885,-0.8376514807832,0.00010881574794742549,42.52100371425987,0.0,4182.77892713061,1723.428265043014
2112.9463500976635,67927.3889011778,29.050827854010056,-125.36400422187292,7074.297535379192,6787.498020271083,-1.7481206129097608,43.00967196355611,22.558939670315233,2539.7401757671505,1.987627585842079,-0.5543236083587851,0.578080482140617,0.00011025539585895787,42.62101438669005,0.0,4204.064483025253,1724.4407611528434
2113.4463500976653,67830.67860678956,29.07295392822406,-125.34050551305505,7064.646626622392,6777.83833771777,-1.7560937053008574,43.02319103483123,22.51359132610713,2566.10069942701,2.0081722742186026,-0.008330805183706953,1.347062292130533,0.00011171751804310473,42.71977581477407,0.0,4225.3997337603705,1725.4388629403463
2113.946350097667,67733.64324516337,29.095043637097493,-125.3170292409336,7054.894850438461,6768.077668958526,-1.7638751894613063,43.03670942526128,22.467924051578017,2592.7224337715656,2.0290891968446036,0.5450357466978811,0.6004776973170926,0.0001132023267214915,42.817212074785346,0.0,4246.784037997569,1726.4218778481152
2114.446350097669,67636.29374864325,29.117096663665144,-125.29357578965431,7045.040907153658,6758.214734710315,-1.771623715559764,43.05022660659598,22.42193593852458,2619.6022753235197,2.0501083027748805,0.4858088852531353,-0.8453247549277991,0.00011471002670808398,42.91324524971474,0.0,4268.216711522668,1727.389097007829
2114.946350097671,67538.62538151257,29.139112686156196,-125.27014554989906,7035.084349876315,6748.249133553163,-1.7796573375020657,43.063741751061364,22.37562585788663,2646.7432336069655,2.071285569886358,-0.12243839969631864,-1.3582888921532499,0.00011624106811045711,43.0078593099166,0.0,4289.69704666193,1728.340436983444
2115.4463500976726,67440.61902730167,29.161091377767328,-125.24673891910241,7025.0237290542145,6738.179432766241,-1.7880954152264086,43.07725442022941,22.32898733262624,2674.1527432865832,2.092831622281071,-0.5885873944875982,-0.3353499501136391,0.00011779614067758008,43.10106027229759,0.0,4311.224335302295,1729.2760348932263
2115.9463500976744,67342.25908215344,29.183032407929783,-125.22335629963618,7014.858040499596,6728.004595002053,-1.7967141161969489,43.090764832273855,22.282015713555133,2701.837456502137,2.1144378950104152,-0.37500068147375304,1.0632892072802833,0.00011937589895203476,43.19285121005987,0.0,4332.797872171739,1730.1959963619313
2116.4463500976763,67243.54783811141,29.204935447566267,-125.19999809283499,7004.586748452355,6717.7240366797605,-1.8051969830550127,43.10427337158672,22.234710291389444,2729.7979443335976,2.136300150409521,0.2737272735420464,1.209182097745482,0.00012098072418307367,43.28319136826245,0.0,4354.416945165944,1731.0999870050189
2116.946350097678,67144.49934752285,29.22680016614722,-125.1766647023073,6994.208200561461,6707.3360967676745,-1.8135068445690548,43.11777987329818,22.18706836712772,2758.0294441274973,2.1584784617387722,0.5989906905265151,-0.08963826281728196,0.00012261080850563418,43.371984340098514,0.0,4376.080805328673,1731.9871177913258
2117.44635009768,67045.11914005037,29.24862622753475,-125.1533565389275,6983.721621499808,6696.840042458612,-1.821942218363033,43.13128352576776,22.13908916327039,2786.5308967000988,2.180689757130978,0.2140843112042157,-1.3106231594506237,0.00012426648299873925,43.45917605248933,0.0,4397.788662280836,1732.8569258739374
2117.9463500976817,66945.39343207143,29.270413290618723,-125.13007402045879,6973.12613776178,6686.23504288965,-1.8307923686836984,43.14478354516245,22.0907690090846,2815.3083606629702,2.20325154852182,-0.4249138752885648,-0.986759580114192,0.0001259484093347388,43.544766813088756,0.0,4419.539714583435,1733.7094911033344
2118.4463500976835,66845.30127632152,29.292161008756697,-125.10681757183515,6962.420156582401,6675.51949420268,-1.8399874108448009,43.15827984407843,22.04210076487302,2844.370112835693,2.22603242154279,-0.5490770368089282,0.5132258570360881,0.00012765739130811242,43.628762601428114,0.0,4441.333163295399,1734.54494784186
2118.9463500976854,66744.8358082287,29.313869034764025,-125.08358761926729,6951.603223685407,6664.692888023637,-1.8491721685871494,43.17177287674017,21.99308281552824,2873.7201401495963,2.2489082651265866,-0.0047720679847816656,1.3732126473429722,0.00012939401350674733,43.71114921270053,0.0,4463.168209529872,1735.3632279659848
2119.446350097687,66644.00888834149,29.335537022737462,-125.06038458817498,6940.674026193736,6653.75387680479,-1.8581363363105983,43.18526280313659,21.943713258326433,2903.354452781491,2.272192163404137,0.5432779766551168,0.5220429462491363,0.00013115854513336112,43.79184062959707,0.0,4485.04402999145,1736.1635505878196
2119.946350097689,66542.8326965943,29.357164621913842,-125.03720891026977,6929.631193095566,6642.701117604264,-1.8670840098906165,43.19874897555381,21.893990237876498,2933.268692795255,2.2955646442940068,0.416331618121909,-1.0070932149423513,0.00013295124796760375,43.870749417896405,0.0,4506.9597524950195,1736.9451236235882
2120.446350097691,66441.30030222517,29.378751475903034,-125.01406102491609,6918.4741922879175,6631.53413541272,-1.8763939909155343,43.21223041655014,21.843912251318176,2963.4666061919265,2.319158816756266,-0.23025608730749825,-1.3039123785549835,0.0001347727265281608,43.94786109871942,0.0,4528.914479865888,1737.7078787966518
2120.9463500976926,66339.38971708808,29.400297222356553,-124.99094137938711,6907.201351277595,6620.251269420805,-1.8861469727707567,43.22570673438672,21.793471949769405,2993.956946579388,2.3431132639300287,-0.5836551855200264,0.026179636849080597,0.0001366238753582474,44.02318170907399,0.0,4550.9073150538015,1738.4519490371151
2121.4463500976944,66237.08724034019,29.421801496146472,-124.96785042483496,6895.811881484524,6608.851679626038,-1.8960129561242451,43.23917832763637,21.742665813919192,3024.7460859062935,2.3671099169407013,-0.1928388237527902,1.306309238663886,0.00013850546465577802,44.096708891421834,0.0,4572.937363114317,1739.1773821370134
2121.9463500976963,66134.40089426376,29.44326393449376,-124.9447886104311,6884.304879380438,6597.334409433333,-1.9056647135827138,43.25264557441916,21.691492781326293,3055.831562270382,2.3914897313865073,0.4439622246958933,0.8835138234418431,0.0001404178797432903,44.168373667491906,0.0,4595.003713871755,1739.8835678903506
2122.446350097698,66031.34615292586,29.464684171318527,-124.92175638983196,6872.678632966605,6585.697759452805,-1.9152068252105843,43.266108004029476,21.639950302413965,3087.206959350429,2.4160627802059493,0.5030624053652853,-0.7174863721513984,0.00014236136685211065,44.238069724315466,0.0,4617.105408043729,1740.5695300631667
2122.9463500977,65927.9214529628,29.486061834236562,-124.89875422508788,6860.932616654996,6573.941268071401,-1.9250559358888775,43.27956454535246,21.58803769247113,3118.873769118699,2.4407630047454236,-0.09539246569910162,-1.4114313103227785,0.00014433649469599774,44.30576542457127,0.0,4639.2414500638115,1741.2350287972804
2123.4463500977017,65824.10539876577,29.507396544647438,-124.87578258663594,6849.065289535069,6562.063423391212,-1.9354009025910002,43.29301458123881,21.53574829207201,3150.8407477033284,2.465885556237655,-0.5652810651344309,-0.2655667629588379,0.00014634422926564157,44.37146615389501,0.0,4661.410840955077,1741.8801866499668
2123.9463500977035,65719.88027882297,29.528687919817312,-124.85284195042924,6837.0755573840115,6550.063083405407,-1.9459434763471744,43.30645843936592,21.48307717726602,3183.1156652106206,2.491061389328058,-0.28098218174508993,1.2146498654884548,0.00014838549513790576,44.43517354962543,0.0,4683.612584347703,1742.5050868486908
2124.4463500977054,65615.25135936588,29.549935579565798,-124.82993279021838,6824.96272237211,6537.939484928,-1.956285838916129,43.31989662587677,21.430023625350145,3215.6970374913285,2.516581690317988,0.379227406656843,1.036990270391785,0.00015046078672880674,44.4968288268454,0.0,4705.845672988081,1743.1092184965073
2124.946350097707,65510.235676493496,29.57113914161005,-124.80705558288452,6812.724951180721,6525.690797523501,-1.966471782720598,43.3333287733357,21.376584903303957,3248.5770937315997,2.542359034045902,0.5230781871056598,-0.5812157957092539,0.00015257036642182424,44.55631630626116,0.0,4728.109051245395,1743.691514089269
2125.446350097709,65404.83438398689,29.592298216919893,-124.7842108142195,6800.361642842781,6513.316489813654,-1.9769448140613557,43.34675373925724,21.322760514233583,3281.7558740890677,2.568228597442309,-0.04806815685434381,-1.4394770002591954,0.00015471481551072028,44.613593327785196,0.0,4750.4016206677925,1744.2516218112803
2125.946350097711,65299.02613347676,29.613412409830655,-124.76139897899769,6787.871317937075,6500.815121105431,-1.987949344164503,43.36017078232952,21.268544165581183,3315.2422575465266,2.5945420848955645,-0.5501573547012115,-0.3385634922049886,0.000156895191935589,44.66866473665065,0.0,4772.722276962146,1744.7896526742618
2126.4463500977126,65192.791556616314,29.634481320069888,-124.73862057812781,6775.252769440654,6488.185434665219,-1.9991835720056437,43.373580226181275,21.213930467121724,3349.0446482101233,2.620915893910156,-0.285000886338987,1.2109434078642176,0.0001591125462559792,44.721532921114076,0.0,4795.069918545813,1745.3056908681056
2126.9463500977145,65086.13571007829,29.655504550207237,-124.71587610999549,6762.505322333035,6475.426681547373,-2.0102084715878465,43.386982646367656,21.158918778212,3383.1612751712964,2.64763784952583,0.3786319970486932,1.0311391911729537,0.00016136744248795975,44.772138315029764,0.0,4817.4434333134095,1745.7992139131438
2127.4463500977163,64979.076668426394,29.676481700992774,-124.69316607582624,6749.627099009973,6462.536987384615,-2.0210709445650292,43.40037765396969,21.10350639602624,3417.5831462354718,2.6746169520283756,0.5036103643043107,-0.6471289016962605,0.0001636601713362727,44.820359278892106,0.0,4839.841658761622,1746.269093979684
2127.946350097718,64871.61518241372,29.697412366022355,-124.6704909863074,6736.617496411101,6449.515827448306,-2.0322564411779527,43.41376400685153,21.04769286333064,3452.3101370163404,2.701702733531919,-0.09042554977559186,-1.4384654839231816,0.0001659913944708619,44.86615298644446,0.0,4862.263387849239,1746.7149712352466
2128.44635009772,64763.72836341057,29.718296131722862,-124.64785136179076,6723.474933253903,6436.361659187993,-2.0440034104947746,43.42714096018597,20.991471497341916,3487.351746806388,2.7292371539690987,-0.5512250850629633,-0.18624389477381087,0.0001683623083293123,44.90952490170446,0.0,4884.707408093046,1747.1369537371838
2128.9463500977217,64655.39752784092,29.739132580367425,-124.6252477282687,6710.198315118897,6423.0733267328205,-2.0559483604485265,43.44050894604407,20.934837449317172,3522.7161793578193,2.7568145700297997,-0.20938698223977797,1.3102790201294097,0.0001707740545690193,44.95047573283932,0.0,4907.172509695268,1747.5351001132863
2129.4463500977236,64546.63071146235,29.75992129774017,-124.60268060845013,6696.786812410773,6409.649922451275,-2.0676432863347816,43.45386854421014,20.877789989537796,3558.3996314214983,2.784796617943685,0.4374281281867131,0.8516410569685818,0.0001732272040881934,44.98893226627376,0.0,4929.657468585269,1747.9087479498735
2129.9463500977254,64437.44641234912,29.780661866924355,-124.58015052895827,6683.238584392427,6396.0896234999855,-2.079222055518948,43.467219178994185,20.82032667515886,3594.392099004559,2.8129634505671413,0.43506462519938094,-0.9084934880252735,0.00017572209221547726,45.02477093122056,0.0,4952.161004837337,1748.2567447143836
2130.446350097727,64327.84125798661,29.801353863349295,-124.55765802661818,6669.5530676138405,6382.391956219567,-2.0912230318899554,43.48055948860799,20.762446782969267,3630.6950121154377,2.841317832757616,-0.21515671446273915,-1.3531569073225183,0.0001782595562149428,45.05796080748821,0.0,4974.681797973848,1748.5788362599662
2130.946350097729,64217.789603598416,29.82199685476437,-124.53520364850797,6655.72846276806,6368.5551451239,-2.1037914368157575,43.49388889723142,20.70414268181062,3667.3189149476384,2.8700758368086654,-0.5385957445119491,0.20624722164231207,0.0001808409778428378,45.08850877729211,0.0,4997.218525276204,1748.8751321730074
2131.446350097731,64107.276896933094,29.842590406608,-124.51278794520728,6641.764011067136,6354.578347940434,-2.116446742632716,43.50720805299455,20.645411172019326,3704.270330370668,2.8988787976846706,-0.04417539251376426,1.4214113246227784,0.00018346752043143336,45.11640839501296,0.0,5019.769866065639,1749.1456092363476
2131.9463500977326,63996.31706835143,29.863134088264196,-124.4904114635136,6627.658468549836,6340.460250136405,-2.1288034656808428,43.520517396619255,20.586250966582565,3741.541460024386,2.928153075850544,0.5152291966382512,0.42118867379424824,0.0001861396912757297,45.1415591125646,0.0,5042.334475639255,1749.3893291777706
2132.4463500977345,63884.92655937094,29.883627464328804,-124.46807475668241,6613.410293546202,6326.199360198523,-2.141176152608628,43.53381598049876,20.52666048845584,3779.122659614594,2.9574873321295736,0.2778403171381872,-1.2749925879243758,0.0001888579346688113,45.163849055623,0.0,5064.910947559391,1749.6052420251312
2132.9463500977363,63773.09369732812,29.904070091192345,-124.44577838901671,6599.018755612435,6311.795042507754,-2.1541145740095367,43.547102407139214,20.466637580471104,3817.0187971783307,2.9871752001812046,-0.38982103433854803,-1.0276889174643185,0.0001916233897501372,45.18326710790705,0.0,5087.497846105058,1749.793271004791
2133.446350097738,63660.79130205419,29.92446151766254,-124.42352293484873,6584.482005098771,6297.245433766485,-2.167547115397953,43.56037651444614,20.406174304414584,3855.24105825065,3.0171061059553064,-0.442779479283189,0.7982304011635091,0.0001944376188347599,45.19982100770446,0.0,5110.09373733782,1749.9535179588283
2133.94635009774,63548.01418147795,29.94480129385467,-124.40130896780424,6569.799607757631,6282.549992423945,-2.1808765095401754,43.57363916425492,20.345269661562266,3893.7914317337786,3.0472105369268974,0.20435513136835473,1.3227691463096556,0.00019730167606227435,45.213481977330936,0.0,5132.6971858880615,1750.0857272924757
2134.4463500977417,63434.78267258499,29.965088972361343,-124.37913705943203,6554.969744825244,6267.706862493861,-2.1939239816760754,43.586890370780225,20.283921407330272,3932.6572190986058,3.0777245842004417,0.5223701239497128,-0.31112482914556483,0.00020021597961301983,45.224117972866885,0.0,5155.306714593427,1750.188640524174
2134.9463500977436,63321.10528786853,29.98532409838247,-124.3570077910413,6539.991521601747,6252.715243794454,-2.2072366644241357,43.60012871294311,20.222129308410985,3971.832551939704,3.1082661464293495,-0.0005094260504598125,-1.4930202618800823,0.00020318124859163844,45.23165436112831,0.0,5177.920786786699,1750.2615511608055
2135.4463500977454,63206.95949487202,30.005506208308546,-124.33492175580156,6524.863567048519,6237.573837702524,-2.221223019770038,43.61335306187146,20.159887905230764,4011.326677748403,3.139290484367845,-0.5193654532228157,-0.29366357176968494,0.00020619903487530952,45.2360963719961,0.0,5200.537853231585,1750.3045210379767
2135.946350097747,63092.3227398796,30.025634833426096,-124.31287955383071,6509.584627186557,6222.281316033966,-2.2354794187199696,43.62656389682893,20.09719169854418,4051.149014281859,3.1703527050039897,-0.1867389710448015,1.3471338807133162,0.0002092709421887324,45.23744819627058,0.0,5223.156368621416,1750.3175973078914
2136.446350097749,62977.204379376024,30.04570951010811,-124.29088178015063,6494.153923697978,6206.836792936611,-2.249435915887638,43.63976200528102,20.034040349919195,4091.292949356644,3.2018434665957343,0.4515908753181631,0.7187357080322055,0.00021239775466855282,45.23563028542776,0.0,5245.774773693992,1750.3000124892444
2136.946350097751,62861.625547013246,30.06572977258226,-124.26892903317913,6478.569814234721,6191.238659965968,-2.2633080351123978,43.65294660231179,19.970432530151232,4131.744295963298,3.233302859724072,0.3365197945046964,-1.1585324119352112,0.00021557993707153078,45.23051310960101,0.0,5268.3914476592745,1750.2505107312843
2137.4463500977527,62745.578763386235,30.085695148325435,-124.24702192092208,6462.832954062969,6175.487695076319,-2.2777638175468296,43.66611601952868,19.906371309243525,4172.506799013589,3.264858923125687,-0.34094370172399846,-1.142516385007852,0.00021881874721920865,45.222102842829244,0.0,5291.004738387889,1750.1691436451144
2137.9463500977545,62629.034797166474,30.105605158938033,-124.22516105982368,6446.941742378952,6159.582297215846,-2.2928070564353997,43.67926992268633,19.841849632965463,4213.592749693641,3.2966922780521655,-0.43878328524870935,0.7615456059685383,0.00022211609493306606,45.21041657509954,0.0,5313.613004481238,1750.056063280443
2138.4463500977563,62511.98675777763,30.12545932772852,-124.20334706520168,6430.89581622438,6143.521973465799,-2.307752459309192,43.6924093330499,19.776866616279776,4255.004082373253,3.3286681344132045,0.2105477288914162,1.3203200408291627,0.00022547331230421245,45.195430532080046,0.0,5336.214606062158,1749.9110210640886
2138.946350097758,62394.45707001723,30.14525718200955,-124.18158054853129,6414.693422090838,6127.304924798314,-2.322391008286504,43.705534301533525,19.7114204921352,4296.724733792952,3.36103733622083,0.494959902270506,-0.4454451302896009,0.0002288909072297718,45.17700731321606,0.0,5358.807861468623,1749.7326627506818
2139.44635009776,62276.454001784325,30.16499824132157,-124.159862131623,6398.333788220281,6110.930498981166,-2.337374315496643,43.718643167884395,19.64551156454861,4338.747421386688,3.3934285912339077,-0.0777893278595844,-1.4960313752788956,0.00023236979529463926,45.15507609816785,0.0,5381.39102827521,1749.52027179519
2139.9463500977618,62157.95176859293,30.184682015349797,-124.13819244948786,6381.815458241487,6094.397314719017,-2.353103372092936,43.73173479137554,19.579133988060452,4381.082484859222,3.426286444246953,-0.5111668651067275,0.015516616549191257,0.00023591192678950769,45.12964822251541,0.0,5403.96235475344,1749.2739208578112
2140.4463500977636,62038.930020712316,30.204308010344445,-124.11657214216324,6365.137548605978,6077.704379138113,-2.3690148875329977,43.744809950008886,19.51228383495613,4423.737982347202,3.4591409883769457,-0.04386941203318453,1.4498564246203263,0.00023951915305952775,45.1007275128103,0.0,5426.520095147974,1748.993603996719
2140.9463500977654,61919.40476593841,30.22387573947327,-124.09500184243878,6348.299034418779,6060.8505560428985,-2.3845589326344085,43.75786937001021,19.44496078647984,4466.701236347882,3.4924680497112255,0.49822191443292707,0.2541010134612996,0.0002431922603220427,45.06820997834313,0.0,5449.062482949194,1748.6782635000548
2141.446350097767,61799.39528277796,30.24338471178871,-124.0734821889555,6331.298521119559,6043.8345338385425,-2.4001929475905235,43.77091175712943,19.377164298662702,4509.956869346274,3.525785232562074,0.14810322030706566,-1.45782530770679,0.00024693193095269014,45.03197881932477,0.0,5471.58768520919,1748.3267088825353
2141.946350097769,61678.8843591148,30.262834425858777,-124.05201383436851,6314.135181973153,6026.655615783991,-2.4165905048741863,43.783935405704554,19.30889177790287,4553.510868859813,3.5595306946858765,-0.46578242702957134,-0.5992674456068213,0.0002507400008879295,44.99203577233645,0.0,5494.0938432101075,1747.93889150296
2142.446350097771,61557.843768402,30.282224373226846,-124.03059744081487,6296.807567901735,6009.312286763736,-2.4334229569694092,43.7969406205704,19.24013685563754,4597.374469524267,3.5933312456719784,-0.23135185925131801,1.293416120475357,0.0002546187185715307,44.948395395680954,0.0,5516.579105099641,1747.5148804980258
2142.9463500977727,61436.2805567421,30.30155405204926,-124.00923366354138,6279.315255682141,5991.803970292558,-2.44993678632586,43.809928533258066,19.170900062196395,4641.539865621966,3.627500933227092,0.4241452848545881,0.7575545329511028,0.00025856925715656134,44.90099248316303,0.0,5539.041612351991,1747.053962623464
2143.4463500977745,61314.21963506378,30.32082296078863,-123.98792315836839,6261.656502983243,5974.128958815922,-2.4663427048406534,43.82289832706262,19.101180228448555,4685.986510454292,3.661769679671103,0.29485951958543816,-1.242286983104083,0.00026259221312881654,44.84968619484766,0.0,5561.479445792523,1746.5546791829865
2143.9463500977763,61191.65287791472,30.340030587362417,-123.96666659514595,6243.83082551057,5956.286929645593,-2.483458067715256,43.83584798674312,19.03097703024687,4730.714954976529,3.6963237640034885,-0.38007679445275333,-0.9959628615303281,0.00026668927770323977,44.7944611985183,0.0,5583.8906455086635,1746.0167821907744
2144.446350097778,61068.54883430153,30.359176410520714,-123.94546465596228,6225.836560700357,5938.2762003842,-2.5011921499625345,43.84877733235277,18.96028333512507,4775.737514566717,3.7310524673348264,-0.3399479400670094,1.0561864167545167,0.00027086298327623606,44.735337383718765,0.0,5606.273257243376,1745.4403587630895
2144.94635009778,60944.90668171365,30.378259914088805,-123.92431801783778,6207.673539323127,5920.096425560318,-2.5186948180449074,43.861687687528665,18.889099612066207,4821.0503426838995,3.766011511024276,0.3400878549753127,1.0496478297757499,0.00027511489311354104,44.672278039262956,0.0,5628.625328151038,1744.8249361431965
2145.4463500977818,60820.75344046485,30.397280585872014,-123.90322735401492,6189.340013176782,5901.745848523828,-2.535963644691362,43.87457865089944,18.81742477725744,4866.629983369404,3.801178855373007,0.3704045156868663,-1.024393670229232,0.00027944562631797255,44.60513678975595,0.0,5650.9448537459675,1744.1689599045394
2145.9463500977836,60696.087992424145,30.416237903568433,-123.88219335118136,6170.83558499239,5883.224250620301,-2.5538810829865555,43.88744805629471,18.74525964923657,4912.471983012092,3.8365056007784815,-0.3071377333596104,-1.2046227421072806,0.00028385678317759567,44.53388199744887,0.0,5673.229779317708,1743.4719834736036
2146.4463500977854,60570.87809534371,30.43513133441118,-123.86121670996167,6152.158632846329,5864.530026609257,-2.5725352750182133,43.90029535424127,18.672597384725233,4958.588641989102,3.8720878929928815,-0.3882131584326505,0.8749251274547919,0.0002883511238986246,44.45853774302541,0.0,5695.47805410576,1742.734095748424
2146.946350097787,60445.11782426853,30.453960349499994,-123.84029812736418,6133.309064069807,5845.662893148322,-2.5910288420560694,43.913121960811516,18.59943816878119,5004.97827340653,3.9078038185744384,0.2844796722826676,1.1823459921803556,0.00029293054417900226,44.37908435735666,0.0,5717.687633517706,1741.9549483410026
2147.446350097789,60318.834986678325,30.472724426409272,-123.81943829366662,6114.285267508616,5826.621201248502,-2.6092220587663753,43.92592774060566,18.52578134938154,5051.615341327599,3.9437800114563033,0.3965825876489486,-0.9032760644542801,0.0002975957328078719,44.29537795339759,0.0,5739.856428470424,1741.1329618377156
2147.946350097791,60192.032412905246,30.49142303307702,-123.79863791201046,6095.086870282612,5807.404770013672,-2.628039804963218,43.93871042430392,18.451628324841057,5098.49181361131,3.9798439444972984,-0.27245249949374056,-1.2808417861097565,0.00030234829791324206,44.20737854952594,0.0,5761.982295847131,1740.2675614890466
2148.4463500977927,60064.67759086937,30.510055626178012,-123.77789770051723,6075.712366715634,5788.012130457874,-2.6476620709580856,43.95146926693687,18.376972785247478,5145.619683014755,4.016183094057545,-0.39608974439307754,0.816054514338619,0.0003071912310746185,44.115114693370536,0.0,5784.063096183078,1739.3588352771885
2148.9463500977945,59936.76279757451,30.52862166614643,-123.75721837383932,6056.161741530593,5768.443061251992,-2.6671453495904225,43.9642057738243,18.301814987900606,5192.99738325486,4.052612864716883,0.27233343600053717,1.2019252403722662,0.000312126670029033,44.01857484590857,0.0,5806.096699252023,1738.4064666103473
2149.4463500977963,59808.31678570341,30.54712062133635,-123.7366006381831,6036.43351256537,5748.696032029088,-2.6863083300392105,43.97691988396912,18.22615475057729,5240.597023315705,4.089292550274194,0.3881652998419062,-0.918708384658207,0.0003171553709636457,43.91761824943263,0.0,5828.0809337165965,1737.4088494277337
2149.946350097798,59679.34296023194,30.56555195043761,-123.71604521268516,6016.527383665729,5728.770956146097,-2.7061320607696495,43.98960919979531,18.149993865586563,5288.408991025055,4.126041938397896,-0.282850255920403,-1.2533841864145416,0.00032227907815971006,43.81220798800071,0.0,5850.013575108352,1736.365385559263
2150.4463500978,59549.8081025416,30.58391510052763,-123.69555283191762,5996.441959599814,5708.666473326624,-2.7267841560642117,44.00227299189322,18.07332642337373,5336.445126178931,4.163026751313916,-0.3714376838595898,0.8975549674145781,0.00032750105485088843,43.702378081588954,0.0,5871.892405005634,1735.276166402955
2150.9463500978018,59419.706259598024,30.602209523799473,-123.67512422537527,5976.177368715164,5688.382484726745,-2.7472544923421,44.01491289531119,17.996153305848356,5384.701686487505,4.200110873151,0.30385678458089926,1.1152018730467024,0.00033282356099866825,43.5881172596128,0.0,5893.715216126585,1734.1408232944934
2151.4463500978036,59289.06767734699,30.620434680774977,-123.65476011362034,5955.732213828872,5667.9175593221835,-2.767434306613013,44.02752869296891,17.91847477924955,5433.14782522769,4.237371903063836,0.34553156799439294,-1.0692803503154968,0.0003382474005170061,43.469286884783614,0.0,5915.479759324464,1732.9577049210386
2151.9463500978054,59157.89266177453,30.63859002146992,-123.63446123123624,5935.106333407794,5647.271768101387,-2.7883786801229467,44.04011782579418,17.840292856093242,5481.774775544211,4.274739725643208,-0.3324951100778588,-1.1058838793719798,0.0003437746174955812,43.34586516725174,0.0,5937.183737787666,1731.7263025941159
2152.446350097807,59026.14707843494,30.656674984639757,-123.61422832780697,5914.298467574698,5626.443855888794,-2.810117268552555,44.0526798360021,17.761601995015997,5530.594287616237,4.312239933881606,-0.3075506564837341,1.0978766693633062,0.0003494087827789803,43.217892500808574,0.0,5958.824865981929,1730.4467144985101
2152.946350097809,58893.83066265192,30.674689017103724,-123.59406214431395,5893.308902831513,5605.433858197739,-2.8315691206340534,44.065216495991656,17.68240410849557,5579.597607639978,4.3499033938081455,0.3667403146420109,0.8843508246308421,0.00035515211896475023,43.08534848439226,0.0,5980.400869760396,1729.1184185083084
2153.446350097811,58760.97481551394,30.6926315729715,-123.57396341405307,5872.136356533241,5584.240505424499,-2.8528354475152757,44.07772715381782,17.602700055708468,5628.75106179017,4.387604577841557,0.25623586077864297,-1.3095603930791837,0.0003610054917554562,42.94809996485759,0.0,6001.909428848993,1727.7397423924888
2153.9463500978127,58627.57275789045,30.71050209422731,-123.55393288640721,5850.780765287663,5562.863986363119,-2.8750233644363283,44.0902091369346,17.52249156323469,5678.049413023112,4.425504851345145,-0.4013450622574262,-0.7842867703244035,0.00036697145212026707,42.80615030663571,0.0,6023.348186339374,1726.3103623613927
2154.4463500978145,58493.590819696896,30.728300013333417,-123.53397132360317,5829.241164126362,5541.303274481327,-2.8978781170988834,44.1026625587502,17.441773979953293,5727.503549003516,4.463377083171974,-0.18869472429964712,1.3416156930780048,0.00037305384736825156,42.65954590271987,0.0,6044.714803612216,1724.8303741375266
2154.9463500978163,58359.03843646683,30.74602477497175,-123.5140794742819,5807.517850669224,5519.55840511522,-2.9203100472058763,44.115089201694296,17.36055017265117,5777.096254753325,4.501514003040399,0.43152000149505015,0.44862990934089003,0.0003792546661925455,42.50824485727991,0.0,6066.00695043404,1723.2989674752453
2155.446350097818,58223.94553087652,30.76367582793168,-123.4942580832448,5785.609853594088,5497.628505266024,-2.942777940717973,44.12748767921289,17.278822063730644,5826.793183788134,4.539514778537353,0.10505986440640869,-1.5274533548375968,0.0003855749579475435,42.352132868203775,0.0,6087.22224517431,1721.7145752661197
2155.94635009782,58088.29467028845,30.781252606993146,-123.47450791377258,5763.517015457912,5475.513662983203,-2.966324950987413,44.139855445196055,17.19659009516586,5876.594893063995,4.577812928357964,-0.4490552322861095,-0.23618797317137952,0.00039201800577734746,42.19124258230232,0.0,6108.358287038118,1720.0770978468115
2156.446350097822,57952.05695400201,30.798754541726584,-123.45482973668918,5741.238994680517,5453.213372483436,-2.9902784357909162,44.1521934578039,17.113851817705786,5926.508851276229,4.615935397538748,-0.005522550736337461,1.4752083873005204,0.00039858775348236005,42.025622599574206,0.0,6129.412700312457,1718.386584365058
2156.9463500978236,57815.25423225388,30.81618107772105,-123.43522430466223,5718.775781840273,5430.727393253655,-3.0137211108252355,44.16450313936536,17.030610383505046,5976.506261919199,4.654364762326405,0.4467007514236635,-0.21502837951564646,0.00040528578215019587,41.85519801240222,0.0,6150.3831088648385,1716.6418051469973
2157.4463500978254,57677.90898502059,30.833531659014273,-123.41569237341714,5696.127034337789,5408.055596082386,-3.0375647501059424,44.176782176105974,16.946869302928455,6026.557181234034,4.692571102231233,-0.10463072492637736,-1.5290660894327286,0.0004121136334992764,41.67989741723967,0.0,6171.2670847627005,1714.8415381540797
2157.9463500978272,57539.99215745088,30.85080571468944,-123.39623471834983,5673.292295369798,5385.19770068505,-3.0625382087240673,44.18902866283793,16.86262685357394,6076.6683917449245,4.731036972740683,-0.415125985417442,0.505767659921889,0.00041907545914956194,41.499778372365164,0.0,6192.062203103057,1712.985862785332
2158.446350097829,57401.4872064963,30.868002676637246,-123.37685211263612,5650.27209959377,5362.153961631277,-3.0875265150984266,44.20124445309318,16.777884193771087,6126.838671775072,4.769346737785226,0.21816453958285234,1.2761595360368478,0.0004261749132532385,41.314879173403554,0.0,6212.766067970756,1711.0746460687292
2158.946350097831,57262.42685959209,30.88512199310425,-123.35754531086293,5627.065959931334,5338.923771799958,-3.112095932639784,44.21342997305678,16.692644267942203,6177.027834157706,4.807787285729254,0.348659738212319,-0.9897880758672981,0.0004334131797395431,41.12509600428378,0.0,6233.376267013822,1709.1062628740572
2159.4463500978327,57122.817664415576,30.902163103618932,-123.33831507950337,5603.674212464541,5315.507782665383,-3.1375258378425364,44.22558216021205,16.60691153571056,6227.217109689062,4.846151847501984,-0.32142403213385184,-1.090585418998632,0.0004407927943280086,40.93042233361267,0.0,6253.890348833328,1707.0800655034268
2159.9463500978345,56982.62404525187,30.91912543502558,-123.31916220185819,5580.0963646326845,5291.905516929208,-3.163886628509152,44.23770045651516,16.52068316266814,6277.416387231756,4.884491465737786,-0.2434588021200054,1.216441249234636,0.0004483186122804758,40.730930994036584,0.0,6274.30588638201,1704.9962127714339
2160.4463500978363,56841.850169176236,30.936008427700873,-123.30008744603063,5556.333440731276,5268.117653547025,-3.1898543226855876,44.249787133097456,16.433963523614146,6327.608151163534,4.922907880005941,0.3991471863865625,0.5651355151239158,0.00045599348884248024,40.526623796277164,0.0,6294.620478521444,1702.8541051049228
2160.946350097838,56700.53047438525,30.95281153213847,-123.28109156903803,5532.384993416517,5244.1438292377625,-3.215803469585235,44.26184095725693,16.346756385805026,6377.748580238151,4.961099455807708,0.10434073448502247,-1.5330477921054642,0.0004638186436763423,40.317406886029296,0.0,6314.831690237567,1700.6521102925612
2161.44635009784,56558.64923440665,30.969534184106607,-123.2621753472529,5508.251429048313,5219.984768598492,-3.242974760977113,44.27385895484902,16.25906445188331,6427.834001366507,4.999456136306003,-0.43237986590590827,-0.14020847857061788,0.00047179808818091943,40.10333621162425,0.0,6334.937076584476,1698.3901413952917
2161.946350097842,56416.17776227556,30.986175815391388,-123.2433395631458,5483.933135835219,5195.640643068562,-3.2705532252604486,44.28584237996615,16.17088761119983,6477.869270555294,5.037509278707374,0.05720771170182455,1.4547197557684903,0.00047993670342092766,39.88448658011754,0.0,6354.934230956487,1696.0682951132078
2162.4463500978436,56273.14317271672,31.002735878855066,-123.22458497486818,5459.4306397617975,5171.111714174656,-3.2975806398773577,44.297792742546875,16.08223089872154,6527.815846866028,5.075719270546577,0.4066681155243464,-0.5511027675455799,0.00048823628183125627,39.6608020732894,0.0,6374.820756929449,1693.685258862661
2162.9463500978454,56129.56508967187,31.019213825334667,-123.20591234425814,5434.744381257567,5146.398736139925,-3.325272164381746,44.30970709099204,15.993100172798092,6577.641270164358,5.113622988605753,-0.21785543886008155,-1.365129684276909,0.0004966990353370568,39.43225930353776,0.0,6394.594222781262,1691.2400310317378
2163.4463500978472,55985.4098017076,31.035609090252077,-123.18732245336112,5409.874398618511,5121.501881494363,-3.354139074565766,44.32158395992491,15.90349490865571,6627.352920295241,5.151541782551711,-0.3130569978783863,0.9768752824927108,0.000505330394360977,39.19894943728738,0.0,6414.252221545256,1688.7328103182665
2163.946350097849,55840.672918639146,31.05192112068052,-123.16881607127493,5384.822209775786,5096.422271623422,-3.38273913581238,44.333425883118935,15.813420073128835,6676.937384239787,5.189327350134122,0.34865001151133135,0.8092101934490982,0.0005141341945005567,38.9609167253333,0.0,6433.792386723451,1686.1632754799493
2164.446350097851,55695.39217212517,31.068149380539822,-123.15039394784338,5359.58784573809,5071.159950807335,-3.411173112314812,44.34523218844198,15.722880812845574,6726.344274919437,5.226872703316361,0.15826466046116253,-1.4694594680562587,0.000523111743572707,38.71808503856005,0.0,6453.212336666186,1683.5297750239163
2164.9463500978527,55549.55790371727,31.084293320037663,-123.13205685097974,5334.1722373580005,5045.716242252183,-3.4408868323751376,44.35699946798958,15.631882212469993,6775.563497647476,5.264434081300304,-0.41600007734276745,-0.2879453618567916,0.0005322672788584099,38.47052045850556,0.0,6472.509683139325,1680.8321633671412
2165.4463500978545,55403.13907039445,31.100352383951694,-123.11380555647555,5308.57617036499,5020.0917226903985,-3.471139556621219,44.36872883715156,15.540425294829408,6824.599985244297,5.301604554239479,0.03576895143916373,1.4534892053689845,0.0005416065301640794,38.21832157759758,0.0,6491.68208558803,1678.070632593274
2165.9463500978563,55256.162573317066,31.116326041551936,-123.09564081160528,5282.800828636127,4994.287249560187,-3.500808321263062,44.38042215978884,15.44851675650527,6873.412250336862,5.338825303477401,0.3953192393252921,-0.5532578077113729,0.000551131651602315,37.96146258174575,0.0,6510.727227726127,1675.2439900124457
2166.446350097858,55108.65022506192,31.132213762479203,-123.07756336439675,5256.84709362482,4968.304061818708,-3.5311995928340183,44.39207629077727,15.356163985584969,6921.963020140105,5.375635744379774,-0.22754192581160496,-1.3302015639676852,0.0005608451086394131,37.69994153317883,0.0,6529.642770621196,1672.3512671617407
2166.94635009786,54960.56804712489,31.148015000455015,-123.05957398366185,5230.715549338874,4942.142889381922,-3.5628379309092795,44.40368974229663,15.263368239704176,6970.258671601095,5.412328781916889,-0.2774318828867783,1.064176979239445,0.0005707531217349917,37.43387179355894,0.0,6548.426410968984,1669.392744214063
2167.446350097862,54811.914994997904,31.163729224632014,-123.04167342063579,5204.408303237874,4915.805377665637,-3.594138768245586,44.41526536199953,15.170136308141776,7018.280976484071,5.448819259476643,0.3675687856844708,0.6232709558338387,0.0005808598871919956,37.163314587218416,0.0,6567.075896093082,1666.3681065211424
2167.9463500978636,54662.73009412363,31.17935592275947,-123.02386240511838,5177.925965265955,4889.292205711976,-3.6253946041737604,44.42680208964961,15.076475162682046,7065.975139474306,5.484898457269385,0.08260031586572313,-1.5477466469971788,0.0005911669060844086,36.88822385685074,0.0,6585.588968206368,1663.2758070719133
2168.4463500978654,54512.99877489265,31.194894567415727,-123.00614168673162,5151.269869219151,4862.605134115668,-3.6580866128573426,44.438296448172196,14.98239078738527,7113.333126406662,5.520920233675809,-0.4077362845809433,0.04796111125713478,0.0006016793892312618,36.60869838049013,0.0,6603.963380961298,1660.1158895610783
2168.9463500978673,54362.694729743525,31.210344630541794,-122.98851201707612,5124.441703193336,4835.745528618719,-3.6911342522093014,44.449750273423824,14.887887051746935,7160.355436934776,5.556432434554159,0.14178849025681534,1.3507121735705785,0.0006124035490102261,36.32485369272466,0.0,6622.196947959668,1656.8885733062507
2169.446350097869,54211.85241133813,31.225705612749195,-122.97097411408036,5097.4429409280265,4808.714579856846,-3.723634352209312,44.46116499205702,14.792972041739388,7206.990653605796,5.591807045731892,0.32477467223102,-0.9735607997306595,0.0006233413736856066,36.036672721604745,0.0,6640.287510903674,1653.5925455705549
2169.946350097871,54060.48491510656,31.24097701082681,-122.95352870151807,5070.2751881978975,4781.514370737009,-3.757214456019742,44.4725368049976,14.697654847221708,7253.207118159013,5.6267761297011765,-0.3252241315452501,-0.9599065648719808,0.0006344963731997964,35.74420775614603,0.0,6658.232906636781,1650.227246386296
2170.4463500978727,53908.55649960879,31.25615830834556,-122.9361765205463,5042.939698911169,4754.146153236143,-3.7918797085002964,44.4838653168785,14.601938230037021,7299.0117042606835,5.66134105878741,-0.13184799291285657,1.3556493486449654,0.0006458757786599168,35.44759646234484,0.0,6676.0310276711325,1646.7930773145908
2170.9463500978745,53756.08143263124,31.2712490142803,-122.91891828256064,5015.439103840449,4726.612045081688,-3.825982088004207,44.495153527906986,14.505831463205629,7344.371175151953,5.695727699986648,0.4005250609763085,-0.027766659947482317,0.0006574832577429912,35.14689215972731,0.0,6693.679821785439,1643.2894483471182
2171.4463500978763,53603.09420103207,31.28624865076529,-122.90175468404571,4987.7747870223775,4698.913720721714,-3.860516716658175,44.50639893949743,14.409343918324172,7389.2328791449545,5.729483638031109,-0.11099445240775418,-1.5139353334406702,0.0006693209335182933,34.84210008657093,0.0,6711.177237346017,1639.7151730113637
2171.946350097878,53449.56721573416,31.30115672230051,-122.8846864442582,4959.948365024694,4671.053131704626,-3.896578151900298,44.51759889784774,14.312481097174029,7433.597770718584,5.763032607345251,-0.32775629779762055,0.7774377911046881,0.0006813957790808252,34.53336102031185,0.0,6728.521263893297,1636.0706231545144
2172.44635009788,53295.49074348807,31.315972746428805,-122.86771426767139,4931.962781825752,4643.032691221293,-3.9324915236608144,44.52875649462313,14.215251278506436,7477.452803904933,5.796089801919782,0.31532404138435277,0.8325633138622536,0.0006937135751065035,34.220789803780185,0.0,6745.709961377692,1632.3558560205986
2172.946350097882,53140.90682336502,31.33069626870092,-122.85083882576176,4903.819665730723,4614.8539958485235,-3.9682131658421067,44.53987139425359,14.117664026167516,7520.736914684541,5.828628602345866,0.12428288315840198,-1.4953650415302355,0.0007062760208804555,33.904382159496045,0.0,6762.741412507517,1628.5694851717053
2173.4463500978836,52985.80727767013,31.34532682140212,-122.8340608073496,4875.521216979506,4586.519797217553,-4.005497708722782,44.55093956278013,14.019728672480095,7563.435778770554,5.86087943051608,-0.39196746300518576,-0.05315157155793532,0.0007190888826124066,33.58426221541129,0.0,6779.613725019619,1624.7116232359265
2173.9463500978854,52830.164462706074,31.359863935623697,-122.81738090380358,4847.070028029208,4558.032336783494,-4.043266578410094,44.56196288379956,13.921451583516738,7605.550348308622,5.892441085497745,0.1347768801011585,1.3262921050401228,0.0007321597286216446,33.26058106587018,0.0,6796.325082297267,1620.782700003525
2174.4463500978873,52674.014279446565,31.374307177387507,-122.80079976503706,4818.468643168805,4529.393799705553,-4.080463615178288,44.5729431501602,13.822843525031068,7647.025317466324,5.923661774193606,0.2985817727507782,-1.0337914404020736,0.0007454909252203865,32.933366854414224,0.0,6812.873716225505,1616.781635012155
2174.946350097889,52517.370558574796,31.388656110803144,-122.78431804434268,4789.719486931107,4500.607196554695,-4.118916676807847,44.583876165845815,13.723916107945282,7687.826925982706,5.954308199320526,-0.334813248966255,-0.8227260519741048,0.000759086683394058,32.60271178857932,0.0,6829.257875716062,1612.7080939341574
2175.446350097891,52360.198517706245,31.40291028778924,-122.76793641097603,4760.8248930727705,4471.674808174333,-4.158476827434935,44.59476190081842,13.624675250088407,7727.96175291339,5.984316442456174,-0.0654339525002253,1.3868028035125453,0.0007729555745740497,32.26878499714131,0.0,6845.475882910977,1608.5626773287697
2175.9463500978927,52202.51904600952,31.417069293151393,-122.75165549514865,4731.788407298204,4442.599587929773,-4.197405536600987,44.605603603731524,13.525132840718998,7767.389163112636,6.013967907701161,0.3773351918227247,-0.3588184747513048,0.0007871014573090792,31.931666279202485,0.0,6861.526129128199,1604.3448697249257
2176.4463500978945,52044.36378476117,31.431132724554576,-122.7354759123623,4702.612437487664,4413.384394437407,-4.2370930117365315,44.6163979880107,13.425301136578211,7806.058089992986,6.042818945403293,-0.20047600424894843,-1.3406216770749624,0.0008015271992942872,31.591416905310325,0.0,6877.407026680495,1600.0538923620572
2176.9463500978964,51885.70138929319,31.445100161961598,-122.71939830077392,4673.299479802311,4384.031992453073,-4.278344001032395,44.627143046736954,13.325187707526931,7843.973153348713,6.0711696403481445,-0.22997635145345366,1.0971257964076597,0.0008162414868611503,31.24821285009196,0.0,6893.117053390616,1595.6903934578954
2177.446350097898,51726.53479255363,31.458971209757237,-122.703423269716,4643.853651071306,4354.54581436562,-4.319186676281301,44.63784255512373,13.224804513253314,7881.110647875765,6.098963375152868,0.3649421916667232,0.31755708005982775,0.0008312500649813144,30.902182008892385,0.0,6908.654769806506,1591.2544124900528
2177.9463500979,51566.9058735976,31.47274549933879,-122.68755139651253,4614.277504069118,4324.928613575484,-4.360258943987622,44.64849480551838,13.124164014636401,7917.409038367401,6.125916118941657,-0.038420465570809456,-1.5489035087808358,0.0008465550236284367,30.55337100247237,0.0,6924.018770559752,1586.7449245238597
2178.446350097902,51406.79426393565,31.486422644703193,-122.67178328069181,4584.573916493542,4295.183805083127,-4.403119862172181,44.65909622025739,13.023653292166527,7953.321672085234,6.152766755291914,-0.33229067741599294,0.6016688049435269,0.0008622139330229652,30.202819433039707,0.0,6939.20771349682,1582.1738635193603
2178.9463500979036,51246.18706915062,31.50000224363965,-122.65611954049146,4554.720418952252,4265.288231693541,-4.445982486949323,44.66965021087094,12.933005347755929,8001.027120948798,6.188714396577551,0.2867176324348275,0.8557881455794671,0.000879587338860003,29.873034850905917,0.0,6954.226823295926,1577.8371265302876
2179.4463500979055,51085.1301284302,31.51348382507925,-122.64056087214385,4524.696258025563,4235.22099290261,-4.488630746374492,44.68015679553689,12.841836887630324,8048.033163233587,6.224068514866944,0.11187575034607862,-1.4851455491299512,0.0008973618447424234,29.539744685105433,0.0,6969.0801623444695,1573.417654131791
2179.9463500979073,50923.6195987938,31.526866879861927,-122.62510801783137,4494.503956463377,4204.985317867039,-4.533076414736317,44.69061135585838,12.750157703086026,8094.315168000104,6.259013400815431,-0.3686796981069316,0.05122045926560404,0.0009155480429808724,29.203084705080627,0.0,6983.766006510563,1568.9153657617687
2180.446350097909,50761.63258809131,31.540150898456222,-122.60976172120819,4464.146855675022,4174.584063441868,-4.578009103327534,44.70101626275454,12.65797645654384,8139.865918733307,6.29317881311007,0.17682206457444868,1.1904665376281107,0.0009341590491371441,28.863218208346836,0.0,6998.282713857369,1564.3305349094048
2180.946350097911,50599.211585821584,31.553335412408902,-122.59452267688084,4433.628068730269,4144.0199535357515,-4.622434051792176,44.711373177053204,12.565301407310825,8184.611142512055,6.326813620867033,0.22556352261501603,-1.2415521849394422,0.0009532007391928444,28.520189474335492,0.0,7012.628696381058,1559.6618024878667
2181.4463500979127,50436.367484250106,31.56641994767426,-122.57939158726104,4402.950491538218,4113.296659921415,-4.668506862257179,44.72167717796324,12.472143688762664,8228.51112435294,6.359828014520777,-0.3541566207742782,-0.44374330271540285,0.0009726826973680722,28.174122690917027,0.0,7026.802397140671,1554.9088477561013
2181.9463500979145,50273.071242245845,31.57940402112365,-122.56436916682554,4372.11749759836,4082.417288117299,-4.715534476805965,44.73192937027272,12.37851271730557,8271.564279788045,6.391999356458257,0.06371790032452133,1.3340800866351576,0.000992619621472118,27.825201554265387,0.0,7040.802343996912,1550.0721525872393
2182.4463500979164,50109.358098885976,31.592287192398206,-122.54945607887669,4341.133119480343,4051.3852446919054,-4.761915325616284,44.742132721636885,12.28441882217552,8313.70398255432,6.423632493306531,0.29852754243164126,-0.915149495152666,0.0010130187144014046,27.473504926038398,0.0,7054.627135561578,1545.1507300035646
2182.946350097918,49945.251556051895,31.605069026028946,-122.53465298165877,4310.000549334105,4020.2044792121924,-4.80970704467793,44.752282520963334,12.189873979062739,8354.876880321117,6.454433954330088,-0.3090186001481928,-0.8346897552903282,0.0010338886408248552,27.11914660223298,0.0,7068.2754052003775,1540.1440384107273
2183.44635009792,49780.72092346195,31.61774907140928,-122.51996055281944,4278.723326420026,3988.8784998270908,-4.858855640050665,44.76237855606436,12.094888825210582,8395.083530503864,6.484383874695143,-0.03630273398811147,1.335315676584797,0.0010552452388080235,26.762324497038364,0.0,7081.745871732219,1535.0527092686964
2183.946350097922,49615.79283837415,31.630326919304398,-122.50537942045472,4247.306301029591,3957.4113545594423,-4.907343475905024,44.77242470845311,11.999475634842547,8434.26694323356,6.513708997247477,0.3366600685850213,-0.5775869696317418,0.0010770973239665475,26.40315149157958,0.0,7095.0373380657375,1529.8761572241237
2184.4463500979236,49450.50045980327,31.642802178614964,-122.49091019153713,4215.755532554963,3925.809787146817,-4.956977441449068,44.782416806307864,11.903654856000909,8472.37412490378,6.541002981162785,-0.2504172295088653,-1.1140076059883597,0.0010994528618531564,26.04178654177219,0.0,7108.148657481884,1524.6144377007047
2184.9463500979255,49284.81440390088,31.655174450264134,-122.47655348426953,4184.0773374819055,3894.0803182576865,-5.008289194067135,44.79235343681813,11.807446260348359,8509.416993325633,6.567449236229587,-0.11658561922809495,1.2475580830871928,0.001122328501783404,25.678486244886688,0.0,7121.078801999452,1519.2690442759497
2185.4463500979273,49118.75268245861,31.667443375988725,-122.46230986801318,4152.277212686395,3862.227523126646,-5.059012182539086,44.80223905842221,11.71086372069496,8545.349405784817,6.5931560255774695,0.3494022294352754,-0.27117363180110443,0.0011457348198847376,25.313390957477875,0.0,7133.826845309888,1513.8397899373535
2185.946350097929,48952.35511378292,31.679608622458687,-122.44817988243942,4120.358982714729,3830.2557921868415,-5.110627996302042,44.812070209342,11.61392054950455,8580.100749550938,6.617748208399897,-0.19017180860823082,-1.2963263969822612,0.0011696793617845627,24.946605262226644,0.0,7146.391910403792,1508.325933548212
2186.446350097931,48785.59557039291,31.69166983602914,-122.43416409274676,4088.3267761466077,3798.169659519888,-5.1641663392056465,44.82184445180989,11.516630494805069,8613.67092505245,6.641478680610281,-0.17665995679700772,1.1152410084474884,0.0011941793341915634,24.578340917566493,0.0,7158.773203992327,1502.7283348972749
2186.9463500979327,48618.48467990197,31.703626697366968,-122.4202630229626,4056.1866150263118,3765.9741505129505,-5.217238140506303,44.831566548683156,11.41900879433792,8646.023015493642,6.664332501331532,0.3459826333025227,-0.01489664717191824,0.0012192470501181136,24.20876131008918,0.0,7170.9700332074035,1497.0471421484567
2187.4463500979346,48451.06672335975,31.715478920320614,-122.40647715728225,4023.942722578271,3733.6739278050827,-5.270982445548063,44.84123378398747,11.321069585936828,8677.082060123656,6.685990842662506,-0.13509093048961168,-1.4043777739829622,0.001244889850189159,23.83797346180222,0.0,7182.981762854882,1491.2816274768757
2187.9463500979364,48283.31964281015,31.727226198288847,-122.3928070054917,3991.5995696351238,3701.274047258482,-5.326832742993828,44.85084289135026,11.222828199748145,8706.84615880355,6.706750890985874,-0.21918828898565682,0.9696225213124097,0.0012711253578063515,23.466192281036278,0.0,7194.807840981304,1485.4327359118754
2188.446350097938,48115.248033640906,31.738868255134136,-122.37925304079597,3959.163611336907,3668.779923500717,-5.382361497910184,44.86039876302108,11.124301053749631,8735.286704971008,6.72650179077161,0.3337465711689281,0.18748416808300625,0.0012979675583389262,23.093598388857224,0.0,7206.4478209530325,1479.5009100801449
2188.94635009794,47946.89886199031,31.750404854767574,-122.36581568810034,3926.639505774568,3636.19652815716,-5.438383516480749,44.869899396909275,11.025503222668718,8762.327031429915,6.744998250072625,-0.08822350357107425,-1.460653700704859,0.0013254237797595532,22.720303585609336,0.0,7217.901321326046,1473.4855015184326
2189.446350097942,47778.25422320794,31.761835741410884,-122.35249539686268,3894.032052900621,3603.5293994638264,-5.496650617806563,44.87934087882515,10.926451499282848,8787.963744741328,6.762542289571047,-0.24789714662620213,0.8296165701899064,0.0013535120077508513,22.34652372413297,0.0,7229.168043608595,1467.3875420258887
2189.9463500979437,47609.3140306063,31.77316068628064,-122.3392925840814,3861.348079891886,3570.7842990907925,-5.554745596042753,44.88872812912065,10.827163353855662,8812.175685489754,6.778958804463613,0.3177753450104954,0.34054215288737794,0.0013822478071571875,21.972451365173985,0.0,7240.247797621834,1461.2077345534894
2190.4463500979455,47440.126699660905,31.784379506257693,-122.32620761150456,3828.59268763403,3537.966524293849,-5.613195581265403,44.89805978820393,10.727654848475757,8834.886584363221,6.79407354970325,-0.05018637969611405,-1.4835706396922532,0.0014116386338753205,21.59820373261515,0.0,7251.140464471832,1454.9455574839337
2190.9463500979473,47270.678211316466,31.795491996593313,-122.31324086751401,3795.764578146536,3505.075628640408,-5.674000696426148,44.90733144138187,10.632228793447718,8863.253197431415,6.813775132249052,-0.2663871612028555,0.7049980878539556,0.0014428738596190215,21.2324969153382,0.0,7261.8470066298905,1448.7471740513954
2191.446350097949,47100.96633615438,31.806497891427835,-122.30039281094915,3762.8268446902894,3472.0734973291787,-5.7347768671978265,44.916547937792046,10.541250128323043,8898.382500842854,6.8387161075983816,0.30120893576811486,0.45044413888293566,0.0014762613383137576,20.875796761559887,0.0,7272.374120342931,1442.623822109638
2191.946350097951,46931.04298828356,31.81739688150136,-122.28766394925876,3729.77621825872,3438.956921342069,-5.795810002773663,44.92570835839316,10.449785505684712,8932.063235495785,6.8624117581149715,-0.021917023783191204,-1.4875053275032606,0.0015105263774815832,20.5181911343659,0.0,7282.722651102454,1436.405641627386
2192.4463500979527,46760.900239485316,31.828188634251703,-122.27505481864675,3696.617625342618,3405.7318025010386,-5.859299849445282,44.93480778417634,10.357851563310025,8964.272648123764,6.885108593480401,-0.2755548085350391,0.6105756890290192,0.001545696285376153,20.159888394182367,0.0,7292.892195292227,1430.0932779878117
2192.9463500979546,46590.535210713744,31.83887283783012,-122.26256593057988,3663.3581691351387,3372.4041287539862,-5.922881808131586,44.943851015858215,10.265464972496035,8994.982587763092,6.906562943475281,0.2876095369241266,0.5122320303074739,0.0015817982764754236,19.80108980889308,0.0,7302.882458154817,1423.68728973654
2193.4463500979564,46420.000328204595,31.849449233385577,-122.25019773240591,3630.00348562202,3338.9795421702574,-5.9866729494368105,44.952837528984084,10.172638501676564,9024.095432083379,6.926680463002257,-0.005496324172885945,-1.4810783309274638,0.0016188483196101795,19.441915956079523,0.0,7312.693221211697,1417.1868039425024
2193.946350097958,46249.290024869144,31.85991754502411,-122.23795069273783,3596.558970470628,3305.4645101768488,-6.053017366067993,44.961762128433264,10.079390578565551,9051.588361688644,6.945685013597367,-0.2777111473487383,0.5515399530215119,0.0016568751857635865,19.08258037687655,0.0,7322.324347183375,1410.5926269639485
2194.44635009796,46078.400493402965,31.8702775172706,-122.22582525571109,3563.0322785934663,3271.8655347430326,-6.119542365364293,44.970629685704736,9.985739694934317,9077.437101422835,6.9633318462495275,0.27841162252838486,0.5333685652855569,0.001695908238865844,18.723292564892773,0.0,7331.775810791882,1403.9055479845817
2194.946350097962,45907.384300409816,31.880528951175005,-122.21382179693892,3529.429622102604,3238.1887902072513,-6.186274305665553,44.9794399124145,9.89170050891186,9101.545958753191,6.979547287037181,0.0010431394827247315,-1.471134922050214,0.0017359644691923076,18.36418328726832,0.0,7341.047668215679,1397.1249200411996
2195.4463500979637,45736.23723256774,31.89067163186031,-122.20194071182759,3495.756838144387,3204.4412657149046,-6.255656446768857,44.98818743736975,9.797293192883885,9123.894051594536,6.994541155229081,-0.2750176922082096,0.5237147524286995,0.0017770743467497958,18.005469644836936,0.0,7350.140060058986,1390.2517417737456
2195.9463500979655,45564.955485254526,31.90070536561329,-122.190182370288,3462.022130113064,3170.629956869029,-6.3252762466932895,44.99687727379737,9.702537977866132,9144.460837733688,7.008076551528049,0.27335422352320354,0.5227918536731049,0.0018192692658575977,17.647365265287245,0.0,7359.053240587134,1383.2870242673016
2196.4463500979673,45393.591580782086,31.910630018012572,-122.17854707022295,3428.2322207275906,3136.7615372689884,-6.395140354807454,45.005509222170794,9.607451353367818,9163.15383105937,7.020086478548324,-0.00016243786265088777,-1.460172192620229,0.0018625672619028697,17.290008319942455,0.0,7367.7875486782195,1376.2303622627041
2196.946350097969,45222.14178902656,31.92044543926314,-122.167035128534,3394.3933522423795,3102.843467915911,-6.467754819648871,45.014077816674465,9.512055160990434,9179.956021519085,7.030775280470779,-0.26883739882644203,0.5203964488744682,0.001907000744294263,16.933617259807615,0.0,7376.343409932715,1369.0829730535452
2197.446350097971,45050.60300550051,31.930151502351162,-122.15564683453671,3360.5142591379354,3068.883203020283,-6.540637389307571,45.022588279530495,9.41637125851627,9194.850706040126,7.039919410057796,0.2714740272158629,0.4882052363594517,0.0019526030235060506,16.5784058329374,0.0,7384.721363667042,1361.846083293384
2197.9463500979728,44879.02754162904,31.939748141632162,-122.1443824028843,3326.6020981068013,3034.887869196078,-6.613835679921201,45.03104037390185,9.32041786438947,9207.749876627433,7.0474488868353395,-0.006969773519248102,-1.4480767486299906,0.001999393195048802,16.224516428866053,0.0,7392.922034963572,1354.5195410855292
2198.4463500979746,44707.41147459019,31.949235276110187,-122.13324206707468,3292.663470623227,3000.865341275184,-6.689887597956841,45.03942860911633,9.224218373938692,9218.642130405728,7.053569020260381,-0.2601131166030427,0.5336556976401076,0.002047405833226103,15.872166061815852,0.0,7400.946136644426,1347.1048014109374
2198.9463500979764,44535.752883969806,31.95861284984527,-122.12222603011932,3258.707607386853,2966.8234819876902,-6.766218766699356,45.04775846799145,9.127796123702655,9227.514918250226,7.058073474973528,0.2715178912235449,0.43677673990085225,0.002096676058942636,15.521564675515311,0.0,7408.79449358449,1339.6033012756066
2199.446350097978,44364.10367489513,31.967880869694675,-122.11133441849842,3224.742014807931,2932.769813021662,-6.842965140696199,45.056029577752966,9.031170920510988,9234.286005412469,7.060883574680099,-0.017252142662452608,-1.4338366544893513,0.0021472240468891047,15.17285547274121,0.0,7416.468015631874,1332.0151507783294
2199.94635009798,44192.459277682006,31.97703932675294,-122.1005673779039,3190.773597548857,2898.7125559921956,-6.922670155327963,45.064236482567566,8.934367553925409,9238.951037517942,7.062209269636431,-0.24969014728557468,0.5552336853695229,0.002199086729609109,14.826250773331068,0.0,7423.967699844068,1324.3420530060728
2200.446350097982,44020.81922886241,31.986088239841656,-122.08992502015215,3156.812028857473,2864.6599176570803,-7.002655336458464,45.07238495518749,8.837410655573507,9241.50212029417,7.061864241005645,0.2722429712531271,0.37575512074922657,0.002252300951241123,14.481952945465906,0.0,7431.294651880895,1316.5856505938252
2200.9463500979837,43849.23479886353,31.995027691405433,-122.07940737938695,3122.8650758793083,2830.619745773029,-7.083176047588739,45.080474422379005,8.740321442992173,9241.864075890575,7.059758972903413,-0.02891042022127851,-1.4168125195894152,0.0023068879938356736,14.140102499355056,0.0,7438.450059728028,1308.7463209016862
2201.4463500979855,43677.70054223109,32.003857747410635,-122.06901450969697,3088.9398796025976,2796.600533017665,-7.166761077917636,45.08849950926498,8.643125897544383,9240.04068522923,7.056109225264311,-0.23853312769526983,0.5772251688964884,0.0023628872940234017,13.800903504752409,0.0,7445.435196318132,1300.8260165770985
2201.9463500979873,43506.21750539262,32.01257850431142,-122.05874642779185,3055.046483794251,2762.6107527455843,-7.250627016328318,45.09646628393447,8.545849729487669,9236.029384369616,7.050750257866844,0.27261694342342424,0.3127718231887841,0.0024203373674449554,13.464547231259482,0.0,7452.251437946977,1292.8265814688004
2202.446350097989,43334.836087710224,32.021190122499306,-122.0486030721873,3021.192825442476,2728.6584990190686,-7.335160585704204,45.10437394849784,8.448515350927183,9229.763244206839,7.043582743128227,-0.0399047074868727,-1.3974781108574938,0.0024792606378226424,13.131167981469252,0.0,7458.900238857822,1284.7486609107807
2202.946350097991,43163.54994944669,32.02969274499601,-122.03858440228758,2987.3862031991644,2694.7524523849065,-7.422865183843033,45.112217234336555,8.351149694324485,9221.25488282969,7.034827685979668,-0.2278181143885342,0.5925681716461478,0.0025396991314173972,12.800957929697635,0.0,7465.38313415184,1276.5944499504826
2203.4463500979928,42992.36146977637,32.038086547818445,-122.02869033692075,2953.6369429874153,2660.901264565413,-7.510861630966823,45.12000248857283,8.253779304311381,9210.507904393038,7.024341744871286,0.2719105429095162,0.25578481793397045,0.00260169304176972,12.474094075243181,0.0,7471.701755341989,1268.3659895450244
2203.9463500979946,42821.31997077353,32.04637177087636,-122.01892071663518,2919.953061908943,2627.1131859150432,-7.599658542795034,45.127728709948826,8.156427531896407,9197.464627702893,7.012019478275732,-0.048297545653892396,-1.377571572147449,0.0026652659650473784,12.150701082495717,0.0,7477.857805935678,1260.064187727277
2204.4463500979964,42650.418383644894,32.054548635749136,-122.0092754038935,2886.3419246370067,2593.3969958835255,-7.691736537771453,45.13539073188961,8.059121988463131,9182.146818274368,6.998085765867838,-0.21890361155919882,0.5952463033466062,0.0027304625321104164,11.830955711145654,0.0,7483.853064382563,1251.6914669524433
2204.946350097998,42479.66000345163,32.06261739925229,-121.99975421772285,2852.8148958785014,2559.7622906679,-7.784137824944911,45.14299514693446,7.961892470223494,9164.571409305176,6.981522033703078,0.2696377502901812,0.212268494081353,0.002797324707871692,11.51502960949991,0.0,7489.689397798975,1243.250375786348
2205.446350098,42309.09260827862,32.07057839614787,-121.99035688214649,2819.388100335284,2526.2255325559368,-7.877461981876768,45.15054082628937,7.864788382321229,9144.750347637253,6.961782806442954,-0.0531297015041972,-1.3603269031600842,0.0028658774079874235,11.203142826205388,0.0,7495.368768408099,1234.7450750573073
2205.946350098002,42138.70797498524,32.07843196015546,-121.98108312255418,2786.070573705603,2492.797227128167,-7.974181452580106,45.15802269387134,7.767843186980007,9122.7301747256,6.9405060598228,-0.21103323053185424,0.5906576389675368,0.0029361681250922402,10.895471427017622,0.0,7500.893243210904,1226.1789067670677
2206.4463500980037,41968.50920673646,32.08617846110801,-121.97193261963206,2752.8725060031643,2459.485698005582,-8.071271677887509,45.165447583675814,7.671083178842043,9098.530155822158,6.917587777860637,0.26659049972903276,0.17013455485617188,0.003008241038109522,10.592145253138936,0.0,7506.264964754588,1217.5542370343248
2206.9463500980055,41798.54220588785,32.09381833083873,-121.96290497772134,2719.801404804112,2426.298812346229,-8.169413202809968,45.172814262350215,7.57453157587241,9072.113619345375,6.892928655532815,-0.05887943089894329,-1.3426600021602788,0.003082122565210528,10.293249906743652,0.0,7511.4861263321445,1208.8724039927426
2207.4463500980073,41628.79828285705,32.101351979436316,-121.95399982685733,2686.8640453356334,2393.244845847044,-8.271063510554608,45.18011773810684,7.4782152602712175,9043.52080883028,6.866755220426688,-0.2020757622889834,0.5886432715110994,0.0031578629169356793,9.99891188196949,0.0,7516.55897423577,1200.1361558045733
2207.946350098009,41459.281136032194,32.108779852605736,-121.9452167527968,2654.070557714861,2360.331963040768,-8.373132800269394,45.18736506275884,7.382160351950458,9012.778151465058,6.8389824436936,0.2637282343780082,0.12362762953920065,0.00323550817654274,9.709239655487938,0.0,7521.485816493878,1191.3479988849533
2208.446350098011,41290.035022551194,32.116102456918895,-121.93655526620728,2621.428201508026,2327.5678577719245,-8.476397166434671,45.194554853518625,7.286389992174441,8979.859245105017,6.80951341767052,-0.06469112419520551,-1.3238076640513026,0.00331508617713835,9.424301522471955,0.0,7526.269002380529,1182.5094703469138
2208.9463500980128,41121.05072792247,32.12332027572336,-121.92801490512309,2588.9434888081905,2294.960576852547,-8.583286196180802,45.201682229667995,7.190930695404134,8944.812765005354,6.778572598351417,-0.19347438247766605,0.5829195577750154,0.003396649941128086,9.144201586804614,0.0,7530.910924402068,1173.6234603533471
2209.4463500980146,40952.33241912536,32.130433828574155,-121.91959516245744,2556.626396305725,2262.5180326442924,-8.690652277408303,45.2087544456276,7.095808115303057,8907.67226560203,6.746092836416064,0.26043096193464776,0.08129341698105251,0.0034802474747079658,8.869025813891744,0.0,7535.414025241454,1164.692594657344
2209.9463500980164,40783.922584627755,32.13744369439587,-121.911295457741,2524.4838418664567,2230.2476517814157,-8.799359085943012,45.215769984794086,7.001045014430577,8868.42159053438,6.711980978185275,-0.06856754120213665,-1.3061072570063625,0.003565908085986414,8.598823847679615,0.0,7539.7807787273705,1155.7185857855295
2210.4463500980182,40615.811578359455,32.14435042730574,-121.90311523967746,2492.5219815004566,2198.1571634578645,-8.91181268409288,45.222724066653505,6.906667245751229,8827.117349240649,6.6764591732887535,-0.18669490905101188,0.5675839766671893,0.003653687633545571,8.333676467175666,0.0,7544.013691538971,1146.7044383127472
2210.94635009802,40448.00368580315,32.15115461760811,-121.89505391176066,2460.7505428570043,2166.2541379300446,-9.024822192707306,45.2296241173223,6.812699716859586,8783.800262969795,6.639474936216271,0.2562854144067596,0.051287716964270286,0.003743636187985864,8.073646717324523,0.0,7548.115308651918,1137.6528781431255
2211.446350098022,40280.53958538454,32.15785691341542,-121.8871108058961,2429.176028009076,2134.545642773861,-9.13930532108507,45.236468557230786,6.7191645060197915,8738.464044399223,6.6009419614670595,-0.06868085638790127,-1.2923010538905044,0.003835784570337159,7.818764791434751,0.0,7552.08819583003,1128.565764339869
2211.9463500980237,40113.409441052936,32.16445793644849,-121.87928528497933,2397.804137239217,2103.0390077652646,-9.257668609992617,45.243252651335474,6.62608652169953,8691.17236152871,6.561079785764554,-0.18316010972739688,0.5375036565310252,0.003930191410476617,7.569087803068198,0.0,7555.934940952595,1119.446183913433
2212.4463500980255,39946.61711159814,32.17095834361701,-121.87157666780918,2366.6442544696174,2071.741377131784,-9.37669834845921,45.24998395339774,6.533489664337834,8641.973180788185,6.519845477912556,0.25092792172884304,0.0410226181070896,0.004026909134178385,7.324656157536201,0.0,7559.658158321552,1110.2969453967173
2212.9463500980273,39780.20150444377,32.17735884833673,-121.86398420308521,2335.7024166576216,2040.6593721095965,-9.497306674706474,45.25666094862597,6.441395027472736,8590.86936930523,6.477164030022928,-0.06333048080215685,-1.284617574179471,0.004125970084196909,7.085480371539019,0.0,7563.260472736732,1101.1200210266823
2213.446350098029,39614.15296425205,32.18366013615129,-121.85650717219848,2304.983762004594,2009.7998500454946,-9.621944406394691,45.26327884801733,6.349826310638111,8537.930449514806,6.4332519134274335,-0.1840579363105745,0.487636082075683,0.004227435493226786,6.851594163067547,0.0,7566.744520311622,1091.9185451026053
2213.946350098031,39448.47422202304,32.18986292545785,-121.84914481519708,2274.497237408419,1979.1694533332206,-9.74740274713659,45.26984527255987,6.25880616949242,8483.211702706853,6.388069204166235,0.2437540695479595,0.05671566178778357,0.004331360603553375,6.62301619146834,0.0,7570.112952023763,1082.6953925083817
2214.446350098033,39283.20250027906,32.19596799041987,-121.84189630284648,2244.2483961743255,1948.7742771545902,-9.87450195346551,45.276358959101394,6.168354429162288,8426.724171294638,6.341558056548715,-0.05086787938696843,-1.2833621377454367,0.004437779270553844,6.39973766149623,0.0,7573.368419427921,1073.452612630698
2214.9463500980346,39118.32882712688,32.201976076113176,-121.83476083999406,2214.241703524777,1918.6206436938269,-10.005797173268618,45.28281492775856,6.078493340293583,8368.541731492069,6.293930427370277,-0.19005504073686724,0.41205570531210367,0.004546755028719139,6.181769742716984,0.0,7576.513574814591,1064.1933494973323
2215.4463500980364,38953.85400128644,32.20788795643773,-121.82773759497475,2184.485573235269,1888.7146269041955,-10.138125644903202,45.289220776425424,5.989244101114926,8308.726977588623,6.2451422776428345,0.23353233405682505,0.10270333833246247,0.004658346579112136,5.9691107518921065,0.0,7579.551074368134,1054.920528434241
2215.9463500980382,38789.81361965835,32.213704461095375,-121.82082566672598,2154.9850944249047,1859.0617274940269,-10.272101775349329,45.295575742695654,5.900625016664725,8247.298024788832,6.195160664893184,-0.029660372391885285,-1.285111142374745,0.004772589307523795,5.7617335417882565,0.0,7582.483565572728,1045.6362403590772
2216.44635009804,38626.20005520247,32.219426390045825,-121.81402418898766,2125.743949782625,1829.6676807112797,-10.410452192910782,45.301874500969234,5.81265667593882,8184.331314802494,6.144188816298864,-0.20087714853050442,0.3030808035078462,0.004889548565733781,5.55962808209463,0.0,7585.313686571136,1036.343599178557
2216.946350098042,38463.01134074293,32.22505456599557,-121.80733226632536,2096.769910434725,1800.5379346722143,-10.550126776671336,45.30812447863312,5.725358629998901,8119.896594724444,6.092172553374598,0.21799331749599696,0.1801394055026381,0.0050092873241628765,5.362774136446253,0.0,7588.044069241726,1027.0455636137706
2217.4463500980437,38300.28136104159,32.230589868287794,-121.80074893283329,2068.067666562855,1771.6773433434753,-10.691392576422453,45.31432572646322,5.638747464189804,8054.018038888076,6.039113792767255,0.001757700078691952,-1.2806465853608506,0.005131842640246719,5.171127751726587,0.0,7590.677328364996,1017.7442354208874
2217.9463500980455,38138.00469136797,32.236033146947236,-121.79427325682896,2039.6400217902878,1743.0910131719652,-10.83720446915405,45.32047243857966,5.5528419173624135,7986.772571989395,5.985197498929861,-0.2146952476675992,0.1512074485412133,0.005257280943403167,4.984659439599615,0.0,7593.216060054089,1008.4426556079654
2218.4463500980473,37976.17585157417,32.24138526631082,-121.78790428767854,2011.493964238312,1714.7837177253946,-10.984735109775643,45.32657162638641,5.467659722094375,7918.236649158815,5.930357621755421,0.19354232706614932,0.2845205608002344,0.005385670391174535,4.803332450292003,0.0,7595.662844977423,999.1437958384812
2218.946350098049,37814.826620670035,32.246647148673894,-121.78164100262458,1983.6339012499755,1686.759634374192,-11.13374056162095,45.332624519279626,5.383215621895601,7848.439852876578,5.87464195535896,0.044115301627244266,-1.253038759046144,0.005517050143370402,4.627088130461735,0.0,7598.020239373374,989.849748954676
2219.446350098051,37653.954843335785,32.25181968932011,-121.77548241027434,1956.061694041373,1659.0232045782575,-11.287421123326565,45.33862478169896,5.299526329074214,7777.457216994055,5.818200021729533,-0.22730370327959679,-0.05302739681602306,0.0056514866422495,4.4558795415122505,0.0,7600.290772458497,980.5634358940354
2219.946350098053,37493.551053120755,32.25690378691646,-121.76942751355809,1928.783355934976,1631.5784880309307,-11.44334637883827,45.344578618013514,5.216607602852196,7705.370997592244,5.760961696814573,0.15539705828943853,0.4016030872273734,0.005789054102721965,4.289655578739183,0.0,7602.476949908568,971.2878146753867
2220.4463500980546,37333.64404042438,32.26190039905685,-121.76347524207542,1901.803171996671,1604.4289847045295,-11.60059470864634,45.35048881414555,5.134472326804168,7632.216188362812,5.703027728091035,0.09614291348411814,-1.177019328120265,0.0059297947475278065,4.128345493106646,0.0,7604.581246818871,962.024967066599
2220.9463500980564,37174.23612222914,32.266810461581635,-121.75762455035141,1875.122062535246,1577.5784321220256,-11.762546081570232,45.35634863841301,5.053134999152971,7558.063333801839,5.64448829812014,-0.23128454458873465,-0.31374726475415865,0.0060737736361471,3.9718870440925276,0.0,7606.606104076791,952.7776405095649
2221.4463500980582,37015.31392845977,32.27163490075591,-121.7518744029983,1848.7452443685168,1551.030590804392,-11.9274180868146,45.36216291947216,4.972610687036257,7483.003150889112,5.5847679473596115,0.09868815986767361,0.5020991690794576,0.006221071558348051,3.8202201971032452,0.0,7608.553932250634,943.5489452643995
2221.94635009806,36856.90145396814,32.276374709441406,-121.74622368216289,1822.682317664399,1524.7936472392205,-12.093486719747911,45.36793629570363,4.89292763718595,7407.129119689413,5.523593311510906,0.1522199793666711,-1.0231000140288868,0.006371735849578384,3.6733034847323944,0.0,7610.4271165664895,934.3434321422119
2222.446350098062,36699.005844315514,32.28103088031098,-121.74067126893536,1796.9345297607417,1498.8717612051573,-12.26410942456611,45.3736620905533,4.814101764276435,7330.5181703766275,5.462018937930761,-0.21589828618692858,-0.6169514464808241,0.0065258293846743665,3.531067322513558,0.0,7612.228015880024,925.1642315891938
2222.9463500980637,36541.61017187778,32.28560438185122,-121.73521607224129,1771.504650005527,1473.267032006182,-12.438455401535,45.37934307115963,4.736143075601483,7253.255822793525,5.400048461658618,0.0227304649213824,0.5382612763588788,0.006683439943548903,3.3934319471764707,0.0,7613.958950747539,916.0140192947682
2223.4463500980655,36384.7314979909,32.29009623389469,-121.72985693683253,1746.396660776607,1447.9812354774726,-12.614005083140947,45.384985731398245,4.659059624612043,7175.388165277284,5.337833915570981,0.19968796893660104,-0.7727296309820566,0.006844622931532374,3.2603053230909205,0.0,7615.6221992551755,906.8947811090294
2223.9463500980673,36228.38286956772,32.29450745592298,-121.72459270624171,1721.6096212341624,1423.0160716550918,-12.793726095167429,45.390584253756636,4.5828593753978595,7096.966924446964,5.275311311006372,-0.1707557603568604,-0.9199065760331532,0.007009437484425767,3.1315958302822495,0.0,7617.219992267626,897.808599603163
2224.446350098069,36072.54688196629,32.298839029914475,-121.71942226803844,1697.1445633250814,1398.3729874450198,-12.978011727247502,45.39613868931252,4.50755031029358,7018.07575003127,5.212570199692853,-0.06631358038561867,0.4540129871592689,0.007177975886747445,3.0072171068277926,0.0,7618.754516883387,888.758014822514
2224.946350098071,35917.23209498171,32.30309197775998,-121.71434445955985,1673.005491061712,1374.0532220137518,-13.163781365292714,45.40165687113793,4.43313906548797,6938.7691663240275,5.149711209087081,0.22149699786818852,-0.43057813699478703,0.0073503044160295825,2.8870747937636385,0.0,7620.227915505606,879.7450728411949
2225.446350098073,35762.456490927376,32.30726733780403,-121.70935809648202,1649.191395838919,1350.0576666415216,-13.353101055701648,45.40713499956388,4.359630943547394,6859.089728853195,5.08665281060451,-0.08957280193397403,-1.15303388383418,0.007526478771162602,2.7710705726330276,0.0,7621.6422813016325,870.7715495076488
2225.9463500980746,35608.205547840334,32.3113661041461,-121.70446204675054,1625.7014798991231,1326.3871981640548,-13.547703666773941,45.412570109406595,4.287032048028592,6779.115391922134,5.0235542397633965,-0.15219538105800273,0.20228275955419955,0.007706592206149813,2.6591134193673884,0.0,7622.999660580097,861.8398075237683
2226.4463500980764,35454.478007017635,32.31538929167452,-121.69965515139211,1602.5392859433994,1303.042499403006,-13.744475489248845,45.41797019290698,4.21534751777501,6698.908799419799,4.960420915606665,0.1975667316484032,-0.04808881155103537,0.0078907248457472,2.5511083214443717,0.0,7624.302053504955,852.9519359572769
2226.9463500980783,35301.29393057246,32.31933794816985,-121.69493620979182,1579.7043586936074,1280.0237161491445,-13.944041350292727,45.42333471546097,4.144580243452035,6618.506103971253,4.897240518166457,0.02200487882555598,-1.220142517876115,0.008078931704380149,2.4469535473115798,0.0,7625.551410517611,844.1094564135597
2227.44635009808,35148.64552507829,32.32321308011454,-121.69030407004568,1557.1942665228958,1257.3312050015743,-14.149242550768868,45.42865817392817,4.074734493156451,6537.975276025884,4.8341549798327765,-0.20568481316312712,-0.2221204214772531,0.008271302061033457,2.3465549612466416,0.0,7626.749633096963,835.3144939067415
2227.946350098082,34996.52235440351,32.32701568937186,-121.68575758430545,1535.0112525276018,1234.965036418931,-14.3577455317566,45.4339468665895,4.005813661139723,6457.384290974309,4.771109687770862,0.11430906088450109,0.25873172701208863,0.008467930870848614,2.2498177891796813,0.0,7627.898575793168,826.5691098759033
2228.4463500980837,34844.941745771095,32.33074682041496,-121.68129555129526,1513.155978232201,1212.9247962544737,-14.568424722908228,45.43920427497187,3.937818912513716,6376.768742713507,4.708201238391982,0.13688896138264706,-1.0347737925413871,0.00866887845519721,2.1566406567518834,0.0,7629.000044143047,817.8747140594079
2228.9463500980855,34693.90546097979,32.334407491942166,-121.67691679958543,1491.6249900556868,1191.210257002318,-14.784482761151075,45.44442402372512,3.8707523921348614,6296.18256590157,4.645452149248557,-0.19147228383944556,-0.7342472172492769,0.008874225486135897,2.0669273415582006,0.0,7630.055793772495,809.2330973688066
2229.4463500980874,34543.39764575753,32.33799869229269,-121.67262019319085,1470.4183265516135,1169.8208888700528,-15.005243674038597,45.4496086745336,3.8046156551812884,6215.6940039126475,4.58286791505961,-0.018025154952779118,0.3267975793722714,0.009084078483289596,1.9805839831168233,0.0,7631.067533155523,800.6462061057325
2229.946350098089,34393.427264967,32.34152144777415,-121.66840454839924,1449.5377716111834,1148.7559201396487,-15.228119673334035,45.45476512536158,3.7394088929439477,6135.344640618316,4.520562608270432,0.20465538331669292,-0.5960479771988962,0.009298511530236305,1.8975127912015979,0.0,7632.036923116841,792.1155015952355
2230.446350098091,34244.0052094413,32.34497678496406,-121.66426867968188,1428.9799379277708,1128.0144084622916,-15.45545920351848,45.45988891115981,3.6751317014342892,6055.173018574206,4.458464702306114,-0.09031189945635974,-1.134665912016509,0.009517595836671462,1.817616590120849,0.0,7632.965575084802,783.642360107983
2230.946350098093,34095.117054844275,32.348365684536375,-121.66021145593524,1408.7422649788834,1107.5953735618752,-15.688681567649365,45.46497777669931,3.611784096795158,5975.241530053608,4.396696100317027,-0.14917845181031386,0.03209736572895477,0.00974144077645778,1.740803310485505,0.0,7633.855053513003,775.2285534373852
2231.4463500980946,33946.759799393825,32.35168914228005,-121.65623172620388,1388.8265712136683,1087.4976978950929,-15.92487344609322,45.470039462080514,3.5493653747953355,5895.60001934058,4.335256760354331,0.17150041439156455,-0.0725827282163672,0.009970141332196373,1.666980055462665,0.0,7634.706876785523,766.8756273570604
2231.9463500980964,33798.94810100924,32.35494818030717,-121.65232830605694,1369.2308952973149,1067.7197892529377,-16.164340196069066,45.4750742061902,3.4878728966554835,5816.27696100325,4.274150490757096,0.06772851927206083,-1.174761225868079,0.010203765993417272,1.5960512361281107,0.0,7635.522515905785,758.5846345419653
2232.4463500980983,33651.676328911446,32.35814378026349,-121.64850005892345,1349.9506996314758,1048.2603056647613,-16.409982057604438,45.480076270974344,3.4273052549078855,5737.322398341544,4.213466450069123,-0.19658284623238834,-0.5623858879980191,0.01044241548805565,1.5279270315316258,0.0,7636.303395463516,750.357085733458
2232.9463500981,33504.931505427696,32.3612769048198,-121.64474586994356,1330.985906755053,1029.1176563636711,-16.660263856353872,45.48505027355226,3.3676603510441376,5658.789868250452,4.153163796250422,0.028629288914941313,0.20211009454286635,0.01068620507244172,1.4625191041806127,0.0,7637.050895668045,742.1944823183137
2233.446350098102,33358.722988742404,32.364348551572746,-121.64106458037301,1312.336682505236,1010.2899470095948,-16.913219504779548,45.490001785312415,3.3089346145226792,5580.709187797327,4.093346706847115,0.18758473089680103,-0.7533534160966595,0.010935214957229057,1.3997370699325946,0.0,7637.7663521914155,734.0978472723723
2233.9463500981037,33213.056697709486,32.367359705637725,-121.63745504531374,1293.9982250215473,991.7752834729093,-17.171418308942105,45.494925764342476,3.25112453078501,5503.113324591424,4.033960504684781,-0.10105151961444457,-1.1110889740078564,0.0111895311664129,1.339493144260907,0.0,7638.451055742249,726.0682703196229
2234.4463500981055,33067.91843087878,32.37031130773082,-121.63391617259978,1275.9672928002963,973.5717005973695,-17.435872185092034,45.49982087890377,3.194226721161143,5426.0517133561725,3.9750927170795207,-0.1392943787732768,-0.06196888997884033,0.011449276433278836,1.2817034480530134,0.0,7639.106254358621,718.1071031703426
2234.9463500981074,32923.30518851802,32.37320431258559,-121.63044685169575,1258.2448021097055,955.6771407526186,-17.70381167202648,45.50469468032254,3.1382372504874594,5349.562339835419,3.916747119775207,0.1587091527235808,-0.14114381103538326,0.011714556527940994,1.2262844690271535,0.0,7639.733154337851,710.2154920340523
2235.446350098109,32779.228357766755,32.37603969570954,-121.62704594549449,1240.8279233151534,938.0891341403412,-17.975486594165226,45.50954755174297,3.083150533211227,5273.666029191233,3.8589256054182455,0.08708376680081699,-1.150954208052396,0.011985451748363646,1.1731518456636916,0.0,7640.33291983708,702.3941591245896
2235.946350098111,32635.683062889613,32.378818393059724,-121.6237123637817,1223.7111034296513,920.8054727239415,-18.253698739897434,45.514373867750614,3.028962125006764,5198.400039484642,3.8016886633492843,-0.17998163237662482,-0.7489746175619493,0.01226207333976128,1.1222260293616144,0.0,7640.906673984742,694.6442079275706
2236.446350098113,32492.656228476204,32.38154131589831,-121.62044504517337,1206.8933233521366,903.824107941108,-18.537397390927072,45.51917718470895,2.9756682208185183,5123.809504346727,3.7446925901854033,-0.022588948410086514,0.0756207990884463,0.01254455119451025,1.073430757765251,0.0,7641.455500841129,686.9669493544995
2236.9463500981146,32350.152382821776,32.38420940809831,-121.61724288744915,1190.3768639182806,887.1448975271813,-18.824342726413978,45.52396385633168,2.923270945463729,5049.946110748173,3.6880042245949127,0.19136079828385483,-0.5848686277548814,0.012832983069612273,1.0266967689127207,0.0,7641.9804484271135,679.3645532502799
2237.4463500981165,32208.17775526177,32.38682361364126,-121.61410478713574,1174.1569021301873,870.7653488507555,-19.116407970690528,45.5287303869728,2.8717646441133278,4976.833434813399,3.6319516535092187,-0.022617451827228643,-1.2193072964091691,0.01312746366078104,0.9819481025431392,0.0,7642.482528470331,671.8378511682198
2237.9463500981183,32066.720883856528,32.38938483322882,-121.61102969231922,1158.232558993262,854.6870584599496,-19.415398676220395,45.53347348425029,2.8201104607840177,4900.881994944082,3.573933159605624,-0.1769319012360629,-0.4435296019874888,0.013418067900481345,0.9387740673238139,0.0,7642.962656953657,664.3280734928755
2238.44635009812,31925.771115744486,32.391893995957695,-121.60801651589402,1142.6164335087146,838.9207119729888,-19.719185440238935,45.53819934815128,2.7689334954674174,4824.233084547176,3.5154821136855454,0.0683433762956521,-0.03337519523195298,0.013709336766284946,0.8973578787971497,0.0,7643.4216109361005,656.8765444415716
2238.946350098122,31785.332262439653,32.39435207353023,-121.60506411801862,1127.306422178814,823.4630224693428,-20.026654315201878,45.542911691154494,2.718741600513978,4748.685244887324,3.4579866945116353,0.168993319046575,-0.886964710763667,0.014006033993115511,0.8577971551111019,0.0,7643.8603240451275,649.5139525347968
2239.4463500981237,31645.402294487692,32.39676001135406,-121.60217138965419,1112.2952232594807,808.3098196964919,-20.34022286157213,45.547605653024995,2.6695220631105765,4674.250343858701,3.40140445114865,-0.088737238973178,-1.1520384312532628,0.014308241267320814,0.8200142497557564,0.0,7644.279704380148,642.2404931143222
2239.9463500981255,31505.965807317756,32.39911871061993,-121.59933727441435,1097.5774795177879,793.4569238232237,-20.660658334165888,45.55228042175338,2.6212621929923197,4600.948338652837,3.3457833812198854,-0.1471666034090433,-0.3128678249623838,0.01461607100295452,0.7839350678945919,0.0,7644.680622230818,635.0564882348341
2240.4463500981274,31367.015137947164,32.40142907580851,-121.59656071075017,1083.151730186691,778.9001615951687,-20.98563013562753,45.556942754286844,2.573949251178483,4528.792148399305,3.291101302172632,0.11245286865590168,-0.18775434108611053,0.01492962147292252,0.7494876616917947,0.0,7645.063911414192,627.9621335690168
2240.946350098129,31228.554109643213,32.40369202434888,-121.5938406202194,1069.0137866599084,764.6350759510613,-21.314811898513234,45.56159445108885,2.527569473677455,4457.78214905592,3.23737247212632,0.1429845934872552,-1.0303199109907242,0.015248966261890096,0.7166012455138614,0.0,7645.430370026044,620.9572814838529
2241.446350098131,31090.57820057217,32.405908439960314,-121.59117596432459,1055.1562206775816,750.6574799864111,-21.650595174102666,45.566230605289896,2.4821100145984905,4387.926526392868,3.184583842268035,-0.11277091872123576,-1.107997626996765,0.015574198639124934,0.685208926233696,0.0,7645.780761665931,614.042013889846
2241.946350098133,30953.07312753331,32.408079168434334,-121.58856574968057,1041.5742542620217,736.9631372087484,-21.99321353977346,45.57085167676512,2.4375578935415376,4319.238086129752,3.132752686271858,-0.1288329017248505,-0.3164994265612724,0.015905437137558612,0.6552466473503245,0.0,7646.1158172764435,607.2164609682626
2242.4463500981346,30816.03316612728,32.41020506212747,-121.58600897386393,1028.2663494166045,723.5478335782391,-22.340448569726114,45.57546422310633,2.3939001338556105,4251.722690339137,3.081871484475374,0.12155831378814957,-0.2864290904626685,0.016242782596249405,0.6266523401656012,0.0,7646.436236308545,600.4806274565301
2242.9463500981365,30679.461486224085,32.41228698175413,-121.58350462325596,1015.2279861008292,710.4071126785052,-22.692231310048133,45.58006939728926,2.351122888754819,4185.376374188538,3.0319382431269024,0.13659611848501355,-1.0694356775783949,0.016586315117084284,0.5993652593970383,0.0,7646.74268746119,593.8342277235516
2243.4463500981383,30543.35337122623,32.41432575410434,-121.5810517245572,1002.451833291616,697.5367957819592,-23.050787161217553,45.58466257508261,2.309213250440932,4120.202502988169,2.9829444571626884,-0.10722431996573513,-1.136703407570612,0.01693613524854394,0.5733281030227187,0.0,7647.035809879392,587.2772020638897
2243.94635009814,30407.69600333646,32.416322170692936,-121.57864934646204,989.9331683100402,684.9326684702468,-23.416309429691186,45.58924427871143,2.26815821139272,4056.2078689655505,2.9349013386905813,-0.13263395548380918,-0.4097163865924489,0.017292366732372742,0.548486027498753,0.0,7647.316214730336,580.8095204229646
2244.446350098142,30272.48384177033,32.418277027860746,-121.57629655084848,977.670373616304,672.5905521287738,-23.78673837392701,45.5938207544677,2.2279448229217844,3993.393745260122,2.88779535623107,0.10370279507745217,-0.317529471776907,0.01765511716620335,0.5247860682188511,0.0,7647.584486257897,574.4310522269761
2244.9463500981437,30137.71946809534,32.420191130031675,-121.57399238883495,965.6592435965407,660.5060531801367,-24.161816216015996,45.5983936247061,2.1885593637178644,3931.752757144711,2.841630227742621,0.15056148379191459,-1.0290150632385586,0.018024473660880544,0.5021765277585886,0.0,7647.841182513902,568.141399571026
2245.4463500981456,30003.399587625638,32.42206525194643,-121.57173594679966,953.8926504277615,648.6750273687628,-24.543564550213674,45.602958636735465,2.149988946928678,3871.283106282641,2.7963823029382633,-0.07424808981010149,-1.220855725488691,0.018400540082993036,0.48060859051701244,0.0,7648.086836376489,561.9403488220967
2245.9463500981474,29869.513025476597,32.423900132500854,-121.56952635391418,942.3654643770124,637.093340863973,-24.932518363617675,45.60751538028827,2.1122207362908196,3811.986674528158,2.7520741827062123,-0.1509010225130176,-0.5857649740219025,0.018783444591408734,0.4600356876064173,0.0,7648.321956931336,555.827737165914
2246.446350098149,29736.053331736475,32.42569650980496,-121.56736273946439,931.0759155317812,625.7569039757989,-25.326853036492857,45.61206958800221,2.075241997776573,3753.8618221309553,2.708674081766514,0.05609380192350774,-0.3212403282140494,0.019173304886869438,0.4404130167029055,0.0,7648.547030433027,549.8033364468213
2246.946350098151,29603.02227674611,32.42745513225674,-121.56524421938423,920.0206452077516,614.6614487755019,-25.725801934803776,45.616624215342576,2.0390393485478207,3696.8989569107775,2.6662025955659807,0.16911215776890948,-0.9036801765835842,0.01957021630298337,0.421696936744937,0.0,7648.762521031633,543.8666717450791
2247.446350098153,29470.41890138667,32.42917672696602,-121.5631699347388,909.1930030793542,603.8028682616193,-26.131014644758313,45.62117582803879,2.0035999328998475,3641.091103716078,2.624614959576787,-0.009079347302999606,-1.2975755357714183,0.019974282953269192,0.40384603346112635,0.0,7648.968871554516,538.0173608902608
2247.9463500981547,29338.233702708036,32.43086199269108,-121.56113906046835,898.5966133649873,593.1872027420242,-26.543588943702762,45.625722438139015,1.9689445946284383,3586.557802986859,2.5794471576142386,-0.15991942570239462,-0.8508475525620559,0.020385636877897424,0.38684070748688704,0.0,7649.166507686859,532.2618959774017
2248.4463500981565,29206.454783014953,32.43251166223454,-121.55915072985162,888.2416488898731,582.8238069705519,-26.962197592329986,45.630268537123065,1.9351052100046005,3533.4602306002553,2.535094650991623,-0.025811766716989284,-0.3837569265310751,0.020804421143189093,0.3706673865179799,0.0,7649.355850959537,526.6091834211851
2248.9463500981583,29075.07707730867,32.43412648879226,-121.55720405067319,878.1237401979158,572.7064698421855,-27.385455966714137,45.63481877458561,1.9020619593612829,3481.767236540794,2.4920924838974465,0.15985973481599625,-0.6906225371142245,0.021230760502786435,0.3552824468775837,0.0,7649.537306457783,521.0576449244659
2249.44635009816,28944.09716452565,32.435707210187246,-121.55529814860317,868.2352930566859,562.828980262018,-27.814195857025762,45.63937177053583,1.8697949882957368,3431.445622421232,2.4503681325076303,0.0910734878886735,-1.250374129630273,0.021664776551528157,0.34064433316201514,0.0,7649.711257859987,515.6056011532255
2249.946350098162,28813.505563852377,32.43725452482519,-121.55343219653193,858.5679564168952,553.1854889599184,-28.24995878460102,45.64392416651289,1.8382856418950684,3382.468665095144,2.40990830940287,-0.11359713625611267,-1.1800121239209573,0.022106613541007198,0.32671430854861583,0.0,7649.878068795449,510.25159758073636
2250.4463500981637,28683.290098942816,32.43876910229696,-121.55160540168389,849.1161763681299,543.770262214328,-28.692470218594146,45.64847758587106,1.8075156326343336,3334.811216131344,2.3706718839246927,-0.12799247653969162,-0.6419398166266153,0.022556428847440895,0.31345574822117167,0.0,7650.038084067522,504.9942045013345
2250.9463500981656,28553.443871615455,32.440251610475066,-121.54981697262727,839.8766276201985,534.5777376383503,-29.140119021545942,45.6530373773966,1.7774671945974,3288.446273909599,2.332620357892428,0.06436264748085153,-0.4976821498093112,0.023014365662172413,0.3008339306890688,0.0,7650.191630660808,499.8319794004939
2251.4463500981674,28423.965275114402,32.44170271695839,-121.54806611753824,830.8443173281325,525.6023364632972,-29.592426052976194,45.65760572840552,1.7481224618247044,3243.3428893468226,2.295734166241385,0.16745685071179378,-0.957746157781205,0.023480551140124466,0.28881564311648694,0.0,7650.339018573749,494.7633397931727
2251.946350098169,28294.85089581553,32.44312306541385,-121.54635207306126,822.0118650124167,516.8387485246968,-30.050633629799595,45.66217992951304,1.7194644450566168,3199.4733926427116,2.2599529736883213,0.03218151019780263,-1.335225208678156,0.023955120847220707,0.2773697462731964,0.0,7650.48054169171,489.78683409679866
2252.446350098171,28166.092336812057,32.444513264624966,-121.54467411769028,813.3724404910446,508.28188329303674,-30.515731470611307,45.666757940802945,1.6914768814673877,3156.8143347503583,2.225277352421487,-0.13831584931064453,-1.111773863574783,0.02443823151946619,0.2664670329660782,0.0,7650.616478842357,484.9011409230942
2252.946350098173,28037.681062373333,32.445873905446796,-121.5430315511271,804.9220019939958,499.9267584840733,-30.98698185405775,45.67134268004654,1.664143845802098,3115.342650187614,2.1916567227634562,-0.10132416095481482,-0.6484568004211123,0.024930044323523505,0.25607983517131544,0.0,7650.747094635943,480.10494573249434
2253.4463500981747,27909.61359804496,32.447205580697315,-121.54142367005618,796.6577412279039,491.76850102115196,-31.462964604130057,45.67593907803727,1.6374497354399462,3075.033214266327,2.1590718022147413,0.0855635548136039,-0.6091228725042426,0.025430704494943564,0.24618184732351048,0.0,7650.872640207128,475.3968951361133
2253.9463500981765,27781.889975305647,32.44850888054205,-121.53984977378965,788.574974185213,483.8022270910182,-31.94347512640885,45.68054851422774,1.6113788785430356,3035.8582508709237,2.127496588814986,0.16371912028772811,-1.039024781513971,0.02594034566972508,0.2367479225235918,0.0,7650.9933538172645,470.77552742707167
2254.4463500981783,27654.50820599869,32.44978437223814,-121.53830918898757,780.6671210482536,476.0233062579885,-32.429641844998564,45.68516837457924,1.585916434368844,2997.7933300112877,2.0968838254064237,0.03250528500348318,-1.3609440795615706,0.026459111214763322,0.22775450849451095,0.0,7651.109461540461,466.2395169183999
2254.94635009818,27527.462431515567,32.451032593056546,-121.53680127831632,772.9282433170841,468.42727778118785,-32.92226830657256,45.689796954201775,1.5610481215106518,2960.817157097395,2.067233422587291,-0.1298739460520397,-1.1782225305797747,0.02698716285497117,0.21917946085120435,0.0,7651.22117804731,461.7876329645859
2255.446350098182,27400.746745782904,32.452254064945166,-121.53532542258878,765.3548346668287,461.0097688112461,-33.420705277450594,45.69443693125902,1.5367599320889893,2924.9087271415756,2.0385036346596044,-0.1140849324407952,-0.7624471708501211,0.02752466599199418,0.21100178094935726,0.0,7651.32870722318,457.41864667891764
2255.9463500981838,27274.359223078936,32.453449311471076,-121.53388100011972,757.9446153994674,453.76650268615356,-33.92363859529223,45.69909306322306,1.5130381464476423,2890.0456390419818,2.0106735224151584,0.0546614053021369,-0.6562185256284968,0.0280717722064995,0.20320150568214118,0.0,7651.432242725043,453.13130288592794
2256.4463500981856,27148.30106646847,32.454618856748766,-121.53246738805733,750.6960549808967,446.6955786568024,-34.430643114722436,45.70376738874856,1.4898769411627864,2856.233752830065,1.9815172378761565,0.1635191726322126,-0.985659178790147,0.028628621376585485,0.1957626731474139,0.0,7651.531968668683,448.92604895320596
2256.9463500981874,27022.569552727975,32.455763235560404,-121.53108395034548,743.6195620724435,439.8105813853446,-34.942522479885916,45.70845803903051,1.4673221605676863,2823.6793086100893,1.9507298476023327,0.0831685701883794,-1.344033025551278,0.029195372412523332,0.18868993668502856,0.0,7651.628066803912,444.8150973566364
2257.446350098189,26897.15553927049,32.45688298485391,-121.52973004810627,736.7110309652319,433.10931266190323,-35.46013387999921,45.713162867225115,1.4453670475798857,2792.3909309782202,1.921223374784909,-0.08490732233179242,-1.3240141805702548,0.02977221664365505,0.1819670937001333,0.0,7651.7207169135045,440.79894773642394
2257.946350098191,26772.04904520791,32.4579786193349,-121.5284050690602,729.9647568148827,426.58578256309426,-35.98323806153706,45.71788320169751,1.4239921791323444,2762.3282877890174,1.8929433135445206,-0.14432050246305494,-0.9825315051237673,0.030359354441807592,0.1755739600978694,0.0,7651.810088841623,436.87516852738725
2258.446350098193,26647.242922948673,32.459050645721554,-121.5271084101349,723.3768687988273,420.2342499341824,-36.51067406889661,45.722623405811646,1.403178928467937,2733.452012850236,1.8658274720683723,-0.03216344349459808,-0.7273562361654855,0.030956978028016863,0.16949165609446765,0.0,7651.8963426728515,433.0413970824384
2258.9463500981947,26522.73372221086,32.46009956822578,-121.52583947079775,716.9432601396884,414.04910697391216,-37.04153382293682,45.72738707608541,1.382909078960618,2705.7219349265606,1.8398434525766103,0.12291738183269821,-0.8385138673214557,0.03156526600321412,0.16370237913415034,0.0,7651.979629329601,429.2952490317041
2259.4463500981965,26398.519322788343,32.46112587891018,-121.5245976648454,710.6582295667571,408.02492118687604,-37.575960747397914,45.732174304643024,1.3631649730004558,2679.098700532121,1.8149337176957154,0.15378425265194692,-1.185886843162573,0.032184393558210525,0.1581894227967204,0.0,7652.060091098234,425.63437466187503
2259.9463500981983,26274.596147132106,32.46213004553413,-121.52338243526711,704.5152096347118,402.1565740466992,-38.114767573557174,45.73698284221106,1.3439299849062882,2653.54680156895,1.791048665066575,0.03249661642432343,-1.4061140474251521,0.032814546187101085,0.15293730266289282,0.0,7652.137862219571,422.05659510599196
2260.4463500982,26150.958850016817,32.463112510371204,-121.52219325571623,698.5084650261589,396.43915253984534,-38.65838919052486,45.74181164842183,1.3251881605459521,2629.033299684486,1.768163594370682,-0.11213393961079884,-1.2928926259571745,0.03345592211711535,0.1479315565796249,0.0,7652.213069458397,418.5598254320673
2260.946350098202,26027.602493412793,32.464073700898524,-121.52102961748072,692.634110223898,390.8679050688816,-39.20629428373692,45.746663035438914,1.3069240642590982,2605.526352858304,1.7462301040932982,-0.13522763334104215,-0.9843656093771437,0.03410872169425193,0.14315860661430307,0.0,7652.285832570812,415.14202564085605
2261.4463500982038,25904.52473554574,32.46501404160796,-121.51989101507723,686.8894502991378,385.438249366826,-39.757390412722955,45.751541374967914,1.2891227999664618,2582.9944647860875,1.7252066826291195,-0.018345565947982475,-0.7955351669898639,0.034773135344612315,0.13860569134882453,0.0,7652.356264733969,411.80119282660644
2261.9463500982056,25781.725927008316,32.465933955784,-121.51877694409322,681.2713024656653,380.1456782622925,-40.31093496851414,45.75644987034281,1.2717696969967225,2561.405244595125,1.7050693053801367,0.12253300284497899,-0.9038864032121658,0.03544934173141706,0.1342607186996473,0.0,7652.424472915312,408.53528878841576
2262.4463500982074,25659.20724572055,32.46683385681818,-121.51768691181097,675.7751171398102,374.98582097792405,-40.86704420907402,45.76138860143568,1.2548505213440238,2540.727012527817,1.6857733219498197,0.1552950831064177,-1.1990819529265246,0.036137516897975314,0.1301123140059846,0.0,7652.490558209313,405.34230667262136
2262.946350098209,25536.968754550442,32.4677141386538,-121.5166204489017,670.3956068091236,369.9545455779588,-41.426368562040956,45.766355583722714,1.2383518247816456,2520.9309875197237,1.6672804167533801,0.05350778323392665,-1.4102125368188165,0.0368378450454046,0.12614990254492114,0.0,7652.554616224532,402.220372849602
2263.446350098211,25415.009128334932,32.4685751744978,-121.51557711102241,665.128075587436,365.04787886216496,-41.9893054302362,45.7713496844975,1.2222606783336951,2501.990333122872,1.649572623319621,-0.08768523099586024,-1.3604740476193604,0.0375505207771309,0.12236358083818805,0.0,7652.616737457052,399.16768823047624
2263.946350098213,25293.32709867973,32.46941732470361,-121.51455646919958,659.9693232015992,360.261960159951,-42.555488683815426,45.77637267593362,1.2065645141662122,2483.8789640001046,1.6326163547700516,-0.1436249684390792,-1.1114535112006658,0.03827574123076219,0.11874401667513955,0.0,7652.677007595175,396.1824818577116
2264.4463500982147,25171.92314405646,32.47024094683956,-121.51355809753588,654.9173612753656,355.5930596406572,-43.12397268698351,45.78142867803073,1.19125118300177,2466.571156129448,1.6163750542908737,-0.0691433230374638,-0.8889165983808983,0.0390136957114616,0.11528241920749702,0.0,7652.735507799121,393.2630153154043
2264.9463500982165,25050.79996228218,32.47104639947399,-121.51258156859186,649.9701643948835,351.03751202463536,-43.69389352662941,45.786521616378224,1.176308731672866,2450.0404805872604,1.600830142553536,0.06906359065991638,-0.8801539695600917,0.03976456171190425,0.11197044161923073,0.0,7652.7923149487615,390.40752698276594
2265.4463500982183,24929.961462761275,32.47183403718725,-121.51162645949297,645.1246496124315,346.59171428434104,-44.265015733675206,45.79165294198277,1.161725398717087,2434.2601742675292,1.585954281865842,0.15514560960725277,-1.0847049648871532,0.04052850997404041,0.10880016515561593,0.0,7652.8475018546205,387.61423953403676
2265.94635009822,24809.411215943284,32.4726042019942,-121.51069236243231,640.3767412826916,342.252228405695,-44.837727850996416,45.7968214849405,1.1474899633885198,2419.205185008675,1.5717110616251015,0.1210710261886087,-1.331278828666409,0.04130571377295359,0.10576418489770895,0.0,7652.901137493843,384.88145978548897
2266.446350098222,24689.151630814187,32.473357218676554,-121.5097788903979,635.7222861481002,338.0157796581803,-45.41253657983993,45.80202545835191,1.1335917426583397,2404.8524900301063,1.558081316100905,-0.002670595092061013,-1.4270157515481317,0.04209635451931737,0.10285558454510776,0.0,7652.953287267427,382.2075868549133
2266.946350098224,24569.18443111051,32.47409339762911,-121.5088856737072,631.1580541704757,333.87918301807156,-45.98949857276482,45.80726491968139,1.1200203437861687,2391.179888983347,1.5450488504880604,-0.11734204869398802,-1.30787928825108,0.042900619223948736,0.10006783744132847,0.0,7653.00401321858,379.59104906674827
2267.4463500982256,24449.511908801273,32.474813042849334,-121.50801235024316,626.6821143875001,329.8393458688829,-46.568033597929315,45.81254274832005,1.1067656705991353,2378.1655732411436,1.5325833894525593,-0.13583936161371207,-1.076214017241,0.04371869225468773,0.09739477763156075,0.0,7653.053374217534,377.03029858313914
2267.9463500982274,24330.13738761004,32.47551646200785,-121.50715855316727,622.3006177968322,325.9020656609307,-47.14722806595236,45.81786345452164,1.09384745106504,2365.915701406072,1.5132574377160672,-0.04727932361136216,-0.9110685617759755,0.04455075165690072,0.09483825728731282,0.0,7653.101426757389,374.5313928133952
2268.4463500982292,24211.05303397868,32.47620403809399,-121.50632382392912,618.0571117378094,322.11864749878254,-47.726310987686745,45.823230829556834,1.0814382420154727,2355.2088611160807,1.4876010142146678,0.07978397989617052,-0.930062810121907,0.04539705586219283,0.09243919452200049,0.0,7653.148239468832,372.1400165040094
2268.946350098231,24092.239635075442,32.476876216692986,-121.5055076277051,613.9513304849568,318.48945110595736,-48.305009288220646,45.82864617694657,1.069539727113563,2346.100003512712,1.4638857694732115,0.1532725462419071,-1.1082281044175626,0.046257953061217036,0.09019304932982128,0.0,7653.193891430205,369.85849826350005
2269.446350098233,23973.67906447593,32.47753341884972,-121.50470945923846,609.9739350812342,315.00496541120356,-48.88353024763362,45.83410846567071,1.058120429013518,2338.4992038025694,1.4419556969613643,0.12417932031899921,-1.3138108376070339,0.04713379654395306,0.08808726336022839,0.0,7653.238455904384,367.6805137760356
2269.9463500982347,23855.354287898168,32.478176035535256,-121.50392884962079,606.1161079868432,311.6563950676983,-49.46216676919559,45.839616137468596,1.0471512357381247,2332.3244253940543,1.421680469914297,0.015588721765211467,-1.4086498279155018,0.048024944362202754,0.08611053180654756,0.0,7653.282000196776,365.60018115981967
2270.4463500982365,23737.249539253302,32.478804431372104,-121.50316536177351,602.3702453262017,308.4355476425175,-50.04088620515746,45.8451691849477,1.0366050247320302,2327.4999001486635,1.4029442616404508,-0.0988817475835604,-1.3380100694559476,0.04893175764314101,0.08425261545613706,0.0,7653.324586233525,363.6119789370384
2270.9463500982383,23619.351003629155,32.47941895196149,-121.50241858150646,598.7302279150518,305.33477922849204,-50.619171513583865,45.850770131833016,1.0264564815145518,2323.955166568308,1.385631387343921,-0.14640008692014572,-1.1555250380132756,0.04985459471213523,0.08250421361252616,0.0,7653.366271059986,361.71070883709467
2271.44635009824,23501.647410537116,32.48001993094611,-121.50168810889225,595.1910778782834,302.34695403949985,-51.196186409220445,45.856423371077454,1.0166819653104473,2321.6243463866704,1.3696352158446472,-0.10008717939149457,-0.9783964763315537,0.050793805275484154,0.0808568606796861,0.0,7653.407107284666,359.8914699998317
2271.946350098242,23384.13010971807,32.48060769333135,-121.50097355421937,591.7482085427059,299.4653696290297,-51.77112903173054,45.86213337463459,1.0072592600392065,2320.4450732905125,1.354866170796324,0.00851412743374448,-0.9105146542875799,0.05174972823129237,0.07930280827658183,0.0,7653.447143467279,358.1496046817268
2272.446350098244,23266.792578337714,32.481182554138506,-121.50027453966572,588.3967630596329,296.68371057770133,-52.34354368770396,45.86790292212422,0.9981674219297336,2320.358035699479,1.341240742847183,0.11282820381736497,-0.9832236282435869,0.05272269407386007,0.077834942822808,0.0,7653.4864244540395,356.4806713848115
2272.9463500982456,23149.629634290002,32.48174481433113,-121.49959070431919,585.1314235962351,293.9960646415068,-52.913413074057324,45.87373239378245,0.9893868376478347,2321.3075931265357,1.3286740167156492,0.15248194369077897,-1.1448724650269653,0.05371303018277773,0.07644676033531549,0.0,7653.524991687338,354.88047503931836
2273.4463500982474,23032.63676570356,32.482294757258416,-121.49892170856795,581.946708126026,291.396928917196,-53.480999554910255,45.8796204842776,0.9808992485320915,2323.242225666402,1.317088911614694,0.10692091645561552,-1.2979199427666677,0.054721065794845876,0.0751323360552907,0.0,7653.562883504594,353.3450872895305
2273.9463500982492,22915.809887844138,32.482832648122006,-121.49826723478272,578.8375094215501,288.881160063043,-54.04654741584398,45.88556587040948,0.97268758546162,2326.1139541704915,1.3064219777864776,0.003754815019609525,-1.3566521080609824,0.05574713380897538,0.07388625212191868,0.0,7653.60013541107,351.87081247725894
2274.446350098251,22799.14556822274,32.48335873703794,-121.49762698358359,575.7995734835866,286.44391951614205,-54.610021118527115,45.89156887210131,0.9647357855473241,2329.8774810514255,1.2966142516340533,-0.09972752927413843,-1.2918614407434257,0.05679156858414485,0.07270352412217736,0.0,7653.636780313865,350.4541442906943
2274.946350098253,22682.64149516076,32.48387326430072,-121.4970006673971,572.8296714753193,284.0806549120046,-55.171016189817855,45.8976322094701,0.9570287299767748,2334.4897994592943,1.287604114563198,-0.14902986728448664,-1.1408763483796498,0.0578547012443636,0.07157955872569623,0.0,7653.672848726967,349.091752600473
2275.4463500982547,22566.296869234182,32.48437646536919,-121.49638800434784,569.9253640538905,281.78708482742604,-55.72887467185209,45.903760486751295,0.9495521931590049,2339.9098803530014,1.2793334073454008,-0.12050951915352062,-0.9823565532336422,0.05893685518232883,0.07051011765688286,0.0,7653.708368958289,347.78047335993085
2275.9463500982565,22450.11249103397,32.48486857335536,-121.49578871521139,567.0844806309333,279.5591597984468,-56.282929008710155,45.90995871092323,0.9422927124924454,2346.0980701237836,1.2717535403417597,-0.03124673585219876,-0.8930551254799581,0.06003834399444587,0.06949126853701085,0.0,7653.743367275151,346.5172780802637
2276.4463500982583,22334.09050159715,32.48534981822014,-121.49520252441172,564.3046055510902,277.39303391789394,-56.83274129050603,45.91623062757735,0.9352374943260532,2353.0157676908634,1.264820273740587,0.07225063452593666,-0.9101394315198871,0.061159472635025414,0.06851934855228477,0.0,7653.777868046873,345.2992545157965
2276.94635009826,22218.233898388222,32.485820423610065,-121.49462916391957,561.5828365664595,275.28507744713943,-57.378219934082004,45.92257771339828,0.928374458524675,2360.6258704551665,1.25848686041005,0.1387619660951017,-1.0166209377823996,0.062300541014808815,0.067590961813914,0.0,7653.811893877707,344.12362651978816
2277.446350098262,22102.546042550355,32.48628060333571,-121.49406837759726,558.9158952425292,273.2318993150975,-57.919566364618085,45.92899930892178,0.9216923164228544,2368.8934229060956,1.2527071248743917,0.13724108547470212,-1.1540200299639483,0.0634618481735015,0.06670298488527295,0.0,7653.845465742235,342.98778341059716
2277.946350098264,21987.030364316888,32.486730559445014,-121.49351992358567,556.3004866273878,271.2303357492117,-58.45708952514717,45.93549380763928,0.9151805341638092,2377.785637960323,1.247442343547133,0.07012662919539292,-1.2531146085315223,0.06464369493418931,0.06585254720207306,0.0,7653.878603117949,341.8892763492047
2278.4463500982656,21871.690364690498,32.48717048290998,-121.49298357347662,553.733722811719,269.2774138489538,-58.99098440508914,45.9420603206943,0.9088292107695272,2387.271363571112,1.2426601204362522,-0.02993467390101769,-1.2665521860278983,0.06584638376713765,0.06503699324628873,0.0,7653.911324102364,340.8257885310177
2278.9463500982674,21756.529858753085,32.48760055667588,-121.49245910857503,551.2134247057611,267.370328615395,-59.52117878502738,45.94870003507414,0.9026290009480602,2397.3206666002247,1.238327373200535,-0.11683358779808826,-1.1884066053980078,0.06707021605240653,0.06425385512309875,0.0,7653.943645512856,339.79511564181763
2279.4463500982692,21641.5535390405,32.48802095889406,-121.49194631591901,548.7359877748754,265.503505384225,-60.04731361916619,45.95541664737618,0.8965611950359984,2407.8514073984184,1.2364973527500265,-0.1523541490935906,-1.0527858150548899,0.06831548553611244,0.06349873379585784,0.0,7653.975582776505,338.7923542302554
2279.946350098271,21526.77097649779,32.488431852845345,-121.49144500054113,546.2909381818612,263.66149208709265,-60.56886878231802,45.96221571006661,0.8905736907997331,2418.594293430531,1.2364208526188083,-0.12142234101565844,-0.9144118889871127,0.06958243275560423,0.06276024470428744,0.0,7654.007146900032,337.8029916712806
2280.446350098273,21412.195684250444,32.48883339267364,-121.49095497847206,543.8773186603486,261.8414954230305,-61.08533993268364,45.969103205995474,0.8846570927667412,2429.500790008889,1.2364436500701719,-0.03809546272096697,-0.8313254244603153,0.07087125036813917,0.06203619793531096,0.0,7654.038345428037,336.82446424359966
2280.9463500982747,21297.84152776748,32.489225735017044,-121.49047606256774,541.4951067550085,260.0424884614775,-61.59641366677759,45.97608379715431,0.8788079648922354,2440.5531211373245,1.2365566627569367,0.05963395571365704,-0.8377787098883411,0.07218212012140245,0.061325692998512656,0.0,7654.069185354632,335.8558757002231
2281.4463500982765,21183.722302342765,32.48960903628145,-121.49000806587408,539.1436923682513,258.26349988348784,-62.102080830918496,45.98315952595907,0.8730230562195594,2451.733786636632,1.23674702665551,0.12680659172658065,-0.9272111056114315,0.07351521698482737,0.06062788604071758,0.0,7654.0996732369285,334.89637049964335
2281.9463500982783,21069.851387484,32.489983448989214,-121.48955080613275,536.8219355384457,256.5036417026998,-62.60261440221208,45.99032967648729,0.8672993955268146,2463.0262671219243,1.2369999847798334,0.13228452039374777,-1.0540131397561874,0.07487071289206361,0.0599420094569812,0.0,7654.129815228626,333.94516418036153
2282.44635009828,20956.24152321089,32.49034911931067,-121.4891041088342,534.5284849848003,254.76211136578246,-63.09841572384993,45.997591999209845,0.8616342992046685,2474.41522643042,1.23730496377546,0.07367897962483168,-1.153914650367455,0.07624877945480459,0.05926737250067997,0.0,7654.159617119336,333.001548425881
2282.946350098282,20842.904808665626,32.490706186981406,-121.48866780732835,532.2622191787524,253.03816870012778,-63.589796640204206,46.00494485179655,0.8560252936041768,2485.8861402519124,1.2376559447555642,-0.02095886814519752,-1.1742039386452978,0.0776495882259204,0.05860334336321977,0.0,7654.189084368856,332.0648699284254
2283.446350098284,20729.85291284416,32.49105478773191,-121.48824173983192,530.0226176934361,251.331120138426,-64.07679980786948,46.01238929320788,0.8504700614761178,2497.4249566837307,1.2380454020795324,-0.10605509429200749,-1.0996096568228306,0.07907330829356995,0.05794933581553762,0.0,7654.218222132709,331.13451450050314
2283.9463500982856,20617.097379722632,32.49139505716301,-121.48782574464347,527.8098792967488,249.64032187503634,-64.5591463852723,46.019930069920264,0.8449664522400566,2509.0180777659957,1.2384617783726612,-0.14034120441734238,-0.9608944027575997,0.08052010237601859,0.05730480887165197,0.0,7654.2470352845285,330.20990899702406
2284.4463500982874,20504.649870030582,32.49172713423408,-121.48741965583004,525.624699391274,247.96517805842134,-65.03634223213808,46.027574863310946,0.8395124756074172,2520.652268361838,1.2388945806790588,-0.10719809246034812,-0.8209896379514622,0.0819901233208592,0.05666926342043495,0.0,7654.275528438345,329.29051882034605
2284.9463500982893,20392.52222314384,32.49205116262519,-121.4870233015358,523.4677935306119,246.30512197543757,-65.50789631911006,46.03533198397204,0.8341062379575451,2532.3142851526227,1.2393382172301624,-0.023327957757493713,-0.7444750641716347,0.08348351265984896,0.05604222820477413,0.0,7654.303705966222,328.37582959234254
2285.446350098291,20280.72631023731,32.492367289241145,-121.48663650582466,521.3394088748098,244.65960658229963,-65.97354599313488,46.043207535600416,0.8287459106763936,2543.9907603229985,1.239787854399397,0.06906283299866581,-0.7650308749595386,0.08500040191136797,0.055423253475582544,0.0,7654.331572009769,327.4653391524855
2285.946350098293,20169.273744064383,32.49267566056902,-121.48625909318316,519.2390828104144,243.02812504401095,-66.43337473506506,46.051203486409676,0.8234298003817515,2555.6687652436985,1.2402345720791677,0.12322824400087445,-0.8674257651152111,0.0865409160872182,0.054811925736781064,0.0,7654.359130493879,326.5585805082483
2286.4463500982947,20058.175580773503,32.492976418717646,-121.48589089342602,517.1657741526845,241.4102390900609,-66.8877575402308,46.05931778709254,0.8181471613821547,2567.2742290599,1.240629270001813,0.11172720294431042,-0.9940630338436472,0.08810303808845925,0.05420722913281678,0.0,7654.386385144265,325.6541646182461
2286.9463500982965,19947.441806261428,32.493269700099965,-121.48553174334867,515.119783944338,239.80776302377393,-67.33715420530824,46.06754671025942,0.812716317811653,2577.646009079555,1.2402340889677848,0.04089515015799811,-1.0738313606217877,0.08964514929315523,0.053597905506590826,0.0,7654.413336027561,324.7351417713282
2287.4463500982984,19837.080548163503,32.49355563824212,-121.48518148328597,513.1014088918246,238.22201877712735,-67.78185066696611,46.075888413028196,0.8073421789227553,2588.042594871605,1.2398659463382677,-0.051978574261451624,-1.0591590942894458,0.09120898317476295,0.05299796776651683,0.0,7654.439984613912,323.82258742461244
2287.9463500983,19727.099336540326,32.49383436422521,-121.48483995652575,511.1103916775923,236.6524660935651,-68.22179307585371,46.08434587755048,0.8020229137684006,2598.453208370838,1.2395181088734633,-0.11788317370774071,-0.9518018849256245,0.09279462634665436,0.05240699097139727,0.0,7654.466335488614,322.916056815107
2288.446350098302,19617.505650794134,32.494106010181355,-121.48450700496127,509.1472105560855,235.09860585622613,-68.65659740584074,46.09292753440703,0.7967568308252939,2608.8675724594823,1.2391811484955604,-0.12199257041098445,-0.8030210868034798,0.0944021581238421,0.05182458466219434,0.0,7654.49239303314,322.0151406078489
2288.946350098304,19508.307081236504,32.494370712245974,-121.4841824654222,507.21267159914845,233.55997106820266,-69.08573719229149,46.10164496733938,0.7915423474257077,2619.2756830421577,1.238849060179287,-0.0625232910712788,-0.6870186825192237,0.09603164783972003,0.051250385502358,0.0,7654.5181614410685,321.1194553474723
2289.4463500983056,19399.511301269755,32.49462861060114,-121.48386616961058,505.3073142806121,232.03610843609547,-69.50881477991243,46.11050865498044,0.7863779273435516,2629.667433058966,1.2385195034670307,0.027916077758986333,-0.661017258808065,0.09768315480964901,0.05068404474351091,0.0,7654.543644728288,320.22862517957424
2289.9463500983074,19291.12586668413,32.49487984654908,-121.48355794772873,503.4309660518606,230.52658352224506,-69.92577002385995,46.119523955984825,0.7812620982554506,2640.03282283411,1.2381877335032105,0.09976090667528349,-0.7334570000290287,0.09935673102126745,0.05012523208511323,0.0,7654.5688467402815,319.3422887087594
2290.4463500983093,19183.1579438122,32.49512455819859,-121.483257633839,501.58269743882835,229.0310077755452,-70.33690890755435,46.12868968532456,0.7761935433490532,2650.362716330038,1.2378457734305164,0.11363612352627679,-0.8583297205032648,0.10105242526454875,0.04957365388598787,0.0,7654.593771165864,318.4601292175913
2290.946350098311,19075.614110988565,32.495362877133445,-121.48296507001439,499.7611984142511,227.54904754099275,-70.74273043023081,46.13800041197208,0.771171131856689,2660.6491878576817,1.2374885842847108,0.06235671038149206,-0.959850836080874,0.10277028652398801,0.04902905891122355,0.0,7654.618421557885,317.5818861714169
2291.446350098313,18968.500343712978,32.49559492791487,-121.48268010696917,497.96537346409576,226.08040428201417,-71.14364305685972,46.147451556224624,0.7661938520281888,2670.8851279106216,1.23711560102418,-0.02473826811709021,-0.9746592319727813,0.1045103647043464,0.04849122466848491,0.0,7654.642801351477,316.7073355308699
2291.9463500983147,18861.8221854195,32.495820830726316,-121.48240260077641,496.19483849242675,224.62479978194904,-71.53972841719096,46.157044591052845,0.7612607609782309,2681.06386231111,1.2367246865028092,-0.09806425056704618,-0.8881042491914454,0.1062727083172373,0.04795994659971529,0.0,7654.666913875136,315.8362737047225
2292.4463500983165,18755.584994100034,32.49604070570803,-121.48213240747125,494.4500348787904,223.18198047970503,-71.930688868764,46.16678925928727,0.7563709993800166,2691.179178182272,1.2363100199072923,-0.11592085352644083,-0.7435136427164454,0.10805736062491877,0.04743503950637768,0.0,7654.690762359804,314.9685209598903
2292.9463500983184,18649.794120169245,32.49625467652046,-121.4818693786038,492.7318681350226,221.75171439135343,-72.31601433055094,46.17670113198394,0.7515237810324573,2701.225202929988,1.235867730211808,-0.06855165167505743,-0.6181057681060278,0.10986435656898551,0.046916334515444656,0.0,7654.714349948309,314.10391750603077
2293.44635009832,18544.45492327679,32.49646287105452,-121.48161336034153,491.0410637356977,220.3337734804304,-72.69527722694006,46.18679545329138,0.7467183331125515,2711.1959878685534,1.235397999020455,0.015964301865995525,-0.5784924194793823,0.11169372222041404,0.04640366754088048,0.0,7654.737679700643,313.24230500026664
2293.946350098322,18439.57262617722,32.496665418842255,-121.48136419668992,489.3776252724249,218.9279333203902,-73.06838575504321,46.19708061811229,0.7419538950314275,2721.0855652731666,1.234899490923332,0.08788803460321473,-0.6413382739109798,0.11354547709958657,0.0458968795211036,0.0,7654.7607545955525,312.3835271442907
2294.446350098324,18335.15208847355,32.49686244666831,-121.48112173497006,487.74072242403633,217.53399752222515,-73.43564441939601,46.20755528285,0.7372298012203433,2730.8886625828395,1.2343673538822901,0.105022478880337,-0.7627393608754532,0.11541963820243617,0.04539583241938369,0.0,7654.783577536811,311.52745734816364
2294.9463500983256,18231.197631164454,32.497054074959884,-121.48088583033672,486.1290709404638,216.15180915069024,-73.79758080394447,46.218211336356646,0.7325455198206433,2740.601103774409,1.233798939572709,0.05783827551211078,-0.8635986387700849,0.1173162235025737,0.04490041646618549,0.0,7654.806151366403,310.67401260969086
2295.4463500983275,18127.713019196875,32.4972404170894,-121.48065634666415,484.54158240240884,214.78123353362275,-74.15463699479471,46.2290415345641,0.7279005944239826,2750.2194292653776,1.233195810390163,-0.02465457820615551,-0.8767837422808678,0.1192352528350163,0.04441053887598433,0.0,7654.828478876305,309.823135736531
2295.9463500983293,18024.701609374955,32.49742158201302,-121.48043315325616,482.97790972490026,213.42214462733367,-74.506909373228,46.24004749673414,0.7232945978641947,2759.740510885728,1.2325580054544478,-0.09225183053117886,-0.7880208613924793,0.12117674569772773,0.04392611448936085,0.0,7654.850562814091,308.97478002441215
2296.446350098331,17922.166564033367,32.49759767867126,-121.48021611933913,481.4385567883689,212.07442980667076,-74.85409667605994,46.251243009279044,0.7187271484509714,2769.1615976459807,1.231882136354968,-0.10401634825957946,-0.6452695980108497,0.1231407175383239,0.043447067787511964,0.0,7654.87240588703,308.12891331108995
2296.946350098333,17820.110999717377,32.4977688194744,-121.48000510968707,479.92446155776736,210.7379867937077,-75.19569283498495,46.262649979118535,0.7141978995610896,2778.480187989312,1.231166895539579,-0.053401573032107325,-0.529901613532477,0.12512717693704828,0.04297333028569271,0.0,7654.8940107667695,307.28551395837576
2297.4463500983347,17718.537992645055,32.4979351207122,-121.47979998409387,478.4362972527099,209.412707853928,-75.53131031943488,46.27428881156849,0.709706486078765,2787.693619813866,1.2304143532394494,0.027611222234397444,-0.5065751211857283,0.1271361253734246,0.04250483073847389,0.0,7654.915380090323,306.44455366320767
2297.9463500983366,17617.450447613373,32.49809669961866,-121.47960060104506,476.97393584472655,208.09848287149154,-75.86093481702284,46.286168862598636,0.7052525348178296,2796.799203693042,1.2296244124435096,0.08832127576770145,-0.5826556737608075,0.12916755975073532,0.042041497508557624,0.0,7654.936516458474,305.606001510687
2298.4463500983384,17516.850911866874,32.49825366991841,-121.4794068233097,475.53641534512707,206.79522245003275,-76.1849497160962,46.298285279161554,0.7008357428110894,2805.7949295221074,1.2287942114492665,0.09104192719271968,-0.703035599593853,0.13122147630903247,0.04158327311488747,0.0,7654.957422439196,304.7698505503514
2298.94635009834,17416.742212210782,32.49840613748702,-121.47921852338095,474.1191067054641,205.4970946076108,-76.50391220266786,46.310625093138825,0.6964363452818385,2814.5213416007073,1.2308027751357207,0.034903481036121384,-0.7844635328276158,0.1332978577019342,0.04112665145397162,0.0,7654.978100105786,303.9297214534274
2299.446350098342,17317.132023168728,32.49855419367103,-121.47903559174591,472.71487914331567,204.19316620626768,-76.81823377743281,46.32317940096992,0.6920172894695188,2822.669890809243,1.233242427532355,-0.04356211625623381,-0.7687052289567627,0.13539657535749364,0.04066512928794768,0.0,7654.9985482474995,303.07343675931804
2299.946350098344,17218.02963017486,32.49869792402602,-121.47885792603988,471.32421374142547,202.8841677727571,-77.12793629505964,46.33595426815791,0.6875810511530867,2830.245664820852,1.2354222325009998,-0.09396694215868445,-0.6602383542335721,0.13751745102589977,0.04019926272731162,0.0,7655.018764511126,302.20166752707763
2300.4463500983456,17119.443682883866,32.498837416421345,-121.47868542092678,469.9485465250162,201.5711290769088,-77.43265902410508,46.34897309507048,0.6831311202560278,2837.2633030923257,1.2373476364654954,-0.08448830680483772,-0.523103754768507,0.13966030292652365,0.039729782068887796,0.0,7655.038746908033,301.31543567428577
2300.9463500983475,17021.3822942432,32.498972763691015,-121.47851796474023,468.58951119625874,200.25504390131607,-77.73192354915813,46.36226752696364,0.6786708647399119,2843.7378144660593,1.2390272942349956,-0.022199016471341183,-0.43938700141017384,0.14182494421896047,0.039257388800356494,0.0,7655.058493807973,300.4157423059702
2301.4463500983493,16923.853022672236,32.49910406281168,-121.4783554405006,467.24821131878707,198.9368577964988,-78.02547710808935,46.37586191387163,0.6742034891062407,2849.6841913033836,1.240471501006633,0.051834188587294765,-0.45594729041827087,0.1440111839466034,0.038782748145716354,0.0,7655.078003922437,299.50355343101546
2301.946350098351,16826.86275642179,32.49923141111398,-121.47819773068781,465.92481927868243,197.61747942878077,-78.31349045140504,46.38976128461733,0.669732072854775,2855.117730223861,1.2416873750620856,0.08950113212462504,-0.5541052504684456,0.14621883029207391,0.03830649595688597,0.0,7655.09727628762,298.5798126650166
2302.446350098353,16730.41758672893,32.49935490196354,-121.47804472270415,464.6187630990023,196.2977990005526,-78.59647840873338,46.403951557781056,0.6652596329104044,2860.054580623164,1.2426813146355264,0.06703598837621165,-0.662224035884111,0.14844769436869729,0.03782924956941546,0.0,7655.116310252814,297.6454622800447
2302.9463500983547,16634.522768086754,32.49947462268396,-121.47789631151646,463.3293716669618,194.97868261509902,-78.87499262019166,46.41841321583023,0.6607891045253638,2864.511573751417,1.2434633009014802,0.00027575729114524806,-0.7030033283365182,0.1506975922594754,0.03735160425204596,0.0,7655.135105470886,296.70143670788536
2303.4463500983566,16539.182805895805,32.499590656014746,-121.47775239782352,462.0565609624721,193.66095769047666,-79.14928769619802,46.433140425700195,0.6563232918463908,2868.5057199434636,1.2440436755977016,-0.06618367452249037,-0.6443293340370935,0.15296834412812968,0.036874124348022806,0.0,7655.153661884804,295.7486448941643
2303.9463500983584,16444.40161922574,32.499703084075676,-121.4776128830325,460.80111525095595,192.34541477051422,-79.41918229713733,46.44815289870491,0.6518648740522636,2872.0541392823566,1.2444294711386812,-0.08867027889965687,-0.5200507879458701,0.15525977135647467,0.03639734390550244,0.0,7655.17197971196,294.7879707013609
2304.44635009836,16350.182679885998,32.499811992159394,-121.47747766443308,459.56436775649075,191.03280997852755,-79.68420912372406,46.46349142311416,0.6474164136695211,2875.174023825103,1.2446280551608788,-0.05322853807434345,-0.40695741559447696,0.15757169395293902,0.03592176780731931,0.0,7655.190059429629,293.82027423463114
2304.946350098362,16256.529058290645,32.49991746979645,-121.47734663382212,458.3474871092706,189.72385388557504,-79.94395551592636,46.47919839532676,0.642980318846619,2877.8822325295823,1.2446497103296654,0.015562961547191964,-0.3734053605591776,0.15990393002550896,0.035447865589075915,0.0,7655.207901758951,292.8463780358233
2305.446350098364,16163.44337001536,32.50001960837485,-121.47721968051351,457.1508560335961,188.41921049446594,-80.19836764484475,46.495295391980285,0.6385588399107,2880.1952243599585,1.244503480665762,0.07145919581230462,-0.43396420172485733,0.16225629770609196,0.03497607147540505,0.0,7655.225507646699,291.8670653139827
2305.9463500983657,16070.92767404858,32.50011849691076,-121.4770966967209,455.97396310939763,187.1195152403589,-80.44781402090395,46.51177332732341,0.6341541303722084,2882.129597924648,1.2441956522499522,0.07763705682507446,-0.5403651977923197,0.16462861846495497,0.03450679513707302,0.0,7655.2428782501565,290.88310057693246
2306.4463500983675,15978.983404911123,32.500214218784485,-121.47697758173224,454.81586997806323,185.82538229025937,-80.69286495620494,46.52860356522711,0.6297682716631249,2883.702309054337,1.2437341951746719,0.03109556431677536,-0.6145754694906379,0.1670207197922928,0.034040426110617326,0.0,7655.260014926538,289.89523797084206
2306.9463500983693,15887.611400736496,32.50030685157314,-121.47686224214381,453.6759360294577,184.53739265324054,-80.93393625316479,46.545764356471956,0.6254032328421184,2884.9302549042554,1.2431292532941893,-0.03590227506123983,-0.6014681629281934,0.16943243551267517,0.03357732735685055,0.0,7655.276919221477,288.90420670748716
2307.446350098371,15796.812018310651,32.500396470015055,-121.47675058808349,452.5543206753164,183.25608967672645,-81.17103784608665,46.56326546170215,0.6210608553313018,2885.8300346349256,1.242388712614431,-0.0780494876705964,-0.5054813974745113,0.171863603722339,0.03311783290654391,0.0,7655.293592854747,287.91070440202753
2307.946350098373,15706.585263568908,32.5004831500441,-121.47664252804294,451.4519257505692,181.98198502752493,-81.40379760434622,46.58115326994313,0.6167428731861487,2886.4180295066103,1.2415186429097977,-0.06763933674788317,-0.38671225205221066,0.17431406406827582,0.03266225127430334,0.0,7655.310037706671,286.91540261361445
2308.4463500983748,15616.930865523405,32.50056697113756,-121.47653796584878,450.3698132952071,180.71555428470612,-81.63174387089,46.59949066174166,0.6124508981596141,2886.710185037097,1.2405272613048175,-0.012872197183703034,-0.3195239099917323,0.17678365631740253,0.032210863388033424,0.0,7655.32625580516,285.91894053223444
2308.9463500983766,15527.848267668858,32.500648015401076,-121.47643680181352,449.30850105335145,179.45723001689746,-81.85465422946484,46.6183232644479,0.6081863962408621,2886.721743951809,1.239423431633892,0.04835866606761988,-0.34211189356969607,0.17927222109227176,0.031763919530127936,0.0,7655.342249310866,284.9219160229107
2309.4463500983784,15439.336560542695,32.5007263640543,-121.47633893724152,448.26762345437226,178.2074126191176,-82.072732919207,46.637654865140895,0.6039507243816493,2886.467572293899,1.238213277819851,0.07463216061405437,-0.43131872654340964,0.18177960232082266,0.031321645964010394,0.0,7655.358020503153,283.9248980388571
2309.94635009838,15351.39441367425,32.500802093731856,-121.47624427919887,447.2461812865745,176.9664837042723,-82.28649664064973,46.65745071632949,0.5997451758805397,2885.9625841093343,1.2369025802776425,0.04907708928076812,-0.5194417735628821,0.18430564987979253,0.0308842526634306,0.0,7655.37357177031,282.92844235803017
2310.446350098382,15264.020067819394,32.50087527509063,-121.47615274233195,446.24319805477234,175.73480112772668,-82.49644817271243,46.677669346045306,0.5955709635210187,2885.2215537506468,1.23549947787757,-0.009716311163399582,-0.5409966847333865,0.18685022065175036,0.03045193105397924,0.0,7655.3889056012285,281.9330852081172
2310.946350098384,15177.21140448004,32.500945974601464,-121.47606424657592,445.25833681963127,174.51269100670717,-82.70276220453147,46.69830295291122,0.591429192524986,2884.258787423181,1.2340114922106866,-0.06106527077080435,-0.4771478538344837,0.1894131773242164,0.030024850145745234,0.0,7655.404024574924,280.9393327084248
2311.4463500983857,15090.966050485149,32.50101425822973,-121.47597871240053,444.29206213140816,173.30045197410075,-82.90519840883564,46.71939819234281,0.5873208749690203,2883.088175818197,1.2324436615097873,-0.07030939330014936,-0.3675700095994836,0.1919943859836917,0.02960315905735146,0.0,7655.418931349778,279.9476647476038
2311.9463500983875,15005.281455741264,32.50108019445224,-121.47589605688692,443.34523751056815,172.09835646079688,-83.10329970106233,46.741040270453055,0.583246934130277,2881.7231654601715,1.2308017395432023,-0.032244263086604816,-0.2822092851469507,0.19459371429000188,0.029186988024657717,0.0,7655.4336286541175,278.95853551143125
2312.4463500983893,14920.154910095967,32.50114385456389,-121.47581619330406,442.41844082360404,170.90664360101255,-83.29673735867942,46.763307860533494,0.5792081804424044,2880.176477421295,1.2290930139416638,0.02601422496035994,-0.27295085261218255,0.19721103135587498,0.028776445308360047,0.0,7655.448119275968,277.9723641629091
2312.946350098391,14835.583505457267,32.501205310127325,-121.47573903440505,441.51147799601335,169.72552277128088,-83.48556464270594,46.78622839394241,0.5752053234892915,2878.4602027948945,1.2273230517008278,0.06427370203352115,-0.3386121028165089,0.19984620931089225,0.02837161971780268,0.0,7655.462406052339,276.98953865929536
2313.446350098393,14751.564080050215,32.501264629377324,-121.47566449711228,440.6234261903266,168.55518692810617,-83.67020540889963,46.809766380035676,0.5712390172068146,2876.586245708544,1.2254959016981568,0.057004594373054385,-0.4269561229734814,0.20249912553631144,0.027972587967617018,0.0,7655.476491861382,276.01043178295583
2313.9463500983948,14668.093194112182,32.50132187505897,-121.47559250536123,439.75316224970953,167.39581403550528,-83.8511882908077,46.833856866156225,0.5673098647208218,2874.56636046896,1.2236172219921573,0.010417708534671982,-0.47159687239855835,0.2051696640376438,0.027579415779521433,0.0,7655.490379616985,275.0354026507539
2314.4463500983966,14585.16716472432,32.50137710513416,-121.4755229892063,438.90000686848566,166.24755914971254,-84.02881237587032,46.85846444822079,0.5634183915219404,2872.4118412159182,1.2216932671415588,-0.04257502446917938,-0.4377675377401081,0.20785771496132596,0.027192154239795423,0.0,7655.504072262347,274.064786386117
2314.9463500983984,14502.782140923664,32.50143037579593,-121.47545588088815,438.064045856924,165.11055528965318,-84.2029756536441,46.88362759359635,0.5595650484156396,2870.133489201789,1.2197281870022578,-0.06555971231284802,-0.34536333827950944,0.210563172703767,0.026810840527731368,0.0,7655.517572762591,273.0988942819462
2315.4463500984,14420.934172237292,32.501481744667174,-121.47539111062679,437.2459120439551,163.98491740100067,-84.3732825746361,46.90945446510772,0.5557502249565497,2867.741692861244,1.217725662121603,-0.04364694652968853,-0.25394696603543526,0.2132859340586667,0.026435500145358053,0.0,7655.530884098507,272.1380178797579
2315.946350098402,14339.619236433879,32.501531271991155,-121.47532860502926,436.44618525341826,162.87073779223238,-84.53935285076287,46.936067981056176,0.5519742339811065,2865.2462316655265,1.2156909124704227,0.0068914522890976765,-0.22088939786749048,0.21602589757792157,0.0260661450600771,0.0,7655.544009260366,271.1824227228448
2316.446350098404,14258.83322254382,32.50157901906106,-121.4752682891345,435.66483558786723,161.76808490423113,-84.70111545518974,46.96353466976651,0.5482373074376905,2862.6562127681705,1.2136285708043888,0.05061524942235117,-0.2620509104691177,0.21878296440152042,0.02570277362149094,0.0,7655.556951240884,270.2323464145367
2316.9463500984057,14178.571890347637,32.501625045055825,-121.47521009058913,434.9010959200206,160.67701334741986,-84.85888482428915,46.99182780464476,0.5445396304028033,2859.9804181442587,1.211541463364389,0.05775632148472169,-0.34198205775246426,0.22155703995404114,0.025345375871836266,0.0,7655.569713029626,269.28801093314786
2317.4463500984075,14098.830841910094,32.50166940450885,-121.4751539430213,434.1538383901046,159.59756924535668,-85.0131697850984,47.020855762337284,0.5408813591906853,2857.2274909708603,1.2094330568353107,0.02450140642715047,-0.3996570534360314,0.22434803532787448,0.02499393640673172,0.0,7655.582297609849,268.34962920867514
2317.9463500984093,14019.605533532798,32.50171214713196,-121.47509978630923,433.42218316413505,158.52978453373655,-85.16435151365135,47.050541829848314,0.5372626020324466,2854.405712932043,1.2073079616015505,-0.025114799963542447,-0.39112528178107403,0.2271558673062671,0.02464843188826029,0.0,7655.5947079552425,267.4173976434207
2318.446350098411,13940.891324746422,32.50175332004821,-121.47504756363564,432.7059191706628,157.4736750116,-85.31245550733193,47.080902458762,0.5336834124715499,2851.5228940378897,1.205169489161933,-0.056520014496249965,-0.3192688682064444,0.229980457023941,0.02430883033855621,0.0,7655.606947025599,266.4914930639575
2318.946350098413,13862.683532608673,32.50179297083251,-121.47499721743003,432.00545168173926,156.4292444651755,-85.45717389772443,47.112066514168724,0.5301438033396472,2848.5864792222756,1.2030198443408238,-0.048681208034714825,-0.2305037837760857,0.23282172830862136,0.0239750932560361,0.0,7655.619017763031,265.57207733700386
2319.4463500984148,13784.977461190894,32.501831149254436,-121.47494868701156,431.32132088097796,155.39648303179644,-85.59811837548983,47.14421486117886,0.5266437412118399,2845.60346052147,1.2008623038170345,-0.008179452847226364,-0.1815870466854022,0.23567960679840563,0.023647175067876735,0.0,7655.630923088722,264.6592948649582
2319.9463500984166,13707.768397484906,32.501867906578575,-121.4749019094963,430.6536358646182,154.37536391585996,-85.73512442024746,47.177475664459365,0.5231831352769573,2842.5802418550124,1.1987003768351594,0.03613436713863645,-0.20023389154456298,0.23855402023888486,0.023325021926989088,0.0,7655.6426658989685,263.75326810848077
2320.4463500984184,13631.051584530622,32.501903292998854,-121.47485682323634,430.0018208092077,153.36584931847594,-85.86839502790869,47.211847686777986,0.51976185743333,2839.5228513593493,1.1965360513624355,0.05366750494619858,-0.2668784777995949,0.24144489965580915,0.023008574751943605,0.0,7655.654249061647,262.85410499195433
2320.94635009842,13554.82219534833,32.50193735504814,-121.47481337133301,429.3648390945109,152.3678971298357,-85.9983872462501,47.24721161374418,0.5163797649694453,2836.4371891055116,1.1943711748022305,0.03320655519353693,-0.32956147314816236,0.2443521805715555,0.022697772480044547,0.0,7655.665675414553,261.96190743124777
2321.446350098422,13479.075331736356,32.50197013477701,-121.47477150278792,428.74172604459085,151.38145808136846,-86.12552508007349,47.283430849545006,0.5130366909125121,2833.3289148274357,1.1922087513705049,-0.00995053230199421,-0.34071800649628825,0.24727580333000096,0.022392550906960677,0.0,7655.676947764273,261.07676755443765
2321.946350098424,13403.806053061038,32.50200167121489,-121.4747311705546,428.132057004277,150.40647232229725,-86.24994126614119,47.32047723648532,0.5097324324262987,2830.2032973371965,1.1900512862282615,-0.04535559218301198,-0.28983569478834953,0.25021571224921385,0.022092841270660822,0.0,7655.688068884136,260.1987629547992
2322.4463500984257,13329.009415889159,32.50203200303927,-121.47469232791074,427.5360309365092,149.44287231691249,-86.37142646045451,47.35849195537657,0.5064667606300861,2827.0652943647488,1.1879000424666046,-0.048869667326650434,-0.2095611450100911,0.25317185426563776,0.021798571645268997,0.0,7655.69904151223,259.3279600370751
2322.9463500984275,13254.68050038442,32.50206117058551,-121.47465492568799,426.9541197225217,148.49058338767173,-86.48961684307264,47.397729469003266,0.503239422439251,2823.919552471774,1.1857567688553057,-0.019104617920744086,-0.15183749807276453,0.2561441780011845,0.021509667280456685,0.0,7655.709868350019,258.4644144328236
2323.4463500984293,13180.81441307813,32.50208921585129,-121.47461891222898,426.38653725899525,147.54952031748383,-86.60428496675092,47.438412229990945,0.5000501290502968,2820.7702676062067,1.1836238559603602,0.02234588485093606,-0.15146450835248482,0.2591326337174454,0.021226049268006385,0.0,7655.720552060583,257.6081663920373
2323.946350098431,13107.406270475127,32.50211618058227,-121.47458423600088,425.8329034878062,146.61958977379624,-86.71552977128465,47.480593333764986,0.4968985641561634,2817.621273947694,1.181502699553544,0.04653904447479853,-0.20263604334909469,0.2621371740501328,0.02094763579078347,0.0,7655.731095266706,256.7592438385227
2324.446350098433,13034.451178071089,32.50214210384531,-121.47455084896185,425.2923301969316,145.7006965024591,-86.82373603172937,47.52413030821532,0.4937844049374354,2814.476283393288,1.1793941023477188,0.037385370221188576,-0.26425511965743137,0.26515775498038113,0.020674344932359638,0.0,7655.741500550145,255.91767047225176
2324.946350098435,12961.944222899154,32.502167020793436,-121.47451870831684,424.7638550627229,144.7927429681178,-86.92933646241312,47.56880240201601,0.49070732084361995,2811.3388720138446,1.1772997353424492,0.0023255384231365295,-0.2894444238222808,0.2681943362959994,0.020406094578672578,0.0,7655.75177045173,255.08346529095508
2325.4463500984366,12889.88048814796,32.502190963439894,-121.47448777548517,424.2469149481585,143.89562573362412,-87.0325460520434,47.61450059647359,0.48766696132285325,2808.212329113002,1.1752213517422174,-0.033583557141319074,-0.2580905949893782,0.2712468811343904,0.020142800918535854,0.0,7655.76190747084,254.25663767149274
2325.9463500984384,12818.255080040544,32.502213962842816,-121.47445801306343,423.74153211991694,143.00923673878756,-87.13325368846006,47.66135815597667,0.4846629601556312,2805.099688882054,1.1731596559140738,-0.04554775239295631,-0.18983912667972935,0.2743153549555683,0.019884379029500618,0.0,7655.771914064609,253.43718881913605
2326.4463500984402,12747.063164823689,32.50223605290029,-121.474429379447,423.24889846243474,142.133463671509,-87.23068705433137,47.71012750443138,0.4816949367125924,2802.003723492252,1.1711154856069501,-0.04121509717775517,-0.1475227269461368,0.2773997239965185,0.019630743049815266,0.0,7655.78179264753,252.6251119906785
2326.946350098442,12676.299945896491,32.5022572676976,-121.47440183255289,422.76782806654234,141.26818969411178,-87.3254096395951,47.760441058966585,0.47876249502704615,2798.9269375608933,1.1690899662688088,-0.03729296211473452,-0.11489081536194772,0.28049995625357343,0.019381806170789714,0.0,7655.791545590846,251.8203921646707
2327.446350098444,12605.960638272576,32.50227763829674,-121.47437533438159,422.29803692627524,140.41329603276776,-87.41748187625407,47.81234871771213,0.4758652325706212,2795.87167747287,1.1670839291689918,-0.0337440675510928,-0.08947705704594705,0.28361602264855373,0.019137481802202757,0.0,7655.801175222457,251.02300955609857
2327.9463500984457,12536.040490342304,32.50229719482015,-121.47434984807099,421.8392609820765,139.56866136504865,-87.50695464812634,47.86591075066709,0.4730027381776574,2792.8400948609856,1.1650981208874471,-0.03053289495721837,-0.06968480215221215,0.2867478961386357,0.01889768331898743,0.0,7655.81068382696,250.23293865199264
2328.4463500984475,12466.534786522388,32.502315966471905,-121.47432533787142,421.3912395854867,138.73416216494843,-87.59387865584469,47.921189780235395,0.47017459321449795,2789.83415634675,1.1631332079566423,-0.027627305838484793,-0.0542705785294143,0.28989555163131514,0.018662324232589456,0.0,7655.820073645669,249.45014862029365
2328.9463500984493,12397.43884968292,32.5023339815585,-121.47430176912057,420.9537156623018,137.90967302752045,-87.67830438470229,47.9782508655473,0.46738037267969507,2786.855653009542,1.1611897813289511,-0.02499822008239443,-0.04226596909156648,0.29305896590038405,0.018431318347123603,0.0,7655.829346876722,248.67460370114696
2329.446350098451,12328.748043335043,32.50235126750978,-121.47427910821865,420.5264358579773,137.09506697384074,-87.76028207296791,48.03716158864867,0.46461964623754054,2783.9062095867853,1.1592683606992025,-0.02261932491503852,-0.0329167698531356,0.296238117504338,0.018204579901265568,0.0,7655.838505675253,247.90626358100494
2329.946350098453,12260.457773610018,32.50236785089954,-121.4742573226037,420.109150666246,136.29021573699947,-87.83986168073477,48.097992142445094,0.4618919791873002,2780.987293388246,1.1573693986755813,-0.02046681155401189,-0.025635606159104853,0.2994329867064838,0.01798202369670911,0.0,7655.847552153659,247.1450837496995
2330.446350098455,12192.563491052017,32.502383757466056,-121.47423638072704,419.70161454189855,135.49499002985732,-87.91709285936885,48.16081542027936,0.4591969333706489,2778.1002229142746,1.1554932847952017,-0.01851913692211628,-0.01996503016781072,0.302643555396308,0.01776356521401363,0.0,7655.856488381898,246.39101584076644
2330.9463500984566,12125.060692210682,32.50239901213231,-121.47421625202884,419.30358599864405,134.70925979529306,-87.99202492161554,48.225707106984345,0.45653406801976765,2775.246176184893,1.1536403493880274,-0.016756808037002913,-0.015548781141655303,0.3058698070133371,0.017549120716681597,0.0,7655.8653163878635,245.64400795549454
2331.4463500984584,12057.944921052083,32.502413639026244,-121.47419690691436,418.9148276929408,133.93289443967302,-88.06470681241152,48.292745771212466,0.4539029405485794,2772.426198774095,1.1518108672877758,-0.015162186918853338,-0.012109402938989223,0.30911172647320706,0.017338607344226962,0.0,7655.874038157795,244.90400497104818
2331.9463500984602,11991.211770209484,32.5024276615005,-121.47417831672972,418.5351064946537,133.16576305025862,-88.13518708045196,48.36201295885616,0.45130310728955014,2769.6412115434823,1.1500050613884798,-0.013719314063549143,-0.00943081249924841,0.31236930009546315,0.017131943194955916,0.0,7655.8826556367385,244.17094883300985
2332.446350098462,11924.856882077642,32.50244110215213,-121.47416045373868,418.16419354537067,132.4077345972837,-88.20351385054494,48.43359328727281,0.44873412417853564,2766.892018079179,1.148223106049578,-0.012413748714590549,-0.007344724165517275,0.3156425155334097,0.016929047399181222,0.0,7655.891170729041,243.44477883282394
2332.946350098464,11858.875949760899,32.502453982842006,-121.4741432910991,417.8018643051688,131.65867812139322,-88.26973479680179,48.50757454005266,0.4461955473900172,2764.1793118329606,1.1464651303512001,-0.011232424335151713,-0.005720076936301361,0.3189313617060018,0.016729840183536647,0.0,7655.899585298891,242.72543187056547
2333.4463500984657,11793.264717862941,32.50246632471389,-121.47412680284012,417.4478985885974,130.91846290714702,-88.33389711666763,48.584047761978624,0.44368693392511155,2761.5036829801033,1.1447312212061698,-0.010163517833788358,-0.004454800400921851,0.32223582873287054,0.016534242927063195,0.0,7655.907901170878,242.01284270360796
2333.9463500984675,11728.01898317784,32.50247814821336,-121.47411096383951,417.10208059060545,130.18695864325812,-88.39604750584566,48.663107353799695,0.44120784215462383,2758.8656249752034,1.143021426322285,-0.009196331234964767,-0.003469402043547609,0.325555907869965,0.016342178209602834,0.0,7655.916120130569,241.30694418140197
2334.4463500984693,11663.134595236741,32.50248947310637,-121.47409574980122,416.7641989031151,129.4640355702373,-88.45623213410691,48.74485116640677,0.43875783231941956,2756.265540834409,1.1413357570280303,-0.008321184610118888,-0.0027019730305495853,0.3288915914484948,0.016153569853150015,0.0,7655.9242439251375,240.60766746710857
2334.946350098471,11598.60745674558,32.502500318497574,-121.47408113723351,416.4340465229057,128.74956461607886,-88.51449662202157,48.829380593884395,0.4363364669902686,2753.70374913691,1.139674190960078,-0.007529319197683806,-0.0021042987137783785,0.3322428728158242,0.01596834295666339,0.0,7655.932274263989,239.91494224641883
2335.446350098473,11534.433523925021,32.50251070284826,-121.47406710342726,416.11142085144616,128.04341752062228,-88.57088601860639,48.91680066493277,0.43394331148931026,2751.1804897503343,1.1380366746158321,-0.006812809742458045,-0.0016388294874685187,0.3356097462781117,0.015786423924849333,0.0,7655.940212819396,239.22869692403052
2335.946350098475,11470.608806743287,32.502520643994146,-121.4740536264346,415.79612368727663,127.34546694919044,-88.62544477990484,49.00722013200738,0.4315779342751773,2748.695929293202,1.1364231257777366,-0.006164485176987768,-0.0012763216892215372,0.3389922070455307,0.015607740491418883,0.0,7655.94806122717,238.54885880832813
2336.4463500984766,11407.129369065166,32.50253015916267,-121.47404068504804,415.48796121151713,126.65558659609225,-88.67821674850659,49.10075155750355,0.4292399072937698,2746.2501663340954,1.1348334358104586,-0.00557785685111343,-0.0009940003318427053,0.3423902511792107,0.015432221737251428,0.0,7655.955821087325,237.87535428466057
2336.9463500984784,11343.99132870417,32.50253926499013,-121.47402825877992,415.18674396704614,125.97365127855981,-88.72924513399569,49.19751139622047,0.42692880629661095,2743.84323634311,1.133267471838593,-0.005047053591378073,-0.0007741282374555892,0.34580387554090947,0.015259798103917033,0.0,7655.963493964752,237.20810897778065
2337.4463500984803,11281.190857415088,32.50254797753852,-121.47401632784214,414.8922868318656,125.2995370216586,-88.7785724943409,49.29762007323056,0.42464421112861056,2741.47511638917,1.1317250788033917,-0.004566762940350028,-0.0006028916780290657,0.349233077743737,0.015090401402916509,0.0,7655.97108138991,236.54704790375155
2337.946350098482,11218.72418079339,32.502556312311796,-121.47400487312642,414.6044089871402,124.63312113470252,-88.82624071822165,49.40120205623345,0.42238570598703834,2739.1457296079298,1.1302060814098598,-0.00413217798776335,-0.0004695325113464227,0.35267785610601315,0.014923964821063777,0.0,7655.978584859499,235.89209561196594
2338.446350098484,11156.587578123435,32.50256428427219,-121.4739938761847,414.32293388037414,123.9742822796719,-88.872291008279,49.5083859213231,0.4201528796533944,2736.8549494319154,1.128710285961826,-0.0037389492613442354,-0.00036567228781792877,0.356138209606274,0.01476042292231431,0.0,7655.98600583717,235.24317631754417
2338.9463500984857,11094.77738215588,32.50257190785593,-121.47398331921022,414.0476891841612,123.32290053212566,-88.91676386531269,49.6193044110252,0.4179453256998428,2734.602603601643,1.1272374820937516,-0.0033831411958306044,-0.00028478586433675486,0.3596141378407363,0.014599711646399026,0.0,7655.9933457541865,234.60021402467203
2339.4463500984875,11033.289978836663,32.50257919698874,-121.4739731850188,413.7785067509175,122.67885743506413,-88.9596990733945,49.73409448334339,0.4157626426717543,2732.388477957657,1.125787444400221,-0.0030611927445121758,-0.00022179145433742675,0.36310564098222636,0.014441768304545374,0.0,7656.000606010133,233.96313264121287
2339.9463500984893,10972.121414483525,32.50258616514552,-121.47396345696825,413.516164200034,122.04508088765269,-89.00113540551882,49.85289734133452,0.4133247752790562,2726.504167729829,1.1227641374129447,-0.0027698817390780857,-0.00017273135846006295,0.36609652150930877,0.014277538747654339,0.0,7656.007786172967,233.29512904592292
2340.446350098491,10911.264690232463,32.502592825661495,-121.47395411852399,413.26248011803955,121.42793604085168,-89.04110878119447,49.97585829960816,0.41086161465694815,2719.932951776836,1.1194545026804994,-0.00250629264107343,-0.00013452331734146525,0.3689359430221532,0.01411646744952821,0.0,7656.01488442078,232.63435032149334
2340.946350098493,10850.711688967422,32.50259919150302,-121.4739451535766,413.01705870310485,120.82667499500513,-89.07965388057312,50.10312657096208,0.40845878889191173,2713.8089410919392,1.1163464962492085,-0.002267787362210464,-0.00010476686497395114,0.3717779393065305,0.01396127201158857,0.0,7656.02190361952,231.99230588321996
2341.446350098495,10790.45477465447,32.50260527509991,-121.47393654667864,412.77944971805726,120.24034149287414,-89.116805280599,50.23485521008117,0.40611281514524855,2708.0986648596245,1.113425116565776,-0.002051978861494339,-8.15925165494477e-5,0.3746226888672336,0.01381154774149748,0.0,7656.028846604465,231.367802459259
2341.9463500984966,10730.486766700633,32.50261108836857,-121.47392828301658,412.5492343936194,119.66805023519055,-89.15259736361769,50.371201063054905,0.4038204684406291,2702.771218765066,1.110676528355722,-0.0018567072549145064,-6.35443158342779e-5,0.3774703563102447,0.013666923967531736,0.0,7656.035716017172,230.75973364453128
2342.4463500984984,10670.80090620555,32.502616642734765,-121.47392034838242,412.3260228807753,119.10898137987701,-89.18706422837379,50.5123246961762,0.4015787614332517,2697.7980620471276,1.1080879682691032,-0.001680018198599593,-4.948836297259411e-5,0.38032109333145125,0.01352706091435141,0.0,7656.042514321726,230.16707350545772
2342.9463500985003,10611.390824836679,32.502621949155255,-121.47391272914727,412.1094519336523,118.56237548387905,-89.22023961074538,50.65839030186405,0.3993849258330855,2693.1528319060894,1.1056476588295334,-0.0015201433290870532,-3.854157586800392e-5,0.3831750396365502,0.013391646893071046,0.0,7656.04924381945,229.5888706623466
2343.446350098502,10552.250516084954,32.50262701813802,-121.47390541223629,411.8991827996323,118.0275288490012,-89.2521568135484,50.809565579455835,0.39723639533567257,2688.8111735753146,1.1033447298529797,-0.0013754825649472755,-3.001620949174906e-5,0.3860323237985284,0.013260395770234272,0.0,7656.055906662305,229.0242428114287
2343.946350098504,10493.374308745377,32.50263185976158,-121.47389838510502,411.69489929605055,117.50378923698277,-89.28284864481274,50.96602158845446,0.3951307899290687,2684.750584537287,1.1011691465914988,-0.0012445880926308301,-2.337664747643408e-5,0.38889306405542917,0.013133044684727167,0.0,7656.062504865104,228.47237165177947
2344.4463500985057,10434.75684245769,32.50263648369307,-121.4738916357169,411.49630605514807,116.99055192247252,-89.31234736398315,51.127932571667586,0.3930659014584051,2680.950271544073,1.0991116439464543,-0.0011261498762638433,-1.8205751375358914e-5,0.3917573690519571,0.013009351985561335,0.0,7656.06904031661,227.93249818561145
2344.9463500985075,10376.393045093864,32.50264089920553,-121.4738851525222,411.30312692096834,116.48725605556602,-89.34068463557497,51.29547574561122,0.3910396803406648,2677.39101927117,1.0971636661784367,-0.0010189825463686538,-1.4178653439314426e-5,0.39462533853127013,0.012889095366835027,0.0,7656.075514789669,227.40391836341325
2345.4463500985094,10318.278111882508,32.50264511519421,-121.47387892443783,411.11510348365346,115.99338130825024,-89.36789148990066,51.46883105539058,0.389050223333026,2674.0550695326897,1.0953173115934265,-0.000922013536287668,-1.104234641061166e-5,0.3974970639786704,0.012772070178980344,0.0,7656.0819299504565,226.88597904757822
2345.946350098511,10260.40748614911,32.50264914019211,-121.47387294082807,410.9319937381559,115.50844478147995,-89.39399829052529,51.64818089117563,0.3870957622670635,2670.926010107132,1.0935652817444859,-0.0008342723475757484,-8.599788038675977e-6,0.40037262921975225,0.0126580878979117,0.0,7656.088287366916,226.37807427048128
2346.446350098513,10202.776841502637,32.502652982384795,-121.47386719148662,410.7535708557501,115.0319981517442,-89.41903470820057,51.83370976331685,0.38517465366889103,2667.988672342382,1.0919008347457664,-0.0007548808369255821,-6.697521664334187e-6,0.4032521109782611,0.01254697473589623,0.0,7656.094588516467,225.87964176518713
2346.946350098515,10145.382065393962,32.50265664962444,-121.47386166661907,410.579622057934,114.56362503786387,-89.44302970109081,52.025603933095745,0.3832853691930042,2665.2290367667197,1.0903177423270727,-0.0006830444274143077,-5.216035121155371e-6,0.4061355793945415,0.012438570379765732,0.0,7656.100834793054,225.39015974845424
2347.4463500985166,10088.219243925996,32.50266014944322,-121.47385635682656,410.40994758337706,114.10293857047259,-89.4660115011845,52.22405099603046,0.38142648680377983,2662.63414602815,1.0888102503027979,-0.000618044156110606,-4.062252240259238e-6,0.4090230985079352,0.012332726843767915,0.0,7656.107027513589,224.9091439375362
2347.9463500985185,10031.284647819586,32.50266348906615,-121.47385125308978,410.24435973951705,113.64957914815106,-89.4880076068529,52.42923941468869,0.3795966826444672,2660.1920245463093,1.0873730421601082,-0.0005592294784520335,-3.163685228376294e-6,0.4119147267055355,0.012229307425760944,0.0,7656.113167923861,224.43614478368713
2348.4463500985203,9974.57471943926,32.50266667542334,-121.47384634675406,410.0826820312425,113.20321236556504,-89.50904478154133,52.64135799793569,0.37779472353871274,2657.891604323866,1.0860012055018389,-0.0005060117573763862,-2.4638805352982293e-6,0.41481051713992906,0.012128185756706693,0.0,7656.119257203919,223.97074490665057
2348.946350098522,9918.086060817353,32.50266971516166,-121.473841629515,409.9247483598442,112.76352710018449,-89.52914905876005,52.86059532369672,0.3760194600744848,2655.722656407765,1.0846902011017023,-0.00045785837204413504,-1.918872091879119e-6,0.41771051811700616,0.012029244934483293,0.0,7656.125296473043,223.51255671551448
2349.446350098524,9861.815422587097,32.50267261465594,-121.47383709340463,409.77040228607433,112.33023374528199,-89.54834575337573,53.08713910231677,0.3742698202243339,2653.675727549093,1.08343583435704,-0.0004142873871900442,-1.4944190890110944e-6,0.42061477345650655,0.011932376734020712,0.0,7656.131286794247,223.0612202025451
2349.9463500985257,9805.75969373528,32.502675380019674,-121.47383273077816,409.6194963517526,111.90306257792774,-89.56665947951846,53.321175477944166,0.37254480345976276,2651.742081654284,1.0822342289456466,-0.0003748627297530534,-1.163854757725788e-6,0.4235233228281676,0.011837480886610408,0.0,7656.13722917846,222.6164008976506
2350.4463500985275,9749.915892167948,32.50267801711535,-121.47382853430138,409.47189145487283,111.4817622515976,-89.58411417516831,53.56288826538432,0.37084347532131895,2649.9136456314795,1.0810818025007385,-0.00033918982451051476,-9.064109974513968e-7,0.4264362020622177,0.011744464421918585,0.0,7656.143124588327,222.17778797175626
2350.9463500985294,9694.281155953184,32.50268053156422,-121.47382449693868,409.32745627364665,111.06609840386459,-89.6007331336733,53.812458120418185,0.3691649624085282,2648.182959314024,1.0799752441524872,-0.0003069116450367434,-7.059135951862522e-7,0.4293534434397814,0.011653241066993525,0.0,7656.148973941703,221.74509247870972
2351.446350098531,9638.852735263295,32.502682928755796,-121.47382061194114,409.1860667353359,110.65585237038721,-89.61653904232561,54.070061641839864,0.3675084477574323,2646.543129121824,1.0789114937783302,-0.00027770514046254936,-5.497660611686262e-7,0.4322750759606886,0.011563730697018972,0.0,7656.154778114863,221.31804572556024
2351.946350098533,9583.627984900028,32.50268521385693,-121.47381687283556,409.047605526106,110.2508199971045,-89.6315540280409,54.335870403949116,0.36587316657536567,2644.9877851949404,1.0778877228361523,-0.0002512780022735582,-4.2815823929998133e-7,0.43520112559352064,0.011475858833186138,0.0,7656.160537945455,220.8963977622671
2352.446350098535,9528.60435739439,32.50268739182047,-121.47381327341373,408.91196163847553,109.85081054317939,-89.64579971014807,54.61004991890493,0.3642584023055473,2643.5110417238197,1.076901316652297,-0.000227365738788351,-3.3344997232237615e-7,0.43813161550720536,0.011389556183437836,0.0,7656.166254235203,220.4799159821918
2352.9463500985366,9473.779396639206,32.50268946739371,-121.47380980772203,408.77902995324416,109.45564566781371,-89.65929726002204,54.8927585289758,0.3626634829960609,2642.1074602345957,1.0759498580517752,-0.00020572902803681867,-2.5969109977559237e-7,0.44106656628530255,0.011304758222274293,0.0,7656.171927752395,220.06838382546997
2353.4463500985385,9419.150731984526,32.502691445126324,-121.4738064700516,408.6487108530541,109.06515849457686,-89.67206746713903,55.18414622952806,0.36108777794959307,2640.7720156169166,1.0750311122312493,-0.00018615132254544677,-2.0224763202996116e-7,0.44400599612570935,0.011221404806191174,0.0,7656.177559234162,219.6615995780068
2353.9463500985403,9364.716072783805,32.50269332937819,-121.47380325492881,408.5209098649959,108.67919274738753,-89.6841308108691,55.484353424521814,0.3595306946324544,2639.500064682435,1.0741430127769682,-0.00016843668205741657,-1.5751061433015287e-7,0.44694992102555425,0.01113943982161049,0.0,7656.1831493885875,219.25937525919056
2354.446350098542,9310.473203361966,32.502695124326806,-121.47380015710608,408.3955373298917,108.29760195272624,-89.6955075369253,55.79350961735899,0.35799167582295593,2638.287317064186,1.0732836487399355,-0.00015240781249665735,-1.2266938988431188e-7,0.44989835495198405,0.011058810862467653,0.0,7656.188698896636,218.86153559195563
2354.946350098544,9256.41997834947,32.50269683397439,-121.47379717155306,408.272508096095,107.92024870306928,-89.70621773703421,56.1117320410241,0.35647019698060817,2637.129808291228,1.072451252691401,-0.00013790429154914293,-9.553501698017736e-8,0.4528513100010842,0.01097946893489958,0.0,7656.194208413939,218.46791704937073
2355.4463500985457,9202.554318373092,32.50269846215482,-121.47379429344826,408.1517412358323,107.54700397691137,-89.71628143009734,56.439124232742124,0.3549657638192544,2636.0238748721326,1.0716441896823772,-0.00012478096310245324,-7.440274609672624e-8,0.4558087965447479,0.010901368186682784,0.0,7656.1996785724195,218.078366972195
2355.9463500985476,9148.874206059612,32.50270001254026,-121.47379151817076,408.0331597822773,107.17774651109356,-89.72571864251985,56.775774559876446,0.35347791006836343,2634.9661312448147,1.0708609470414179,-0.00011290648447461285,-5.794491697094202e-8,0.4587708233672254,0.01082446565930668,0.0,7656.205109981814,217.69274275234952
2356.4463500985494,9095.377682358958,32.50270148864744,-121.4737888412924,407.9166904857094,106.81236222147231,-89.73454948521513,57.12175470513846,0.35200619540815,2633.9534484459045,1.0701001249438906,-0.00010216201189238435,-4.512754674947543e-8,0.4617373977903907,0.010748721060725231,0.0,7656.2105032310565,217.31091107744703
2356.946350098551,9042.062843118794,32.50270289384391,-121.47378625857027,407.8022635872359,106.45074366826303,-89.74279422436825,57.477118120895966,0.35055020356491035,2632.9829343874503,1.0693604277006483,-9.244001106284083e-5,-3.514536877578658e-8,0.4647085257909099,0.010674096557052622,0.0,7656.215858889547,216.93274723210797
2357.5463500985525,8978.325231307186,32.50270449093425,-121.4737832780161,407.65183076750225,105.96211338976595,-89.75194371919245,57.915986234206315,0.34862741253715757,2628.9152537353366,1.1591642826351303,-8.198693505487952e-5,-2.6036331937470713e-8,0.46827972944119156,0.010568156155022749,0.0,7656.222235942883,216.39246785423268
2357.946350098552,8936.206550202332,32.50270549860368,-121.47378137024624,407.17307582013626,104.18663450043849,-89.75765402062098,58.216134949448254,0.3425825167280004,2554.425025805358,1.839384460674603,-7.568348007284548e-5,-2.1316749516477732e-8,0.4706511640853107,0.010071178755047348,0.0,7656.226389735276,213.80231853544896
2358.5463500985516,8876.135492913425,32.50270686975627,-121.47377873595427,404.7169158031929,94.38491655434181,-89.7661567012232,58.678322399252814,0.31009068100025067,2111.5371425976323,3.507508253774729,-6.712522537615034e-5,-1.5791840738991402e-8,0.47404932058060034,0.007514745212165419,0.0,7656.231774432202,198.71053814931474
2358.946350098551,8840.596941191703,32.50270764022149,-121.47377723278444,402.11160901020514,82.78435913003062,-89.77232733917151,58.9957090430002,0.27184261415796224,1631.3084124344525,4.305242243051285,-6.196439290895019e-5,-1.2929268003098373e-8,0.476068546948331,0.005081294021406661,0.0,7656.234295007738,180.19217015875708
2359.5463500985506,8796.938470754772,32.5027085318111,-121.47377546590666,398.4526430334877,63.229350887061486,-89.78334981530357,59.490745930596546,0.20750178642407888,956.6259937559406,3.7286943361419764,-5.4957486565181845e-5,-9.578239919685653e-9,0.47855816059664874,0.0022699601908480515,0.0,7656.2364069146215,147.31497440197873
2359.9463500985503,8773.507316154428,32.502708975175516,-121.47377457208316,397.1234335392951,54.54265391682258,-89.79185967575424,59.83829218770992,0.17893557177480812,713.8251844333723,2.7823161189066044,-5.073215429416232e-5,-7.842001003329561e-9,0.4798984311266794,0.0014590768611541585,0.0,7656.237133369408,131.90518791884577
2360.5463500985497,8743.412396362051,32.50270949543609,-121.4737735043651,396.0552230578241,46.50478579207668,-89.80491214089095,60.395145962448694,0.15250178391069777,520.8030372439537,2.0299629613791113,-4.499538456127505e-5,-5.8094988086182594e-9,0.4816240965882027,0.0009060282853048358,0.0,7656.237819165629,117.09214812070265
2360.9463500985494,8725.539080959745,32.50270977367355,-121.47377292193762,395.64301229310377,43.049329346057945,-89.81303024775457,60.795338575878,0.1411350785066934,447.2354198217028,1.743214367679709,-4.153597507375784e-5,-4.756416196298563e-9,0.48265121819159945,0.0007194665068787073,0.0,7656.238141292559,110.53376919825801
2361.546350098549,8700.847940175794,32.50271011666545,-121.4737721885807,395.24975355455194,39.51812666538345,-89.82342998021713,61.44778824986954,0.12951344550858931,377.9840509401657,1.4732894559544416,-3.683910524939651e-5,-3.5236407409227452e-9,0.48407290322070307,0.0005573642906724166,0.0,7656.238519339858,103.69960917520399
2361.9463500985485,8685.382132027298,32.502710306464174,-121.47377177300675,395.0770436012726,37.88734503543115,-89.82891336154476,61.92237586713754,0.12414199881830834,348.07175573913594,1.356698639454485,-3.4006780301982045e-5,-2.8849135600474655e-9,0.48496504113749755,0.0004916232839281994,0.0,7656.238728338614,100.4963862594309
2362.546350098548,8663.208319961093,32.50271054561522,-121.47377123561985,394.8975456549018,36.1417524724948,-89.83489422832336,62.70138624869948,0.11838567157874695,317.5738644912665,1.2378253126763525,-3.0161308516609698e-5,-2.1371971111641634e-9,0.4862463286054681,0.0004273173207310904,0.0,7656.2390024307415,97.03534596124247
2362.9463500985476,8648.925980402157,32.50271068007558,-121.47377092451916,394.8131063296878,35.30579102278554,-89.83750710228969,63.26946452420036,0.11562432526276119,303.56796919493405,1.183233755678209,-2.7842396969221955e-5,-1.749789317306269e-9,0.48707299160530704,0.0003986847010673204,0.0,7656.239167340728,95.3673526621674
2363.546350098547,8628.0351701295,32.502710851311015,-121.47377051540458,394.7208461932196,34.38709741819322,-89.83972507893513,64.20030891424939,0.11258280722471749,288.69125032707575,1.1252479412167296,-2.4693990944555185e-5,-1.2962761608813482e-9,0.48828409613333573,0.0003688226246679828,0.0,7656.239396955913,93.52909303309579
2363.9463500985466,8614.373982589692,32.50271094834531,-121.47377027502664,394.67553148465635,33.93691542692146,-89.84030963744756,64.87570756668265,0.11108773193506521,281.638657900166,1.0977586595026834,-2.279542673866594e-5,-1.0613013496698191e-9,0.4890773264467327,0.0003548138555266698,0.0,7656.239541557455,92.6280405504444
2364.546350098546,8594.171966534108,32.50271107257294,-121.4737699547935,394.62424880916495,33.43242224370605,-89.84023477944694,65.97305318138082,0.10940550114271963,273.98400270522,1.067922684255499,-2.0217729891724127e-5,-7.862315911301157e-10,0.4902521594956258,0.0003396315247621413,0.0,7656.23974959918,91.62085349465303
2364.9463500985457,8580.851324155927,32.50271114324136,-121.4737697643025,394.59820502222345,33.18026178583575,-89.83974389316103,66.76051532651806,0.10856015223273771,270.2936697834476,1.0535386683979893,-1.8663316982812463e-5,-6.437120993200298e-10,0.49102799581677914,0.0003322670374003652,0.0,7656.239883918626,91.12009192613768
2365.546350098545,8561.034316386096,32.502711233942385,-121.47376950755621,394.5678101542787,32.891946936332076,-89.8386077368561,68.02224693914673,0.1075871102249752,266.24202569877576,1.0377463499274608,-1.6552877292799147e-5,-4.768737816413299e-10,0.49218394472634497,0.0003240613014151268,0.0,7656.240080672629,90.55222527734732
2365.946350098545,8547.908043892123,32.50271128562874,-121.47376935304408,394.55187351785145,32.74448384332392,-89.83769742658771,68.91334141940246,0.10708518199234723,264.2712061834486,1.0300645771005421,-1.528023163567767e-5,-3.9043130110021325e-10,0.49295076468884563,0.00031997122705543484,0.0,7656.240209448532,90.2651412546918
2366.5463500985443,8528.315757652745,32.50271135203352,-121.47376914239895,394.53267088567577,32.571484934294745,-89.83624136216153,70.3152164097559,0.10649035689546606,262.0941706450901,1.0215790246124834,-1.3552349751325107e-5,-2.892387003809267e-10,0.49409702658535404,0.0003152924006457158,0.0,7656.240399952887,89.93333739526265
2366.946350098544,8515.305957727134,32.502711389895296,-121.47376901415163,394.52225094510976,32.48025853343588,-89.83526511659309,71.28580773003252,0.10617286718670438,261.03016616396053,1.0174317951745282,-1.2510395609472185e-5,-2.3680866188444835e-10,0.4948593047250284,0.00031289167645399485,0.0,7656.240525573647,89.76165201953778
2367.5463500985434,8495.852389842272,32.50271143854425,-121.47376883728882,394.5092484489616,32.36949809794736,-89.83385337350333,72.78010221197646,0.1057821700374915,259.8509646369807,1.0128355558045767,-1.1095725566825798e-5,-1.7543221921344747e-10,0.49600082397285056,0.0003100586153021683,0.0,7656.240712419126,89.5577729192169
2367.946350098543,8482.917041503824,32.50271146627694,-121.47376872834562,394.5019265482632,32.308740011980284,-89.83296868089595,73.79151894461444,0.10556462079626243,259.2731359960865,1.0105833209765187,-1.0242645663830594e-5,-1.436317789723247e-10,0.4967609777014824,0.00030855210164034845,0.0,7656.240836132692,89.44878825309917
2368.5463500985425,8463.555623182096,32.50271150189388,-121.47376857636736,394.4924476846695,32.23179352889095,-89.83174622257069,75.31232966349349,0.1052848643680421,258.6315211121121,1.0080824629614997,-9.084411789348473e-6,-1.0640506784749953e-10,0.4979004341748677,0.0003067039556117086,0.0,7656.241020688218,89.31454265413889
2368.946350098542,8450.671903009526,32.50271152218291,-121.47376848166978,394.4869074041307,32.187628458027284,-89.83100578854285,76.31724942472867,0.10512177709919197,258.3165917225717,1.0068549451659046,-8.38596903485244e-6,-8.711711711297647e-11,0.49865977680438184,0.0003056777412689993,0.0,7656.241143159925,89.23973835893263
2369.5463500985416,8431.37728105206,32.502711548215146,-121.47376834808183,394.479477800368,32.12913434021855,-89.83000766480681,77.7922624185466,0.10490262227690222,257.96638231082534,1.0054899144657505,-7.437687338374057e-6,-6.453796522892703e-11,0.4997986284265726,0.00030436121625321413,0.0,7656.241326160064,89.14349600860812
2369.946350098541,8418.53273634892,32.50271156302661,-121.47376826392568,394.4749859606916,32.094043038888,-89.82941485042572,78.74387035418478,0.10476936228767685,257.79421298994765,1.0048188405290142,-6.865850773481085e-6,-5.283922644680465e-11,0.5005578750411044,0.0003035953732982851,0.0,7656.241447748859,89.08736662349622
2370.5463500985406,8399.291049555875,32.502711582003734,-121.47376814396169,394.4687766086937,32.04566195599536,-89.82862755273825,80.10859543176946,0.10458349329870884,257.6024147475456,1.0040712578532407,-6.089463382568351e-6,-3.914427235608472e-11,0.5016969158693138,0.0003025681183611805,0.0,7656.241629591597,89.011911103222
2370.9463500985403,8386.478856425732,32.50271159278274,-121.4737680676238,394.4649170810381,32.0155573711594,-89.82816565945863,80.96947869036603,0.10446667612778633,257.50790707913166,1.003702890058264,-5.621283199090692e-6,-3.2048625390988995e-11,0.5024564559052372,0.0003019445005361477,0.0,7656.241750492737,88.96601039009072
2371.5463500985397,8367.282488707453,32.502711606565995,-121.47376795777592,394.4594533105854,31.97275323427799,-89.82755812306274,82.17829098602506,0.10429924086886028,257.40231574631525,1.0032913208481569,-4.985630963044373e-6,-2.3742212089459348e-11,0.5035961181822662,0.00030107590597958507,0.0,7656.241931395381,88.90195980026226
2371.9463500985394,8354.498884689994,32.50271161437659,-121.47376788725042,394.4559856385922,31.9454112771109,-89.82720459275677,82.9256843254954,0.10419158577684777,257.3500780774338,1.003087711181095,-4.6023174471585885e-6,-1.9438482705381423e-11,0.5043561634526386,0.00030053068767511365,0.0,7656.242051715932,88.8616843035618
2372.546350098539,8335.343618113548,32.50271162433714,-121.4737677849335,394.45099067014195,31.90571520629232,-89.82674264731592,83.95606772258776,0.10403450352153626,257.291407205741,1.0028590264616688,-4.081889410948889e-6,-1.4400386083897847e-11,0.5054966819934763,0.0002997500851669944,0.0,7656.242231798218,88.80392537637078
2372.9463500985385,8322.586506957188,32.50271162996347,-121.47376771874184,394.4477732746258,31.879925328609847,-89.8264753748169,84.5823219912093,0.10393204896044292,257.262173538069,1.0027450807694291,-3.768058846038334e-6,-1.1790041079067705e-11,0.5062573473738206,0.00029924869396327986,0.0,7656.24235159754,88.76676653500174
2373.546350098538,8303.469973139465,32.502711637111844,-121.47376762204986,394.4430825329049,31.8419936573493,-89.82612779886362,85.43256520282615,0.10378092306053913,257.2290331126236,1.0026159074901513,-3.341968406149835e-6,-8.734279627523999e-12,0.5073988492531922,0.00029851777850467196,0.0,7656.242530926368,88.71251357168067
2373.9463500985376,8290.73816540651,32.502711641131796,-121.47376755910167,394.4400303325227,31.817097128871104,-89.82592755134921,85.94207900880461,0.10368151377791704,257.21231389661256,1.0025507400721092,-3.085025670268262e-6,-7.15102463257697e-12,0.5081601967291862,0.0002980414660843215,0.0,7656.242650237964,88.67710514567976
2374.546350098537,8271.65900241863,32.50271164621272,-121.47376746662924,394.4355438516288,31.780198813373925,-89.82566808554273,86.62527327965692,0.10353395247098128,257.19305982784954,1.0024756924175262,-2.736172322000106e-6,-5.297610783997222e-12,0.5093027502559635,0.00029733945946954974,0.0,7656.2428288515775,88.62484146537618
2374.9463500985366,8258.951802046038,32.50271164905211,-121.47376740612069,394.4326045713413,31.75583729903064,-89.82551910139912,87.0300520284794,0.10343641606966489,257.183146432039,1.0024370524233677,-2.5258054014258657e-6,-4.337317652481516e-12,0.5100648129762427,0.00029687805384257123,0.0,7656.2429476949255,88.59043986092773
2375.546350098536,8239.909195457585,32.502711652614224,-121.47376731683173,394.4282602253492,31.719574706146897,-89.82532663521255,87.5674651319943,0.10329111823148229,257.1714439696094,1.0023914390847537,-2.240188435624545e-6,-3.2131648190292088e-12,0.5112084544332894,0.0002961936806063515,0.0,7656.243125616027,88.53934025347296
2375.9463500985357,8227.226174744777,32.50271165458674,-121.47376725817027,394.4254009854597,31.69555329986823,-89.82521643773615,87.88302031590598,0.10319481679489773,257.16523201784474,1.002367226414899,-2.0679545675603165e-6,-2.6307173286506344e-12,0.5119712498390655,0.0002957416604388096,0.0,7656.243244002993,88.50554100804679
2376.546350098535,8208.2196079297,32.502711657034055,-121.4737671713011,394.42115923675834,31.659710115504023,-89.82507445818892,88.2987308433387,0.1030510741622736,257.1576378343522,1.0023376261435692,-1.8341111730263865e-6,-1.9488838601421167e-12,0.5131159980741875,0.000295068797890907,0.0,7656.243421245847,88.45515671282534
2376.946350098535,8195.560485159978,32.50271165837062,-121.47376711405002,394.41835885757763,31.63592274860012,-89.82499338402809,88.54111110843427,0.10295566018234971,257.1534407367453,1.002321266882816,-1.6930980078985675e-6,-1.5956114395502472e-12,0.5138795350612433,0.0002946231631759737,0.0,7656.243539184166,88.42173990173056
2377.5463500985343,8176.58960355632,32.50271166000055,-121.47376702903794,394.4141939404413,31.600381174632368,-89.82488920130425,88.8584883468455,0.10281308647305609,257.1480850129934,1.0023003915805038,-1.5016432285449163e-6,-1.1820583487746418e-12,0.5150253994425411,0.00029395848141117604,0.0,7656.243715758447,88.37182689989832
2377.946350098534,8163.954176517203,32.50271166087105,-121.47376697287555,394.4114384572326,31.576770021907787,-89.82482987361671,89.04251766092743,0.10271837008337611,257.14498738523275,1.0022883177845143,-1.3861914131566084e-6,-9.677876974070458e-13,0.5157896822631786,0.000293517598213784,0.0,7656.243833253608,88.33867291006662
2378.5463500985334,8145.018713906407,32.50271166190234,-121.47376688930605,394.407333195175,31.541465733016597,-89.82475385232627,89.28234438084083,0.10257675371038426,257.14085580500733,1.0022722138945026,-1.2294414967845353e-6,-7.169549548252409e-13,0.5169366670121159,0.00029285927989518946,0.0,7656.244009166497,88.2890984181406
2378.946350098533,8132.406823793426,32.502711662431764,-121.47376683399528,394.4046131965941,31.51799914132072,-89.82471069572624,89.42080304231803,0.10248263053197185,257.1383613416023,1.0022624910857658,-1.1349175446104668e-6,-5.869931764317467e-13,0.5177016973998576,0.0002924222538269989,0.0,7656.244126222757,88.25614210510095
2379.5463500985325,8113.506562306546,32.50271166302525,-121.47376675156299,394.4005558966358,31.482896806630283,-89.82465558099186,89.60056036814164,0.10234185459860258,257.1349042321748,1.002249016118092,-1.0065815669681128e-6,-4.3485535868962545e-13,0.5188498039485961,0.0002917693001266701,0.0,7656.244301480073,88.20683370735446
2379.946350098532,8100.918074149638,32.50271166330543,-121.4737666969293,394.39786491271553,31.459557306774197,-89.82462441141435,89.70397702847237,0.10224826656724273,257.13274411198006,1.0022405964974794,-9.291919000793375e-7,-3.5602951980129524e-13,0.5196155822735132,0.0002913356368210835,0.0,7656.244418101017,88.1740394704689
2380.5463500985315,8082.052822597325,32.50271166357931,-121.47376661540935,394.39384746393023,31.424637301561,-89.82458477373531,89.83782561242626,0.10210826545551087,257.1296638799641,1.0022285905058514,-8.241192879937013e-7,-2.6375322704503257e-13,0.5207648105456151,0.0002906874914645574,0.0,7656.244592707816,88.12495747743387
2380.946350098531,8069.487614667043,32.502711663677715,-121.47376656132411,394.391180967709,31.40141510417039,-89.82456246747572,89.91460654658022,0.1020151795781758,257.1276926256951,1.0022209070384611,-7.607579874618909e-7,-2.1594291732738683e-13,0.5215313364412232,0.0002902569127552899,0.0,7656.244708896656,88.09230572357676
2381.5463500985306,8050.657196798362,32.50271166371876,-121.47376648055072,394.3871976500566,31.366666304272524,-89.82453426158192,90.01371926549466,0.10187591541933924,257.12482828089446,1.0022097425224386,-6.747318082616554e-7,-1.599744912568055e-13,0.5226816855472691,0.0002896132585790229,0.0,7656.244882857576,88.04342816875281
2381.9463500985303,8038.115154860541,32.502711663684934,-121.4737664269192,394.3845524246519,31.343555774958382,-89.82451849550904,90.07042914417222,0.10178331226666658,257.12296721693656,1.0022024885499514,-6.22855962732403e-7,-1.3097605942869064e-13,0.5234489582513027,0.000289185603081891,0.0,7656.244998617311,88.01090796939027
2382.5463500985297,8019.319403014146,32.502711663556845,-121.47376634677026,394.3805991450576,31.308971653999617,-89.82449871756016,90.14345727749678,0.10164476220259304,257.12023170987777,1.0021918262119605,-5.524236839406709e-7,-9.702947766589508e-14,0.5246004268657894,0.0002885462520612416,0.0,7656.245171936738,87.96222247515371
2382.9463500985294,8006.8004172332585,32.502711663427114,-121.47376629352256,394.3779728729604,31.285969405314027,-89.82448776907057,90.18514147231737,0.10155262968244338,257.1184382976031,1.0021848359292014,-5.099513336765884e-7,-7.944103171237587e-14,0.5253684454041636,0.0002881214214629247,0.0,7656.245287270236,87.92982758769448
2383.546350098529,7988.039168902673,32.502711663176605,-121.47376621390794,394.3740466640702,31.2515459232628,-89.82447419433002,90.23869305832106,0.10141477897687773,257.1157845553384,1.0021744922903952,-4.52286260766054e-7,-5.885137975530782e-14,0.5265210319696647,0.00028748625533164807,0.0,7656.245459952415,87.88132696050369
2383.9463500985285,7975.543132157065,32.502711662977596,-121.47376616099251,394.37143765467255,31.228649783035124,-89.82446678897799,90.2691843678539,0.10132310896917608,257.1140357825017,1.0021676760012561,-4.1751284129595206e-7,-4.8183443196064696e-14,0.5272897952566493,0.0002870641854044027,0.0,7656.245574862467,87.8490536750708
2384.546350098528,7956.816228134558,32.5027116626389,-121.47376608184562,394.36753633890885,31.194384245200677,-89.82445777311406,90.30825649056672,0.10118594728669546,257.1114383208041,1.0021575517303463,-3.703006725173439e-7,-3.5695182355092034e-14,0.5284434980941239,0.0002864331236269403,0.0,7656.245746911536,87.800733522946
2384.9463500985275,7944.343035114929,32.502711662390155,-121.4737660292243,394.36494334407087,31.171592699357475,-89.8244529697734,90.3304416443701,0.10109473382673548,257.1097217138565,1.0021508608159821,-3.418306044818991e-7,-2.922474882544497e-14,0.5292130049858574,0.0002860137686035201,0.0,7656.245861400878,87.76857949838907
2385.546350098527,7925.650318485685,32.502711661988336,-121.47376595049592,394.3610653041929,31.13748314050076,-89.82444729943448,90.35878519550927,0.10095825322499864,257.10716669410374,1.0021409019734009,-3.031765498128276e-7,-2.165023230824692e-14,0.5303678223542646,0.00028538675111925967,0.0,7656.2460328209145,87.72043694373068
2385.9463500985266,7913.1998651968315,32.50271166170416,-121.4737658981404,394.35848739120433,31.114795032481737,-89.82444440414122,90.37482448228468,0.1008674915237346,257.10547546134933,1.0021343099614406,-2.798672294671609e-7,-1.7725714213385716e-14,0.5311380716782126,0.0002849700752791699,0.0,7656.246146892244,87.68840057915101
2386.546350098526,7894.541180790402,32.50271166125759,-121.47376581979395,394.3546314110732,31.080839884731603,-89.82444118523617,90.39523929939246,0.10073168537128516,257.10295532019256,1.0021244870671027,-2.4821996603882716e-7,-1.3131535632404252e-14,0.5322940018067964,0.0002843470532149819,0.0,7656.2463176872625,87.6404335641202
2386.9463500985257,7882.113364290446,32.50271166094843,-121.47376576768329,394.3520678738629,31.058254253502938,-89.82443968694712,90.4067415760788,0.10064137128753813,257.10128572981705,1.002117979411846,-2.2913590855429696e-7,-1.0751194005166625e-14,0.5330649923769722,0.00028393302635800827,0.0,7656.246431343243,87.6085136598992
2387.546350098525,7863.488558382727,32.50271166047053,-121.47376568969148,394.34823302646174,31.02445216748224,-89.82443826138048,90.4213087720757,0.10050623368104247,257.098796281993,1.0021082761526179,-2.0322532062045922e-7,-7.964682577536062e-15,0.5342220334825163,0.0002833139570340561,0.0,7656.2466015172195,87.56072057198911
2387.946350098525,7851.083276625723,32.502711660144044,-121.47376563780995,394.3456833228026,31.001968160326093,-89.8244377841431,90.42946780647331,0.10041636343738139,257.0971462488745,1.0021018447267698,-1.876006157954402e-7,-6.520931746120753e-15,0.5349937641085241,0.00028290255204745324,0.0,7656.246714760487,87.52891614718995
2388.5463500985243,7832.4921967778355,32.50271165964464,-121.4737655601524,394.3418688906557,30.968317908889794,-89.82443766806212,90.43972925026097,0.10028188888804945,257.09468512602695,1.0020922518713777,-1.6638682053009434e-7,-4.830826366138561e-15,0.5361519144043815,0.0002822873962935265,0.0,7656.246884317355,87.48129561760788
2388.946350098524,7820.109348544851,32.50271165930638,-121.4737655084882,394.3393325973413,30.945934734488254,-89.82443793558244,90.44542828599869,0.10019245891796798,257.0930534501666,1.0020858919976356,-1.5359439412565336e-7,-3.955146825285703e-15,0.5369243838950971,0.0002818785878447261,0.0,7656.246997150516,87.44960581167948
2389.5463500985234,7801.551843504421,32.50271165879265,-121.47376543114956,394.3355380154961,30.912435160951595,-89.82443877352712,90.45252343526086,0.10005864218286138,257.0906192608479,1.002076404122557,-1.3622600747579653e-7,-2.930045629891122e-15,0.5380836415964699,0.0002812673085587192,0.0,7656.247166094169,87.40215660689717
2389.946350098523,7789.191328337416,32.50271165844672,-121.47376537969373,394.333014796117,30.89015206415843,-89.82443958294311,90.45641449662789,0.09996964904853034,257.08900521851706,1.0020701129800034,-1.2575245452579134e-7,-2.398918899722202e-15,0.5388568487636117,0.00028086107239342663,0.0,7656.247278519812,87.37058062685203
2390.5463500985225,7770.667247989215,32.502711657923875,-121.47376530266224,394.329239611038,30.856802054456594,-89.82444111403252,90.46118372820943,0.09983648503979532,257.0865970963672,1.0020607267083783,-1.1153242218147485e-7,-1.777163313801003e-15,0.5400172120898442,0.0002802536337664669,0.0,7656.247446854109,87.32330159029769
2390.946350098522,7758.328966180794,32.50271165757326,-121.473765251408,394.32672919269254,30.834618302730618,-89.82444231649947,90.46374728129955,0.09974792538782298,257.0850002196377,1.0020545024731435,-1.0295740224948754e-7,-1.4550185218544136e-15,0.5407911557481048,0.00027984994633078146,0.0,7656.24755887479,87.29183868229458
2391.5463500985215,7739.838161505759,32.50271165704511,-121.47376517467461,394.32297303249027,30.80141677044154,-89.82444434941193,90.46680938215091,0.09961540912376568,257.08261758113036,1.0020452155305293,-9.131502440807336e-8,-1.0779045253426729e-15,0.5419526229244909,0.0002792463134303177,0.0,7656.247726603554,87.24472870304395
2391.946350098521,7727.522014069371,32.502711656691964,-121.47376512361664,394.32047518888635,30.77933164653837,-89.82444583582613,90.46839895116517,0.09952727966127949,257.0810375401638,1.002039056916984,-8.429439185052817e-8,-8.825137436636825e-16,0.5427273018929074,0.0002788451516672414,0.0,7656.247838221814,87.21337813714207
2392.5463500985206,7709.064337125048,32.50271165616129,-121.47376504717435,394.31673774168416,30.746277524806434,-89.8244482303631,90.47020893081189,0.09939540623990387,257.0786799544742,1.0020298676241304,-7.476241903075982e-8,-6.53782438975281e-16,0.54388987115119,0.0002782452902115531,0.0,7656.2480053488325,87.1664361330849
2392.9463500985203,7696.770225788467,32.50271165580718,-121.47376499630845,394.3142522808441,30.724290322832676,-89.82444992079633,90.4710843144445,0.0993077037215927,257.07711649410805,1.0020237736377136,-6.901441122448052e-8,-5.352718855858085e-16,0.5446652842530757,0.0002778466314504769,0.0,7656.248116567184,87.13519719503829
2393.5463500985197,7678.345529691316,32.502711655275995,-121.47376492015164,394.3105332790197,30.69138255999057,-89.82445257429688,90.47197636922198,0.09917646830615941,257.07478361345414,1.0020146806390517,-6.121029190500599e-8,-3.9653927362127364e-16,0.5458289538318455,0.0002772505076857515,0.0,7656.2482830962135,87.0884221038205
2393.9463500985194,7666.073356881738,32.502711654922074,-121.47376486947444,394.3080600343153,30.669492583252794,-89.82445441026269,90.47232828586935,0.09908918952713644,257.0732365194341,1.0020086504446521,-5.650422112431269e-8,-3.2465895693492496e-16,0.5466050998952532,0.0002768543295818307,0.0,7656.248393917149,87.05729409065886
2394.546350098519,7647.681495794095,32.50271165439185,-121.47376479359862,394.30435924300315,30.636730140425463,-89.82445724763042,90.47254763260122,0.09895858733816792,257.0709280417689,1.0019996525628767,-5.0114748608582626e-8,-2.4051333616507945e-16,0.5477698680400719,0.0002762619102140714,0.0,7656.2485598519115,87.01068486479079
2394.9463500985185,7635.431164627895,32.502711654038954,-121.47376474310741,394.3018980666108,30.614936700247146,-89.82445918634225,90.47251595741984,0.09887172912998475,257.069397122721,1.0019936854145655,-4.626174371727034e-8,-1.9691570051865994e-16,0.5485467458979804,0.0002758681907143185,0.0,7656.2486702779,86.97966708243256
2395.546350098518,7617.071993744932,32.50271165351073,-121.47376466750876,394.2982152753026,30.58231855001555,-89.82446215268453,90.47224236543974,0.09874175544071401,257.0671127718137,1.0019847815729956,-4.1030486049618674e-8,-1.4587877852549013e-16,0.5497126108615088,0.0002752794428705714,0.0,7656.248835622079,86.93322268662827
2395.9463500985175,7604.843408030458,32.50271165315945,-121.47376461720124,394.2957660334198,30.560620965065976,-89.82446416288983,90.471929599105,0.098655314669056,257.0655978492323,1.0019788767750017,-3.7875912439425466e-8,-1.1943546383821723e-16,0.5504902193511855,0.0002748881601939014,0.0,7656.248945655568,86.90231444855533
2396.546350098517,7586.5167835671455,32.502711652634005,-121.47376454187659,394.29210104982445,30.52814609070239,-89.82446721810243,90.47129475189851,0.09852596480273283,257.06333736413677,1.001970065956534,-3.3592920890750246e-8,-8.847999185160682e-17,0.551657179393327,0.0002743030513992851,0.0,7656.249110412823,86.85603385827596
2396.9463500985166,7574.309847787023,32.50271165228478,-121.4737644917508,394.2896636191715,30.506543686602665,-89.82446927698996,90.47077594888091,0.09843993836598798,257.06183826753147,1.001964222844327,-3.101017445184342e-8,-7.244130348508371e-17,0.5524355173569964,0.0002739141840245489,0.0,7656.249220056237,86.82523448481744
2397.546350098516,7556.015626972541,32.50271165176266,-121.47376441669736,394.28601626472266,30.47421108160179,-89.82447239183439,90.46987623531348,0.09831120769415805,257.0596013966856,1.0019555040684334,-2.750355754030099e-8,-5.3665852135528136e-17,0.5536035707445772,0.0002733326821873517,0.0,7656.24938423019,86.77911668542735
2397.9463500985157,7543.8302462799475,32.50271165141578,-121.47376436675157,394.2835905299829,30.452703190678,-89.82447448276784,90.46920631405656,0.09822559252248385,257.0581179607247,1.001949721997591,-2.5388983594037194e-8,-4.3937891493655477e-17,0.5543826370292098,0.00027294620884521997,0.0,7656.249493485937,86.7484255033353
2398.546350098515,7525.5682873418555,32.502711650897375,-121.47376429196693,394.2799606365517,30.420511858455846,-89.82447763591568,90.4681122392834,0.09809747646380092,257.05590445910013,1.0019410943092109,-2.251800847662918e-8,-3.254999944238882e-17,0.5555517820363168,0.0002723682822468073,0.0,7656.249657080177,86.70246948962354
2398.946350098515,7513.404367555864,32.502711650553096,-121.47376424219956,394.2775464884977,30.39909781957074,-89.82447974678148,90.46733135731355,0.09801226951844653,257.0544365220631,1.001935372649386,-2.0786741749528304e-8,-2.6649690384239932e-17,0.55633157549348,0.00027198418191385254,0.0,7656.249765950638,86.67188583181434
2399.5463500985143,7495.174529720098,32.50271165003868,-121.4737641676815,394.27393389598467,30.36704677324993,-89.82448292272235,90.46609445996532,0.09788476353778894,257.05224614925135,1.0019268351114659,-1.843618611921556e-8,-1.9742581577272584e-17,0.5575018104007953,0.00027140979920073474,0.0,7656.2499289687275,86.62609060767694
2399.946350098514,7483.031977313571,32.502711649697126,-121.47376411809114,394.2715312301056,30.34572593167803,-89.82448504472183,90.46523196246946,0.09779996181055023,257.05079355240764,1.0019211732439657,-1.701874480170457e-8,-1.616386161084681e-17,0.5582823298869926,0.0002710280510948468,0.0,7656.250037456267,86.59561381307266
2400.5463500985134,7464.834120781161,32.502711649186914,-121.47376404383759,394.26793578467743,30.313814193917484,-89.82448823219225,90.46388989278576,0.09767306141825333,257.0486260721075,1.001912724935461,-1.5094272611857396e-8,-1.1974486451992948e-17,0.5594536529826298,0.00027045718127236923,0.0,7656.250199901731,86.5499783913159
2400.946350098513,7452.712842882611,32.5027116488482,-121.47376399442291,394.2655445001731,30.292585901240795,-89.82449035890129,90.4629672109097,0.09758866193101516,257.04718865900196,1.0019071222504614,-1.3933769809408387e-8,-9.803882086717116e-18,0.5602348973587412,0.0002700777648485408,0.0,7656.25030800869,86.51960780471012
2401.5463500985124,7434.546828830615,32.50271164834231,-121.47376392043194,394.26196605296906,30.260812504094034,-89.82449354974104,90.46154745752214,0.09746236268223135,257.0450438382384,1.0018987622632929,-1.2358145237186535e-8,-7.262896456967386e-18,0.5614073069375347,0.00026951037727501184,0.0,7656.250469885031,86.47413120688198
2401.946350098512,7422.446733213961,32.50271164800651,-121.47376387119171,394.2595860520118,30.239676118114772,-89.82449567655397,90.4605802334134,0.09737836248655087,257.0436214546075,1.0018932181595124,-1.1408005899596947e-8,-5.946357763033168e-18,0.5621892750690466,0.00026913327222180446,0.0,7656.2505776137305,86.4438661788558
2402.5463500985115,7404.3124237805605,32.50271164750504,-121.47376379746154,394.25602445819453,30.20804010290087,-89.82449886482804,90.45910285367532,0.09725265998063277,257.04149906360755,1.0018849455980805,-1.0117993601322875e-8,-4.405171374664685e-18,0.5633627694328668,0.0002685693366032567,0.0,7656.250738924409,86.39854743512201
2402.946350098511,7392.233418857679,32.502711647172205,-121.47376374839456,394.25365564538777,30.186994987557544,-89.82450098839715,90.45810249783963,0.09716905615733915,257.04009155724776,1.001879459482267,-9.340085302497508e-9,-3.606649930428227e-18,0.5641454601899218,0.0002681945228393387,0.0,7656.25084627715,86.36838732196199
2403.5463500985106,7374.1306771393865,32.50271164667522,-121.47376367492339,394.2501107634454,30.15549540474262,-89.82450416986036,90.45658211943577,0.09704394603727555,257.03799136911016,1.0018712734621669,-8.283912557392565e-9,-2.671872710170496e-18,0.5653200376472188,0.0002676340092244253,0.0,7656.251007025607,86.32322547098748
2403.9463500985103,7362.072671952657,32.50271164634539,-121.47376362602853,394.2477530454241,30.13454093003273,-89.82450628776793,90.45555695122299,0.0969607356960931,257.0365985898437,1.0018658447489641,-7.647015107260079e-9,-2.1875447524406503e-18,0.5661034499046772,0.0002672614668953138,0.0,7656.251114004672,86.29316963461636
2404.5463500985097,7344.001361985691,32.50271164585291,-121.47376355281467,394.24422473665624,30.103176839112592,-89.82450945936463,90.45400423634841,0.09683621364793073,257.03452038066837,1.001857744397487,-6.782293996465276e-9,-1.62057345156004e-18,0.5672791087710509,0.0002667043456705178,0.0,7656.251274194314,86.24816372346645
2404.9463500985094,7331.964266210794,32.502711645526105,-121.47376350409081,394.24187802179273,30.082312381017278,-89.82451156990086,90.4529603182142,0.09675339392712379,257.03314218002214,1.0018523725081834,-6.260846465184569e-9,-1.3268135627907892e-18,0.5680632414078882,0.0002663340551452413,0.0,7656.251380801964,86.21821153136416
2405.546350098509,7313.924252969213,32.502711645038154,-121.47376343113265,394.23836614993064,30.051082850409315,-89.8245147294411,90.4513830348879,0.09662945567944367,257.03108572868115,1.0018443569634272,-5.5528726958179875e-9,-9.82927929876433e-19,0.5692399800055881,0.0002657802970301123,0.0,7656.251540436168,86.17336061540298
2405.9463500985084,7301.907976897433,32.50271164471438,-121.4737633825787,394.23603034811737,30.03030779081988,-89.82451683138201,90.4503247825503,0.09654702374544219,257.02972196018646,1.0018390413271232,-5.125947563958561e-9,-8.047534700451112e-19,0.5700248319056291,0.00026541223889826215,0.0,7656.2516466746465,86.14351144055546
2406.546350098508,7283.899126284756,32.502711644230985,-121.4737633098746,394.23253477904194,29.999211897751408,-89.82451997732358,90.44872858801402,0.09642366506881894,257.0276870482009,1.0018311097375106,-4.546307664048604e-9,-5.961761957787914e-19,0.5712026485634766,0.0002648618149406949,0.0,7656.251805756762,86.09881458334283
2406.9463500985075,7271.903580823913,32.50271164391024,-121.4737632614895,394.2302098015285,29.97852562439636,-89.82452206980643,90.44765921699131,0.09634161811587226,257.0263375671373,1.0018258497901211,-4.1967709277914885e-9,-4.881078741669189e-19,0.5719882186149259,0.0002644959700092294,0.0,7656.251911628289,86.06906780416774
2407.546350098507,7253.925759659149,32.50271164343138,-121.4737631890379,394.22673040306006,29.947562454800313,-89.82452520106597,90.44604822935302,0.09621883482235233,257.0243239788209,1.0018180013149598,-3.7222019139306707e-9,-3.6159930510668627e-19,0.5731671116686105,0.00026394885158105807,0.0,7656.252070161638,86.0245240773766
2407.9463500985066,7241.950856327079,32.50271164311365,-121.47376314082058,394.2244161623327,29.926964361177657,-89.8245272834876,90.44497008000612,0.0961371700721917,257.0229886422536,1.0018127964993602,-3.4360254373640357e-9,-2.9605252501787084e-19,0.573953398764069,0.00026358520087138283,0.0,7656.252175668418,85.9948790776682
2408.546350098506,7224.003932343796,32.50271164263933,-121.4737630686199,394.2209528040732,29.896133009586226,-89.82453039932848,90.44334729679245,0.0960149580147846,257.0209961644167,1.0018050303076886,-3.0474811895442872e-9,-2.1932116441320327e-19,0.5751333665556025,0.0002630413596637589,0.0,7656.252333656289,85.95048756097991
2408.9463500985057,7212.049583260901,32.50271164232462,-121.47376302056941,394.2186492137631,29.87562249489256,-89.82453247128294,90.44226207221249,0.0959336727162762,257.0196748311917,1.0017998800736951,-2.8131797063380956e-9,-1.795650146374903e-19,0.5759203695921524,0.00026267988440876024,0.0,7656.2524388005095,85.92094372984698
2409.546350098505,7194.133425085805,32.50271164185482,-121.4737629486181,394.21520176697584,29.844922064335186,-89.82453557120947,90.44062967442972,0.09581202778843595,257.01770325349696,1.00179219534567,-2.4950665803132043e-9,-1.3302507079036396e-19,0.5771014104706691,0.0002621392924279868,0.0,7656.252596246165,85.876703510879
2409.946350098505,7182.199542973191,32.50271164154314,-121.47376290073336,394.2129087417889,29.824498533397136,-89.82453763242785,90.43953861388538,0.09573111921725008,257.0163957840969,1.0017870991494782,-2.3032367496742813e-9,-1.089117361178249e-19,0.5778891283495945,0.0002617799740690642,0.0,7656.252701029989,85.84726024267958
2410.5463500985043,7164.314020129852,32.50271164107785,-121.47376282903,394.2094770793071,29.79392813529714,-89.82454071610624,90.43789818870283,0.09561003735238727,257.0144448986333,1.001779495074713,-2.042787749290998e-9,-8.068382048821573e-20,0.5790712406705142,0.0002612426036320518,0.0,7656.252857936667,85.80317041687775
2410.946350098504,7152.400518298149,32.502711640769164,-121.47376278130997,394.2071945349703,29.77359099850373,-89.82454276642561,90.43680219416127,0.09552950281066057,257.0131511553094,1.0017744523794112,-1.885730766896337e-9,-6.605833707721693e-20,0.5798596722976421,0.0002608854238163382,0.0,7656.252962362243,85.77382711116618
2411.5463500985034,7134.545501197688,32.50271164030838,-121.47376270985298,394.20377853112484,29.74314975257929,-89.8245458336675,90.43515489690289,0.09540897998165401,257.0112207565996,1.0017669281570059,-1.6724931597334567e-9,-4.893723303356573e-20,0.5810428544226862,0.0002603512475464019,0.0,7656.25311873315,85.72988678172034
2411.946350098503,7122.652293543331,32.50271164000269,-121.47376266229676,394.20150638434393,29.72289842581737,-89.82454787298715,90.43405462507852,0.0953288167976725,257.00994060332135,1.0017619384323808,-1.5439057776940756e-9,-4.0066424913898985e-20,0.581831998708241,0.00025999618812397405,0.0,7656.253222802609,85.70064284319056
2412.5463500985024,7104.827653474174,32.50271163954637,-121.47376259108471,394.1981059149074,29.692585459985175,-89.82455092368723,90.43240129722895,0.09520884901639093,257.0080304883843,1.0017544932711646,-1.3693215902269108e-9,-2.9681945679943325e-20,0.5830162490055245,0.0002594651789467502,0.0,7656.253378640926,85.65685112095548
2412.946350098502,7092.954654478468,32.50271163924366,-121.47376254369124,394.1958440833327,29.67241936457418,-89.82455295196259,90.43129722653663,0.09512905454427624,257.0067637906832,1.001749555993091,-1.2640431456290615e-9,-2.4301526142031345e-20,0.5838061048637987,0.0002591122219678005,0.0,7656.253482356378,85.62770595937826
2413.5463500985015,7075.160263586789,32.502711638791794,-121.47376247272263,394.19245902547294,29.642233814849117,-89.82455598610072,90.42963848141987,0.09500963786107759,257.00487375927725,1.0017421891125708,-1.1211057017180144e-9,-1.800301824876003e-20,0.5849914217085473,0.00025858435310722425,0.0,7656.253637665257,85.58406196279543
2413.946350098501,7063.307388305664,32.502711638492045,-121.47376242549099,394.19020742767214,29.62215237747469,-89.82455800333085,90.42853096083128,0.09493020948045933,257.0036203843292,1.0017373037633328,-1.034911001109303e-9,-1.473962735884047e-20,0.5857819880581964,0.00025823348081936324,0.0,7656.253741028796,85.55501499296335
2414.5463500985006,7045.543119606562,32.50271163804462,-121.47376235476435,394.1868376599144,29.59209338787375,-89.82456102090559,90.42686724590027,0.0948113399837455,257.00175023834817,1.001730014391339,-9.178837194967207e-10,-1.0919387480861585e-20,0.5869683698314312,0.0002577087257933353,0.0,7656.253895811364,85.51151784795275
2414.9463500985003,7033.7102836649865,32.50271163774782,-121.47376230769362,394.1845962153487,29.57209604052504,-89.82456302710614,90.42575653048443,0.09473227509945266,257.00051005496863,1.001725180459611,-8.47313467044709e-10,-8.940039955009926e-21,0.587759645595463,0.00025735992063894065,0.0,7656.2539988250655,85.48256848962625
2415.5463500984997,7015.976011022925,32.50271163730483,-121.47376223720754,394.18124161754395,29.542162762974396,-89.82456602816177,90.42408817351692,0.09461394891519745,256.99865959877167,1.0017179678335837,-7.514996322167014e-10,-6.622946292097933e-21,0.5889470906847281,0.0002568382532555618,0.0,7656.2541530844255,85.43921732952069
2415.9463500984994,7004.163130614907,32.50271163701097,-121.47376219029665,394.17901024654896,29.522248942883152,-89.82456802338584,90.42297445022186,0.0945352449569646,256.9974324772673,1.001713184813853,-6.93721596026883e-10,-5.422410787694521e-21,0.5897390747901274,0.00025649149786911423,0.0,7656.2542557503475,85.41036500737026
2416.546350098499,6986.458728738129,32.502711636572364,-121.47376212004974,394.1756706998462,29.492440537126114,-89.8245710080082,90.42130169187045,0.0944174582482645,256.9956015175964,1.0017060481805198,-6.152758625368069e-10,-4.017021803182018e-21,0.5909275815893016,0.00025597289222276603,0.0,7656.254409489574,85.36715897283297
2416.9463500984984,6974.665720616467,32.50271163628141,-121.4737620732978,394.1734493236145,29.472609686703844,-89.82457299229846,90.4201850982901,0.09433911267041994,256.9943873298663,1.0017013155734802,-5.679712072470725e-10,-3.2888598818877733e-21,0.5917202729673359,0.0002556281694283019,0.0,7656.254511809759,85.33840311638826
2417.546350098498,6956.991065050475,32.50271163584718,-121.47376200328858,394.170124710436,29.44292532020764,-89.82457596057553,90.41850811589083,0.09422186163704244,256.9925756757487,1.0016942541884755,-5.037452725076645e-10,-2.4364479878830797e-21,0.5929098398765068,0.0002551125998957392,0.0,7656.254665031899,85.29534135532737
2417.9463500984975,6945.217846520245,32.502711635559145,-121.47376195669467,394.1679132510015,29.423176886984876,-89.82457793399959,90.41738875325724,0.09414387191820968,256.99137429530214,1.0016895715010972,-4.6501549628735494e-10,-1.9947952573489577e-21,0.5937032374627942,0.0002547698927043244,0.0,7656.254767008371,85.2666813989254
2418.546350098497,6927.572813638486,32.50271163512926,-121.4737618869218,394.1646034550212,29.393615734849682,-89.82458088602762,90.41570767839698,0.09402715279614725,256.9895817580569,1.0016825846289892,-4.124317481390565e-10,-1.4777810747646883e-21,0.5948938628883328,0.0002542573339408976,0.0,7656.254919716451,85.22376306641515
2418.9463500984966,6915.819302557036,32.50271163484413,-121.473761840485,394.1624018352452,29.37394917141558,-89.82458284865939,90.41458562289577,0.09394951643895705,256.9883930598331,1.0016779513738159,-3.8072248914777994e-10,-1.2099050314231902e-21,0.5956879656224755,0.000253916625548034,0.0,7656.255021351217,85.19519844914014
2419.546350098496,6898.203769556247,32.50271163441858,-121.47376177094708,394.1591067413681,29.34451041628684,-89.82458578454919,90.4129005538881,0.09383332549999993,256.9866194529774,1.0016710382877398,-3.376705572367432e-10,-8.96319936150213e-22,0.5968796479767977,0.0002534070524839563,0.0,7656.25517354823,85.15242270734186
2419.9463500984957,6886.469884324819,32.50271163413633,-121.47376172466639,394.15691488492644,29.32492518023222,-89.82458773646258,90.41177586219061,0.0937560400308043,256.9854433134572,1.001666453983324,-3.117092116287458e-10,-7.338448292726564e-22,0.5976744548025804,0.0002530683262672182,0.0,7656.25527484328,85.12395287298177
2420.546350098495,6868.883729211055,32.502711633715094,-121.47376165536205,394.15363437926993,29.29560801221149,-89.82459065633331,90.41008687360446,0.09364037358209894,256.98368845283903,1.0016596139655005,-2.764612708382695e-10,-5.43645768415493e-22,0.5988671925045436,0.000252561714103956,0.0,7656.255426532204,85.0813188910714
2420.946350098495,6857.169388771057,32.5027116334357,-121.47376160923663,394.1514522106405,29.276103566068468,-89.82459259759804,90.4089595892,0.09356343655068157,256.98252474994905,1.00165507813603,-2.5520591870395115e-10,-4.450995900205099e-22,0.5996627023698249,0.0002522249536204882,0.0,7656.255527489511,85.05294328806029
2421.5463500984943,6839.612490359694,32.50271163301877,-121.47376154016447,394.14818618051635,29.246907182627115,-89.82459550156892,90.40726673813157,0.09344829093431795,256.98078845350676,1.0016483104768272,-2.2634734546881093e-10,-3.2973797591236534e-22,0.6008564938441917,0.0002517212778270537,0.0,7656.255678673294,85.01045024214372
2421.946350098494,6827.917614190839,32.50271163274224,-121.47376149419343,394.14601362496774,29.22748299381253,-89.82459743227555,90.40613689461061,0.09337169991362038,256.9796370665231,1.0016438226517494,-2.0894493493217457e-10,-2.6996667024660323e-22,0.6016527057006715,0.0002513864668111603,0.0,7656.255779294817,84.98216832350906
2422.5463500984933,6810.389852097258,32.50271163232957,-121.47376142535211,394.14276195886555,29.198406599708687,-89.82460032046576,90.40444022555161,0.09325707150621988,256.97791915435323,1.0016371266499478,-1.8531753343038327e-10,-1.999962826450009e-22,0.6028475493782048,0.0002508857031206473,0.0,7656.255929976382,84.9398153965542
2422.946350098493,6798.714360205457,32.50271163205587,-121.47376137953451,394.1405989424459,29.179062140468066,-89.82460224069654,90.40330784926836,0.09318082409205815,256.9767799641001,1.0016326863647451,-1.7106964468349827e-10,-1.6374313676784074e-22,0.6036444621818896,0.0002505528254815584,0.0,7656.256030264061,84.91162661987687
2423.5463500984924,6781.215614832938,32.50271163164745,-121.4737613109227,394.13736153001605,29.15010494765889,-89.82460511323569,90.40160739783636,0.09306670930434542,256.97508025850584,1.0016260613277257,-1.5172516437332543e-10,-1.2130393219387477e-22,0.6048403564996455,0.00025005494988762254,0.0,7656.2561804463085,84.86941300163737
2423.946350098492,6769.559427749366,32.50271163137658,-121.47376126525766,394.13520797954226,29.130839695010696,-89.82460702306456,90.40047250993801,0.09299080311514281,256.9739531472229,1.001621668123397,-1.400599796383577e-10,-9.931527774921371e-23,0.6056379692105631,0.0002497239897071246,0.0,7656.256280402072,84.84131682899758
2424.5463500984915,6752.089580289088,32.502711630972385,-121.47376119687404,394.131984711581,29.102000922570387,-89.82460988006567,90.39876830480455,0.0928771983915528,256.9722714724944,1.0016151133662856,-1.24222058636241e-10,-7.357458734278118e-23,0.6068349126113678,0.00024922897846046623,0.0,7656.256430087877,84.79924171593309
2424.946350098491,6740.452619065531,32.50271163070434,-121.47376115136068,394.1298405546286,29.08281435824988,-89.82461177959152,90.39763092284281,0.09280163106806806,256.9711563237939,1.0016107667891794,-1.1467141311125579e-10,-6.02377882157481e-23,0.6076332241935379,0.00024889991999059403,0.0,7656.256529713631,84.7712376138591
2425.5463500984906,6723.011551486328,32.50271163030434,-121.47376108320388,394.1266313230621,29.05409323228926,-89.82461462117593,90.3959229882217,0.09268853288634742,256.96949250629524,1.001604281635186,-1.0170442006480117e-10,-4.462526321083165e-23,0.6088312151261636,0.00024840774959565207,0.0,7656.2566789058465,84.72930020906978
2425.9463500984903,6711.393737694249,32.50271163003907,-121.47376103784134,394.12449648795484,29.034984842695565,-89.8246165104582,90.39478312707159,0.0926133020914192,256.96838920505434,1.0015999812365821,-9.3885012827255e-11,-3.653608197409536e-23,0.6096302245473123,0.0002480805772564268,0.0,7656.256778203486,84.70138764848818
2426.5463500984897,6693.981332729571,32.50271162964327,-121.47376096991013,394.12130118582456,29.006380596279858,-89.82461933676805,90.39307148359616,0.0925007069622205,256.96674307334445,1.0015935650174712,-8.326853679834121e-11,-2.7066602594155004e-23,0.6108292614668592,0.00024759122446808916,0.0,7656.256926904942,84.65958716164708
2426.9463500984893,6682.382588447072,32.502711629380805,-121.4737609246975,394.1191756016247,28.987349872421994,-89.82462121590359,90.39192915606743,0.09242581038049474,256.96565150592164,1.0015893103544224,-7.686654759388016e-11,-2.2160263939917267e-23,0.6116289676989736,0.00024726592284541693,0.0,7656.257025876346,84.63176561784435
2427.546350098489,6664.99872959964,32.502711628989175,-121.47376085699057,394.1159941230724,28.95886174549161,-89.82462402705403,90.39021382170371,0.09231371484700392,256.9640228903952,1.001582962409114,-6.817451214134957e-11,-1.641673176309911e-23,0.6128290490660376,0.00024677936466558427,0.0,7656.257174089849,84.59010126511394
2427.9463500984884,6653.4189774161205,32.502711628729465,-121.473760811927,394.1138777195715,28.939908182935426,-89.82462589611683,90.38906903928996,0.09223915018468724,256.96294294433557,1.001578753043299,-6.293300667566191e-11,-1.344088559454675e-23,0.6136294510847046,0.00024645591850894503,0.0,7656.257272736881,84.56237021767785
2428.546350098488,6636.063548943959,32.502711628341984,-121.473760744443,394.11070995982544,28.911535422227775,-89.82462869221888,90.38735003043352,0.09212755082223346,256.961331677408,1.0015724727185888,-5.5816569912437883e-11,-9.957255656450485e-24,0.6148305753658314,0.0002459721321834069,0.0,7656.257420465212,84.52084122164958
2428.9463500984875,6624.502711947076,32.50271162808503,-121.47376069952769,394.1086026675341,28.892658521045533,-89.82463055129543,90.38620280356938,0.09205331580683453,256.9602632416988,1.0015683082173068,-5.1525188176322255e-11,-8.152312899138188e-24,0.6156316721508002,0.0002456505264038748,0.0,7656.257518789719,84.4932001544366
2429.546350098487,6607.175598860718,32.50271162770167,-121.4737606322654,394.10544852289496,28.86440038001816,-89.82463333247257,90.38448013527636,0.09194220922251954,256.95866915767255,1.0015620948673467,-4.5698742520233506e-11,-6.039383577599399e-24,0.616833837818175,0.0002451694894190854,0.0,7656.257666035642,84.45180574405862
2429.9463500984866,6595.633600635454,32.50271162744746,-121.47376058749744,394.1033502730342,28.84559964473567,-89.82463518164936,90.38333047344608,0.09186830160259866,256.95761212259356,1.001557974802935,-4.2185256304179224e-11,-4.9446299604260586e-24,0.6176356283530916,0.0002448497090871325,0.0,7656.257764039458,84.42425414514071
2430.546350098486,6578.334688682109,32.50271162706821,-121.47376052045557,394.10020964086067,28.817455383488447,-89.82463794802305,90.38160415982442,0.09175768443490943,256.9560350578695,1.001551827790056,-3.741496604335829e-11,-3.663072964662579e-24,0.6188388338851393,0.0002443713991671671,0.0,7656.257910805708,84.38299355565773
2430.9463500984857,6566.811453309841,32.50271162681673,-121.47376047583417,394.0981203653529,28.798730323034878,-89.8246397873679,90.38045207211967,0.09168410197983791,256.9549893148798,1.0015477517394487,-3.453836681506935e-11,-2.9990710302750577e-24,0.6196413171572791,0.000244053429510552,0.0,7656.25800849065,84.35553091727402
2431.546350098485,6549.54062897712,32.50271162644157,-121.47376040901145,394.094993144049,28.77069920823586,-89.82464253906997,90.37872212610297,0.0915739708982963,256.95342910765174,1.001541670432969,-3.063278346019795e-11,-2.2217670681178146e-24,0.6208455610379142,0.00024357782461390854,0.0,7656.2581547799455,84.31440339015073
2431.946350098485,6538.036081029102,32.50271162619282,-121.47376036453572,394.0929127755084,28.7520493358943,-89.82464436865898,90.37756762118582,0.0915007113980125,256.9523945494401,1.001537637977893,-2.827762319732796e-11,-1.8190293543948198e-24,0.6216487360383036,0.0002432616510156755,0.0,7656.258252147816,84.28702920866657
2432.5463500984843,6520.793231534772,32.50271162582171,-121.473760297931,394.08979886450976,28.724130640705337,-89.82464710579016,90.37583405579251,0.09139106310280905,256.9508510397722,1.0015316217544223,-2.5080001981879423e-11,-1.3475704558965916e-24,0.6228540167571494,0.00024278872933228474,0.0,7656.258397962851,84.2460339915255
2432.946350098484,6509.30729606282,32.502711625575664,-121.4737602536001,394.0877273362341,28.705555474063623,-89.82464892571612,90.3746771420504,0.09131812436757318,256.94982756038485,1.001527632481896,-2.3151759837734374e-11,-1.1032975740646478e-24,0.6236578824808948,0.00024247433732882339,0.0,7656.25849501544,84.21874776739472
2433.5463500984833,6492.092309350148,32.502711625208605,-121.47376018721206,394.08462663599477,28.67774847806637,-89.82465164839788,90.37293996959264,0.09120895558921052,256.948300590121,1.00152168072498,-2.0533769000403173e-11,-8.173431678163e-25,0.6248641985331262,0.00024200407727701555,0.0,7656.258640358883,84.17788411394746
2433.946350098483,6480.624911887571,32.502711624965244,-121.47376014302526,394.0825638819564,28.659247538968568,-89.82465345872863,90.37178065511027,0.09113633544937508,256.94728808479124,1.0015177342266486,-1.8955057850646342e-11,-6.691841085444792e-25,0.625668753979025,0.00024169145255600934,0.0,7656.258737097966,84.15068535166286
2434.5463500984824,6463.437676612288,32.50271162460221,-121.47376007685267,394.07947629393624,28.63155152809403,-89.82465616707417,90.3700398873862,0.09102764294831452,256.94577749775226,1.0015118463275392,-1.681162823139148e-11,-4.957439153201858e-25,0.6268761038657984,0.00024122383277970445,0.0,7656.258881972474,84.1099525216574
2434.946350098482,6451.988743169233,32.50271162436153,-121.47376003280911,394.07742224877387,28.613124342591846,-89.82465796788587,90.36887818026331,0.09095533925408866,256.9447758628835,1.0015079421996078,-1.551908885715661e-11,-4.058808626567594e-25,0.6276813480363476,0.00024091296117816964,0.0,7656.25897839981,84.08284072970702
2435.5463500984815,6434.829148702323,32.502711624002515,-121.47375996685076,394.0743476754257,28.585538609046434,-89.82466066201465,90.36713382925414,0.09084711982040615,256.9432815045308,1.0015021175559515,-1.3764197103072973e-11,-3.006840201938573e-25,0.6288897302641298,0.0002404479605437864,0.0,7656.259122808008,84.0422379888476
2435.946350098481,6423.398605758324,32.502711623764505,-121.47375992294965,394.07230227443586,28.56718470735349,-89.82466245338348,90.36596973693277,0.09077513044162731,256.94229063779846,1.0014982553995846,-1.2705955363154435e-11,-2.4617929889177188e-25,0.6296956621657311,0.00024013882804623435,0.0,7656.259218925342,84.01521267967962
2436.5463500984806,6406.266542174853,32.502711623409475,-121.47375985720436,394.06924061919295,28.539708549551456,-89.82466513340665,90.3642218143522,0.09066738089467453,256.9408123554006,1.0014924934160716,-1.1269171509425037e-11,-1.8237415973435875e-25,0.630905075246613,0.0002396764256399701,0.0,7656.259362869842,83.97473929957582
2436.9463500984803,6394.854316680692,32.50271162317412,-121.47375981344489,394.0672037983216,28.521427465995185,-89.82466691541089,90.36305534484804,0.09059570372058444,256.939832155535,1.0014886728365442,-1.0402756448940914e-11,-1.4931536019251897e-25,0.6317116938891294,0.00023936901837639764,0.0,7656.259458678908,83.9477999895466
2437.5463500984797,6377.749674750492,32.50271162282306,-121.4737597479114,394.0641549655856,28.494060188487982,-89.82466958143755,90.36130386193258,0.09048842090864427,256.93836979820793,1.0014829729250652,-9.226417317177505e-12,-1.1061556951835936e-25,0.6329221363410104,0.0002389091935014249,0.0,7656.259602162296,83.90745524765224
2437.9463500984793,6366.35569412075,32.50271162259034,-121.47375970429277,394.0621266614203,28.47585146146529,-89.8246713541409,90.36013502260164,0.09041705384766689,256.9374001651034,1.00147919353219,-8.517056659099994e-12,-9.056438494133207e-26,0.6337294407379804,0.00023860349774553938,0.0,7656.259697664811,83.88060145699271
2438.546350098479,6349.278365311213,32.50271162224324,-121.47375963897001,394.0590905565489,28.448592374873463,-89.82467400628641,90.35837999091105,0.09031023464763273,256.9359535835366,1.0014735551107694,-7.553951631627639e-12,-6.709176474174485e-26,0.6349409110839113,0.00023814622991912473,0.0,7656.259840689653,83.84038463653496
2438.9463500984784,6337.902557418682,32.502711622013145,-121.47375959549144,394.0570707063105,28.430455546804993,-89.8246757697755,90.35720878954078,0.09023917562715121,256.9349944182707,1.0014698165189708,-6.973176243273937e-12,-5.493010102394483e-26,0.6357489002526348,0.0002378422320865203,0.0,7656.259935887323,83.81361588931097
2439.546350098478,6320.85243387986,32.50271162166998,-121.47375953037816,394.05404723560565,28.403303967751555,-89.82467840814273,90.35545022000113,0.09013281694419158,256.9335634649728,1.0014642390127229,-6.1846525353598505e-12,-4.0693230760924085e-26,0.6369613970214099,0.0002373875010374362,0.0,7656.260078456168,83.7735262792423
2439.9463500984775,6309.494727049023,32.5027116214425,-121.47375948703883,394.05203577714076,28.3852385850363,-89.82468016248754,90.35427666382793,0.09006206391032616,256.93261466985007,1.0014605408412083,-5.709153862186272e-12,-3.331680550202391e-26,0.6377700699831076,0.00023708518768380496,0.0,7656.260173350684,83.74684210331604
2440.546350098477,6292.471701612696,32.50271162110324,-121.47375942213385,394.0490248478367,28.3581938360783,-89.82468278718356,90.35251456789629,0.08995616267756175,256.93119919894605,1.0014550236815478,-5.063565250138007e-12,-2.4681703278129512e-26,0.6389835917088764,0.00023663297334952914,0.0,7656.260315466056,83.70687899824466
2440.9463500984766,6281.132024626248,32.50271162087837,-121.47375937893304,394.04702171960946,28.340199449049923,-89.82468453245825,90.35133866428828,0.0898857135949696,256.93026067718813,1.0014513655530985,-4.674259861645657e-12,-2.020767317314457e-26,0.6397929474879228,0.000236332331168754,0.0,7656.260410059096,83.68027892522379
2441.546350098476,6264.135990799405,32.50271162054301,-121.47375931423525,394.0440232398616,28.313260858613717,-89.8246871435943,90.3495730526532,0.08978026677315701,256.92886054443096,1.0014459081777862,-4.145696608793132e-12,-1.4970216552444493e-26,0.6410074927102006,0.00023588261369285598,0.0,7656.260551723505,83.64044162535762
2441.9463500984757,6252.814272886142,32.50271162032073,-121.47375927117217,394.0420283809464,28.295337021497197,-89.82468887986056,90.34839480913007,0.08971011962481196,256.9279322003989,1.0014422897196251,-3.826960313489415e-12,-1.2256578892229643e-26,0.6418175303346833,0.0002355836295153728,0.0,7656.260646016732,83.61392519056628
2442.546350098475,6235.845124840736,32.50271161998925,-121.47375920668038,394.0390422598195,28.26850392381432,-89.82469147754999,90.34662569277693,0.08960512420202638,256.9265472632847,1.0014368915732152,-3.3942093215231005e-12,-9.079899434074506e-27,0.643033097598635,0.00023513638924498167,0.0,7656.260787232664,83.57421300166155
2442.946350098475,6224.541295669973,32.50271161976955,-121.47375916375427,394.03705560989323,28.250650194683377,-89.82469320487574,90.34544511654155,0.08953527698901,256.9256290025192,1.0014333124171628,-3.133250113284619e-12,-7.433994248337919e-27,0.6438438161004605,0.00023483905003608533,0.0,7656.26088122773,83.54777974410455
2443.5463500984742,6207.598928246647,32.50271161944192,-121.47375909946737,394.03408175735024,28.22392192972683,-89.82469578921736,90.34367250668231,0.08943072998034714,256.9242591199953,1.001427972949867,-2.7789435661738224e-12,-5.507239888219529e-27,0.6450604039561881,0.00023439426751920296,0.0,7656.261021997651,83.50819197739784
2443.946350098474,6196.312917930074,32.50271161922478,-121.47375905667747,394.032103256685,28.206137870461458,-89.82469750768719,90.3424896048588,0.08936118072164977,256.9233508490352,1.0014244327316346,-2.565288236147587e-12,-4.50894747794243e-27,0.6458718023706516,0.00023409856037727003,0.0,7656.261115696195,83.48184143971588
2444.5463500984733,6179.3972266232595,32.502711618900996,-121.47375899259433,394.0291415835762,28.17951378388078,-89.82470007877977,90.34071351209599,0.08925707916890353,256.9219958817084,1.0014191514001323,-2.2752065687314512e-12,-3.340311355495501e-27,0.6470894093738225,0.0002336562163603169,0.0,7656.261256022554,83.4423774118742
2444.946350098473,6168.128965708427,32.50271161868642,-121.47375894993985,394.0271711730318,28.1617989601251,-89.82470178845128,90.33952829184459,0.08918782590121761,256.9210975081474,1.0014156497595426,-2.1002803787082852e-12,-2.7348161270623643e-27,0.6479014867397823,0.0002333621285151591,0.0,7656.261349426201,83.41610914030859
2445.5463500984724,6151.239846664481,32.50271161836646,-121.47375888605936,394.0242215910838,28.135278403186874,-89.82470434640406,90.33774872685152,0.08908416687259173,256.919757318202,1.0014104260266612,-1.8627815956428645e-12,-2.0260021677137132e-27,0.6491201114513251,0.0002329222039405018,0.0,7656.261489311427,83.37676817337513
2445.946350098472,6139.989266132005,32.50271161815443,-121.47375884353961,394.02225921210083,28.117632384308273,-89.82470604735349,90.33656119544527,0.0890152076501142,256.91886875065376,1.001406962607513,-1.7195641437203521e-12,-1.658750581023265e-27,0.6499328668111163,0.00023262972275171417,0.0,7656.261582421792,83.35058171773056
2446.5463500984715,6123.1266161436215,32.50271161783827,-121.4737587798606,394.0193216339057,28.091214713831953,-89.82470859226743,90.33477816920823,0.0889119882399161,256.9175432017797,1.0014017959419497,-1.5251165853483188e-12,-1.2288329879271919e-27,0.6511525077971901,0.0002321921987551423,0.0,7656.261721868296,83.31136313906339
2446.946350098471,6111.893647403456,32.50271161762876,-121.47375873747484,394.0173672284982,28.073637072880977,-89.82471028455029,90.33358833386275,0.08884332113415346,256.9166643498735,1.0013983703919997,-1.4078600525646305e-12,-1.0060835398833653e-27,0.6519659401966023,0.00023190131171049372,0.0,7656.261814686978,83.28525805267263
2447.5463500984706,6095.057363902219,32.5027116173164,-121.47375867399626,394.01444156750307,28.047321651182287,-89.82471281652629,90.33180185670484,0.08874053846251125,256.91535330737287,1.0013932602687348,-1.248659855962232e-12,-7.453252204177537e-28,0.6531865960287067,0.00023146616961892648,0.0,7656.261953697151,83.24616119490132
2447.9463500984702,6083.84193878714,32.502711617109405,-121.47375863174373,394.0124950782516,28.029811964851554,-89.82471450022513,90.330609724166,0.08867216156207872,256.9144840818035,1.0013898722398933,-1.152658326149433e-12,-6.102207895534395e-28,0.654000704517172,0.00023117686433277225,0.0,7656.262046225737,83.22013703459027
2448.5463500984697,6067.031919841655,32.502711616800816,-121.47375856846443,394.00958124874836,28.003598159677452,-89.8247170193579,90.32881980677072,0.08856981277463946,256.91318741237063,1.0013848181393339,-1.0223162287200031e-12,-4.5206280238929175e-28,0.6552223737718559,0.00023074408566170043,0.0,7656.262184801951,83.18116123554636
2448.9463500984693,6055.833970607258,32.502711616596336,-121.47375852634443,394.00764261879294,27.986156008262274,-89.82471869452827,90.3276253844393,0.0885017241850745,256.9123277247847,1.0013814672872208,-9.437168235730019e-13,-3.701177856924203e-28,0.6560371574021654,0.00023045634987336566,0.0,7656.262277042017,83.15521756159471
2449.546350098469,6039.050114915706,32.5027116162915,-121.4737584632634,394.00474053590744,27.960043192735863,-89.8247212009188,90.32583203721816,0.0883998064527287,256.9110452966146,1.0013764686956235,-8.370017395160829e-13,-2.741900739512289e-28,0.6572598386611431,0.0002300259163246281,0.0,7656.262415186626,83.11636216426957
2449.9463500984684,6027.869574234821,32.50271161608951,-121.47375842127518,394.00280970894113,27.942668160096005,-89.82472286763074,90.32463533181657,0.08833200429630218,256.91019505966943,1.0013731546797986,-7.726499890647186e-13,-2.2448788640273596e-28,0.6580752964895739,0.00022973973789690104,0.0,7656.262507139735,83.09049854037985
2450.546350098468,6011.111781117506,32.5027116157884,-121.4737583583913,393.9999192886236,27.91665571265772,-89.82472536138832,90.32283856535558,0.08823051481489792,256.9089267424869,1.001368211089382,-6.85279067544593e-13,-1.663047617632545e-28,0.6592989883398499,0.00022931163135638522,0.0,7656.262644855076,83.05176289287337
2450.9463500984675,5999.94858207833,32.50271161558891,-121.47375831653412,393.9979962088854,27.899347386177823,-89.82472701970364,90.32163958383235,0.0881629972304264,256.90808586977016,1.001364933573031,-6.325923102032412e-13,-1.3615884750658102e-28,0.6601151194260212,0.0002290269982739407,0.0,7656.262736522782,83.02597888613195
2451.546350098467,5983.216751479544,32.50271161529152,-121.4737582538463,393.9951173679,27.873434690526384,-89.82472950090845,90.31983940867606,0.08806193322049465,256.90683153457644,1.0013600444809898,-5.610590495143929e-13,-1.0086898255132434e-28,0.6613398204593379,0.00022860120080917464,0.0,7656.262873811172,82.98736234158899
2451.9463500984666,5972.070827580988,32.50271161509449,-121.4737582121195,393.99320198016846,27.856192661079124,-89.82473115088895,90.31863815795997,0.08799469836315887,256.9059999406475,1.0013568031310862,-5.179227808087816e-13,-8.258455300817708e-29,0.6621566238662754,0.00022831810117711172,0.0,7656.262965195012,82.96165752243581
2452.546350098466,5955.36486005038,32.502711614800795,-121.47375814962673,393.9903346360841,27.83037910611801,-89.82473361965033,90.31683458410973,0.08789405706963421,256.9047594601398,1.0013519680412253,-4.593563001565196e-13,-6.118015824119036e-29,0.6633823326800626,0.00022789459503526813,0.0,7656.263102058753,82.92315943901761
2452.9463500984657,5944.236145198345,32.50271161460624,-121.47375810802963,393.9884268856709,27.81320296802528,-89.8247352613661,90.31563107117233,0.08782710311079339,256.90393706050116,1.0013487625284179,-4.240393102384045e-13,-5.00900861049868e-29,0.6641998074741984,0.00022761301707759643,0.0,7656.2631931602555,82.89753338120977
2453.546350098465,5927.555941900238,32.50271161431622,-121.47375804573078,393.98557095685095,27.787487947803612,-89.82473771777259,90.31382410911122,0.08772688180275008,256.90271030858315,1.0013439809492446,-3.760891312173257e-13,-3.710765854619944e-29,0.6654265226704857,0.0002271917846830193,0.0,7656.263329601627,82.85915312201966
2453.946350098465,5916.44437040668,32.50271161412412,-121.47375800426263,393.98367078959416,27.77037729880086,-89.82473935127297,90.31261834073933,0.0876602069297701,256.9018970196214,1.0013408109476292,-3.471740253376649e-13,-3.03811867306052e-29,0.6662446679214538,0.00022691171674119883,0.0,7656.263420422308,82.83360540259824
2454.5463500984642,5899.789833106101,32.502711613837775,-121.47375794215672,393.980826195187,27.74476021245931,-89.82474179541937,90.31080800049652,0.08756040290014884,256.9006838716558,1.0013360823933377,-3.0791573898433075e-13,-2.2506942812290066e-29,0.6674723881074878,0.00022649274069336484,0.0,7656.263556443578,82.79534233564449
2454.946350098464,5888.695339680649,32.502711613648096,-121.47375790081682,393.978933557445,27.727714653657486,-89.82474342078282,90.30959998349506,0.08749400531621518,256.8998796107442,1.0013329475808557,-2.8424205246771355e-13,-1.8427129576605164e-29,0.6682912028884731,0.00022621417122489063,0.0,7656.26364698494,82.76987253490395
2455.5463500984633,5872.0663707451895,32.502711613365406,-121.4737578389028,393.9761002173749,27.702194905374657,-89.8247458527681,90.30778627531426,0.08739461588157055,256.8986799433543,1.0013282715705536,-2.521000859753076e-13,-1.3651157054951868e-29,0.66951992667618,0.0002257974342961967,0.0,7656.263782588355,82.73172603304467
2455.946350098463,5860.988890492357,32.50271161317816,-121.4737577976905,393.97421505602006,27.685214041225077,-89.82474747004395,90.30657601639125,0.08732849380551774,256.897884628841,1.0013251716289457,-2.3271771069992295e-13,-1.1176624120839034e-29,0.6703394100638579,0.00022552035187319337,0.0,7656.263872851893,82.70633373450163
2456.5463500984624,5844.385392877273,32.502711612899105,-121.4737577359673,393.9713928909776,27.659791040162734,-89.82474988994629,90.30475895040578,0.08722951630574419,256.8966983201539,1.0013205476876026,-2.064020941521006e-13,-8.279849044500275e-30,0.6715691360705442,0.00022510583700694067,0.0,7656.264008039683,82.66830317540516
2456.946350098462,5833.324861303903,32.50271161271428,-121.47375769488188,393.96951515339015,27.642874478421575,-89.82475149921093,90.30354645646143,0.08716366797189642,256.8959118710466,1.001317482301181,-1.905331473764413e-13,-6.778968271711387e-30,0.6723892871442647,0.0002248302303146314,0.0,7656.264098026878,82.64298796575424
2457.5463500984615,5816.746738555841,32.50271161243884,-121.47375763334853,393.9667040848232,27.617547638671958,-89.82475390712725,90.30172604281715,0.08706509976998311,256.89473880043664,1.001312909958627,-1.6898774272748688e-13,-5.0219845778452815e-30,0.6736200139919474,0.0002244179206228412,0.0,7656.264232801257,82.60507273184217
2457.946350098461,5805.703091550618,32.502711612256405,-121.4737575923893,393.9648337188854,27.60069499036467,-89.82475550842797,90.30051132027167,0.0869995234279637,256.8939611368709,1.0013098788160992,-1.5599534792598288e-13,-4.1116539602675534e-30,0.6744408318349895,0.0002241437784583718,0.0,7656.264322513577,82.5798342009429
2458.5463500984606,5789.150247798301,32.50271161198458,-121.4737575310448,393.96203366899005,27.57546373089777,-89.82475790445105,90.29868756877916,0.08690136190973569,256.8928011850606,1.0013053576074202,-1.3835546247455873e-13,-3.045988998660302e-30,0.6756725581506953,0.00022373365721977835,0.0,7656.264456876743,82.54203367934693
2458.9463500984602,5778.123421642929,32.50271161180455,-121.47375749021113,393.96017062307976,27.558674610284612,-89.82475949786009,90.29747062435868,0.08683605582431674,256.89203222788393,1.0013023604002693,-1.277181892475121e-13,-2.4938453185466698e-30,0.6764940418491809,0.000223460968490684,0.0,7656.26454631565,82.51687142017636
2459.5463500984597,5761.595761598088,32.5027116115363,-121.4737574290544,393.9573815147914,27.533538354897427,-89.82476188207852,90.29564354512631,0.08673829839819507,256.8908852767805,1.0012978898651688,-1.1327587248394811e-13,-1.847486553600768e-30,0.6777267662644861,0.0002230530191486617,0.0,7656.264680269781,82.4791850026871
2459.9463500984593,5750.585692955181,32.502711611358656,-121.47375738834562,393.95552573777667,27.51681237943942,-89.82476346763902,90.29442438558519,0.08667326084912283,256.8901249477948,1.0012949262885975,-1.045668097256532e-13,-1.5125943313654834e-30,0.6785489149080169,0.00022278177287164157,0.0,7656.26476943672,82.45409861131937
2460.546350098459,5734.0831218939275,32.50271161109397,-121.47375732737571,393.95274749476147,27.49177055670381,-89.8247658401456,90.29259398830384,0.08657590494585937,256.88899088084486,1.0012905059727786,-9.274244079346818e-14,-1.1205577456901039e-30,0.6797826360600526,0.00022237597903235331,0.0,7656.264902983981,82.41652569435342
2460.9463500984584,5723.089747811668,32.5027116109187,-121.47375728679113,393.9508989359942,27.475107347027702,-89.82476741792154,90.29137262004716,0.08651113422769625,256.88823910255235,1.0012875757247195,-8.561206325131133e-14,-9.174352532066142e-31,0.6806054487411124,0.00022210616433182415,0.0,7656.264991880392,82.39151476991749
2461.546350098458,5706.612171588466,32.50271161065758,-121.47375722600705,393.94813148264006,27.45015939024109,-89.8247697787966,90.28953891486485,0.08641417730015519,256.88711780421465,1.0012832051778306,-7.593108872808539e-14,-6.79652936568775e-31,0.6818401652711382,0.00022170250976205022,0.0,7656.26512502293,82.35405475445287
2461.9463500984575,5695.635429486632,32.50271161048466,-121.47375718554602,393.9462900919511,27.433558570108612,-89.82477134885394,90.28831534450559,0.08634967172211493,256.88637450016034,1.0012803079602812,-7.009322932751211e-14,-5.564528614003581e-31,0.6826636410858782,0.0002214341158690408,0.0,7656.265213650236,82.32911889912046
2462.546350098457,5679.182754518464,32.50271161022706,-121.47375712494679,393.94353335335956,27.408703917243024,-89.82477369818406,90.2864783412012,0.08625311124501674,256.8852658561825,1.0012759867369945,-6.216711773061769e-14,-4.122305307006533e-31,0.6838993516400874,0.00022103258449434842,0.0,7656.265346390182,82.29177119066146
2462.9463500984566,5668.22258219216,32.50271161005651,-121.47375708460865,393.94169908105215,27.39216511351518,-89.82477526057852,90.2852525751283,0.0861888691308047,256.88453095069923,1.0012731222550224,-5.738748268613827e-14,-3.3750587398772263e-31,0.6847234896878018,0.00022076560074506558,0.0,7656.265434749802,82.2669100096032
2463.546350098456,5651.794715452939,32.50271160980243,-121.47375702419328,393.93895298302965,27.367403207169023,-89.8247775984482,90.28341228325854,0.08609270260049126,256.88343484814345,1.0012688499151339,-5.089813134080594e-14,-2.5003056898371302e-31,0.6859601929173639,0.00022036617664793022,0.0,7656.265567089272,82.22967401813887
2463.9463500984557,5640.851051075384,32.50271160963421,-121.47375698397738,393.9371257798744,27.350926049774827,-89.82477915323537,90.28218432817675,0.08602872228815821,256.8827082661982,1.001266017876279,-4.698489712413874e-14,-2.047077531231529e-31,0.6867849923000265,0.00022010059248245373,0.0,7656.265655182608,82.20488711949095
2464.546350098455,5624.4479000959545,32.50271160938365,-121.4737569237449,393.9343902489243,27.326256337124466,-89.82478147973745,90.28034075747648,0.08593294722236464,256.88162459329624,1.001261793984143,-4.1671865586749496e-14,-1.5165127464010083e-31,0.6880226868607141,0.00021970325990032066,0.0,7656.265787123701,82.16776225944595
2464.946350098455,5613.520682200789,32.50271160921776,-121.47375688365062,393.9325700661536,27.309840459028717,-89.8247830269647,90.27911061978895,0.08586922706413541,256.88090626089195,1.0012589940999828,-3.8467980375433555e-14,-1.2416158478549654e-31,0.6888481466840648,0.00021943906486153187,0.0,7656.265874952146,82.14304925429734
2465.5463500984542,5597.142155062407,32.50271160897067,-121.47375682360007,393.9298450294675,27.285262391779966,-89.82478534217954,90.27726377991527,0.08577384100175534,256.8798349070733,1.0012548182246233,-3.4118038044510653e-14,-9.1981189313957e-32,0.6900868312363768,0.00021904380818496856,0.0,7656.266006496945,82.1060349444893
2465.946350098454,5586.231322554871,32.50271160880712,-121.47375678362675,393.9280318187702,27.26890742895145,-89.824786881915,90.27603146587846,0.08571037936389178,256.87912475083397,1.0012520502091558,-3.1494918681103034e-14,-7.530784203943495e-32,0.6909129506088295,0.00021878099191714653,0.0,7656.266094061886,82.08139544683654
2466.5463500984533,5569.877327881753,32.5027116085635,-121.47375672375719,393.9253172042206,27.244420463292172,-89.82478918592301,90.27418136636574,0.08561537986474617,256.87806560679064,1.0012479219245165,-2.793348710494999e-14,-5.578943670396816e-32,0.6921526238181883,0.000218387795688044,0.0,7656.266225212461,82.04449111043606
2466.946350098453,5558.982820028439,32.502711608402244,-121.47375668390423,393.9235109177365,27.228126054672494,-89.8247907182182,90.27294688248234,0.08555217512738875,256.87736355416,1.0012451854949354,-2.5785858603659874e-14,-4.567653580158678e-32,0.6929794018513642,0.00021812634793574564,0.0,7656.26631251527,82.01992473716345
2467.5463500984524,5542.653266990557,32.502711608162095,-121.47375662421469,393.9208066538682,27.20372965122714,-89.82479301110389,90.27109353304996,0.08545755977201325,256.87631651164895,1.0012411043791112,-2.2870005034417525e-14,-3.3838019175011815e-32,0.6942200623875391,0.00021773519684545586,0.0,7656.266443273673,81.98312980164617
2467.946350098452,5531.775023414753,32.50271160800314,-121.47375658448145,393.919007244183,27.18749543870018,-89.8247945360124,90.2698568857384,0.08539461032903163,256.87562249093406,1.0012383992559748,-2.1111675526467917e-14,-2.7704231940959396e-32,0.6950474981963766,0.00021747510745235047,0.0,7656.2665303157155,81.95863617250028
2468.5463500984515,5515.46982171759,32.502711607766415,-121.47375652497098,393.916313260206,27.163189062483056,-89.82479681786243,90.26800029558476,0.08530037671844631,256.8745874429134,1.0012343648917432,-1.8724376527325778e-14,-2.0523805389256166e-32,0.6962891447338981,0.00021708598633996142,0.0,7656.266660683984,81.92195006961006
2468.946350098451,5504.607782402076,32.502711607609754,-121.47375648535679,393.91452068034573,27.14701469084355,-89.8247983354358,90.26676149096718,0.08523768097729612,256.87390138309723,1.0012316907982441,-1.728477807877238e-14,-1.6803473686632154e-32,0.6971172374362035,0.00021682724524756306,0.0,7656.266747466612,81.8975288071635
2469.5463500984506,5488.326842284761,32.50271160737647,-121.47375642602451,393.9118369061268,27.12279781121325,-89.82480060632643,90.2649016696608,0.08514382673278931,256.87287822363993,1.001227702772727,-1.533022296276019e-14,-1.2448322860669145e-32,0.698359868654149,0.00021644013909811316,0.0,7656.2668774467675,81.86095097286794
2469.9463500984502,5477.480947562493,32.502711607222075,-121.4737563865288,393.91005110955325,27.106682928137097,-89.82480211662659,90.26366071399912,0.08508138311436148,256.8722000545605,1.0012250594353915,-1.4151579435646751e-14,-1.0191826596711677e-32,0.6991886173710691,0.0002161827363447073,0.0,7656.266963971326,81.83660170250013
2470.5463500984497,5461.224179793149,32.5027116069922,-121.47375632737375,393.9073774756086,27.082555018751286,-89.82480437663615,90.26179767098587,0.08498790587727242,256.87118867884317,1.001221117340013,-1.2551325046522378e-14,-7.550292896685578e-33,0.7004322319530613,0.0002157976302874537,0.0,7656.267093565376,81.80013157694937
2470.9463500984493,5450.394370352849,32.50271160684009,-121.47375628799588,393.9055984162139,27.066499274766272,-89.82480587970838,90.26055457073915,0.08492571281576104,256.8705183309538,1.001218504487765,-1.1586333339701383e-14,-6.18165810918459e-33,0.7012616358084157,0.00021554155600686292,0.0,7656.267179833195,81.775853926811
2471.546350098449,5434.161686218344,32.502711606613616,-121.47375622901713,393.9029348537017,27.042459813537455,-89.82480812891733,90.25868831518451,0.08483261024726067,256.869518635412,1.0012146079188564,-1.0276155852797581e-14,-4.5794862057969126e-33,0.7025062324430553,0.0002151584353136501,0.0,7656.267309043132,81.73949095430417
2471.9463500984484,5423.347903096117,32.502711606463755,-121.47375618975649,393.9011624858036,27.02646286199321,-89.82480962481525,90.25744307647905,0.08477066619001351,256.86885603991686,1.0012120252835464,-9.486087462472749e-15,-3.749366869249594e-33,0.703336290563748,0.00021490367973415672,0.0,7656.267395055537,81.7152845552951
2472.546350098448,5407.139214412309,32.502711606240645,-121.47375613095315,393.8985089265168,27.00251133104738,-89.8248118633061,90.25557361798955,0.0846779359709175,256.8678679218711,1.0012081738408876,-8.413404857222196e-15,-2.777600047580981e-33,0.7045818679434784,0.0002145225298176232,0.0,7656.26752388334,81.67902818422982
2472.9463500984475,5396.341398986056,32.50271160609304,-121.47375609180915,393.8967432048534,26.986572828087247,-89.82481335208334,90.25432624688736,0.08461623937829649,256.8672130108089,1.0012056211576195,-7.766551566174939e-15,-2.2741069907020192e-33,0.7054125794596902,0.0002142690832609096,0.0,7656.267609641644,81.65489266997771
2473.546350098447,5380.156618078239,32.5027116058733,-121.47375603318031,393.89409958121195,26.962708713716566,-89.82481557993654,90.25245359451517,0.0845238792088279,256.8662363688043,1.0012018144457646,-6.88831332509028e-15,-1.6847003523137167e-33,0.7066591362819514,0.00021388988967291475,0.0,7656.2677380892765,81.61874235281842
2473.9463500984466,5369.374712067656,32.50271160572793,-121.47375599415233,393.8923404609374,26.94682831824784,-89.82481706164677,90.25120409708833,0.08446242855407102,256.86558907494145,1.0011992914524779,-6.358714640643939e-15,-1.3793162380492364e-33,0.7074905003269158,0.0002136377425529073,0.0,7656.267823594786,81.59467735964697
2474.546350098446,5353.213751775213,32.50271160551155,-121.47375593569708,393.8897067059813,26.923051110869974,-89.82481927893032,90.24932826003781,0.08437043615367135,256.86462380852566,1.0011955290798882,-5.63967398096687e-15,-1.0218228789122363e-33,0.7087380352934426,0.00021326049098284238,0.0,7656.267951664197,81.55863255288078
2474.9463500984457,5342.447697246447,32.50271160536842,-121.47375589678455,393.88795414266053,26.90722848453556,-89.82482075361676,90.24807664256124,0.08430922992276471,256.8639840651373,1.0011930355165057,-5.20607524930825e-15,-8.365979667293447e-34,0.709570051002854,0.000213009633804542,0.0,7656.268036918205,81.53463771977543
2475.546350098445,5326.310470913537,32.50271160515536,-121.47375583850199,393.8853301900427,26.88353767865119,-89.82482296041525,90.24619762992859,0.0842176030298847,256.8630300749873,1.0011893170960444,-4.617374545920187e-15,-6.1976718556182695e-34,0.7108185628200542,0.00021263431007777282,0.0,7656.268164611331,81.49869788387866
2475.946350098445,5315.560210262425,32.50271160501445,-121.4737557997043,393.88358413964687,26.867772485802714,-89.82482442814404,90.2449438985025,0.0841566397214165,256.8623978162621,1.00118685270605,-4.2623739282496336e-15,-5.074225464970492e-34,0.7116512293331358,0.00021238473343637758,0.0,7656.268249615122,81.47477285247918
2476.5463500984442,5299.446631738916,32.502711604804716,-121.47375574159359,393.8809699236264,26.84416757995504,-89.82482662452966,90.24306171947856,0.08406537609332533,256.86145500405246,1.0011831778544682,-3.780386555900969e-15,-3.759079701837632e-34,0.7129007167116793,0.0002120113235126242,0.0,7656.268376933882,81.43893745187627
2476.946350098444,5288.712107702158,32.50271160466602,-121.47375570291015,393.8792303425286,26.828459487624954,-89.82482808533159,90.24180588011463,0.08400465421836747,256.8608301646909,1.0011807423833399,-3.489736631570248e-15,-3.077674712743462e-34,0.7137340331700971,0.0002117630180923089,0.0,7656.268461688733,81.41508186643533
2477.5463500984433,5272.622091338038,32.502711604459606,-121.47375564497032,393.87662579796347,26.804939984357695,-89.82483027138068,90.23992054352289,0.08391375163095098,256.85989843310847,1.0011771107213352,-3.0951187454923485e-15,-2.27999812412754e-34,0.7149844948250123,0.00021139150806407736,0.0,7656.268588635035,81.37935036946106
2477.946350098443,5261.9032469773665,32.502711604323075,-121.47375560640057,393.8748926429335,26.789288662232035,-89.82483172531771,90.23866260236217,0.08385326971291424,256.8592809486804,1.00117470391794,-2.857154713013255e-15,-1.8667049193714998e-34,0.7158184603738731,0.00021114446463710865,0.0,7656.268673142213,81.3555638768339
2478.5463500984424,5245.8367076180875,32.50271160411996,-121.47375554863083,393.8722977052739,26.765854068047613,-89.82483390109618,90.23677411749405,0.08376272596047565,256.8583602014076,1.00117111507009,-2.534068912541408e-15,-1.3828893927106302e-34,0.7170698950245751,0.0002107748407281254,0.0,7656.268799717948,81.3199357556942
2478.946350098442,5235.133486327715,32.50271160398564,-121.47375551017414,393.87057093347437,26.750259188438196,-89.82483534821785,90.2355140803779,0.08370248253498866,256.85775000804654,1.0011687366854922,-2.3392404401648684e-15,-1.1322142790391159e-34,0.7179045088116344,0.00021052905015370166,0.0,7656.26888397871,81.29621800530083
2479.5463500984415,5219.090339305811,32.5027116037858,-121.47375545257363,393.86798553875593,26.72690901375937,-89.8248375138083,90.23362245602486,0.08361229543005692,256.8568401499054,1.001165190280816,-2.0747201582688584e-15,-8.38765195564959e-35,0.7191569151822467,0.00021016129871748212,0.0,7656.269010185759,81.26069273604487
2479.946350098441,5208.402684807777,32.50271160365366,-121.47375541422946,393.86626510773755,26.711370251578042,-89.82483895415993,90.23236032888916,0.08355228904483908,256.8562371843725,1.0011628400685262,-1.9152080956553168e-15,-6.867229846330885e-35,0.7199921763580477,0.0002099167519407682,0.0,7656.269094201353,81.23704337984985
2480.5463500984406,5192.382845950313,32.50271160345708,-121.47375535679726,393.86368919257467,26.688104010707278,-89.82484110963875,90.23046557428015,0.08346245641798795,256.85533812097697,1.0011593357391302,-1.698637205098825e-15,-5.087370378278236e-35,0.7212455531764952,0.00020955085945896076,0.0,7656.26922004158,81.20162044231897
2480.9463500984402,5181.710702287033,32.50271160332711,-121.47375531856505,393.86197506027185,26.672621043439843,-89.82484254327196,90.2292013631419,0.08340268563271909,256.8547423207915,1.0011570134556134,-1.5680397733741064e-15,-4.1651873355951946e-35,0.7220814608947314,0.0002093075475101529,0.0,7656.269303813246,81.17803913481309
2481.5463500984397,5165.714087901637,32.502711603133775,-121.47375526130031,393.85940856185164,26.649438254521776,-89.82484468869676,90.22730348687735,0.08331320533237374,256.85385395884754,1.0011535508378606,-1.3907265242718286e-15,-3.0856475092949224e-35,0.7233358068935026,0.00020894350059121015,0.0,7656.269429288505,81.14271801261962
2481.9463500984393,5155.057399439625,32.50271160300598,-121.47375522317948,393.8577006865781,26.63401076220181,-89.8248461156569,90.22603719758531,0.08325366871857567,256.8532652620993,1.001151256241806,-1.283802390174119e-15,-2.526314966706982e-35,0.7241723603105125,0.00020870141458447723,0.0,7656.269512817471,81.11920441078865
2482.546350098439,5139.083926310763,32.50271160281588,-121.47375516608143,393.8551435426533,26.61091094718232,-89.82484825111447,90.22413620851543,0.0831645386108206,256.852387509347,1.0011478349760894,-1.138630579565503e-15,-1.8715406671138243e-35,0.7254276742266339,0.0002083391999621398,0.0,7656.2696379296,81.08398459127525
2482.9463500984384,5128.442637733184,32.50271160269023,-121.47375512807136,393.8534418830979,26.595538612364784,-89.82484967144694,90.22286784686979,0.08310523475172685,256.8518058548101,1.0011455678288537,-1.0510885023472946e-15,-1.5322881774045558e-35,0.7262648725017711,0.0002080983310946933,0.0,7656.26972121709,81.06053835458002
2483.546350098438,5112.492223125882,32.50271160250336,-121.4737550711391,393.85089403198066,26.57252129695377,-89.82485179700325,90.22096375386218,0.08301645272013392,256.8509386198201,1.0011421875588042,-9.322318759976894e-16,-1.1351473096359036e-35,0.727521153076191,0.00020773793562648565,0.0,7656.269845967916,81.02541932877847
2483.9463500984375,5101.86627943255,32.502711602379854,-121.4737550332393,393.84919854720323,26.55720380469156,-89.82485321075342,90.21969332598215,0.08295738021057698,256.85036394691036,1.0011399476242449,-8.605584848746382e-16,-9.29380180047083e-36,0.7283589953716098,0.00020749827517764006,0.0,7656.269929015141,81.00204011913308
2484.546350098437,5085.938841085881,32.50271160219618,-121.47375497647198,393.84665992775916,26.53426851832615,-89.82485532647654,90.21778613763045,0.08286894415602478,256.8495071391683,1.0011366079970596,-7.632469092458416e-16,-6.885019584216505e-36,0.7296162413493941,0.00020713968584350236,0.0,7656.270053406475,80.96702138173482
2484.9463500984366,5075.328187591396,32.502711602074804,-121.47375493868189,393.84497057718636,26.51900555614317,-89.82485673370017,90.21651364909133,0.08281010160231114,256.8489393878821,1.0011343950412974,-7.045656994971494e-16,-5.636978290385264e-36,0.7304547268299877,0.0002069012251736818,0.0,7656.270136214641,80.94370886347868
2485.546350098436,5059.423643703572,32.502711601894354,-121.47375488207871,393.84244112882783,26.496151831948215,-89.82485883965613,90.21460337417896,0.08272200944278785,256.8480929180439,1.0011310957087347,-6.248937195479184e-16,-4.175977361938108e-36,0.7317129369611788,0.00020654442907463996,0.0,7656.270260248284,80.90878991280768
2485.9463500984357,5048.828226035461,32.5027116017751,-121.47375484439776,393.8407578722488,26.480943089815277,-89.82486024039449,90.21332883071013,0.08266339546258226,256.8475320289442,1.0011289095000986,-5.76849608286905e-16,-3.41900170979168e-36,0.7325520647945137,0.0002063071596244567,0.0,7656.270342818585,80.88554375268335
2486.546350098435,5032.946495283395,32.5027116015978,-121.47375478795787,393.8382375349293,26.45817046456957,-89.82486233666174,90.21141547778173,0.08257564513304345,256.84669580823856,1.0011256501161498,-5.116197078561049e-16,-2.5328594514672015e-36,0.733811237832275,0.00020595214398105011,0.0,7656.270466496321,80.85072409064372
2486.946350098435,5022.366259369068,32.50271160148067,-121.47375475038552,393.8365603324918,26.443015634880926,-89.82486373095603,90.21013888528127,0.08251725835524398,256.8461417227602,1.0011234904263668,-4.722845162888916e-16,-2.073730301835082e-36,0.7346510071894172,0.0002057160572705283,0.0,7656.270548829946,80.82754395778831
2487.5463500984342,5006.507260879502,32.502711601306544,-121.47375469410814,393.8340490466997,26.420323648977885,-89.82486581759643,90.20822246322895,0.0824298478074029,256.84531566362045,1.0011202706497186,-4.188787905503892e-16,-1.5362576098614912e-36,0.7359111418920048,0.00020536280942165766,0.0,7656.270672153555,80.79282308985172
2487.946350098434,4995.942152964883,32.502711601191514,-121.47375465664385,393.8323778589061,26.40522242652567,-89.82486720549623,90.20694382736136,0.08237168687204327,256.84476832345007,1.0011181372514977,-3.8667385939403046e-16,-1.2577815777141099e-36,0.7367515519458385,0.00020512789704906108,0.0,7656.27075425168,80.76970865574822
2488.5463500984333,4980.105806326494,32.50271160102055,-121.47375460052812,393.8298755656587,26.38261062393924,-89.82486928258209,90.20502434420449,0.08228461407422125,256.8439523391034,1.0011149567439308,-3.429489491485841e-16,-9.317877636243186e-37,0.7380126470753389,0.0002047764044505104,0.0,7656.270877222916,80.73508609090779
2488.946350098433,4969.555772953667,32.502711600907624,-121.47375456317137,393.828210353362,26.367562705890542,-89.82487066413069,90.20374367069637,0.08222667763233873,256.843411686743,1.001112849413159,-3.1658178149379907e-16,-7.628834356314522e-37,0.7388536970021325,0.00020454265809169406,0.0,7656.270959086713,80.71203702938706
2489.5463500984324,4953.741998212412,32.5027116007398,-121.4737545072165,393.8257169941995,26.3450306341392,-89.82487273172174,90.20182113541279,0.08213994056929284,256.8426056912186,1.0011097078395799,-2.807828526423558e-16,-5.651581029553296e-37,0.7401157513245203,0.00020419290831480216,0.0,7656.271081707331,80.67751228012466
2489.946350098432,4943.206986228935,32.50271160062896,-121.4737544699667,393.8240577185996,26.330035720013026,-89.82487410696666,90.20053842993882,0.08208222728282961,256.8420716696645,1.0011076263540704,-2.591952415165896e-16,-4.627124030696632e-37,0.7409574403029873,0.00020396031972221435,0.0,7656.271163337962,80.65452826733205
2490.5463500984315,4927.415703879669,32.50271160046425,-121.47375441417195,393.8215732355796,26.307582930124983,-89.82487616513522,90.198612850994,0.08199582395558076,256.8412755779236,1.0011045233830191,-2.298855574093669e-16,-3.427858722824409e-37,0.7422204525884919,0.00020361230045262593,0.0,7656.271285609697,80.6201008495919
2490.946350098431,4916.89566042833,32.50271160035549,-121.47375437702858,393.8199198582192,26.292640721767928,-89.82487753411564,90.19732811930854,0.08193833249726123,256.84074813085647,1.001102467523253,-2.1221111621724546e-16,-2.806493862031305e-37,0.7430627798004036,0.00020338086145450237,0.0,7656.271367008314,80.59718156397194
2491.5463500984306,4901.126791409217,32.502711600193905,-121.47375432139307,393.8174441939109,26.2702667682459,-89.82487958292565,90.19539950487219,0.08185226092292475,256.83996185882813,1.0010994028270417,-1.8821437636980315e-16,-2.079102354226022e-37,0.744326748823657,0.00020303456049088414,0.0,7656.27148893289,80.5628509971296
2491.9463500984302,4890.621663934551,32.50271160008721,-121.47375428435565,393.8157966766719,26.255376969809593,-89.82488094568906,90.19411275236898,0.08179498997615638,256.83944093036865,1.001097372375215,-1.7374376775851006e-16,-1.7022253445913279e-37,0.7451697134531232,0.00020280426299030437,0.0,7656.27157010064,80.5399961193961
2492.5463500984297,4874.875129629858,32.50271159992874,-121.47375422887865,393.8133297741503,26.233081410596768,-89.8248829852045,90.19218111112514,0.08170924818778551,256.8386643947702,1.001094345629228,-1.5409689878512787e-16,-1.2610398936705587e-37,0.7464346379926394,0.00020245966824300563,0.0,7656.271691679768,80.50576192622043
2492.9463500984293,4864.384865870699,32.502711599824096,-121.47375419194661,393.81168807925,26.218243728515272,-89.82488434179423,90.19089234348908,0.08165219644654531,256.83814992961754,1.0010923403697918,-1.4224936644704349e-16,-1.0324523288541381e-37,0.7472782392265058,0.00020223050421710776,0.0,7656.271772617787,80.48297113934133
2493.546350098429,4848.660588108003,32.50271159966869,-121.4737541366273,393.8092298820906,26.19602612496198,-89.82488637207702,90.18895768368198,0.0815667824929721,256.83738304793496,1.0010893512524095,-1.26163870545883e-16,-7.648597050531638e-38,0.7485441180646026,0.00020188760370690696,0.0,7656.271893853168,80.44883284596374
2493.9463500984284,4838.185136090964,32.502711599566126,-121.47375409980015,393.80759397207805,26.181240267929486,-89.82488772254476,90.18766690635695,0.08150994866169561,256.8368749914787,1.0010873709725054,-1.1646393142981755e-16,-6.262142757674953e-38,0.7493883550927781,0.00020165956520610254,0.0,7656.271974562587,80.42610583514524
2494.546350098428,4822.4830371290445,32.50271159941381,-121.47375404463774,393.805144424351,26.159100184759,-89.82488974365677,90.18572923625707,0.0814248606073598,256.83611768218435,1.0010844191659534,-1.0329424119893144e-16,-4.639110716086862e-38,0.7506551870162638,0.00020131834706304367,0.0,7656.27209545591,80.39206297103644
2494.9463500984275,4812.022345175035,32.50271159931328,-121.47375400791496,393.80351426210336,26.144365863707645,-89.82489108802923,90.18443645478183,0.08136824340084439,256.83561598025454,1.0010824636544406,-9.53526027065912e-17,-3.7981832983051904e-38,0.7515000590310018,0.0002010914262100994,0.0,7656.272175937851,80.36939942369293
2495.546350098427,4796.34234771505,32.50271159916401,-121.47375395290874,393.80107330836825,26.122302868983805,-89.82489310004902,90.182495782901,0.08128347932565287,256.83486816240554,1.0010795488432227,-8.457017225848894e-17,-2.81376415752168e-38,0.7527678428299749,0.00020075187867212287,0.0,7656.2722964907925,80.33545152161807
2495.9463500984266,4785.89636443276,32.50271159906551,-121.47375391628977,393.7994488570871,26.107619797061627,-89.82489443837164,90.18120100295613,0.08122707746894837,256.8343727613813,1.0010776178910998,-7.80681085662992e-17,-2.3037156650323226e-38,0.7536133490262023,0.00020052606766139314,0.0,7656.272376746367,80.31285112735615
2496.546350098426,4770.238391596824,32.50271159891929,-121.47375386143892,393.7970164423878,26.085633462155975,-89.82489644134867,90.17925733735126,0.08114263546810019,256.8336343551075,1.0010747397639022,-6.924020112657045e-17,-1.7066350037086392e-38,0.7548820834954989,0.00020018817907331953,0.0,7656.272496960591,80.27899772336374
2496.9463500984257,4759.807065876201,32.50271159882283,-121.47375382492329,393.79539766559566,26.071001354704944,-89.82489777367104,90.17796056426425,0.0810864476964002,256.83314520202373,1.0010728331647245,-6.391676159981937e-17,-1.3972748149578328e-38,0.7557282230711558,0.00019996347016998397,0.0,7656.272576990907,80.25646017396608
2497.546350098425,4744.171041220427,32.50271159867965,-121.47375377022709,393.79297373545467,26.049091254264578,-89.82489976766723,90.17601391289358,0.08100232588024991,256.8324161280657,1.0010699914126127,-5.668908226170367e-17,-1.0351269235190494e-38,0.756997907009001,0.00019962722898214576,0.0,7656.272696868066,80.22270080734057
2497.946350098425,4733.75432224106,32.5027115985852,-121.4737537338143,393.7913605969916,26.034509828800264,-89.82490109402025,90.17471515233096,0.08094635093880409,256.83193317033334,1.0010681089614009,-5.2330618589774915e-17,-8.474903991626297e-39,0.7578446791641655,0.0001994036145213298,0.0,7656.27277667422,80.200225796737
2498.546350098424,4718.140169739723,32.50271159844504,-121.47375367927194,393.788945097405,26.01267554071579,-89.82490307911002,90.1727655235998,0.08086254743269634,256.8312133503787,1.0010653032791326,-4.6413095216168974e-17,-6.278365001688076e-39,0.7591153113731773,0.0001990690092885271,0.0,7656.272896215959,80.16656000998252
2498.946350098424,4707.738006960601,32.502711598352604,-121.47375364296147,393.787337561425,25.998144516905565,-89.82490439954121,90.17146478083522,0.08080678407669922,256.8307365359902,1.0010634447731737,-4.284468695604621e-17,-5.140291437189531e-39,0.7599627153107126,0.0001988464816745944,0.0,7656.272975799044,80.14414723423772
2499.5463500984233,4692.145651011728,32.50271159821545,-121.47375358857224,393.78493043885743,25.976385622279764,-89.82490637576777,90.16951218286823,0.08072329702082821,256.8300258924219,1.001060674858217,-3.799982856664486e-17,-3.808022591124914e-39,0.7612342945971622,0.00019851350105484176,0.0,7656.273095006989,80.11057457303959
2499.946350098423,4681.757994168438,32.50271159812501,-121.4737535523636,393.78332846982505,25.961904721921883,-89.82490769031635,90.16820946316126,0.08066774401531904,256.8295551699596,1.0010588400970977,-3.507826297165679e-17,-3.117745768607065e-39,0.7620823295227508,0.0001982920527606301,0.0,7656.273174368086,80.08822373033419
2500.5463500984224,4666.187359588221,32.50271159799085,-121.4737534981267,393.7809296712044,25.9402208050388,-89.82490965775415,90.1662539040901,0.08058457156457845,256.8288536259171,1.0010561056498686,-3.111162839644781e-17,-2.3096835005003344e-39,0.763354854696736,0.00019796068551404173,0.0,7656.273293243861,80.05474374353317
2500.946350098422,4655.814158694819,32.50271159790241,-121.47375346201942,393.7793332338915,25.92578975204221,-89.82491096645725,90.16494921291347,0.08052922768434834,256.82838894444706,1.0010542944350609,-2.871965278614465e-17,-1.8910092543277817e-39,0.7642035198185474,0.00019774030908007218,0.0,7656.273372384046,80.03245453414141
2501.5463500984215,4640.265170712024,32.50271159777123,-121.47375340793415,393.77694270660396,25.9041804003354,-89.82491292516613,90.16299070067872,0.08044636800817923,256.8276964238645,1.0010515951590735,-2.54720470588723e-17,-1.400894491780731e-39,0.7654769896941725,0.0001974105440677339,0.0,7656.273490929253,79.9990667737054
2501.946350098421,4629.906376060098,32.50271159768479,-121.47375337192771,393.7753517660864,25.889798920698624,-89.82491422807134,90.16168404330263,0.08039123203767294,256.82723773288274,1.0010498072937248,-2.35136630574655e-17,-1.1469556100306884e-39,0.7663262842227492,0.0001971912321014324,0.0,7656.2735698495935,79.97683889997316
2502.5463500984206,4614.3789603132755,32.50271159755659,-121.47375331799337,393.7729694579716,25.868263724722667,-89.82491617809453,90.1597225859976,0.0803086833199254,256.8265541605065,1.0010471428956589,-2.0854748362946023e-17,-8.496858451283328e-40,0.767600697618074,0.0001968630582843254,0.0,7656.273688065833,79.94354292097297
2502.94635009842,4604.0345224663615,32.50271159747211,-121.47375328208724,393.7713839796256,25.853931546514534,-89.8249174752452,90.15841396778369,0.08025375405314467,256.8261014100474,1.001045378185016,-1.9251359147585243e-17,-6.9566405789405135e-40,0.7684506207666072,0.00019664480345934143,0.0,7656.27376676739,79.92137608730489
2503.5463500984197,4588.528605001979,32.50271159734686,-121.47375322830304,393.7690098389719,25.832470099913355,-89.82491941665718,90.15644957313553,0.08017151449193098,256.8254267113609,1.001042748374424,-1.707442390776796e-17,-5.153607496120071e-40,0.7697259765035279,0.0001963182098971902,0.0,7656.273884656248,79.88817144788123
2503.9463500984193,4578.198474794626,32.502711597264344,-121.47375319249682,393.7674297884713,25.81818695325218,-89.82492070806967,90.15513899957595,0.08011679073233793,256.8249798519409,1.0010410066256117,-1.576167984220754e-17,-4.219417710792393e-40,0.7705765274877487,0.0001961010049526339,0.0,7656.273963140076,79.8660653607188
2504.5463500984188,4562.713982067071,32.50271159714207,-121.47375313886205,393.76506376401045,25.79679885272976,-89.82492264092825,90.15317167549608,0.08003485853989557,256.8243139530797,1.0010384111145882,-1.3979356006047474e-17,-3.1258223702730427e-40,0.7718528243917259,0.00019577598080279673,0.0,7656.274080703126,79.83295162205222
2504.9463500984184,4552.398110597394,32.50271159706151,-121.47375310315519,393.7634891073232,25.78256446976474,-89.82492392666256,90.151859151624,0.07998033910031721,256.82387293586163,1.0010366921372513,-1.290457206391128e-17,-2.559207366849469e-40,0.7727040024303409,0.00019555981854260055,0.0,7656.274158970271,79.81090598986376
2505.546350098418,4536.934969461523,32.50271159694216,-121.47375304966916,393.76113114822607,25.761249315056105,-89.82492585101517,90.14988890619614,0.07989871250286587,256.82321576373045,1.0010341306408888,-1.1445328720865872e-17,-1.895907963083213e-40,0.773981239330738,0.00019523635305904971,0.0,7656.274276209076,79.77788271615282
2505.9463500984175,4526.633308102377,32.50271159686355,-121.47375301406119,393.75956185161124,25.74706342994716,-89.82492713110435,90.14857443737543,0.07984439620541249,256.8227805401419,1.0010324342457038,-1.0565370050642773e-17,-1.5522384355984064e-40,0.7748330436443296,0.00019502122635110377,0.0,7656.274354260579,79.75589724939967
2506.546350098417,4511.191445812583,32.50271159674711,-121.47375296072316,393.75721190748277,25.725820823789608,-89.8249290470171,90.14660127843004,0.07976307344301899,256.82213202235346,1.0010299064818542,-9.370642644196808e-18,-1.1499268284295881e-40,0.7761112193742219,0.00019469930888335086,0.0,7656.274471176693,79.72296400783223
2506.9463500984166,4500.90394619666,32.50271159667046,-121.47375292521365,393.7556479374873,25.71168317268847,-89.82493032149414,90.14528486982321,0.07970895911898077,256.8217025444402,1.0010282324819073,-8.650193416269391e-18,-9.41480628791387e-41,0.7769636491862966,0.00019448521065894308,0.0,7656.274549013582,79.70103841896523
2507.546350098416,4485.483290397562,32.502711596556935,-121.47375287202289,393.7533059583622,25.690512720791784,-89.82493222902278,90.14330880508207,0.07962793844541288,256.8210626094587,1.0010257381717416,-7.672033342751971e-18,-6.974661937659117e-41,0.7782427625829793,0.00019416483065103394,0.0,7656.274665608547,79.66819477969584
2507.9463500984157,4475.2099044229835,32.50271159648223,-121.47375283661133,393.7517472818179,25.67642304182202,-89.82493349792901,90.14199046196151,0.07957402493517422,256.8206388296514,1.001024086381619,-7.082179401214452e-18,-5.710371255223511e-41,0.7790958171193295,0.000193951753904057,0.0,7656.274743231851,79.64632878312732
2508.546350098415,4459.810383158736,32.5027115963716,-121.47375278356715,393.7494132181559,25.65532435284187,-89.82493539713349,90.14001149916331,0.07949330461778381,256.82000740648056,1.0010216252484114,-6.2813296640598856e-18,-4.230348222335566e-41,0.7803758670232792,0.00019363290089345207,0.0,7656.274859507202,79.61357431924178
2508.9463500984148,4449.551062984392,32.50271159629881,-121.47375274825308,393.74785980217655,25.641282386082278,-89.82493666050814,90.13869122655693,0.079439590770738,256.81958927770717,1.0010199954846382,-5.798398100168475e-18,-3.463516813335125e-41,0.7812295455121931,0.00019342083867979778,0.0,7656.274936917936,79.59176763133591
2509.546350098414,4434.172604686581,32.50271159619106,-121.4737526953548,393.74553360485766,25.62025507158997,-89.82493855144212,90.136709373713,0.07935916909031165,256.81896629608866,1.0010175672545383,-5.142717788873174e-18,-2.5658370602294756e-41,0.7825105307678076,0.00019310350229639843,0.0,7656.275052875194,79.55910191882963
2509.946350098414,4423.927302726544,32.50271159612019,-121.47375266013773,393.7439854168357,25.60626055905413,-89.82493980931822,90.13538717672687,0.07930565376476338,256.8185537718308,1.0010159593357968,-4.7473268641390215e-18,-2.100730089183241e-41,0.7833648324403629,0.00019289244773327817,0.0,7656.27513007437,79.53735425788469
2510.5463500984133,4408.569836213253,32.50271159601533,-121.47375260738465,393.74166703715616,25.585304233511497,-89.82494169202496,90.13340244119325,0.07922552901540089,256.8179391622341,1.001013563737792,-4.210501226725686e-18,-1.5562595497191223e-41,0.7846467518957825,0.0001925766176984596,0.0,7656.275245715045,79.50477687564073
2510.946350098413,4398.3385051433,32.50271159594638,-121.47375257226413,393.7401240447601,25.5713569191298,-89.82494294443971,90.1320783251004,0.07917221107848849,256.8175321962965,1.0010119774840245,-3.886782515729856e-18,-1.2741577839636215e-41,0.7855016759851248,0.0001923665639636595,0.0,7656.275322703667,79.48308796186369
2511.5463500984124,4383.00195961725,32.50271159584437,-121.47375251965556,393.7378134344277,25.550471199859473,-89.82494481899376,90.13009071464124,0.0790923815674667,256.8169258898343,1.0010096142496085,-3.4472668554000073e-18,-9.439195588964476e-42,0.7867845284921261,0.00019205223008921478,0.0,7656.275438029261,79.45059849162062
2511.946350098412,4372.784552367404,32.50271159577733,-121.47375248463115,393.73627560559873,25.536570829461606,-89.8249460659843,90.12876468455336,0.07903925989507257,256.8165244365051,1.0010080494826417,-3.182228390191778e-18,-7.728161113102785e-42,0.7876400742339227,0.00019184317042051085,0.0,7656.275514808329,79.42896804711766
2512.5463500984115,4357.468857411295,32.50271159567818,-121.47375243216636,393.7339727167287,25.51575533662259,-89.82494793242684,90.12677420676445,0.0789597239427231,256.8159263650278,1.0010057183461842,-2.822383401032951e-18,-5.7251641207796695e-42,0.7889238586480511,0.0001915303226077493,0.0,7656.27562982033,79.39656607345229
2512.946350098411,4347.265327163041,32.50271159561302,-121.47375239723759,393.7324400196784,25.501901657918907,-89.82494917403872,90.12544626768405,0.0789067974193855,256.81553037908293,1.0010041748897454,-2.605388257861143e-18,-4.68736878130466e-42,0.7897800252805528,0.0001913222503022518,0.0,7656.275706390832,79.37499382221134
2513.5463500984106,4331.9704127423465,32.50271159551671,-121.47375234491594,393.7301448047889,25.48115601447696,-89.82495103242759,90.12345293029793,0.07882755335896469,256.8149404749594,1.001001875587637,-2.3107720975961416e-18,-3.472489143903702e-42,0.7910647404606352,0.0001910108785409105,0.0,7656.275821090728,79.34267893250102
2513.94635009841,4321.780712928623,32.50271159545345,-121.47375231008238,393.72861720799585,25.467348777041707,-89.82495226868343,90.12212308729296,0.07877482087779838,256.81454991162497,1.0010003532672083,-2.133111499829098e-18,-2.8430341669116952e-42,0.7919215272245061,0.00019080378695442534,0.0,7656.275897453648,79.32116460037528
2514.5463500984097,4306.506509378552,32.50271159535996,-121.47375225790317,393.72632962000364,25.446672608745285,-89.8249541190703,90.1201268977338,0.07869586705535893,256.81396810806103,1.0009980855391016,-1.891900188002322e-18,-2.106172085226955e-42,0.7932071720334873,0.00019049388132187208,0.0,7656.276011842905,79.28893638478951
2514.9463500984093,4296.330593682826,32.502711595298585,-121.47375222316435,393.72480709221117,25.432911563997752,-89.82495535000727,90.11879515575356,0.07864332751796893,256.81358292295675,1.0009965841816995,-1.7464439923585666e-18,-1.7243881698545458e-42,0.7940645781717188,0.00019028776386823034,0.0,7656.27608799922,79.26747969947714
2515.5463500984088,4281.077031717636,32.50271159520791,-121.47375217112692,393.72252708442784,25.412304499350657,-89.8249571924479,90.1167961214485,0.07856466229224413,256.81300915363494,1.0009943477691052,-1.5489568725045162e-18,-1.2774585229091436e-42,0.7953511514756341,0.0001899793145283722,0.0,7656.276202079301,79.23533775093759
2515.9463500984084,4270.91485406924,32.50271159514841,-121.47375213648239,393.7210095946405,25.39858940053876,-89.82495841810531,90.11546248561847,0.07851231460864352,256.8126293028631,1.0009928672036275,-1.4298674113799004e-18,-1.0458947679704998e-42,0.7962091762337653,0.0001897741646788543,0.0,7656.2762780299845,79.2139384419704
2516.546350098408,4255.681864768267,32.50271159506054,-121.47375208458607,393.7187371207678,25.378051070774298,-89.82496025264928,90.11346061427449,0.07843393635091374,256.81206350223863,1.0009906618510678,-1.2681786323053251e-18,-7.748181115871936e-43,0.7974966769026604,0.00018946716188132044,0.0,7656.276391802339,79.18188235613835
2516.9463500984075,4245.533379346132,32.502711595002886,-121.47375205003537,393.71722463824943,25.36438167295729,-89.82496147306846,90.11212508941752,0.07838177943944748,256.81168894222526,1.0009892019076736,-1.1706764276850004e-18,-6.343675309256714e-43,0.7983553195283006,0.00018926297316398084,0.0,7656.276467548352,79.16054015485962
2517.546350098407,4230.32089415472,32.50271159491782,-121.47375199827948,393.71495965237534,25.343911712013032,-89.82496329977155,90.11012038830395,0.07830368653342351,256.8111310454267,1.0009870273622958,-1.0382968512450405e-18,-4.699511532291393e-43,0.7996437464359136,0.00018895740724317453,0.0,7656.276581014423,79.12856953010899
2517.9463500984066,4220.186055380851,32.502711594862035,-121.47375196382221,393.71345214664586,25.33028777204477,-89.82496451496476,90.10878297937441,0.07825171932068407,256.81076173304837,1.0009855878729004,-9.58468797477329e-19,-3.8476353130019986e-43,0.8005030061791271,0.00018875417324228541,0.0,7656.276656556725,79.10728416966298
2518.546350098406,4204.994006115012,32.502711594779754,-121.47375191220611,393.71119460324104,25.309885816537868,-89.82496633387865,90.10677545598195,0.07817391016239653,256.81021167567997,1.0009834438837057,-8.500855666883793e-19,-2.8503991210141483e-43,0.8017923582022429,0.0001884500346164159,0.0,7656.276769717945,79.07539860705015
2518.9463500984057,4194.8727686489,32.50271159472583,-121.47375187784182,393.7096920440739,25.296307093050146,-89.82496754389557,90.10543616796272,0.07812213158314117,256.80984756836403,1.0009820246823715,-7.847278838220752e-19,-2.3337098417154962e-43,0.8026522343158592,0.00018824774897190604,0.0,7656.27684505749,79.05416982237053
2519.546350098405,4179.701087482274,32.50271159464631,-121.47375182636485,393.7074418979871,25.27597278225074,-89.82496935508021,90.10342582968065,0.0780446045808069,256.8093052867486,1.0009799110011615,-6.959911992657645e-19,-1.7288552423482921e-43,0.8039425103351734,0.00018794502814216163,0.0,7656.276957915281,79.022368925618
2519.9463500984048,4169.593406232074,32.50271159459422,-121.4737517920931,393.70594425540656,25.262439035635417,-89.82497055995597,90.102084667734,0.07799301357788774,256.80894634209005,1.000978511922604,-6.424808541171501e-19,-1.415467210968738e-43,0.8048030020736823,0.00018774368454886514,0.0,7656.277033053011,79.00119645339568
2520.546350098404,4154.442025699653,32.502711594517464,-121.47375174075457,393.703701461861,25.242172011444577,-89.82497236344223,90.10007152171706,0.07791576715180731,256.80841177314056,1.000976428303481,-5.698294012242272e-19,-1.0486041856242686e-43,0.8060942009732394,0.00018744237209852412,0.0,7656.277145608784,78.96947982886836
2520.946350098404,4144.347855802625,32.502711594467215,-121.47375170657493,393.7022087061398,25.2286830038395,-89.82497356321196,90.09872849026637,0.07786436267608365,256.8080579494251,1.0009750491851082,-5.260188358499755e-19,-8.585246501145243e-44,0.8069553075942824,0.00018724196430582255,0.0,7656.2772205456395,78.94836340756001
2521.5463500984033,4129.216708796099,32.502711594393205,-121.47375165537426,393.6999732207292,25.208482910761422,-89.82497535905564,90.0967125442089,0.07778739525851329,256.8075310306255,1.0009729953843998,-4.665368568483472e-19,-6.360108765469552e-44,0.8082474282616379,0.00018694205089932555,0.0,7656.2773328008025,78.91673066423644
2521.946350098403,4119.136005635373,32.50271159434479,-121.47375162128627,393.6984853223856,25.195038406032342,-89.82497655374617,90.09536764836686,0.07773617626878701,256.8071822862855,1.0009716360641912,-4.3066779950848266e-19,-5.207217582594678e-44,0.8091091490244293,0.00018674257271034426,0.0,7656.277407537716,78.89567003402554
2522.5463500984024,4104.025025400333,32.502711594273514,-121.47375157022279,393.6962571010702,25.174904891154444,-89.82497834200309,90.09334890933033,0.07765948630383723,256.80666295577277,1.0009696118407705,-3.819680738310789e-19,-3.857602712554576e-44,0.8104021903506419,0.00018644404909252837,0.0,7656.27751949366,78.86412078348529
2522.946350098402,4093.957744587213,32.502711594226916,-121.47375153622605,393.6947740308659,25.161504654880375,-89.82497953164955,90.0920021538724,0.07760845176676584,256.8063192498434,1.0009682721590552,-3.526009733734656e-19,-3.1583385461170033e-44,0.8112645245173183,0.0001862454943637541,0.0,7656.277594031556,78.84311568628692
2523.5463500984015,4078.8668647231534,32.50271159415837,-121.47375148529913,393.6925530299692,25.14143736784616,-89.82498131236935,90.08998062904645,0.07753203771028082,256.80580744626536,1.0009662772737864,-3.1272901011902426e-19,-2.3397553778798927e-44,0.8125584853967166,0.00018594835135890423,0.0,7656.277705689668,78.81164954267781
2523.946350098401,4068.812962106429,32.50271159411358,-121.4737514513932,393.6910747589064,25.12808116730254,-89.82498249701312,90.08863201896,0.07748118660031016,256.8054687380591,1.0009649570719747,-2.886852617395803e-19,-1.9156300296017257e-44,0.8134214322313816,0.0001857507139994896,0.0,7656.27778002947,78.79069972210984
2524.5463500984006,4053.742116556503,32.50271159404775,-121.47375140060221,393.6888609351107,25.10807976028856,-89.82498427023286,90.0866077154916,0.07740504691975052,256.8049644007872,1.0009629912885425,-2.5604085909356784e-19,-1.4191340156676197e-44,0.8147163115622055,0.00018545494251058644,0.0,7656.277891391125,78.75931630213495
2524.9463500984,4043.701548217796,32.502711594004765,-121.47375136678667,393.68738743442975,25.094767364432006,-89.82498544990285,90.08525725553382,0.07735437821903896,256.8046306499788,1.0009616904094558,-2.363555027892091e-19,-1.1618888718638216e-44,0.8155798703311735,0.00018525821648183183,0.0,7656.277965533745,78.73842150350733
2525.5463500983997,4028.6506712753326,32.50271159394165,-121.47375131613097,393.68518074477305,25.074831492125963,-89.82498721568257,90.08323018050429,0.0772785113933845,256.8041337188848,1.0009597534934953,-2.096285263091562e-19,-8.607486805948848e-45,0.8168756670147833,0.00018496380748966507,0.0,7656.278076600312,78.70712042639705
2525.9463500983993,4018.623393523507,32.502711593900464,-121.47375128240544,393.68371198595014,25.06156267157917,-89.82498839039519,90.08187787531647,0.07722802409172735,256.80380488561974,1.0009584717817908,-1.935115196463823e-19,-7.047215431476904e-45,0.8177398369869038,0.00018476798680451575,0.0,7656.278150546658,78.68628039670222
2526.5463500983988,4003.5924198282883,32.50271159384003,-121.47375123188439,393.6815123878219,25.04169199115459,-89.82499014878655,90.0798480362765,0.0771524286113598,256.80331530105616,1.0009565635008104,-1.7162932196884098e-19,-5.220707015449069e-45,0.8190365499278639,0.00018447493136682723,0.0,7656.278261319494,78.65506128418839
2526.9463500983984,3993.5783892013133,32.50271159380064,-121.47375119824842,393.68004834256647,25.028466518190076,-89.82499131859362,90.07849389045009,0.07710212170611731,256.8029913458307,1.0009553008025123,-1.5843383290825524e-19,-4.27435416073655e-45,0.819901330374208,0.00018428001008927438,0.0,7656.278335070471,78.63427577208081
2527.546350098398,3978.567253727466,32.502711593742895,-121.47375114786142,393.6778557937047,25.008660689285087,-89.82499306963376,90.07646129422136,0.07702679607270822,256.8025090489176,1.0009534209270123,-1.4051820464568837e-19,-3.166520304431019e-45,0.8211989584811045,0.00018398829934007841,0.0,7656.2784455509245,78.60313824838902
2527.9463500983975,3968.566426991485,32.5027115937053,-121.47375111431461,393.67639643395717,24.995478337811022,-89.82499423455586,90.0751053126791,0.07697666856873778,256.80218993257495,1.0009521770894967,-1.297146519022244e-19,-2.5925280231680008e-45,0.8220643486748914,0.0001837942715846376,0.0,7656.278519107426,78.5824070041725
2528.546350098397,3953.5750650595874,32.50271159365022,-121.47375106406102,393.6742108924442,24.97573702250607,-89.82499597829646,90.07306996654931,0.07690161129515663,256.80171486480424,1.0009503253914271,-1.1504657601824177e-19,-1.9205925191171513e-45,0.8233628908590571,0.00018350389673328619,0.0,7656.278629296838,78.55135069598622
2528.9463500983966,3943.5873992070556,32.50271159361439,-121.47375103060297,393.67275619037366,24.962597568051493,-89.82499713837707,90.0717121540285,0.07685166220474234,256.8014005485393,1.0009491002634412,-1.062013751056485e-19,-1.572448444410886e-45,0.8242288900756617,0.0001833107566644743,0.0,7656.278702659756,78.53067347160037
2529.546350098396,3928.6157464683056,32.50271159356198,-121.47375098048221,393.6705776146332,24.94292043084704,-89.82499887486152,90.06967406469062,0.07677687181493846,256.8009326521305,1.000947276517588,-9.419217023797353e-20,-1.1648987752666789e-45,0.8255283452523154,0.00018302170899499827,0.0,7656.278812559455,78.49969800805384
2529.9463500983957,3918.6411987142637,32.50271159352792,-121.47375094711246,393.66912754263495,24.92982365054617,-89.82500003011914,90.06831442596675,0.07672710015771651,256.8006230975255,1.0009460699493888,-8.695033220173368e-20,-9.537386243211246e-46,0.8263949527694433,0.00018282945082681164,0.0,7656.278885729676,78.47907455706026
2530.546350098395,3903.6891911597922,32.502711593478175,-121.47375089712389,393.6669558914282,24.91021035833914,-89.82500175940329,90.06627360074347,0.07665257518662134,256.80016231507335,1.000944273932,-7.711802681318059e-20,-7.065471426711497e-46,0.8276953198566643,0.0001825417216969959,0.0,7656.278995340989,78.44817956970202
2530.9463500983948,3893.7277189390734,32.50271159344587,-121.47375086384211,393.66551042212126,24.897156030917706,-89.82500290986476,90.06491214022984,0.07660297998951285,256.7998574841443,1.0009430857755355,-7.118891127794572e-20,-5.784719790051606e-46,0.828562534954442,0.00018235033969242633,0.0,7656.279068319391,78.42760964727385
2531.546350098394,3878.7952928896993,32.50271159339876,-121.47375081398516,393.6633456545437,24.877606252981334,-89.82500463199203,90.06286858605246,0.07652871898293466,256.799403758856,1.0009413172652464,-6.313890044717149e-20,-4.285426986585015e-46,0.8298638128738254,0.0001820639205331519,0.0,7656.279177643629,78.39679477005808
2531.946350098394,3868.8468538587913,32.50271159336822,-121.47375078079091,393.6619047607691,24.864594158741188,-89.8250057777092,90.06150530846445,0.07647929928007763,256.7991036139359,1.0009401473736999,-5.828455119850803e-20,-3.508611499637419e-46,0.8307316348344906,0.00018187340900362306,0.0,7656.279250431082,78.37627813296062
2532.5463500983933,3853.933945965953,32.50271159332373,-121.47375073106491,393.65974683624705,24.84510756670254,-89.8250074927146,90.05945903219857,0.07640530079459998,256.79865688951963,1.0009384061510989,-5.1693759739667995e-20,-2.5992440345765785e-46,0.8320338225108523,0.00018158829131805656,0.0,7656.279359469552,78.3455430022212
2532.946350098393,3843.998498002067,32.50271159329494,-121.47375069795778,393.6583104910651,24.832137487507723,-89.8250086337018,90.05809394233752,0.07635605562728372,256.79836139324607,1.0009372543788402,-4.771935470607371e-20,-2.1280814114037002e-46,0.8329022506186892,0.00018139864462292322,0.0,7656.279432066929,78.32507940879862
2533.5463500983924,3829.1050452403724,32.50271159325308,-121.47375064836223,393.6561593693523,24.81271375532693,-89.82501034164125,90.0560449508683,0.07628231823016171,256.7979216140529,1.0009355402270217,-4.2323271027793646e-20,-1.576521913086128e-46,0.8342053469804919,0.00018111481998582687,0.0,7656.2795408209295,78.29442366323558
2533.946350098392,3819.1825464358553,32.50271159322603,-121.47375061534181,393.65472754604036,24.799785474589907,-89.8250114779274,90.0546780531126,0.07623324664675732,256.7976307294797,1.000934406430044,-3.9069303387247666e-20,-1.2907472069877113e-46,0.8350743805221703,0.00018092603253192424,0.0,7656.279613229089,78.2740128734025
2534.5463500983915,3804.308486108668,32.502711593186774,-121.47375056587606,393.6525831872147,24.780424278538316,-89.82501317884218,90.05262635342574,0.07615976891582324,256.79719784026895,1.0009327191336932,-3.465136371416851e-20,-9.56209309083064e-47,0.836378384500818,0.000180643492588823,0.0,7656.279721699909,78.24343615405206
2534.946350098391,3794.398894772865,32.50271159316148,-121.47375053294203,393.6511558592654,24.767537581205442,-89.82501431046457,90.05125765261234,0.07611086997171916,256.79691153075794,1.00093160316919,-3.1987240325580524e-20,-7.828781095586244e-47,0.8372480227650828,0.0001804555588299309,0.0,7656.279793919706,78.22307792927556
2535.5463500983906,3779.544164505787,32.502711593124815,-121.47375048360547,393.6490182237256,24.748238599845617,-89.82501600440435,90.04920325139018,0.07603765049528269,256.79648547682336,1.0009299425150753,-2.8370137234031004e-20,-5.799705257424852e-47,0.8385529332952731,0.00018017429529643955,0.0,7656.279902108625,78.19257987949682
2535.94635009839,3769.647439163178,32.50271159310124,-121.47375045075736,393.6475953648444,24.735393272383902,-89.82501713138772,90.04783275190896,0.07598892325282107,256.796203706064,1.0009288442415163,-2.6188937476177642e-20,-4.748397913302016e-47,0.8394231755729674,0.00017998720973281428,0.0,7656.2799741409135,78.17227398278506
2536.5463500983897,3754.811976899393,32.50271159306717,-121.47375040154945,393.645464413307,24.71615618654837,-89.8250188183959,90.04577565620629,0.07591596062956786,256.7957844332777,1.0009272100186606,-2.3227503925008678e-20,-3.517700649166085e-47,0.8407289915928823,0.00017970721439392327,0.0,7656.280082049203,78.14185424824132
2536.9463500983893,3744.928076288663,32.50271159304532,-121.47375036878691,393.6440459974099,24.703352016931344,-89.82501994076713,90.0444033625164,0.0758674041579791,256.7955071652571,1.0009261292956773,-2.1441688596770018e-20,-2.8800502233691e-47,0.8415998371768825,0.00017952097157180287,0.0,7656.280153894828,78.12160044412894
2537.5463500983888,3730.111820289865,32.50271159301382,-121.47375031970707,393.6419216909058,24.684176509702848,-89.82502162088086,90.04234357913266,0.0757946969968796,256.7950946199924,1.0009245212950564,-1.9017071864535202e-20,-2.133594261760436e-47,0.8429065576278952,0.00017924223628114805,0.0,7656.2802615237515,78.0912586727667
2537.9463500983884,3720.2407033536583,32.50271159299369,-121.47375028702969,393.64050769211747,24.671413287397023,-89.82502273867719,90.04096949583106,0.07574631037221041,256.7948218192263,1.0009234579843391,-1.7554969929538312e-20,-1.7468395531663242e-47,0.8437780058138704,0.0001790568307923612,0.0,7656.280333183554,78.07105672731088
2538.546350098388,3705.443592203781,32.50271159296476,-121.47375023807732,393.6383899919889,24.6522990440872,-89.82502441194823,90.03890703128387,0.07567385729242676,256.7944159481678,1.0009218759981429,-1.5569861637673206e-20,-1.2940909212659187e-47,0.8450856296400014,0.00017877934747143807,0.0,7656.2804405343695,78.04079256933184
2538.9463500983875,3695.585218102671,32.502711592946326,-121.47375020548472,393.6369803846405,24.639576560038922,-89.82502552518821,90.0375311630295,0.07562563959749226,256.7941475792863,1.0009208299618289,-1.4372793814075733e-20,-1.05951222646969e-47,0.8459576797250429,0.00017859477395279643,0.0,7656.2805120091825,78.02064225008435
2539.546350098387,3680.807190691121,32.50271159291998,-121.47375015665924,393.63486925253807,24.62052326816967,-89.82502719165996,90.03546602434166,0.07555343922827476,256.7937483298431,1.0009192737850707,-1.2747524600166029e-20,-7.849061757042303e-48,0.8472662058742273,0.00017831853459042847,0.0,7656.280619083138,77.99045535794454
2539.9463500983866,3670.9615187868476,32.502711592903246,-121.47375012415107,393.63346401116524,24.607841314792203,-89.82502830037254,90.03408837532643,0.0755053895525828,256.7934843580045,1.0009182448873555,-1.1767448355143186e-20,-6.42626940753657e-48,0.8481388571581862,0.0001781347877234156,0.0,7656.28069037379,77.97035643395556
2540.546350098386,3656.202514317818,32.50271159287944,-121.47375007545192,393.63135940904453,24.58884866407531,-89.82502996008425,90.03202056894014,0.07543344053318575,256.7930916779822,1.0009167143165947,-1.0436790461814427e-20,-4.760698761845686e-48,0.8494482845812441,0.00017785978437494457,0.0,7656.280797172123,77.94024646233328
2540.9463500983857,3646.3695041881874,32.50271159286441,-121.47375004302776,393.62995850838536,24.576207035234578,-89.82503106431501,90.03064114366029,0.0753855579728869,256.7928320684058,1.000915702421911,-9.634371896113281e-21,-3.897731188609537e-48,0.8503215363652744,0.00017767685888508137,0.0,7656.280868279442,77.92019870411949
2541.546350098385,3631.6294621750712,32.50271159284313,-121.47374999445435,393.6278603985039,24.557274717552293,-89.82503271729345,90.02857067652036,0.07531385895247365,256.79244590609454,1.0009141972555953,-8.544921352213112e-21,-2.8875110685304915e-48,0.8516318640161937,0.00017740308367172146,0.0,7656.28097480339,77.89016530990052
2541.9463500983848,3621.809073594399,32.50271159282978,-121.47374996211386,393.6264638134968,24.544673208555533,-89.82503381706097,90.02718947960953,0.07526614261028837,256.7921906245758,1.0009132022306229,-7.887956592734752e-21,-2.3640945399584937e-48,0.8525057156043433,0.00017722097432831902,0.0,7656.28104572819,77.87016848945503
2542.546350098384,3607.0879338579252,32.502711592811046,-121.47374991366564,393.6243721584115,24.525800917941165,-89.82503546337246,90.02511635809675,0.07519469224784045,256.7918109287352,1.000911722269029,-6.995989924551368e-21,-1.7513647865536516e-48,0.8538169424402384,0.00017694841943648057,0.0,7656.281151978971,77.84021133171375
2542.946350098384,3597.280126808211,32.50271159279939,-121.47374988140847,393.62297986419327,24.513239325522616,-89.82503655869526,90.02373339391185,0.07514714123300577,256.7915599412742,1.0009107439812444,-6.458112669905188e-21,-1.433896470386236e-48,0.854691393138328,0.00017676712105204592,0.0,7656.281222722068,77.82026522247756
2543.5463500983833,3582.5778294727206,32.502711592783164,-121.4737498330849,393.62089462675704,24.49442675814109,-89.82503819837076,90.02165762467709,0.07507593819723041,256.7911866611637,1.0009092890265985,-5.72783212472142e-21,-1.0622569205045899e-48,0.8560035181195673,0.00017649577873267934,0.0,7656.281328700901,77.79038396245954
2543.946350098383,3572.7825641408563,32.50271159277318,-121.47374980091058,393.61950659866096,24.481904880450102,-89.82503928928818,90.02027289770324,0.07502855162544148,256.7909399340131,1.0009083273444626,-5.287455473018777e-21,-8.697025660497503e-49,0.8568785672352931,0.00017631528616250504,0.0,7656.2813992631045,77.77048833931275
2544.5463500983824,3558.0990496352315,32.502711592759454,-121.4737497527111,393.6174277420198,24.46315173458025,-89.82504092237322,90.01819448756432,0.07495759459468916,256.79057301933005,1.0009068972006976,-4.689552329664708e-21,-6.442916825913509e-49,0.8581915893252098,0.00017604514873044303,0.0,7656.281504971199,77.74068264041655
2544.946350098382,3548.316286404617,32.502711592751155,-121.47374972061931,393.6160439555735,24.450669371169415,-89.82504200890591,90.01680800201333,0.07491037158803587,256.79033051919305,1.0009059519944274,-4.329002420387729e-21,-5.2750151005656624e-49,0.8590672361687596,0.00017586545687225139,0.0,7656.28157535331,77.72083727967501
2545.5463500983815,3533.6514954539016,32.502711592739935,-121.47374967254336,393.61397144316396,24.43197534718361,-89.82504363543555,90.01472695710954,0.07483965925020147,256.78996992019995,1.0009045464676782,-3.839480727402305e-21,-3.907828362833438e-49,0.8603811543341976,0.00017559651670558254,0.0,7656.281680791865,77.69110680743673
2545.946350098381,3523.8811949128285,32.50271159273329,-121.47374964053375,393.6125918740878,24.419532298994532,-89.82504471761456,90.01333871735176,0.07479259893711351,256.7897316139272,1.0009036176080661,-3.544287427355563e-21,-3.1994598380435314e-49,0.861257398217368,0.00017541762049896745,0.0,7656.281750994683,77.671311486826
2546.5463500983806,3509.2350685475394,32.502711592724566,-121.47374959258076,393.6105256696335,24.400897099341048,-89.82504633763854,90.01125504475311,0.07472212998956233,256.7893772811611,1.0009022365055384,-3.1435009612415876e-21,-2.3702187884755525e-49,0.8625722114276506,0.00017514987003831105,0.0,7656.281856164895,77.64165590889219
2546.94635009838,3499.47719147522,32.50271159271958,-121.47374956065298,393.60915029383847,24.38849316869352,-89.82504741548867,90.00986505518739,0.07467523150474435,256.78914313611256,1.0009013238653615,-2.901817127324591e-21,-1.9405713652186192e-49,0.8634490516649589,0.0001749717644644598,0.0,7656.281926189211,77.62191040755202
2547.5463500983797,3484.849671019241,32.50271159271334,-121.47374951282242,393.6070903613478,24.369916497878865,-89.8250490290379,90.00777876096535,0.07460500465421886,256.7887950206603,1.0008999669964036,-2.5736809206521068e-21,-1.4376110165619286e-49,0.8647647588927674,0.00017470519621243913,0.0,7656.282031092263,77.59232939367391
2547.9463500983793,3475.1041783988476,32.50271159271,-121.4737494809761,393.60571915493364,24.357551488458608,-89.825050102586,90.00638702591121,0.07455826713860626,256.788565004317,1.0008990704489105,-2.3758069324295776e-21,-1.1770165634613033e-49,0.8656421948001591,0.0001745278762935799,0.0,7656.282100938867,77.5726334921318
2548.5463500983788,3460.495205468498,32.50271159270622,-121.47374943326744,393.6036654586968,24.339033053028444,-89.82505170970813,90.00429811691569,0.07448828110113902,256.78822305776066,1.0008977376248014,-2.1071517276433285e-21,-8.719555532126518e-50,0.8669587950214213,0.00017426248281416588,0.0,7656.282205575939,77.54312671414448
2548.9463500983784,3450.7620584769174,32.502711592704514,-121.47374940150215,393.60229839795034,24.32670676987479,-89.82505277897903,90.00290464072522,0.07444170370183241,256.7879971379492,1.0008968570445884,-1.9451462075366896e-21,-7.138969560679799e-50,0.8678368259170476,0.00017408594361322752,0.0,7656.282275245613,77.52348019431248
2549.546350098378,3436.171574983746,32.5027115927032,-121.47374935391484,393.60025090253663,24.308246278396467,-89.82505437971125,90.00081312299895,0.0743719572026676,256.78766131224194,1.000895548078053,-1.7251899284334194e-21,-5.288680164657249e-50,0.8691543181104904,0.0001738217175310878,0.0,7656.282379617877,77.4940473261141
2549.9463500983775,3426.4507349915802,32.502711592703136,-121.4737493222303,393.5988879639296,24.295958527890274,-89.82505544473808,89.99941791004525,0.07432553907287762,256.78743945709266,1.0008946833408998,-1.5925510263686035e-21,-4.330005878459184e-50,0.870032943314582,0.0001736459541512745,0.0,7656.2824491114025,77.47444997127555
2550.546350098377,3411.878683133051,32.50271159270428,-121.4737492747638,393.5968466341843,24.277555690934392,-89.82505703911133,89.99732379007811,0.07425603084637906,256.78710970473304,1.0008933980467896,-1.4124660555397332e-21,-3.2077481221359565e-50,0.8713513264623746,0.0001733828881512143,0.0,7656.28255322002,77.44509068881601
2550.9463500983766,3402.1701117064804,32.50271159270584,-121.47374924315963,393.5954877943718,24.265306280786323,-89.82505809991892,89.99592684453867,0.07420977114537414,256.78689188259193,1.0008925490293163,-1.3038705068857163e-21,-2.6262825115205774e-50,0.8722305452969443,0.00017320789573557334,0.0,7656.282622538167,77.42554228361124
2551.546350098376,3387.6164339743555,32.502711592709424,-121.47374919581341,393.59345259541436,24.24696081091079,-89.82505968797875,89.99383012880925,0.07414049993495711,256.7865681563761,1.000891287223642,-1.1564294024505538e-21,-1.945598465913964e-50,0.8735498183837448,0.00017294598256187323,0.0,7656.2827263842955,77.39625626486874
2551.9463500983757,3377.9200928630307,32.502711592712615,-121.47374916428926,393.592097831233,24.23474955015067,-89.82506074459188,89.99243145485862,0.07409439782800213,256.7863543361091,1.000890453804496,-1.067518886727918e-21,-1.592921585772357e-50,0.8744296301735506,0.00017277175629301346,0.0,7656.282795527833,77.37675659529705
2552.546350098375,3363.3847320377827,32.50271159271864,-121.4737491170628,393.5900687284533,24.216461161881487,-89.82506232637968,89.99033214987891,0.074025362386043,256.786036589183,1.0008892153046316,-9.46804319726553e-22,-1.1800656555434914e-50,0.8757497921868169,0.0001725109887488271,0.0,7656.282899112621,77.34754352026076
2552.9463500983748,3353.7005831887946,32.50271159272344,-121.47374908561825,393.58871801691953,24.204287860845902,-89.82506337882525,89.98893175152601,0.07397941704435636,256.7858267397473,1.0008883973628155,-8.740105459112883e-22,-9.6615621788168e-51,0.8766301962579719,0.000172337523848368,0.0,7656.282968082313,77.32809237365203
2553.546350098374,3339.183482325636,32.50271159273189,-121.47374903851106,393.58669497597583,24.1860562706612,-89.82506495436992,89.98682986329332,0.07391061613210476,256.7855149259474,1.0008871819888272,-7.751778171267921e-22,-7.157463247377322e-51,0.8779512461890385,0.00017207789479526701,0.0,7656.283071406904,77.2989519243205
2553.946350098374,3329.5114878751338,32.50271159273833,-121.47374900714588,393.5853482942839,24.173920740981387,-89.82506600267067,89.98542774497481,0.07386482673279635,256.78530901656114,1.0008863794043612,-7.15579315608722e-22,-5.86003633630734e-51,0.8788322418696402,0.00017190518652349693,0.0,7656.28314020351,77.27954908932958
2554.5463500983733,3315.0125903161243,32.50271159274918,-121.47374896015737,393.5833312811002,24.155745667293807,-89.82506757202398,89.9833232801589,0.07379625912030625,256.78500309002226,1.0008851869774773,-6.34661920785284e-22,-4.3412228715327664e-51,0.8801541787124316,0.00017164668888074993,0.0,7656.283243269038,77.25048094967896
2554.946350098373,3305.3527125874534,32.50271159275721,-121.4737489288711,393.5819886066208,24.143647721886552,-89.82506861620888,89.98191944619334,0.07375062484633065,256.78480109022297,1.000884399631626,-5.858667945398226e-22,-3.5542933148154506e-51,0.881035765332605,0.0001714747325362923,0.0,7656.283311893312,77.23112621628066
2555.5463500983724,3290.871961957775,32.50271159277048,-121.4737488820008,393.5799775873844,24.125528885027745,-89.82507017940183,89.9798124108725,0.07368228931238394,256.7845010054481,1.0008832299745103,-5.196172346466706e-22,-2.633085964810917e-51,0.8823585880837778,0.0001712173592803343,0.0,7656.283414700906,77.20213007225342
2555.946350098372,3281.22416345682,32.5027115927801,-121.47374885079317,393.5786388976627,24.113468338082136,-89.8250712194853,89.97840686552983,0.07363680935247867,256.78430288513465,1.0008824577499469,-4.796671640129548e-22,-2.1557888454497876e-51,0.8832407649759753,0.0001710461501997518,0.0,7656.283483153598,77.1828232317302
2556.5463500983715,3266.7615036610514,32.50271159279576,-121.47374880404054,393.5766338388213,24.095405460284894,-89.82507277655512,89.97629726596574,0.07356870468450163,256.78400859701327,1.00088131068677,-4.2542661171127505e-22,-1.5970480906538528e-51,0.884564472635072,0.00017078989436360658,0.0,7656.283585704377,77.15389877121812
2556.946350098371,3257.1257470836863,32.502711592806996,-121.47374877291121,393.57529911157525,24.083382127252268,-89.82507381257444,89.97489001303866,0.0735233782331463,256.7838143262313,1.0008805534667393,-3.927182601515262e-22,-1.3075526228501592e-51,0.8854472391332673,0.00017061942792096803,0.0,7656.283653986232,77.13463961614303
2557.5463500983706,3242.681122297421,32.502711592825044,-121.47374872627573,393.5732999798346,24.065374932633876,-89.82507536355835,89.97277785520649,0.07345550322712611,256.7835257902042,1.0008794288238203,-3.483098517223051e-22,-9.68659070743356e-52,0.8867718307032999,0.00017036428259374078,0.0,7656.283756281313,77.10578652897745
2557.94635009837,3233.057370521128,32.502711592837855,-121.47374869522433,393.5719691929537,24.053388630217018,-89.82507639552797,89.97136889910851,0.07341032948448516,256.78333533933545,1.0008786864928778,-3.215305182997193e-22,-7.930711141450483e-52,0.8876551861436309,0.00017019455420031525,0.0,7656.283824393071,77.0865748532112
2558.5463500983697,3218.6307252012193,32.50271159285827,-121.47374864870551,393.5699759552751,24.035436844763396,-89.82507794046529,89.96925418969062,0.07334268294490566,256.7830525110752,1.0008775840974389,-2.8517198846307813e-22,-5.8752169131565055e-52,0.888980660629952,0.00016994051252653905,0.0,7656.283926433559,77.05779283113618
2558.9463500983693,3209.0189412850887,32.502711592872686,-121.47374861773169,393.56864908681786,24.02348739090537,-89.82507896842252,89.9678435341094,0.07329766111677782,256.7828658507931,1.0008768565412767,-2.6324692454635886e-22,-4.8102216392658715e-52,0.889864604350597,0.00016977151763040922,0.0,7656.283994375956,77.03862842981454
2559.5463500983687,3194.6102201556787,32.502711592895466,-121.47374857132903,393.56666171041564,24.005590742454757,-89.82508050734842,89.965726279133,0.07323024185653261,256.78258868651756,1.0008757762226663,-2.3347907790108075e-22,-3.563500804276862e-52,0.8911909607619978,0.0001695185728096002,0.0,7656.28409616295,77.0099171664831
2559.9463500983684,3185.0103673441336,32.502711592911446,-121.47374854043248,393.565338738609,23.993677956328433,-89.82508153130556,89.96431392853785,0.07318537115430576,256.7824057876578,1.0008750633276091,-2.155283537300753e-22,-2.9175482256474926e-52,0.8920754921027139,0.00016935030689526023,0.0,7656.284163936715,76.99079983600218
2560.546350098368,3170.6195154050365,32.502711592936606,-121.47374849414544,393.56335719094835,23.97583617455654,-89.82508306425935,89.9621941340188,0.073118177994636,256.7821342438784,1.0008740049163187,-1.9115650212116398e-22,-2.1613734726365118e-52,0.8934027294504744,0.00016909845218130915,0.0,7656.2842654713095,76.9621590269534
2560.9463500983675,3161.031557117589,32.502711592954164,-121.47374846332583,393.5620380941852,23.96395987655321,-89.82508408424334,89.96078009251907,0.07307345763522727,256.78195507765605,1.0008733065701703,-1.7645969213750865e-22,-1.769583251527248e-52,0.8942878477534096,0.00016893091076936723,0.0,7656.284333077173,76.94308856496656
2561.546350098367,3146.658519634977,32.50271159298167,-121.47374841715393,393.5600623429795,23.946172692955983,-89.82508561125394,89.95865776457453,0.07300648940563659,256.7816891113402,1.0008722698984698,-1.5650570762781576e-22,-1.3109398719961292e-52,0.895615965051972,0.000168680139470039,0.0,7656.2844343604565,76.91451790761428
2561.9463500983666,3137.0824194755405,32.50271159300078,-121.47374838641092,393.55874709981765,23.934332704676745,-89.82508662729585,89.9572420363127,0.07296191861145825,256.7815136491101,1.0008715859895776,-1.4447297726897302e-22,-1.0733069830887847e-52,0.8965016696606976,0.00016851331811681042,0.0,7656.284501799138,76.89549411301606
2562.546350098366,3122.7271419884637,32.50271159303062,-121.4737483403537,393.5567771130261,23.916599852556146,-89.8250881484005,89.95511718133658,0.07289517414965134,256.7812532174855,1.0008705708907515,-1.2813603643237768e-22,-7.9512558553467835e-53,0.8978306659268809,0.00016826362359317196,0.0,7656.284602832189,76.86699330662906
2562.9463500983657,3113.1628637341782,32.502711593051295,-121.47374830968693,393.5554657021865,23.90479599680038,-89.825089160521,89.95369977006767,0.07285075214854998,256.78108143097637,1.0008699013089213,-1.1828447000063927e-22,-6.509938873759795e-53,0.8987169561872934,0.0001680975178903902,0.0,7656.284670104406,76.84801597955226
2563.546350098365,3098.825292040594,32.502711593083475,-121.47374826374381,393.553501448012,23.887117211247944,-89.82509067575903,89.95157239356439,0.07278423030034639,256.7808264918286,1.0008689076184272,-1.0490891406749882e-22,-4.822682643782855e-53,0.9000468304414075,0.00016784889355637221,0.0,7656.284770888299,76.81958472524892
2563.9463500983647,3089.272799646482,32.5027115931057,-121.47374823315302,393.5521938483771,23.875349312002225,-89.82509168397671,89.95015330374189,0.07273995632555755,256.78065835296866,1.000868252254242,-9.684313362826284e-23,-3.948479308140614e-53,0.9009337057011871,0.00016768349913077413,0.0,7656.284837994768,76.80065366704697
2564.546350098364,3074.9528798125684,32.502711593140205,-121.47374818732357,393.55023529526375,23.857724329883712,-89.82509319338538,89.94802341215924,0.07267365594482988,256.7804088643416,1.0008672798085458,-8.589215459797743e-23,-2.925106210361032e-53,0.9022644569659944,0.00016743593845255735,0.0,7656.284938530567,76.77229166776955
2564.946350098364,3065.4121374133974,32.50271159316397,-121.47374815680838,393.5489314858761,23.845992212313238,-89.82509419772298,89.94660264731537,0.07262952923493801,256.78024434520796,1.0008666385531693,-7.928845207566884e-23,-2.3948748443179074e-53,0.9031519165743068,0.00016727125096554726,0.0,7656.285005471996,76.75340668100742
2565.5463500983633,3051.1098157661036,32.50271159320079,-121.47374811109214,393.54697860250684,23.82842077225417,-89.8250957013333,89.9444702464974,0.07256344918353803,256.78000026556464,1.0008656871903696,-7.032254872771028e-23,-1.7741674030579086e-53,0.9044835438755336,0.00016702474746111461,0.0,7656.285105760763,76.72511364151464
2565.946350098363,3041.5807876624167,32.50271159322611,-121.47374808065219,393.5456785625675,23.816724262692293,-89.82509670181565,89.94304781095417,0.07251946898241705,256.7798393387099,1.0008650599368185,-6.491589436466691e-23,-1.452565677151187e-53,0.9053715871842115,0.00016686076260852715,0.0,7656.285172537857,76.70627452997086
2566.5463500983624,3027.296010787599,32.50271159326523,-121.47374803504863,393.54373131786195,23.79920610506231,-89.82509819966906,89.94091290687777,0.07245360813010357,256.77960062691693,1.0008641294965877,-5.757523353218614e-23,-1.0760874128002148e-53,0.9067040895505474,0.00016661530984714602,0.0,7656.285272580648,76.67805015682197
2566.946350098362,3017.778661461547,32.5027115932921,-121.4737480046837,393.542435026729,23.787545030999695,-89.82509919632103,89.93948880459004,0.0724097736868825,256.7794432648978,1.0008635161378945,-5.314863931437201e-23,-8.810260174738393e-54,0.9075927159125032,0.0001664520233587459,0.0,7656.285339194104,76.65925672546
2567.5463500983615,3003.5113762114197,32.50271159333352,-121.47374795919232,393.54049338984123,23.770079897897848,-89.82510068844017,89.93735140335406,0.07234413091126043,256.77920987998067,1.000862606460524,-4.7138614516392627e-23,-6.526803040069517e-54,0.9089260923747297,0.0001662076149603927,0.0,7656.285438991964,76.63110072699172
2567.946350098361,2994.006347454153,32.502711593361894,-121.47374792890423,393.5383781562929,23.74489119728569,-89.82510170073117,89.93592467821155,0.07225916821672622,256.48594907198765,1.0213072138412231,-4.351442568288344e-23,-5.343695336297169e-54,0.909815237778338,0.00016576081082101586,0.0,7656.285505428289,76.5795482406773
2568.5463500983606,2979.91210417822,32.50271159340514,-121.47374788405168,393.4926647642005,22.993860698807012,-89.82510752515675,89.93356378149142,0.0699617583267939,240.86654494788166,1.2632073615574542,-3.8593833532309953e-23,-3.9587079466907213e-54,0.9111349096587915,0.0001506335595800644,0.0,7656.285601780587,74.76920606787145
2568.94635009836,2970.9777138270438,32.50271159343333,-121.47374785579781,393.40956664809096,21.54410884152233,-89.82512402879172,89.93131361924029,0.06554362958293557,211.6453252544387,1.4662300296229065,-3.562659866626463e-23,-3.241116525598179e-54,0.9119722153690965,0.00012395701644504732,0.0,7656.285657079697,71.21313631356105
2569.5463500983597,2959.004774356261,32.50271159347231,-121.47374781877092,393.23920719256853,18.21147111156288,-89.82518905132208,89.92544379604509,0.05539673791569064,151.41751980897584,1.6224821611219826,-3.1597958531464227e-23,-2.4010788300155826e-54,0.9130952118303791,7.491828515738096e-5,0.0,7656.285716614415,62.789827714401845
2569.9463500983593,2952.2101164404303,32.502711593495285,-121.47374779874747,393.1326189827952,15.776334847805801,-89.82526575584625,89.91879758597241,0.04798545886445544,113.71075381297106,1.6012713061657233,-2.916859208431089e-23,-1.9658374348461218e-54,0.9137329859519678,4.8721730547097856e-5,0.0,7656.285741062531,56.3862238088274
2570.5463500983587,2943.7435006946325,32.50271159352514,-121.47374777582604,393.0153167393772,12.57293651642452,-89.8254192148231,89.90270137460669,0.038238062198361907,72.28372748081841,1.4741903284806117,-2.587022049831529e-23,-1.456328586393547e-54,0.9145281755601001,2.4671946848404245e-5,0.0,7656.285762256868,47.565623024980226
2570.9463500983584,2939.063038624823,32.50271159354243,-121.47374776464648,392.96414274499244,10.89116455757369,-89.82552889339854,89.8867084785821,0.033121419422364594,54.265592279391164,1.3807620051692133,-2.388122346876089e-23,-1.1923412162816785e-54,0.9149679954327059,1.6040600368768106e-5,0.0,7656.285770254089,42.711762129272714
2571.546350098358,2933.1321434201673,32.502711593565316,-121.47374775254846,392.9149125103984,8.989490000611596,-89.82567296311599,89.85326296048129,0.027336228217994942,36.99223582390942,1.2681701059338457,-2.1180745204314922e-23,-8.83308338332758e-55,0.9155255510178948,9.022670617172983e-6,0.0,7656.2857775172915,36.9892997949193
2571.9463500983575,2929.733284273185,32.50271159357896,-121.47374774678667,392.89378061322157,8.040492992158574,-89.82574591977274,89.82440823979263,0.02444941121377345,29.604479452270287,1.2142403292784072,-1.9552292161254295e-23,-7.231918320628358e-55,0.9158451908621009,6.457341805511341e-6,0.0,7656.2857805750655,34.021681793316546
2572.546350098357,2925.253946110606,32.5027115935975,-121.4737477404905,392.87226592626774,6.946184557756517,-89.82582092764096,89.7726767110124,0.021120712995536306,22.10469281302566,1.1577991105901033,-1.7341327548380372e-23,-5.357538318329307e-55,0.9162665734042102,4.1643246888654575e-6,0.0,7656.285783693391,30.487968029263687
2572.9463500983566,2922.593582888134,32.50271159360878,-121.47374773738451,392.86222270852716,6.373094869091461,-89.82585302385168,89.73441850615207,0.01937754267380044,18.61278041439462,1.1315580869430328,-1.6008062956201707e-23,-4.3863821766842784e-55,0.9165169109021475,3.216741033337004e-6,0.0,7656.285785158422,28.582246421881834
2573.546350098356,2918.987250518985,32.50271159362434,-121.47374773380379,392.85114447108805,5.676164061282124,-89.82588373533227,89.67524762517267,0.01725775762033127,14.770023263442669,1.1030585220791083,-1.4197878225689305e-23,-3.249512722425338e-55,0.9168563470153183,2.273056204022355e-6,0.0,7656.285786783065,26.20564647979768
2573.9463500983557,2916.7918154262006,32.50271159363392,-121.47374773191754,392.8462869579828,5.344686512838758,-89.82589667446365,89.63683332736176,0.016249505977961622,13.098261790932542,1.0432517024402372,-1.3106293497267289e-23,-2.6604764803623745e-55,0.9170630335819406,1.8978461925520068e-6,0.0,7656.285787605977,25.049991777314524
2574.546350098355,2913.627703332342,32.50271159364785,-121.47374772947154,392.84462618466864,5.239206965231782,-89.82590664128975,89.59621250934748,0.01592820752783734,12.590453587983536,1.0028057424574852,-1.1624239583106739e-23,-1.9709299879533014e-55,0.9173609780218595,1.7879752516593402e-6,0.0,7656.285788699996,24.679292779797375
2574.9463500983547,2911.534526755102,32.50271159365714,-121.47374772794639,392.8443506594016,5.2290441498369615,-89.82590935650708,89.58213675707512,0.01589690927341673,12.54435120921967,0.9991337754515087,-1.073052559241487e-23,-1.6136612856456159e-55,0.9175581200902223,1.777781674162547e-6,0.0,7656.285789412663,24.644042023070288
2575.546350098354,2908.398360066116,32.5027115936711,-121.47374772571669,392.8441065473777,5.225715054292845,-89.82591105799189,89.57160255184054,0.015886187580032136,12.532417338974804,0.9981832653267014,-9.51712246981928e-24,-1.1954300072763769e-55,0.917853555205932,1.7746739718275049e-6,0.0,7656.285790478133,24.633265024420613
2575.946350098354,2906.3082433603704,32.50271159368045,-121.47374772424666,392.8439657019594,5.224925383528387,-89.82591151871341,89.56793610712087,0.015883386635942024,12.531318163831191,0.9980957181117994,-8.785411337955959e-24,-9.787354874254681e-56,0.918050490243144,1.7740598581233756e-6,0.0,7656.285791187867,24.631133704905103
2576.5463500983533,2903.17356380634,32.50271159369455,-121.47374772205109,392.8437598342934,5.224027478339612,-89.82591183611467,89.5644107377417,0.015880056810604788,12.531042540753502,0.9980737652565563,-7.791960881223634e-24,-7.250652793510888e-56,0.9183459069482145,1.7734306615519832e-6,0.0,7656.285792252109,24.628949465400442
2576.946350098353,2901.084065905772,32.50271159370398,-121.4737477205902,392.84362350211444,5.2234634413331325,-89.82591194304575,89.56262649559385,0.015877942207227692,12.531023694437705,0.9980722641832572,-7.192886472554904e-24,-5.936333497414914e-56,0.9185428647853975,1.7730463951447214e-6,0.0,7656.285792961404,24.627615208692433
2577.5463500983524,2897.9502396835014,32.50271159371818,-121.47374771840084,392.8434193656379,5.222624546609,-89.82591204566205,89.56026737382983,0.01587479236690462,12.531028448397919,0.9980726428271693,-6.3795180283807234e-24,-4.397745214027649e-56,0.9188383227128817,1.772477270181647e-6,0.0,7656.285794025061,24.6256386842651
2577.946350098352,2895.861301534809,32.50271159372768,-121.47374771694201,392.8432833730492,5.222066293831566,-89.82591209790918,89.55878407145171,0.01587269574236821,12.531035581358466,0.9980732109539449,-5.889037384457943e-24,-3.6005699032358785e-56,0.9190353088716608,1.772098870231929e-6,0.0,7656.285794733976,24.624324268744516
2578.5463500983515,2892.7283128667623,32.502711593741985,-121.47374771475461,392.84307945404584,5.221229355880295,-89.82591216735501,89.55660872058216,0.015869552443052482,12.531047073074832,0.998074126247352,-5.223107622691697e-24,-2.6673685140201367e-56,0.9193308094457309,1.7715317012528355e-6,0.0,7656.285795797065,24.622353748133328
2578.946350098351,2890.6399326873943,32.50271159375157,-121.4737477132968,392.8429435391765,5.220671600885609,-89.82591221115881,89.55517234463487,0.015867457726609736,12.531054828590266,0.998074743959443,-4.821536033951151e-24,-2.183857027866356e-56,0.9195278240524722,1.7711537837287368e-6,0.0,7656.285796505602,24.62104048297254
2579.5463500983506,2887.507780658081,32.50271159376599,-121.47374771111066,392.84273970347533,5.2198352479038235,-89.82591227546078,89.5530253106437,0.015864316797516636,12.531066479649754,0.9980756719442275,-4.2763188561980846e-24,-1.6178415172601363e-56,0.919823367296998,1.7705871736906364e-6,0.0,7656.2857975681245,24.619071116630668
2579.94635009835,2885.419958044775,32.50271159377563,-121.47374770965364,392.84260383518597,5.219277863329235,-89.82591231794567,89.5515959719359,0.015862223601512907,12.53107424846598,0.9980762907157015,-3.9475398454834535e-24,-1.3245768437588464e-56,0.9200204103481165,1.7702096088474536e-6,0.0,7656.285798276284,24.617758552179748
2580.5463500983496,2882.2886420916766,32.502711593790146,-121.4737477074687,392.84240006450227,5.218442061814261,-89.82591238144583,89.54945290603744,0.015859084940042595,12.531085900879834,0.9980772188083586,-3.501153772981465e-24,-9.812709272127293e-57,0.9203159962537565,1.7696435235418383e-6,0.0,7656.285799338241,24.615790222726154
2580.9463500983493,2880.201376681216,32.502711593799866,-121.47374770601246,392.84226423820286,5.217885044227113,-89.82591242370881,89.5480243609273,0.01585699325353622,12.531093668367532,0.9980778374740179,-3.231972284755387e-24,-8.033968307606246e-57,0.9205130677419338,1.7692663078175835e-6,0.0,7656.285800046024,24.614478347574988
2581.5463500983487,2877.070896253921,32.502711593814496,-121.47374770382869,392.8420605297458,5.217049792811711,-89.82591248706039,89.54588145070794,0.015853856854770237,12.531105318348533,0.998078765372903,-2.866502277840094e-24,-5.951711724048333e-57,0.9208086962982657,1.768700745751798e-6,0.0,7656.285801107414,24.612511051270527
2581.9463500983484,2874.984187678434,32.5027115938243,-121.47374770237325,392.8419247447102,5.216493141753622,-89.82591252927524,89.5444527211131,0.015851766675859632,12.53111308415807,0.9980793839048998,-2.6461151142978988e-24,-4.8728503047402374e-57,0.9210057962166621,1.7683238786127698e-6,0.0,7656.285801814818,24.611199864528768
2582.546350098348,2871.8545422283933,32.50271159383903,-121.47374770019063,392.8417210980127,5.215658439841507,-89.82591259257451,89.54230938271742,0.015848632537224253,12.531124731614243,0.9980803116026871,-2.3468935789887528e-24,-3.6098972734056203e-57,0.9213014674131498,1.7677588390790624e-6,0.0,7656.285802875643,24.60923360035905
2582.9463500983475,2869.7683901181445,32.5027115938489,-121.47374769873596,392.8415853541031,5.2151021549266465,-89.82591263477055,89.54088031736157,0.015846543864228756,12.531132495744542,0.9980809300009358,-2.1664558298171558e-24,-2.9555344486393477e-57,0.9214985957551425,1.7673823200658168e-6,0.0,7656.285803582671,24.607923101392565
2583.546350098347,2866.639579096809,32.50271159386374,-121.47374769655451,392.84138176905344,5.214268001940856,-89.82591269804055,89.5387364578513,0.01584341198321012,12.531144140673437,0.9980818574974302,-1.9214739557956464e-24,-2.1895143664111227e-57,0.9217943095813113,1.7668178023764775e-6,0.0,7656.285804642931,24.60595786841003
2583.9463500983466,2864.5539830904454,32.502711593873684,-121.47374769510061,392.8412460662218,5.213712082785055,-89.82591274021986,89.53730703504155,0.015841324814456464,12.531151903118452,0.9980824757614493,-1.7737440208809995e-24,-1.7926230708537127e-57,0.9219914663395259,1.766441631030754e-6,0.0,7656.285805349582,24.6046480565869
2584.546350098346,2861.4260059464723,32.50271159388863,-121.47374769292033,392.8410425427629,5.212878478150091,-89.82591280347523,89.53516262712496,0.015838195188545772,12.53116354552497,0.9980834030570412,-1.5731698257881102e-24,-1.3280081945927527e-57,0.9222872227852245,1.765877634500192e-6,0.0,7656.285806409279,24.602683853848518
2584.9463500983456,2859.3409656742588,32.50271159389864,-121.47374769146722,392.8409068809752,5.212322924369649,-89.82591284562318,89.5337328431067,0.015836109522361287,12.53117130628952,0.9980840211872143,-1.4522187843897222e-24,-1.087281346233811e-57,0.9224844079531199,1.7655018103652185e-6,0.0,7656.285807115553,24.601374728540115
2585.546350098345,2856.2138218628243,32.5027115939137,-121.47374768928812,392.8407034190583,5.211489867510588,-89.82591290884928,89.53158790035599,0.015832982149053872,12.531182946169725,0.9980849482815902,-1.2880025218688944e-24,-8.05478051188248e-58,0.9227802070076426,1.7649383343082202e-6,0.0,7656.285808174686,24.599411555101327
2585.9463500983447,2854.1293369634077,32.50271159392378,-121.47374768783577,392.8405677982828,5.210934678723197,-89.82591295099306,89.53015775610345,0.01583089798377247,12.531190705252397,0.998085566277805,-1.1889761842223854e-24,-6.59469770912304e-58,0.9229774205779261,1.7645628569281344e-6,0.0,7656.285808880585,24.598103115680303
2586.546350098344,2851.003025933169,32.50271159393894,-121.47374768565783,392.8403643978605,5.210102169066402,-89.82591301419198,89.52801226990206,0.01582777286056746,12.531202342613698,0.9980864931715548,-1.0545272793479545e-24,-4.885473550447312e-58,0.9232732622312471,1.7639999006617612e-6,0.0,7656.285809939155,24.596140970601645
2586.946350098344,2848.9190960405394,32.50271159394909,-121.47374768420624,392.8402288180655,5.209547344889271,-89.82591305631276,89.52658176139384,0.01582569019452147,12.53121010001457,0.9980871110338175,-9.73451370994419e-25,-3.99988816375412e-58,0.9234705041971056,1.7636247695808845e-6,0.0,7656.285810644678,24.594833216439405
2587.5463500983433,2845.793617247604,32.50271159396435,-121.47374768202945,392.8400254790905,5.208715381861387,-89.82591311948033,89.52443573459654,0.01582256731892142,12.531221734852869,0.9980880377266151,-8.633739173704754e-25,-2.9631908376535157e-58,0.9237663884385503,1.7630623324221856e-6,0.0,7656.285811702685,24.59287209877854
2587.946350098343,2843.710241995752,32.502711593974574,-121.47374768057865,392.8398899402448,5.208160921912652,-89.82591316159066,89.52300486536538,0.015820486150446723,12.531229490574376,0.9980886554551194,-7.96994577574881e-25,-2.426055905550804e-58,0.9239636587932156,1.762687547186034e-6,0.0,7656.285812407835,24.591565029248756
2588.5463500983424,2840.585594892502,32.502711593989964,-121.47374767840303,392.83968666267015,5.207329504941633,-89.82591322474151,89.52085829577914,0.015817365519958573,12.531241122893471,0.9980895819472674,-7.06870780674875e-25,-1.7972669076367852e-58,0.9242595856125261,1.7621256284541056e-6,0.0,7656.285813465278,24.589604938067666
2588.946350098342,2838.5027739210054,32.50271159400025,-121.47374767695301,392.8395511647424,5.206775408840428,-89.82591326682255,89.5194270681578,0.015815285847395912,12.531248876933434,0.9980901995418399,-6.525239735754656e-25,-1.4714779553570885e-58,0.9244568843487355,1.7617511886089485e-6,0.0,7656.2858141700535,24.588298552544767
2589.5463500983415,2835.378957958892,32.50271159401575,-121.47374767477855,392.8393479485209,5.205944537354563,-89.82591332994832,89.51727995696733,0.01581216745952859,12.531260506736732,0.9980911258336091,-5.787368491437755e-25,-1.0900979768971579e-58,0.9247528537358042,1.7611897876236887e-6,0.0,7656.285815226936,24.586339486905402
2589.946350098341,2833.2966908998787,32.50271159402611,-121.47374767332929,392.8392124914796,5.205390804719816,-89.82591337201683,89.51584837102469,0.015810089281217417,12.531268259099456,0.9980917432945927,-5.342414466436072e-25,-8.924968992461395e-59,0.9249501808470446,1.760815692716515e-6,0.0,7656.285815931336,24.58503378476445
2590.5463500983406,2830.1737055405974,32.50271159404171,-121.47374767115598,392.83900933656463,5.204560478148917,-89.82591343510914,89.51370072018189,0.01580697313348755,12.531279886381238,0.9980926693855283,-4.738296584236929e-25,-6.611781445404692e-59,0.9252461927908486,1.7602548087988117e-6,0.0,7656.285816987657,24.583075743729395
2590.94635009834,2828.0919920336455,32.502711594052144,-121.4737476697075,392.83887392037855,5.204007108600547,-89.8259134771693,89.51226877414328,0.0158048964477725,12.531287637064128,0.9980932867127164,-4.373999038655175e-25,-5.413269782697302e-59,0.9254435482699439,1.7598810583771977e-6,0.0,7656.285817691685,24.58177072434562
2591.5463500983396,2824.9698367267847,32.50271159406785,-121.47374766753533,392.838670826723,5.203177326374867,-89.82591354023862,89.51012058110243,0.01580178253769687,12.531299261833192,0.9980942126035185,-3.8793891478324947e-25,-4.0102499782844735e-59,0.9257396027606722,1.759320690849857e-6,0.0,7656.285818747448,24.579813706981366
2591.9463500983393,2822.888676407747,32.50271159407835,-121.47374766608765,392.838535451361,5.202624319533327,-89.82591358226948,89.50868827676241,0.015799707342924237,12.531307010838777,0.9980948297971123,-3.581127542678148e-25,-3.2833155795852414e-59,0.9259369866008339,1.7589472844624986e-6,0.0,7656.2858194511,24.578509369732036
2592.5463500983387,2819.767350611277,32.50271159409415,-121.47374766391665,392.83833241891807,5.2017950810835485,-89.82591364530954,89.50653954012854,0.01579659566802366,12.531318633092033,0.9980957554875352,-3.176175212498687e-25,-2.432340666600221e-59,0.9262330836279427,1.7583874326483844e-6,0.0,7656.2858205062985,24.576553375102453
2592.9463500983384,2817.6867431188,32.50271159410473,-121.4737476624697,392.83819708434885,5.201242436569911,-89.82591368733624,89.50510687177051,0.015794521962542905,12.53132638042014,0.9980963725475211,-2.931979262819186e-25,-1.991432466492678e-59,0.9264304958221604,1.7580143698446048e-6,0.0,7656.285821209578,24.575249719365164
2593.546350098338,2814.5662462878972,32.50271159412065,-121.47374766029985,392.8379941130717,5.20041374132749,-89.82591375034912,89.50295760094569,0.015791412520341136,12.531338000158595,0.9980972980376449,-2.6004323351081015e-25,-1.475289857349019e-59,0.9267266353754301,1.7574550330679877e-6,0.0,7656.285822264218,24.573294746536238
2593.9463500983375,2812.4861912606284,32.50271159413129,-121.4737476588537,392.8378588192641,5.199861458763313,-89.82591379235701,89.50152457768549,0.015789340302503934,12.531345745809256,0.9980979149640256,-2.400501600446445e-25,-1.2078653947428602e-59,0.9269240759167335,1.7570823133978543e-6,0.0,7656.285822967126,24.571991771689316
2594.546350098337,2809.366522854194,32.502711594147314,-121.473747656685,392.8376559091062,5.199033306161617,-89.8259138553448,89.49937476452841,0.015786233090532363,12.531357363035108,0.9980988402540251,-2.1290539334434047e-25,-8.948089357232354e-60,0.9272202579856494,1.7565234909849779e-6,0.0,7656.285824021207,24.570037819731134
2594.9463500983366,2807.2870199261233,32.50271159415803,-121.47374765523959,392.8375206560292,5.198481385168771,-89.82591389733597,89.49794137493363,0.015784162358691213,12.531365107013748,0.9980994570472325,-1.96536449176834e-25,-7.326077265310516e-60,0.9274177268675533,1.7561511139995413e-6,0.0,7656.285824723742,24.56873552515448
2595.546350098336,2804.168179403059,32.50271159417415,-121.47374765307205,392.8373178069436,5.197653774640924,-89.82591396029447,89.49579102291902,0.0157810573744816,12.531376721724866,0.9981003821369382,-1.743121937961289e-25,-5.42729299914604e-60,0.9277139514416629,1.7555928052767771e-6,0.0,7656.285825777264,24.56678259313479
2595.9463500983356,2802.089228214696,32.502711594184944,-121.47374765162742,392.837182594566,5.197102214842015,-89.82591400226683,89.49435727549974,0.015778988126993215,12.5313844640299,0.9981009987968459,-1.60910435751655e-25,-4.4434924893866666e-60,0.927911448657099,1.7552207705274933e-6,0.0,7656.285826479426,24.565480978207862
2596.546350098335,2798.9712150311098,32.50271159420117,-121.47374764946103,392.8369798065063,5.196275145822095,-89.82591406521281,89.4922063920516,0.015775885368080812,12.531396076229145,0.9981019236864859,-1.427147543269453e-25,-3.291821094161516e-60,0.9282077157262755,1.7546629748228002e-6,0.0,7656.28582753239,24.563529065197166
2596.9463500983347,2796.892815223895,32.50271159421203,-121.47374764801717,392.8368446347971,5.195723946840372,-89.82591410715797,89.49077228297344,0.015773817603304763,12.531403816858823,0.9981025402129546,-1.3174232282222094e-25,-2.6951156516909655e-60,0.9284052412681314,1.7542912818619408e-6,0.0,7656.2858282341795,24.562228129300433
2597.546350098334,2793.7756288368255,32.50271159422837,-121.47374764585194,392.8366419077167,5.194897418763767,-89.82591417007261,89.48862085472672,0.015770717067230097,12.531415426550984,0.9981034649029101,-1.1684495880088376e-25,-1.9965913241963768e-60,0.9287015508222188,1.753733998504893e-6,0.0,7656.2858292865885,24.560277234372112
2597.946350098334,2791.6977800484747,32.5027115942393,-121.47374764440883,392.83650677664474,5.194346580222525,-89.82591421201151,89.48718639112737,0.015768650783526142,12.531423165506371,0.9981040812960249,-1.0786149165229497e-25,-1.634671014599198e-60,0.9288991046837712,1.7533626468853547e-6,0.0,7656.285829988009,24.558976976886353
2598.5463500983333,2788.581419920549,32.50271159425576,-121.47374764224479,392.8363041104971,5.193520592525018,-89.82591427489477,89.48503442471993,0.0157655524678331,12.531434772687822,0.998105005786007,-9.566456153442372e-26,-1.2109944015264422e-60,0.9291954567121448,1.7528058752057947e-6,0.0,7656.28583103986,24.55702709911195
2598.946350098333,2786.5041217897087,32.50271159426675,-121.47374764080244,392.83616902003155,5.192970114048568,-89.82591431681695,89.4835996044606,0.015763487663565,12.53144250997162,0.9981056220459829,-8.830952067816261e-26,-9.914785379596663e-61,0.9293930388866253,1.7524348644816685e-6,0.0,7656.285831740907,24.555727519420294
2599.5463500983324,2783.3885873807594,32.5027115942833,-121.47374763863951,392.8359664147703,5.192144666167096,-89.82591437967722,89.48144709678412,0.015760391565801554,12.531454114644696,0.9981065463361777,-7.832351885346658e-26,-7.345055659393148e-61,0.9296894333789849,1.7518786038112247e-6,0.0,7656.2858327922,24.553778657874826
2599.946350098332,2781.311839548871,32.502711594294375,-121.47374763719793,392.83583136488033,5.19159454738051,-89.82591442158268,89.48001191745585,0.015758328239336657,12.531461850257582,0.9981071624630684,-7.230172068773629e-26,-6.013624040894029e-61,0.9298870438593992,1.7515079335373676e-6,0.0,7656.285833492878,24.552479755361233
2600.5463500983315,2778.1971303168684,32.50271159431103,-121.47374763503612,392.8356288204591,5.190769638752152,-89.82591448442204,89.47785887484883,0.01575523435705197,12.531473452424505,0.998108086553653,-6.412587385749823e-26,-4.4550034724834606e-61,0.9301834808056801,1.7509521832083465e-6,0.0,7656.285834543615,24.55053190911934
2600.946350098331,2776.1209324225783,32.50271159432218,-121.47374763359532,392.8354938111135,5.190219879280254,-89.8259145263024,89.47642333213872,0.01575317250675706,12.531481186367419,0.9981087025475337,-5.919564248863726e-26,-3.647449008794358e-61,0.9303811195853401,1.7505818529398576e-6,0.0,7656.2858352439225,24.549233683166772
2601.5463500983305,2773.007047829218,32.50271159433894,-121.47374763143469,392.83529132748595,5.18939550934352,-89.82591458911668,89.4742697487199,0.015750080837506453,12.5314927860294,0.9981096264386043,-5.250182522673742e-26,-2.702097419024796e-61,0.9306775989751853,1.7500266122860483e-6,0.0,7656.285836294106,24.547286851305508
2601.94635009833,2770.9313995167613,32.502711594350146,-121.47374762999463,392.83515635865405,5.188846108812357,-89.82591463097822,89.47283385653348,0.015748020461753835,12.531500518299925,0.9981102422992826,-4.846529316745461e-26,-2.2122906555656727e-61,0.9308752660469104,1.749656621579011e-6,0.0,7656.285836994041,24.545989301298544
2602.5463500983296,2767.8183390256017,32.502711594367014,-121.47374762783514,392.83495393577385,5.188022277006317,-89.82591469376533,89.47067973951349,0.015744931003095784,12.531512115455339,0.9981111659907098,-4.298485909547681e-26,-1.6389056724641126e-61,0.9311717878698457,1.7491018899349692e-6,0.0,7656.28583804367,24.544043482894903
2602.9463500983293,2765.7432399326935,32.502711594378304,-121.47374762639588,392.83481900742487,5.187473235042339,-89.82591473561642,89.46924348152099,0.015742872100258484,12.531519846059247,0.9981117817186451,-3.968002614817799e-26,-1.3418227185363592e-61,0.9313694832271159,1.7487322383466994e-6,0.0,7656.285838743237,24.542746608220597
2603.5463500983287,2762.63100300543,32.50271159439528,-121.47374762423753,392.83461664524583,5.186649940806926,-89.82591479837845,89.46708882488363,0.015739784849754825,12.531531440709848,0.9981127052105688,-3.519302621343963e-26,-9.940469889514361e-62,0.9316660474729022,1.7481780150483864e-6,0.0,7656.28583979231,24.54080180235375
2603.9463500983284,2760.5564527763054,32.502711594406634,-121.47374762279902,392.8344817573489,5.186101257036803,-89.82591484021282,89.46565221243672,0.01573772741820851,12.53153916964352,0.9981133208054729,-3.248725783376463e-26,-8.138569873043779e-62,0.9318637711086165,1.7478087021360837e-6,0.0,7656.285840491507,24.539505602396922
2604.546350098328,2757.445038872771,32.502711594423715,-121.4737476206418,392.83427945582497,5.185278499812699,-89.82591490294557,89.4634970208934,0.01573464237342411,12.531550761793943,0.9981142440982622,-2.8813612981929677e-26,-6.029202490694617e-62,0.9321603777672542,1.7472549865207482e-6,0.0,7656.285841540027,24.537561808147803
2604.9463500983275,2755.3710371488705,32.502711594435134,-121.47374761920406,392.8341446083494,5.184730173863756,-89.82591494476112,89.46206004842021,0.01573258641154663,12.531558489058398,0.9981148595602163,-2.6598317189011314e-26,-4.936294389967212e-62,0.9323581296746173,1.7468860118427666e-6,0.0,7656.285842238854,24.536266282295486
2605.546350098327,2752.260445734486,32.50271159445232,-121.47374761704799,392.8339423674343,5.183907953092513,-89.82591500747087,89.45990432201293,0.01572950357005115,12.531570078707185,0.9981157826537551,-2.3590591159659283e-26,-3.6568978205087765e-62,0.9326547787356351,1.7463328032484047e-6,0.0,7656.28584328682,24.534323498744914
2605.9463500983265,2750.1869921563193,32.50271159446382,-121.473747615611,392.83380756034927,5.18335998459274,-89.82591504927599,89.45846699156618,0.01572744907622293,12.531577804305766,0.9981163979830254,-2.177686035883174e-26,-2.9940152489357014e-62,0.9328525589079805,1.745964166364097e-6,0.0,7656.285843985279,24.533028646385823
2606.546350098326,2747.0772226937115,32.50271159448111,-121.47374761345608,392.8336053799971,5.182538299716608,-89.82591511195857,89.45631072774339,0.015724368435588724,12.531589391455208,0.9981173208774962,-1.9314342550905064e-26,-2.2180216521640096e-62,0.9331492503612274,1.745411464130017e-6,0.0,7656.285845032692,24.531086872616477
2606.9463500983256,2745.004316907376,32.50271159449267,-121.47374761201985,392.833470613272,5.181990688294493,-89.82591515374068,89.45487304666678,0.015722315408193487,12.53159711538444,0.9981179360738062,-1.782938535991212e-26,-1.8159628666148194e-62,0.9333470587913978,1.7450431645989843e-6,0.0,7656.285845730783,24.529792693138376
2607.546350098325,2741.895368862897,32.50271159451008,-121.47374760986608,392.8332684934367,5.181169538756568,-89.82591521640026,89.45271624856898,0.015719236965997252,12.531608700033098,0.9981188587690941,-1.5813246291666465e-26,-1.3452987452583256e-62,0.9336437926264342,1.7444909680653855e-6,0.0,7656.285846777643,24.52785192823334
2607.9463500983247,2739.8230105098337,32.502711594521706,-121.4737476084306,392.833133767041,5.180622284041329,-89.82591525816984,89.45127820627613,0.015717185403420795,12.531616422296848,0.9981194738327516,-1.459746616703301e-26,-1.1014376543660462e-62,0.9338416293077512,1.7441230054486186e-6,0.0,7656.285847475367,24.526558421027048
2608.546350098324,2736.7148833461106,32.502711594539214,-121.47374760627795,392.83293170767666,5.17980166928553,-89.82591532079596,89.44912087120689,0.015714109157242133,12.531628004448873,0.9981203963291875,-1.294679110209659e-26,-8.15965305040133e-63,0.9341384055145492,1.7435713139572234e-6,0.0,7656.285848521675,24.524618664072015
2608.946350098324,2734.6430720696226,32.50271159455092,-121.47374760484324,392.8327970215797,5.179254770906558,-89.82591536254462,89.44768247043994,0.015712059057871843,12.531635725047439,0.9981210112602161,-1.1951394520687148e-26,-6.680560097117338e-63,0.934336270440201,1.7432036878159672e-6,0.0,7656.28584921903,24.523325828527437
2609.5463500983233,2731.5357652539387,32.50271159456852,-121.47374760269173,392.83259502264053,5.178434690377571,-89.82591542514983,89.44552460425581,0.01570898500529464,12.531647304701558,0.9981219335576985,-1.0599936075722941e-26,-4.949081989230502e-63,0.9346330890083457,1.7426525007092166e-6,0.0,7656.285850264788,24.521387078607912
2609.946350098323,2729.464500698261,32.50271159458029,-121.47374760125777,392.8324603768116,5.177888147964851,-89.82591546688806,89.44408584935202,0.015706936367520616,12.53165502363483,0.9981225483560898,-9.784974279419256e-27,-4.0519663581761257e-63,0.9348309821714708,1.7422852106054722e-6,0.0,7656.285850961776,24.520094914115777
2610.5463500983224,2726.358013695106,32.50271159459801,-121.4737475991074,392.83225843825176,5.177068601108165,-89.82591552947028,89.4419274427668,0.01570386450613177,12.531666600794164,0.9981234704548673,-8.678493684139033e-27,-3.001771323465897e-63,0.9351278430908764,1.7417345272272293e-6,0.0,7656.285852006982,24.51815717031954
2610.946350098322,2724.287295503542,32.50271159460985,-121.47374759767422,392.8321238326605,5.176522414292276,-89.82591557118342,89.44048832904971,0.01570181732834645,12.531674318063981,0.9981240851207674,-8.011259395978124e-27,-2.4576429414766655e-63,0.9353257644847387,1.7413675727239183e-6,0.0,7656.285852703602,24.516865676272023
2611.5463500983215,2721.1816277820617,32.502711594627684,-121.47374759552498,392.8319219544342,5.175703400554282,-89.82591563374265,89.43832939140488,0.015698747655737543,12.531685892726944,0.9981250070207138,-7.105349700941885e-27,-1.8206671657470762e-63,0.9356226677449346,1.7408173924189015e-6,0.0,7656.285853748257,24.51492893768715
2611.946350098321,2719.1114555979148,32.50271159463959,-121.47374759409256,392.83178738905,5.175157568966496,-89.82591567543696,89.43688992045082,0.015696701936336207,12.531693608336461,0.9981256215543742,-6.559064467306593e-27,-1.490636469772866e-63,0.9358206173628408,1.7404507730798868e-6,0.0,7656.285854444512,24.513638113477914
2612.5463500983205,2716.006606625393,32.50271159465752,-121.47374759194444,392.8315855711116,5.174339087793964,-89.82591573797531,89.43473044899298,0.01569363445010071,12.531705180502572,0.9981265432554509,-5.817368337197043e-27,-1.1042909573145408e-63,0.9361175629535923,1.7399010951937238e-6,0.0,7656.285855488616,24.51170237919296
2612.94635009832,2713.936980095692,32.50271159466951,-121.47374759051279,392.83145104590415,5.173793611065979,-89.82591577965707,89.43329062188204,0.01569159018748135,12.531712894450134,0.9981271576567398,-5.3701078144944154e-27,-9.041171308969047e-64,0.9363155407885301,1.7395348105832028e-6,0.0,7656.285856184503,24.510412224215052
2613.5463500983196,2710.8329493375495,32.502711594687526,-121.47374758836581,392.83124928820786,5.1729756619068175,-89.82591584215986,89.43113062035299,0.015688524885216916,12.531724464123688,0.998128079159289,-4.762858380656004e-27,-6.697866262152772e-64,0.9366125286998397,1.7389856344631898e-6,0.0,7656.28585722806,24.508477493321745
2613.9463500983193,2708.7638681074604,32.50271159469958,-121.47374758693489,392.83111480314665,5.172430539670579,-89.8259158838228,89.42969043534175,0.01568648207777864,12.531732176409177,0.9981286934281971,-4.396672434466254e-27,-5.4837500823108486e-64,0.9368105347450159,1.7386196841460151e-6,0.0,7656.285857923581,24.507188006968704
2614.5463500983187,2705.660655031912,32.50271159471771,-121.47374758478905,392.83091310564697,5.171613121973526,-89.82591594630887,89.42752989827434,0.015683418957087046,12.531743743591818,0.99812961473235,-3.899498646000343e-27,-4.0624630826263515e-64,0.9371075649666786,1.738071009140397e-6,0.0,7656.2858589665875,24.505254278559416
2614.9463500983184,2703.5921187484637,32.50271159472984,-121.47374758335887,392.83077866070164,5.171068353861631,-89.8259159879551,89.42608935961746,0.015681377603232002,12.531751454213815,0.9981302288687638,-3.599690949187277e-27,-3.326064061568285e-64,0.9373055992151604,1.7377053926821508e-6,0.0,7656.285859661743,24.503965460225558
2615.546350098318,2700.4897228246555,32.50271159474808,-121.47374758121417,392.8305770233531,5.17025146707632,-89.8259160504119,89.42392828724383,0.015678316661718997,12.531763018907242,0.9981311499746555,-3.1926394771502996e-27,-2.4640095295658453e-64,0.9376026717369411,1.737157218140347e-6,0.0,7656.285860704203,24.502032733394095
2615.9463500983175,2698.42173113022,32.50271159476028,-121.47374757978474,392.8304426184934,5.169707052722254,-89.82591609204141,89.42248739353779,0.015676276759851875,12.531770727872553,0.9981317639791175,-2.947177694677143e-27,-2.0173607432150348e-64,0.9378007341822829,1.7367919351081607e-6,0.0,7656.285861398994,24.50074458247739
2616.546350098317,2695.3201518291607,32.50271159477862,-121.4737475776412,392.8302410412504,5.168890696298476,-89.82591615447312,89.4203257836761,0.01567321799512511,12.531782290073721,0.9981326848865054,-2.6139121349646546e-27,-1.494498002395685e-64,0.9380978489938255,1.7362442603799377e-6,0.0,7656.285862440905,24.49881285631609
2616.9463500983165,2693.252704373561,32.50271159479089,-121.47374757621255,392.83010667644595,5.168346635335781,-89.82591619609008,89.4188845369428,0.015671179543652897,12.531789997377818,0.998133298758655,-2.4129450240620066e-27,-1.223591696651259e-64,0.9382959396289062,1.7358793103405732e-6,0.0,7656.28586313533,24.497525372211424
2617.546350098316,2690.1519411643967,32.502711594809334,-121.4737475740701,392.8299051592631,5.167530808724829,-89.82591625849672,89.41672239988085,0.01566812295332529,12.531801557090326,0.9981342194678259,-2.1400902601799864e-27,-9.064592698869297e-65,0.9385930967200963,1.735332134777738e-6,0.0,7656.285864176695,24.49559464581713
2617.9463500983156,2688.085037591867,32.50271159482167,-121.47374757264218,392.82977083448355,5.166987100787648,-89.82591630009277,89.41528079750454,0.015666085950656453,12.531809262736676,0.9981348332079389,-1.9755523054009197e-27,-7.421462151225771e-65,0.9387912155383685,1.7349675172992946e-6,0.0,7656.285864870755,24.494307827922306
2618.546350098315,2684.9850899446756,32.50271159484022,-121.47374757050089,392.8295693773156,5.166171803441149,-89.82591636247432,89.41311813012035,0.015663031532343195,12.531820819961391,0.9981357537189619,-1.7521577181014053e-27,-5.497955879812542e-65,0.9390884148990556,1.7344208402542559e-6,0.0,7656.285865911572,24.492378100391296
2618.9463500983147,2682.9187299059704,32.50271159485262,-121.47374756907371,392.82943509253084,5.165628448164512,-89.82591640405575,89.4116761716394,0.015660995976890822,12.531828523947393,0.9981363673268314,-1.6174454338809652e-27,-4.501346373370715e-65,0.9392865618933888,1.7340565549053846e-6,0.0,7656.285866605267,24.491091948104277
2619.546350098314,2679.819597288966,32.50271159487127,-121.47374756693355,392.82923369533233,5.164813679534918,-89.82591646641428,89.40951296755742,0.015657943728210326,12.531840078688568,0.9981372876400451,-1.4345454143808522e-27,-3.3346803172012175e-65,0.9395838035136655,1.733510375731908e-6,0.0,7656.285867645536,24.489163218534944
2619.946350098314,2677.7537804264575,32.50271159488375,-121.47374756550714,392.82909945051216,5.164270676553853,-89.8259165079727,89.40807065317084,0.015655909618386647,12.531847781020248,0.9981379011161511,-1.324252323985654e-27,-2.7302058220038327e-65,0.9397819786777684,1.7331464220822344e-6,0.0,7656.285868338868,24.48787773125535
2620.5463500983133,2674.6554623171687,32.502711594902514,-121.4737475633681,392.8288981132379,5.163456436094696,-89.82591657030825,89.4059069174417,0.01565285953696341,12.531859333272342,0.9981388212311141,-1.1745064526217664e-27,-2.0225867687953076e-65,0.9400792625468902,1.7326007401346953e-6,0.0,7656.285869378592,24.485949998745564
2620.946350098313,2672.590188282542,32.502711594915056,-121.47374756194245,392.82876390835213,5.162913785045228,-89.82591661184995,89.40446425299591,0.015650826871186133,12.531867033946648,0.9981394345752133,-1.084206107264861e-27,-1.655954288388137e-65,0.9402774658736222,1.7322371177542633e-6,0.0,7656.285870071561,24.484665175872703
2621.5463500983124,2669.492684151046,32.502711594933906,-121.47374755980451,392.828562630957,5.162100072210523,-89.82591667416042,89.40229998770656,0.01564777895464578,12.531878583712945,0.9981403544921873,-9.616045566919477e-28,-1.226761442829783e-65,0.9405747919816188,1.731691932388537e-6,0.0,7656.285871110739,24.482738439522958
2621.946350098312,2667.42795259133,32.502711594946526,-121.47374755837959,392.82842846597543,5.161557772728842,-89.82591671568959,89.4008569645026,0.015645747731332958,12.531886282731515,0.9981409677044104,-8.876728866085477e-28,-1.0043875018984599e-65,0.9407730234643209,1.7313286408482016e-6,0.0,7656.285871803343,24.48145428045723
2622.5463500983114,2664.331261907704,32.5027115949655,-121.47374755624278,392.8282272484142,5.160744586973621,-89.82591677797288,89.39869216758446,0.015642701977305266,12.53189783001716,0.9981418874238052,-7.872952263366566e-28,-7.440687642341221e-66,0.9410703918012797,1.7307839514215377e-6,0.0,7656.285872841977,24.479528539370207
2622.946350098311,2662.26707247179,32.50271159497818,-121.47374755481862,392.82809312330687,5.160202638696638,-89.8259168194895,89.39724879510953,0.01564067219487818,12.531905527380696,0.9981425005042078,-7.267650941459417e-28,-6.091920900496373e-66,0.941268651433155,1.7304209902929458e-6,0.0,7656.285873534218,24.478245043513038
2623.5463500983105,2659.1711947107688,32.502711594997244,-121.47374755268297,392.8278919655344,5.159389979476279,-89.8259168817456,89.39508346343833,0.015637628600995913,12.53191707218354,0.9981434200258522,-6.445828163967952e-28,-4.5130072284617167e-66,0.9415660619887783,1.7298767961628839e-6,0.0,7656.285874572307,24.476320296789783
2623.94635009831,2657.1075470484793,32.502711595010005,-121.47374755125955,392.8277578802713,5.158848382041327,-89.82591692323922,89.39363973446416,0.015635600257878024,12.531924767891594,0.998144032974399,-5.950249354657639e-28,-3.694938476211383e-66,0.9417643497629796,1.7295141650182637e-6,0.0,7656.285875264186,24.475037463542872
2624.5463500983096,2654.012481682934,32.502711595029176,-121.47374754912497,392.82755678224254,5.1580362488121825,-89.82591698546607,89.3914738735954,0.01563255882177761,12.53193631021349,0.9981449522984407,-5.277397770177226e-28,-2.737278491338353e-66,0.9420618025272032,1.728970465543834e-6,0.0,7656.285876301731,24.473113710287045
2624.9463500983093,2651.949375442229,32.502711595041994,-121.47374754770232,392.8274227367936,5.157495001857055,-89.82591702695552,89.3900297915044,0.015630531916394103,12.531944004268201,0.9981455651153017,-4.871652156631215e-28,-2.2410944866133902e-66,0.9422601184371029,1.7286081639562696e-6,0.0,7656.285876993246,24.47183153905335
2625.5463500983087,2648.8551219468936,32.50271159506128,-121.47374754556887,392.82722169846363,5.156683394076562,-89.82591708916354,89.38786340137398,0.01562749263571666,12.53195554411087,0.9981464842418776,-4.3207678697297055e-28,-1.660244081128471e-66,0.9425576133997429,1.7280649584977805e-6,0.0,7656.285878030248,24.46990877837048
2625.9463500983084,2646.792556779459,32.50271159507417,-121.47374754414696,392.8270876927989,5.156142497239619,-89.82591713061953,89.38641896638921,0.01562546716649587,12.531963236510304,0.9981470969268991,-3.988571456527656e-28,-1.359293133096704e-66,0.942755957438391,1.727702986040832e-6,0.0,7656.285878721403,24.468627268552883
2626.546350098308,2643.6991146290675,32.50271159509356,-121.47374754201466,392.82688671412274,5.155331414365395,-89.82591719280666,89.38425204422525,0.015622430038884114,12.531974773873317,0.998148015855975,-3.537545547464321e-28,-1.0069893938977373e-66,0.943053494589325,1.7271602739591222e-6,0.0,7656.285879757862,24.46670549954772
2626.9463500983074,2641.637090182863,32.50271159510651,-121.4737475405935,392.82675274821224,5.154790867285697,-89.82591723425219,89.38280725522644,0.015620406004256487,12.531982464621708,0.9981486284094939,-3.265566126713805e-28,-8.244533341724277e-67,0.9432518667501711,1.7267986302076144e-6,0.0,7656.285880448653,24.465424650551803
2627.546350098307,2638.544458853081,32.50271159512599,-121.47374753846229,392.82655182914505,5.153980308776697,-89.82591729640797,89.38063980839446,0.015617371027358433,12.531993999506883,0.9981495471412148,-2.896297342899723e-28,-6.107702180352276e-67,0.9435494460792422,1.7262564108651325e-6,0.0,7656.2858814845695,24.46350387233216
2627.9463500983065,2636.482974778861,32.50271159513902,-121.47374753704186,392.82641790295895,5.153440111093609,-89.82591733783677,89.37919466410318,0.015615348425756565,12.532001688604339,0.99815015956324,-2.673619425944628e-28,-5.0005645116407383e-67,0.943747846355506,1.7258950953941803e-6,0.0,7656.285882175,24.462223683562783
2628.546350098306,2633.3911537462845,32.502711595158615,-121.4737475349118,392.8262170434559,5.152630076409368,-89.82591739996954,89.37702668533063,0.015612315597223191,12.532013221012113,0.9981510780976405,-2.3712877151506415e-28,-3.704510310628782e-67,0.9440454678525286,1.7253533681542227e-6,0.0,7656.285883210375,24.460303895236834
2628.9463500983056,2631.330209695734,32.50271159517172,-121.4737475334921,392.82608315696433,5.152090227762796,-89.82591744138372,89.37558118975471,0.0156102944270822,12.532020908458156,0.9981516903881337,-2.1889744557039116e-28,-3.03299706588985e-67,0.9442438962373777,1.724992380539635e-6,0.0,7656.285883900444,24.459024366099545
2629.546350098305,2628.239198435098,32.502711595191414,-121.47374753136317,392.8258823569807,5.151280716363412,-89.82591750348931,89.37341267883416,0.015607263744566903,12.532032438391035,0.9981526087254138,-1.941446185354261e-28,-2.246900100286721e-67,0.9445415598924021,1.7244511447665735e-6,0.0,7656.285884935276,24.457105566776637
2629.9463500983047,2626.178794058971,32.50271159520457,-121.47374752994423,392.82574851015374,5.150741216393666,-89.82591754489096,89.3719668295761,0.015605244004323646,12.53204012418635,0.9981532208844295,-1.7921807124928753e-28,-1.8396065444775405e-67,0.9447400163791347,1.7240904845848785e-6,0.0,7656.285885624985,24.455826696677786
2630.546350098304,2623.088592050597,32.50271159522437,-121.47374752781639,392.82554776964474,5.149932227740151,-89.82591760697356,89.36979779204789,0.015602215465484681,12.532051651641126,0.9981541390243333,-1.5895217044074151e-28,-1.3628144173828909e-67,0.9450377221817321,1.7235497396438575e-6,0.0,7656.285886659277,24.453908885467367
2630.946350098304,2621.0287269987166,32.5027115952376,-121.4737475263982,392.8254139624527,5.149393076088453,-89.82591764835219,89.36835159037446,0.015600197153579312,12.532059335789967,0.9981547510522105,-1.4673134708639677e-28,-1.1157782763933276e-67,0.945236206763772,1.723189406472809e-6,0.0,7656.285887348625,24.452630673815897
2631.5463500983033,2617.9393337173387,32.50271159525751,-121.47374752427147,392.82521328137375,5.148584609642783,-89.82591771040971,89.36618202400146,0.01559717075607786,12.532070860772242,0.9981556689951844,-1.3013903078241759e-28,-8.265891020208988e-68,0.9455339547041094,1.722649151730777e-6,0.0,7656.285888382376,24.450713849831196
2631.946350098303,2615.8800076432526,32.50271159527081,-121.47374752285404,392.82507951378693,5.148045805950133,-89.82591775177372,89.36473547282414,0.015595153870951244,12.532078543271071,0.9981562808916413,-1.2013346683014383e-28,-6.767540405901533e-68,0.9457324673745648,1.722289145147812e-6,0.0,7656.285889071363,24.44943629603317
2632.5463500983024,2612.7914225673303,32.50271159529081,-121.47374752072841,392.82487889209335,5.147237861174791,-89.82591781380823,89.36256537770046,0.015592129612451761,12.532090065781137,0.9981571986377082,-1.0654882714735218e-28,-5.013518604329183e-68,0.946030257442509,1.7217493799722427e-6,0.0,7656.285890104576,24.447520458386652
2632.946350098302,2610.732635123655,32.50271159530418,-121.47374751931171,392.82474516408183,5.146699405083383,-89.82591785515342,89.36111847125933,0.015590114152548904,12.532097746631349,0.9981578104028559,-9.835696420159996e-29,-4.104722606139437e-68,0.9462287981946119,1.7213896995563037e-6,0.0,7656.285890793203,24.446243561851734
2633.5463500983014,2607.6448577307165,32.502711595324286,-121.4737475171872,392.8245446017291,5.145891981441427,-89.82591791716703,89.35894784715465,0.015587092030718454,12.532109266670474,0.9981587279521172,-8.723480187475112e-29,-3.0408541238327794e-68,0.9465266303801767,1.7208504233156737e-6,0.0,7656.285891825875,24.4443287096568
2633.946350098301,2605.5866085710004,32.50271159533773,-121.47374751577125,392.82441091326336,5.145353872593781,-89.82591795849551,89.3575005899358,0.015585077994486224,12.532116945871882,0.9981593395859408,-8.052787172647714e-29,-2.4896412378505245e-68,0.9467251992071098,1.7204910686461797e-6,0.0,7656.285892514144,24.443052469794594
2634.5463500983005,2602.4996383413672,32.50271159535794,-121.47374751364788,392.82421041020694,5.144546969549317,-89.82591802048613,89.35532943609526,0.015582058006996611,12.5321284634399,0.9981602569383831,-7.142181534859056e-29,-1.8443720931734841e-68,0.9470230735001005,1.7199522807101172e-6,0.0,7656.2858935462755,24.44113860216613
2634.9463500983,2600.441927115433,32.50271159537145,-121.47374751223266,392.8240767612573,5.144009207588078,-89.82591806179578,89.35388182913336,0.015580045392882241,12.532136140995675,0.9981608684411352,-6.593064535322927e-29,-1.5100444263724589e-68,0.947221670395445,1.7195932513671655e-6,0.0,7656.2858942341845,24.439863018386912
2635.5463500982996,2597.3557635294273,32.50271159539176,-121.4737475101104,392.8238763174528,5.143202824606041,-89.82591812375503,89.351710150597,0.015577027537408812,12.532147656093407,0.9981617855968238,-5.847523692450317e-29,-1.1186687290969185e-68,0.9475195867857219,1.7190549511064697e-6,0.0,7656.285895265781,24.43795013444134
2635.9463500982993,2595.298589891754,32.502711595405344,-121.4737475086959,392.82374270798965,5.142665409174872,-89.82591816505006,89.35026218687874,0.015575016343864191,12.532155332003757,0.9981623969685209,-5.397944715908929e-29,-9.158886569485043e-69,0.9477182117426488,1.7186962466710022e-6,0.0,7656.285895953332,24.43667520615665
2636.5463500982987,2592.213232428767,32.50271159542576,-121.47374750657474,392.8235423233927,5.141859545721059,-89.8259182269884,89.34808998151509,0.015572000618085776,12.532166844634416,0.9981633139277118,-4.787547497480765e-29,-6.785071895693689e-69,0.948016170220219,1.718158433457758e-6,0.0,7656.285896984386,24.434763305012364
2636.9463500982984,2590.1565960329026,32.50271159543941,-121.473747505161,392.82340875338645,5.141322476463987,-89.8259182682667,89.34664166977744,0.015569990843564401,12.53217451890049,0.9981639251684455,-4.419463361825255e-29,-5.555148029267508e-69,0.9482148232320264,1.7178000535113883e-6,0.0,7656.285897671577,24.433489031634387
2637.546350098298,2587.072044175118,32.50271159545992,-121.47374750304094,392.82320842795275,5.140517132004436,-89.82591833017578,89.34446893827054,0.015566977245162107,12.532186029061947,0.9981648419309691,-3.919712385300279e-29,-4.1153559970249076e-69,0.9485128237866889,1.7172627267180228e-6,0.0,7656.285898702095,24.4315781124084
2637.9463500982974,2585.0159446764737,32.50271159547364,-121.47374750162793,392.8230748973738,5.13998040856569,-89.82591837144153,89.34302027463707,0.015564968888119127,12.532193701681502,0.9981654530405606,-3.618350582389571e-29,-3.369369125051819e-69,0.9487115048465337,1.7169046708426284e-6,0.0,7656.285899388929,24.43030449334853
2638.546350098297,2581.932197903283,32.50271159549426,-121.473747499509,392.822874631059,5.13917558256746,-89.82591843332972,89.34084702033489,0.015561957414777667,12.532205209377173,0.9981663696066893,-3.209189087222864e-29,-2.4960907183603776e-69,0.9490095474684138,1.716367829843176e-6,0.0,7656.28590041891,24.428394555160963
2638.9463500982965,2579.876634955406,32.50271159550804,-121.47374749809673,392.8227411398779,5.138639204592368,-89.82591847457456,89.33939800297868,0.015559950473671908,12.532212880353729,0.998166980585419,-2.96245491028841e-29,-2.0436266038349664e-69,0.9492082565696719,1.7160100976221297e-6,0.0,7656.285901105386,24.427121589834183
2639.546350098296,2576.7936927489936,32.50271159552877,-121.47374749597891,392.8225409326378,5.137834896523404,-89.82591853643348,89.33722421319523,0.015556941123080226,12.532224385584765,0.998167896955244,-2.627461809742285e-29,-1.5139562358126457e-69,0.9495063412486806,1.7154737417916032e-6,0.0,7656.285902134831,24.425212631806048
2639.9463500982956,2574.7386660054326,32.50271159554262,-121.47374749456738,392.8224074808252,5.137298863657097,-89.82591857766997,89.33577484697078,0.015554935596370596,12.532232054918877,0.9981685078031562,-2.42545295035953e-29,-1.2395227536365006e-69,0.9497050783847656,1.7151163328083026e-6,0.0,7656.28590282095,24.423940319625707
2640.546350098295,2571.6565278470516,32.50271159556345,-121.47374749245063,392.82220733261545,5.136495072985573,-89.82591863950378,89.33360053439033,0.015551928366219195,12.532243557685792,0.9981694239767187,-2.1511837956635747e-29,-9.182612903835471e-70,0.9500032051109639,1.7145804615223688e-6,0.0,7656.285903849858,24.42203234087776
2640.9463500982947,2569.602036966011,32.50271159557737,-121.47374749103987,392.82207392014175,5.13595938487429,-89.82591868071937,89.33215081868362,0.015549924252369505,12.532251225375518,0.9981700346936586,-1.9857929293631098e-29,-7.518088940021878e-70,0.9502019702748794,1.7142233753611437e-6,0.0,7656.285904535618,24.42076068125879
2641.546350098294,2566.52070234064,32.5027115955983,-121.47374748892423,392.82187383091855,5.135156111070163,-89.82591874253228,89.3299759806865,0.015546919140355994,12.532262725679768,0.9981709506710745,-1.7612403368022473e-29,-5.5695387850115155e-70,0.9505001390380242,1.7136879879972654e-6,0.0,7656.285905563991,24.418853680915593
2641.946350098294,2564.4667469747365,32.50271159561228,-121.47374748751419,392.8217404577544,5.134620767359984,-89.82591878373742,89.32852591289918,0.015544916437829221,12.532270391727526,0.9981715612572348,-1.6258297476865036e-29,-4.559953509869548e-70,0.9506989322233513,1.7133312242429965e-6,0.0,7656.2859062493935,24.41758267327318
2642.5463500982933,2561.3862153645605,32.502711595633315,-121.47374748539967,392.82154042747345,5.133818009892935,-89.82591884551897,89.3263505490093,0.01554191344165089,12.53228188956984,0.9981724770385622,-1.441981633662516e-29,-3.3780975635802906e-70,0.9509971430135284,1.7127963201789418e-6,0.0,7656.285907277233,24.4156766504578
2642.946350098293,2559.332795170136,32.502711595647376,-121.47374748399035,392.8214070935895,5.133283010231165,-89.82591888669691,89.32490013161308,0.015539912148915097,12.532289553977286,0.9981730874940749,-1.3311168195719862e-29,-2.765752863268348e-70,0.951195964213526,1.7124398784176365e-6,0.0,7656.28590796228,24.41440629420941
2643.5463500982924,2556.2530660582706,32.502711595668515,-121.47374748187694,392.8212071222069,5.1324807685718286,-89.82591894846803,89.32272424369232,0.015536911266273313,12.532301049358878,0.9981740030794104,-1.1805947140611537e-29,-2.0489206718116968e-70,0.951494217020788,1.7119054570323838e-6,0.0,7656.285908989585,24.41250124804666
2643.946350098292,2554.200180692598,32.50271159568265,-121.47374748046836,392.82107382757385,5.131946112605826,-89.82591898962926,89.32127347817423,0.015534911381797583,12.532308712124795,0.9981746134041785,-1.0898262809305517e-29,-1.6775146685422898e-70,0.9516930662286645,1.711549336850247e-6,0.0,7656.285909674275,24.411231542608757
2644.5463500982914,2551.121253565885,32.502711595703865,-121.47374747835605,392.8208739150455,5.131144386226282,-89.82591905136901,89.31909706404053,0.015531912610399802,12.53232020504623,0.998175528793567,-9.665892035871419e-30,-1.2427337696333281e-70,0.9519913610427607,1.7110153975242313e-6,0.0,7656.285910701044,24.40932747222606
2644.946350098291,2549.0689026843756,32.502711595718075,-121.4737474769482,392.8207406596341,5.130610073604138,-89.82591909251352,89.31764594976063,0.01552991413265576,12.53232786617334,0.998176138987807,-8.922742956465862e-30,-1.0174645394198816e-70,0.952190238251941,1.7106595985085852e-6,0.0,7656.28591138538,24.40805841701738
2645.5463500982905,2545.990777026862,32.502711595739406,-121.47374747483697,392.82054080591627,5.129808861976388,-89.82591915422817,89.31546901047945,0.0155269174702097,12.532339356635418,0.9981770541813126,-7.913763100609898e-30,-7.537564745351919e-71,0.9524885750629499,1.7101261406227436e-6,0.0,7656.285912411615,24.40615532154139
2645.94635009829,2543.9389602858573,32.50271159575366,-121.4737474734299,392.82040758969714,5.129274892346365,-89.82591919536432,89.31401754286809,0.015524920397670353,12.532347016124154,0.9981776642450593,-7.305324092494938e-30,-6.171237178369948e-71,0.952687480266808,1.7097706623612253e-6,0.0,7656.285913095593,24.40488691598008
2646.5463500982896,2540.8616355825216,32.502711595775104,-121.47374747131977,392.8202077947459,5.128474194943357,-89.82591925705599,89.31184008057365,0.015521925841887791,12.532358504128148,0.9981785792427832,-6.479241251625326e-30,-4.571766188275025e-71,0.952985859064774,1.7092376852976932e-6,0.0,7656.285914121297,24.402984794539158
2646.9463500982893,2538.8103526402265,32.50271159578943,-121.47374746991338,392.8200746176899,5.127940567954486,-89.82591929817332,89.31038826695706,0.015519930173029486,12.532366161978334,0.9981791891760226,-5.981093522111835e-30,-3.7430462523450275e-71,0.9531847922565418,1.7088825273787668e-6,0.0,7656.28591480492,24.401717038044602
2647.5463500982887,2535.7338283788413,32.50271159581098,-121.47374746780439,392.8198748814614,5.127140384250167,-89.8259193598336,89.30821027787005,0.015516937721626751,12.532377647523878,0.9981801039779353,-5.304754092718285e-30,-2.7729176181396652e-71,0.953483213031295,1.708350030520769e-6,0.0,7656.285915830091,24.399815889768444
2647.9463500982883,2533.6830788915977,32.502711595825375,-121.47374746639873,392.8197417435393,5.126607099551731,-89.8259194009405,89.30675811317451,0.015514943454926936,12.532385303737012,0.9981807137807867,-4.896905225190452e-30,-2.2702733410247602e-71,0.9536821742044234,1.7079951925335405e-6,0.0,7656.28591651336,24.398548781760624
2648.546350098288,2530.6073545562103,32.50271159584703,-121.47374746429081,392.81954206598994,5.125807429020596,-89.8259194625778,89.30457959996997,0.015511953105622341,12.53239678682826,0.9981816283872195,-4.343165332383995e-30,-1.6818603140093046e-71,0.9539806369462148,1.707463175265508e-6,0.0,7656.285917537998,24.396648605780673
2648.9463500982874,2528.5571381812915,32.50271159586149,-121.47374746288592,392.81940896717254,5.125274486262682,-89.82591950366378,89.30312708373609,0.015509960239561738,12.532404441406578,0.9981822380598607,-4.009246920457897e-30,-1.3769910109282366e-71,0.9541796260941009,1.7071086568000199e-6,0.0,7656.285918220912,24.3953821456812
2649.546350098287,2525.482213260606,32.50271159588324,-121.47374746077911,392.81920934825837,5.1244753283799325,-89.825919565276,89.30094804870527,0.015506971990077613,12.532415922042237,0.9981831524707105,-3.555883039011196e-30,-1.0201003078256627e-71,0.9544781307927857,1.7065771185070186e-6,0.0,7656.285919245018,24.39348294112862
2649.9463500982865,2523.4325296590105,32.50271159589777,-121.47374745937492,392.8190762885167,5.12394272721288,-89.82591960634524,89.29949518454612,0.015504980523139079,12.53242357498256,0.9981837620128887,-3.282493764942321e-30,-8.351876445508979e-72,0.9546771479085063,1.7062229191534695e-6,0.0,7656.285919927578,24.392217128357984
2650.546350098286,2520.358403639868,32.50271159591963,-121.4737474572692,392.8188767281942,5.123144081454725,-89.82591966793238,89.29731563248123,0.015501994371201465,12.532435053165672,0.9981846762283979,-2.9113108112296866e-30,-6.187223929110767e-72,0.9549756945541744,1.7056918592220614e-6,0.0,7656.285920951152,24.39031889436673
2650.9463500982856,2518.3092524698004,32.50271159593423,-121.47374745586576,392.8187437074992,5.12261182152956,-89.82591970899327,89.29586241916978,0.015500004301870082,12.532442704469752,0.9981852856402521,-2.6874786040004305e-30,-5.065671424683178e-72,0.955174739631113,1.7053379785717984e-6,0.0,7656.285921633357,24.389053728347807
2651.546350098285,2515.235924838111,32.50271159595617,-121.47374745376115,392.81854420572483,5.1218136873723985,-89.8259197705574,89.29368233815144,0.01549702024520643,12.53245418020262,0.9981861996606042,-2.3835797034369696e-30,-3.7527427112102493e-72,0.9554733282140077,1.7048073963891506e-6,0.0,7656.2859226564005,24.38715646405147
2651.9463500982847,2513.187305757776,32.50271159597085,-121.4737474523584,392.8184112240473,5.1212817683403395,-89.8259198115953,89.2922287757377,0.015495031571968541,12.532461829871192,0.9981868089421934,-2.2003213910406365e-30,-3.0724864226949017e-72,0.9556724012455857,1.7044538340339321e-6,0.0,7656.285923338254,24.38589194420693
2652.546350098284,2510.1147760059685,32.502711595992906,-121.47374745025488,392.81821178077746,5.120484145262046,-89.82591987314483,89.29004817206702,0.015492049608312974,12.532473303152068,0.9981877227672489,-1.9515100142251473e-30,-2.2761545432808805e-72,0.9559710317553711,1.7039237289884508e-6,0.0,7656.285924360767,24.38399564874098
2652.946350098284,2508.066688674502,32.50271159600764,-121.47374744885289,392.81807883808847,5.1199525667751775,-89.8259199141597,89.28859426449215,0.015490062329658383,12.532480951186981,0.9981883319187203,-1.801470797447221e-30,-1.8635580609602864e-72,0.9561701327349585,1.7035704845210394e-6,0.0,7656.285925042265,24.382731774495387
2653.5463500982833,2504.9949562912807,32.502711596029805,-121.47374744675044,392.8178794532797,5.119155454253617,-89.82591997567994,89.28641314076364,0.015487082456745321,12.532492422015874,0.9981892455484799,-1.5977612706340713e-30,-1.380558142028174e-72,0.9564688051617158,1.7030408560017699e-6,0.0,7656.28592606425,24.380836446995055
2653.946350098283,2502.9474003668875,32.502711596044605,-121.47374744534919,392.8177465495503,5.118624215964013,-89.82592001668438,89.2849588823887,0.015485096571164295,12.532500068418177,0.9981898545699169,-1.4749195491483506e-30,-1.1303056120664647e-72,0.9566679340828111,1.7026879290152192e-6,0.0,7656.285926745395,24.379573217772325
2654.5463500982823,2499.8764648418874,32.50271159606686,-121.47374744324786,392.81754722315907,5.117827613478131,-89.82592007817745,89.28277723745607,0.01548211878673259,12.532511536796308,0.998190768004478,-1.3081362941157208e-30,-8.373512199101536e-73,0.9569666484165898,1.7021587764125376e-6,0.0,7656.285927766849,24.377678857375074
2654.946350098282,2497.829439985566,32.50271159608173,-121.4737474418473,392.81741435836034,5.117296715039081,-89.82592011916307,89.28132262786072,0.015480134292720259,12.53251918156749,0.9981913768959995,-1.207561998530652e-30,-6.855653190706632e-73,0.9571658052724579,1.7018061665010906e-6,0.0,7656.285928447642,24.3764162726017
2655.5463500982814,2494.7593008084223,32.502711596104085,-121.47374743974706,392.81721509034344,5.116500622068786,-89.82592018062894,89.27914045880075,0.015477158594512692,12.532530647497905,0.9981922901356046,-1.0710114179346167e-30,-5.078794178526626e-73,0.9574645615033651,1.701277489206662e-6,0.0,7656.285929468566,24.374522878447078
2655.946350098281,2492.7128066802397,32.50271159611902,-121.47374743834726,392.8170822644463,5.115970063133292,-89.82592022160203,89.27768550658014,0.015475175490563807,12.532538290637294,0.9981928988971568,-9.886681488067204e-31,-4.1581657358419194e-73,0.9576637462873988,1.7009251959645752e-6,0.0,7656.285930149007,24.373260937547915
2656.5463500982805,2489.6434633415192,32.50271159614148,-121.47374743624809,392.81688305476024,5.115174479158646,-89.82592028305119,89.27550281772403,0.015472201876324778,12.53254975411967,0.9981938119417803,-8.768699886289113e-31,-3.080445778845776e-73,0.957962544405507,1.7003969933704635e-6,0.0,7656.285931169403,24.37136850877438
2656.94635009828,2487.5974996024743,32.50271159615649,-121.473747434849,392.81675026773604,5.114644259380718,-89.82592032400755,89.27404751122643,0.015470220160937983,12.532557395628379,0.9981944205734519,-8.094530215875256e-31,-2.5220561492474803e-73,0.9581617571110442,1.700045016393133e-6,0.0,7656.285931849492,24.370107211176695
2657.5463500982796,2484.5289515927434,32.50271159617904,-121.47374743275094,392.8165511163377,5.113849183882935,-89.82592038543163,89.2718642982927,0.015467248628416383,12.532568856665137,0.9981953334232865,-7.179204293086324e-31,-1.8683856566838853e-73,0.9584605971064822,1.69951728789288e-6,0.0,7656.28593286936,24.36821574692549
2657.9463500982793,2482.483517905697,32.50271159619412,-121.47374743135258,392.8164183681574,5.1133193029168025,-89.82592042636288,89.2704086523163,0.015465268300091992,12.532576496541093,0.9981959419249126,-6.627240848691145e-31,-1.529705072871306e-73,0.9586598377267207,1.6991656267759809e-6,0.0,7656.2859335490975,24.366955092055857
2658.5463500982787,2479.4157647155225,32.502711596216784,-121.47374742925561,392.8162192750033,5.1125247353777965,-89.82592048776607,89.26822491723905,0.015462298847039826,12.532587955135183,0.9981968545801932,-5.877835363308469e-31,-1.1332336982117175e-73,0.9589587195896737,1.6986383717641502e-6,0.0,7656.285934568438,24.365064591469363
2658.9463500982783,2477.3708607386798,32.502711596231926,-121.47374742785797,392.81608656563816,5.111995192878133,-89.82592052869316,89.26676892116528,0.015460319904279296,12.532595593382489,0.9981974629521004,-5.425925914813754e-31,-9.278134472408177e-74,0.9591579881183021,1.6982870261044214e-6,0.0,7656.2859352478235,24.36380457875651
2659.546350098278,2474.3039018632844,32.50271159625469,-121.47374742576208,392.8158875306853,5.111201132780475,-89.82592059006288,89.26458466556196,0.015457352528452399,12.532607049531276,0.9981983754126174,-4.812364594698988e-31,-6.873412938964155e-74,0.9594569118385604,1.697760243976157e-6,0.0,7656.285936266637,24.36191504097669
2659.9463500982774,2472.259527261369,32.5027115962699,-121.47374742436519,392.8157548601066,5.11067192840273,-89.82592063096905,89.2631283257561,0.015455374969761399,12.532614686147568,0.9981989836546172,-4.442372429977687e-31,-5.627475571255505e-74,0.9596562082686672,1.6974092133707606e-6,0.0,7656.285936945671,24.36065566984919
2660.546350098277,2469.193362192251,32.50271159629277,-121.47374742227035,392.8155558833119,5.109878375229611,-89.82592069231369,89.26094355179274,0.015452409668917798,12.532626139853285,0.9981998959205485,-3.940030906084597e-31,-4.168937572547679e-74,0.9599551738364376,1.696882903522471e-6,0.0,7656.285937963959,24.358767094020035
2660.9463500982765,2467.14951662533,32.50271159630804,-121.47374742087419,392.8154232514909,5.10934950862983,-89.82592073320733,89.25948685867989,0.015450433492803601,12.53263377484317,0.9982005040330081,-3.6371069410930686e-31,-3.4132380166783455e-74,0.9601544981616057,1.6965321875697846e-6,0.0,7656.285938642642,24.357508363909144
2661.546350098276,2464.084144857712,32.50271159633101,-121.47374741878043,392.81522433281117,5.108556461865423,-89.82592079453524,89.25730156390553,0.015447470264705962,12.532645226105258,0.9982014161043088,-3.2258244851194248e-31,-2.5285896014300815e-74,0.9604535055667898,1.6960063493988587e-6,0.0,7656.2859396604035,24.355620749175657
2661.9463500982756,2462.0408279877156,32.50271159634635,-121.47374741738501,392.8150917397192,5.108027932699437,-89.82592083541216,89.25584452479762,0.015445495469676194,12.532652859467985,0.9982020240871685,-2.977811318042468e-31,-2.070234443665321e-74,0.9606528577804578,1.6956559476971019e-6,0.0,7656.285940338736,24.354362659510414
2662.546350098275,2458.976249013096,32.502711596369416,-121.47374741529237,392.8148928791115,5.107235391828544,-89.8259208967108,89.25365871425585,0.015442534312089385,12.532664308290814,0.9982029359641867,-2.641081721649971e-31,-1.533667813728629e-74,0.9609519070133763,1.6951305806021988e-6,0.0,7656.285941355971,24.352476005019675
2662.9463500982747,2456.933460504748,32.50271159638483,-121.47374741389763,392.81476032471977,5.106707199753061,-89.8259209375668,89.25220133111394,0.015440560896655506,12.532671940024443,0.9982035438172918,-2.4380257137000465e-31,-1.2556612315917931e-74,0.9611512871087456,1.6947804927504375e-6,0.0,7656.285942033953,24.35121855523048
2663.546350098274,2453.86967381835,32.502711596408,-121.47374741180606,392.81456152214105,5.105915164260888,-89.82592099884664,89.2500149932139,0.015437601807347288,12.532683386406772,0.9982044554999291,-2.162334836445802e-31,-9.302169721558876e-75,0.9614503781594139,1.6942555961306244e-6,0.0,7656.285943050663,24.349332860128527
2663.946350098274,2451.8274133326486,32.502711596423474,-121.47374741041207,392.8144290064211,5.105387308933396,-89.8259210396922,89.24855726797314,0.01543562977002307,12.532691016516047,0.9982050632236574,-1.9960866374065718e-31,-7.615973801165825e-75,0.9616497861300907,1.6939058217292382e-6,0.0,7656.285943728295,24.348076049648853
2664.5463500982733,2448.764418429695,32.50271159644674,-121.4737474083216,392.8142302618285,5.1045957783062885,-89.82592110093857,89.24637041416042,0.015432672746765644,12.532702460459353,0.998205974712031,-1.7703700368597582e-31,-5.642053693381978e-75,0.9619489189885793,1.6933813949850388e-6,0.0,7656.285944744481,24.34619131308448
2664.946350098273,2446.7226856313646,32.50271159646229,-121.47374740692831,392.8140977847516,5.104068259384361,-89.82592114177159,89.24491233768744,0.015430702086066478,12.532710088942721,0.998206582306259,-1.63425752306207e-31,-4.619323706165088e-75,0.9621483548278377,1.6930319336343837e-6,0.0,7656.285945421764,24.344935141346042
2665.5463500982723,2443.660482007079,32.50271159648565,-121.47374740483892,392.81389909810224,5.103277233109057,-89.82592120299498,89.24272496753088,0.015427747126634198,12.532721530447516,0.9982074936004098,-1.4494563998989522e-31,-3.422080098713853e-75,0.9624475294842725,1.6925079761670298e-6,0.0,7656.285946437426,24.343051362468103
2665.946350098272,2441.619276558049,32.50271159650127,-121.47374740344635,392.8137666596399,5.102750050250797,-89.82592124380918,89.24126654336297,0.015425777841077203,12.532729157307754,0.9982081010653586,-1.3380168984824344e-31,-2.8017627239043815e-75,0.9626469931857041,1.6921588274684485e-6,0.0,7656.285947114359,24.34179582890452
2666.5463500982714,2438.5578637085855,32.50271159652474,-121.47374740135804,392.8135680308909,5.101959527814968,-89.82592130501583,89.2390786575072,0.015422824943248408,12.532740596375099,0.9982090121653711,-1.1867145350779894e-31,-2.0755974399445656e-75,0.9629462096301771,1.691635338680347e-6,0.0,7656.285948129497,24.339913006863608
2666.946350098271,2436.517185278237,32.502711596540415,-121.47374739996621,392.8134356310146,5.101432680679279,-89.82592134580912,89.2376198892898,0.01542085703135515,12.53274822160748,0.9982096195006641,-1.0954755877581216e-31,-1.699355762962319e-75,0.9631457011866786,1.6912865022355492e-6,0.0,7656.285948806082,24.338658110908163
2667.5463500982705,2433.4565626978874,32.502711596563984,-121.47374739787895,392.8132370601233,5.100642661571464,-89.8259214069907,89.23543147764576,0.015417906192911439,12.53275965824221,0.9982105304069235,-9.715996892790612e-32,-1.2589140547363525e-75,0.9634449594095197,1.6907634815304467e-6,0.0,7656.285949820697,24.33677624485722
2667.94635009827,2431.416410945356,32.50271159657973,-121.47374739648785,392.8131046988045,5.100116149817144,-89.82592144776726,89.23397236293734,0.015415939653201934,12.532767281852623,0.9982111376130298,-8.968995569002947e-32,-1.0307118388272913e-75,0.9636444788150273,1.6904149569421308e-6,0.0,7656.285950496933,24.335521985945107
2668.5463500982696,2428.3565781321377,32.50271159660341,-121.47374739440168,392.8129061857281,5.099326633526011,-89.82592150892793,89.23178343577511,0.015412990871926945,12.532778716052636,0.9982120483253687,-7.954785488029178e-32,-7.635703179779663e-76,0.9639437788062606,1.6898924037239048e-6,0.0,7656.285951511026,24.333641075035068
2668.9463500982692,2426.3169527230784,32.50271159661922,-121.47374739301128,392.81277386293834,5.098800456812799,-89.82592154969196,89.2303239787365,0.015411025702925902,12.532786338041372,0.9982126554023116,-7.3431925289563e-32,-6.251586147251572e-76,0.9641433260541092,1.6895441905953563e-6,0.0,7656.285952186912,24.332387452601942
2669.5463500982687,2423.2579091778025,32.50271159664298,-121.4737473909262,392.81257540763426,5.098011442828322,-89.82592161082336,89.22813453263761,0.01540807897660873,12.532797769804544,0.9982135659205607,-6.512827541918328e-32,-4.631290184611331e-76,0.9644426678035378,1.6890221042692614e-6,0.0,7656.285953200482,24.330507495986243
2669.9463500982683,2421.2188097769395,32.50271159665887,-121.47374738953651,392.81244312334513,5.097485600816148,-89.82592165157065,89.22667472636378,0.015406115176841909,12.532805390172197,0.9982141728683872,-6.012097575750502e-32,-3.7917803875207533e-76,0.9646422428871956,1.6886742022042527e-6,0.0,7656.285953876021,24.329254509467873
2670.546350098268,2418.1605549929664,32.502711596682744,-121.47374738745253,392.81224472577054,5.09669708862852,-89.82592171268115,89.22448476337962,0.015403170503271902,12.532816819504117,0.9982150831929917,-5.332252221584276e-32,-2.809020763258138e-76,0.9649416263854089,1.688152582176718e-6,0.0,7656.285954889069,24.327375506301703
2670.9463500982674,2416.1219812678173,32.50271159669869,-121.47374738606355,392.8121124799536,5.09617158097804,-89.82592175341173,89.22302461169205,0.015401208071268425,12.53282443824931,0.9982156900115925,-4.922289197486486e-32,-2.2998321015712077e-76,0.9651412292981015,1.6878049907797115e-6,0.0,7656.285955564261,24.3261231551347
2671.546350098267,2413.064514745958,32.502711596722655,-121.47374738398064,392.8119141400662,5.095383570078789,-89.82592181449505,89.22083413268967,0.015398265448241301,12.532835865149831,0.9982166001425407,-4.3656788962379986e-32,-1.7037579883536344e-76,0.965440654535017,1.6872838364581723e-6,0.0,7656.285956576787,24.32424510457442
2671.9463500982665,2411.0264663621783,32.50271159673867,-121.47374738259236,392.8117819326932,5.094858396450925,-89.82592185521098,89.2193736440083,0.015396304382531402,12.532843482273032,0.9982172068319528,-4.03002955930362e-32,-1.3949193135828702e-76,0.965640285270194,1.6869365553342695e-6,0.0,7656.285957251631,24.322993388196057
2672.546350098266,2407.969787599519,32.502711596762744,-121.47374738051053,392.8115836504503,5.094070886331787,-89.8259219162713,89.21718264423872,0.015393363807843804,12.532854906744923,0.998218116769465,-3.5743155861811664e-32,-1.0333819247074278e-76,0.9659397522361484,1.6864158661270044e-6,0.0,7656.285958263637,24.32111628939861
2672.9463500982656,2405.932264223695,32.50271159677881,-121.473747379123,392.8114514814929,5.0935460463882265,-89.8259219569726,89.21572180390781,0.01539140410696084,12.532862522247276,0.9982187233297799,-3.2995091505704885e-32,-8.460617147126378e-77,0.9661394107872041,1.6860688948821972e-6,0.0,7656.285958938133,24.319865207247737
2673.546350098265,2402.8763727219775,32.50271159680298,-121.4737473770422,392.81125325685207,5.0927590365417,-89.82592201800365,89.2135302911331,0.015388465578413533,12.532873944288303,0.9982196330736786,-2.926402104521875e-32,-6.267781044090269e-77,0.9664389194721342,1.6855486701981601e-6,0.0,7656.285959949619,24.317989059370056
2673.9463500982647,2400.8393740169704,32.50271159681913,-121.47374737565539,392.8111211262819,5.092234529944016,-89.82592205869243,89.21206910852402,0.015386507240890477,12.532881558173205,0.9982202395051664,-2.7014096235511463e-32,-5.131626024045034e-77,0.9666386058328632,1.6852020084388527e-6,0.0,7656.28596062377,24.316738610885377
2674.546350098264,2397.784269273281,32.502711596843405,-121.47374737357569,392.81092295920075,5.091448019863346,-89.82592211970257,89.20987707692713,0.015383570756286593,12.532892977787897,0.9982211490558119,-2.395935409413509e-32,-3.80160309343322e-77,0.9669381562272183,1.6846822476884536e-6,0.0,7656.285961634734,24.314863413087185
2674.946350098264,2395.747794910334,32.50271159685962,-121.47374737218959,392.8107908669896,5.09092384627447,-89.8259221603767,89.208415550313,0.01538161378066271,12.532900590052952,0.9982217553582821,-2.2117271452188524e-32,-3.1124899274753687e-77,0.967137870390635,1.6843358950218994e-6,0.0,7656.285962308538,24.313613597708834
2675.5463500982632,2392.693476429209,32.502711596883984,-121.47374737011096,392.8105927574258,5.090137835453666,-89.82592222135966,89.20622300403453,0.015378679337810024,12.532912007237298,0.9982226647153554,-1.9616260107287547e-32,-2.305789876566863e-77,0.9674374624841885,1.683816597615984e-6,0.0,7656.285963318985,24.311739349148993
2675.946350098263,2390.657526073046,32.50271159690026,-121.47374736872555,392.81046070354546,5.089613994536406,-89.82592226201498,89.20476113117336,0.015376723722623647,12.53291961788588,0.9982232708890764,-1.810809039196169e-32,-1.8878214240949937e-77,0.9676372044439814,1.683470553650078e-6,0.0,7656.285963992441,24.310490166317802
2676.5463500982623,2387.6039933515713,32.50271159692474,-121.47374736664801,392.81026265145664,5.088828482470164,-89.82592232297705,89.2025680672865,0.015373791319331602,12.532931032645912,0.9982241800530576,-1.60604354810614e-32,-1.3985328884180693e-77,0.9679368382272936,1.6829517190011262e-6,0.0,7656.285965002368,24.30861686615863
2676.946350098262,2385.56856666971,32.50271159694109,-121.47374736526334,392.81013063587886,5.088304973887745,-89.82592236361354,89.20110585536972,0.015371837063123476,12.532938641677982,0.9982247860980266,-1.482565054881618e-32,-1.1450220923808122e-77,0.9681366079769119,1.6826059833441448e-6,0.0,7656.285965675479,24.307368315315166
2677.5463500982614,2382.5158192114905,32.50271159696565,-121.47374736318683,392.80993264122276,5.087519960071424,-89.8259224245568,89.19891227884293,0.015368906697205684,12.5329500540119,0.9982256950687723,-1.3149172494175417e-32,-8.482534596340401e-78,0.9684362834399605,1.6820876108650528e-6,0.0,7656.285966684888,24.305495962718048
2677.946350098261,2380.48091587238,32.50271159698207,-121.4737473618029,392.80980066391936,5.0869967834874315,-89.82592246517866,89.19744971736488,0.015366953798518459,12.532957661426195,0.9982263009848886,-1.2138216092249253e-32,-6.944913196271477e-78,0.9686360809728031,1.6817421831257649e-6,0.0,7656.285967357653,24.30424804330305
2678.5463500982605,2377.428953178227,32.502711597006744,-121.47374735972745,392.80960272665396,5.0862122674174755,-89.82592252609892,89.19525562174826,0.015364025467792246,12.532969071338254,0.9982272097627379,-1.0765631945999556e-32,-5.144919634996992e-78,0.9689357981058924,1.6812242722310529e-6,0.0,7656.285968366544,24.30237663743281
2678.94635009826,2375.3945728521794,32.502711597023215,-121.4737473583442,392.8094707875968,5.085689422496422,-89.82592256669778,89.19379271913618,0.015362073925172347,12.532976677133808,0.9982278155499246,-9.937930846070257e-33,-4.2123046904238018e-78,0.9691356234152105,1.6808791520191949e-6,0.0,7656.285969038965,24.30112934888888
2679.5463500982596,2372.3433944256976,32.502711597047984,-121.47374735626987,392.8092729076797,5.08490540366937,-89.82592262759505,89.1915981133767,0.015359147627456795,12.532988084622419,0.9982287241347508,-8.814153989390964e-33,-3.1205529137479207e-78,0.96943538220843,1.6803617021235559e-6,0.0,7656.285970047336,24.299258888908536
2679.9463500982592,2370.3095367774367,32.502711597064526,-121.47374735488732,392.80914100684083,5.084382890076049,-89.82592266818764,89.1901348669064,0.015357197439451114,12.532995688804856,0.9982293297934558,-8.136489641532957e-33,-2.5548930999587355e-78,0.9696352352880583,1.6800168890498252e-6,0.0,7656.285970719414,24.298012230680143
2680.5463500982587,2367.2591421231627,32.50271159708939,-121.47374735281406,392.80894318423003,5.083599367989451,-89.82592272905563,89.18793974290854,0.01535427317256949,12.533007093869402,0.99823023818521,-7.216418965313553e-33,-1.8927118746931276e-78,0.9699350357314588,1.6794998995691862e-6,0.0,7656.285971727267,24.296142715754744
2680.9463500982583,2365.225806822069,32.50271159710601,-121.47374735143222,392.8088113215813,5.083077185389058,-89.82592276962941,89.18647615289055,0.015352324337727626,12.533014696438585,0.9982308437154223,-6.661594321010139e-33,-1.5496216992698176e-78,0.9701349165748152,1.6791553932444927e-6,0.0,7656.285972398998,24.294896687285508
2681.546350098258,2362.1761954398826,32.50271159713097,-121.47374734936,392.80861355623466,5.082294159541067,-89.82592283047441,89.18428051462432,0.015349402099505118,12.533026099084516,0.9982317519145382,-5.9083041600610276e-33,-1.1479883019518498e-78,0.9704347586589595,1.6786388635960846e-6,0.0,7656.285973406337,24.293028116582413
2681.9463500982574,2360.1433821562678,32.50271159714765,-121.4737473479789,392.8084817317481,5.081772307599397,-89.82592287103355,89.18281658309914,0.015347454616379276,12.53303370004022,0.9982323573162398,-5.454052159200402e-33,-9.398934972608683e-79,0.9706346672594071,1.6782946636320608e-6,0.0,7656.285974077724,24.29178271731695
2682.546350098257,2357.0945535516366,32.50271159717271,-121.47374734590773,392.8082840236237,5.080989777488868,-89.82592293185765,89.18062042949599,0.01534453440464517,12.533045100266593,0.9982332653226427,-4.837310335719635e-33,-6.962904174899648e-79,0.9709345509743667,1.6777785932336485e-6,0.0,7656.285975084545,24.289915090003024
2682.9463500982565,2355.0622619558126,32.50271159718945,-121.47374734452731,392.8081522372712,5.080468255871871,-89.82592297239589,89.17915615426512,0.015342588271788665,12.533052699607458,0.9982338705957258,-4.4654002513272074e-33,-5.700744811520931e-79,0.971134487325302,1.677434699242284e-6,0.0,7656.285975755587,24.28867031938564
2683.546350098256,2352.0142156351358,32.50271159721463,-121.47374734245726,392.807954586327,5.07968622099816,-89.82592303319697,89.17695948990958,0.015339670084374873,12.533064097411813,0.9982347784092194,-3.960454751506616e-33,-4.223216775502337e-79,0.9714344126611107,1.676919087512358e-6,0.0,7656.285976761894,24.286803634627965
2683.9463500982556,2349.9824453946203,32.50271159723144,-121.47374734107756,392.8078228380807,5.0791650293726445,-89.82592307372268,89.17549486879605,0.015337725300343736,12.533071695142427,0.9982353835540488,-3.655960526691476e-33,-3.457678077441025e-79,0.9716343767562449,1.6765754991069408e-6,0.0,7656.285977432593,24.285559492106056
2684.546350098255,2346.9351808605716,32.502711597256706,-121.47374733900851,392.8076252442748,5.078383489236158,-89.82592313449868,89.17329768928003,0.015334809135085616,12.533083090529425,0.9982362911750046,-3.242546115536308e-33,-2.561511617117926e-79,0.9719343437033582,1.6760603454656587e-6,0.0,7656.285978438386,24.28369374907534
2684.9463500982547,2344.9039316456765,32.502711597273574,-121.47374733762953,392.80749353410675,5.077862627269261,-89.82592317501184,89.17183273144911,0.01533286569843801,12.53309068665059,0.9982368961916445,-2.993247328445766e-33,-2.0971887152455408e-79,0.972134335536163,1.6757170622597693e-6,0.0,7656.28597910874,24.282450234095762
2685.546350098254,2341.8574484065175,32.50271159729894,-121.47374733556155,392.8072959973974,5.0770815813715,-89.82592323576485,89.16963503845196,0.015329951553176194,12.533102079620425,0.9982378036200777,-2.6547722347742708e-33,-1.553636034666879e-79,0.9724343440845418,1.6752023661282069e-6,0.0,7656.285980114015,24.280585431963637
2685.946350098254,2339.8267198903486,32.50271159731589,-121.47374733418329,392.80716432527964,5.076561048730386,-89.8259232762571,89.16816973394795,0.015328009462471502,12.533109674127683,0.998238408508173,-2.4506636501778084e-33,-1.2720098311200459e-79,0.972634363648252,1.6748593877354213e-6,0.0,7656.285980784026,24.279342543971627
2686.5463500982532,2336.781017448753,32.50271159734136,-121.47374733211637,392.8069668456248,5.075780496572399,-89.82592333698292,89.1659715275802,0.015325097335045178,12.533121064682618,0.9982393157442643,-2.1735436806155295e-33,-9.423283158603368e-80,0.972934413788461,1.6743451485349893e-6,0.0,7656.285981788786,24.27747868190854
2686.946350098253,2334.7508092997596,32.50271159735836,-121.47374733073882,392.8068352115297,5.075260292925413,-89.825923377471,89.16450588276767,0.01532315658884613,12.533128657581386,0.9982399205042463,-2.0064337047020056e-33,-7.71513311464967e-80,0.9731344610768047,1.6740024745706523e-6,0.0,7656.285982458455,24.276236420354138
2687.5463500982523,2331.705887165852,32.50271159738392,-121.47374732867299,392.8066377888878,5.074480234009765,-89.82592343817174,89.16230716151134,0.015320246477101365,12.533140045718959,0.9982408275477992,-1.779547062328456e-33,-5.7155127395238005e-80,0.9734345527987323,1.673488691723937e-6,0.0,7656.285983462701,24.2743734975324
2687.946350098252,2329.676199056208,32.502711597400996,-121.47374732729608,392.8065061927873,5.073960359025316,-89.82592347863472,89.16084117700467,0.0153183070739722,12.533147637008422,0.9982414321796031,-1.64272898529838e-33,-4.6794668972292266e-80,0.9736346278051098,1.6731463218033488e-6,0.0,7656.285984132026,24.2731318618639
2688.5463500982514,2326.632056732662,32.50271159742665,-121.47374732523132,392.80630882711665,5.073180792854954,-89.82592353931874,89.15864194141407,0.015315398975755803,12.53315902273473,0.9982423390311032,-1.4569699129050997e-33,-3.466635282612102e-80,0.9739347610994317,1.6726329947342542e-6,0.0,7656.285985135758,24.27126987745821
2688.946350098251,2324.6028883345425,32.50271159744378,-121.47374732385518,392.8061772689829,5.072661246201854,-89.82592357976081,89.157175614184,0.01531346091426259,12.533166612414172,0.9982429435346721,-1.3449527451694368e-33,-2.838241429779717e-80,0.9741348638172763,1.6722909284733142e-6,0.0,7656.285985804744,24.270028867124477
2689.5463500982505,2321.5595253296196,32.502711597469556,-121.47374732179146,392.8059799602416,5.07188217228051,-89.82592364042392,89.15497586576967,0.0153105548274257,12.533177995729332,0.998243850194129,-1.1928660792669108e-33,-2.1026215372677763e-80,0.9744350386741726,1.671778056606353e-6,0.0,7656.285986807966,24.268167820309348
2689.94635009825,2319.5308763142675,32.50271159748676,-121.47374732041601,392.8058484400471,5.071362953627992,-89.82592368085346,89.15350919511877,0.015308618106136247,12.533185583799513,0.9982444545695233,-1.1011541787644548e-33,-1.7214812265234418e-80,0.9746351690970505,1.6714362936216636e-6,0.0,7656.28598747661,24.266927434760213
2690.5463500982496,2316.488292138092,32.502711597512615,-121.47374731835333,392.8056511881937,5.0705843714599945,-89.82592374148732,89.15130893909271,0.015305714028533073,12.533196964701478,0.9982453610367736,-9.76636147707667e-34,-1.275305005737748e-80,0.974935385506574,1.6709238763820872e-6,0.0,7656.285988479318,24.26506732471046
2690.9463500982492,2314.4601621767506,32.502711597529895,-121.47374731697859,392.80551970591057,5.070065480478289,-89.82592378190849,89.14984193331816,0.015303778646018817,12.533204551166202,0.9982459652842962,-9.015487940118411e-34,-1.0441316169155693e-80,0.9751355436280842,1.6705824162914375e-6,0.0,7656.285989147618,24.263827563398475
2691.5463500982487,2311.418356339447,32.502711597555844,-121.47374731491698,392.80532251090347,5.069287389569095,-89.82592384251724,89.14764116586427,0.015300876575507919,12.533215929655746,0.998246871559402,-7.996020522232064e-34,-7.735119368049304e-81,0.9754358015803409,1.6700704531059204e-6,0.0,7656.285990149814,24.2619683892917
2691.9463500982483,2309.390745105222,32.50271159757318,-121.47374731354293,392.80519106650405,5.068768825928405,-89.82592388291751,89.14617381398263,0.015298942530341182,12.533223514514502,0.9982474756790123,-7.381257263139962e-34,-6.33298125268795e-81,0.9756359873939369,1.6697292955271193e-6,0.0,7656.285990817775,24.260729251667893
2692.546350098248,2306.3497171103954,32.50271159759924,-121.47374731148241,392.80499392830177,5.067991225783389,-89.82592394350536,89.14397253087563,0.015296042464780613,12.533234890597496,0.9982483817624408,-6.546587932673383e-34,-4.691589178179329e-81,0.9759362868797319,1.6692177858231069e-6,0.0,7656.285991819459,24.258871012682114
2692.9463500982474,2304.3226242773235,32.50271159761664,-121.47374731010905,392.80486252175837,5.067472989154257,-89.82592398389309,89.14250483721042,0.01529410975553553,12.533242473848413,0.9982489857539899,-6.0432623443718844e-34,-3.8411490368785694e-81,0.9761365003788097,1.668876930374422e-6,0.0,7656.285992487077,24.257632498197605
2693.546350098247,2301.282373639755,32.502711597642794,-121.47374730804955,392.80466544031947,5.066695879280251,-89.82592404445585,89.14030304429913,0.01529121169279072,12.533253847521017,0.9982498916454353,-5.359892891853301e-34,-2.8455939681717253e-81,0.9764368413878984,1.6683658735801618e-6,0.0,7656.285993488251,24.255775193511393
2693.9463500982465,2299.2557988790795,32.502711597660266,-121.47374730667693,392.80453407160445,5.0661779693339986,-89.82592408482266,89.13883501352588,0.015289280318043896,12.533261429167837,0.9982504955092212,-4.94780475208193e-34,-2.3297757145974245e-81,0.9766370825661703,1.668025319881073e-6,0.0,7656.285994155529,24.254537301620122
2694.546350098246,2296.216325105168,32.50271159768651,-121.47374730461847,392.8043370468873,5.065401349237791,-89.82592414536872,89.13663271107274,0.015286384255979536,12.533272800433881,0.9982514012089887,-4.388309163122768e-34,-1.7259407685047303e-81,0.9769374650891911,1.6675147154257796e-6,0.0,7656.2859951561895,24.252680930413185
2694.9463500982456,2294.190268090926,32.50271159770406,-121.47374730324654,392.8042057159732,5.064883765646,-89.82592418571879,89.13516433575909,0.015284454214309481,12.533280380476207,0.9982520049449796,-4.050919928624905e-34,-1.4130810411716733e-81,0.977137733940126,1.6671744630959857e-6,0.0,7656.285995823128,24.251443660568313
2695.546350098245,2291.151570694521,32.5027115977304,-121.47374730118918,392.8040087479366,5.064107634835781,-89.82592424623975,89.13296152068743,0.015281560150796786,12.533291749334289,0.9982529104529575,-3.5928436817118243e-34,-1.0468364670805805e-81,0.9774381579670375,1.6666643104099334e-6,0.0,7656.28599682328,24.24958822202185
2695.9463500982447,2289.12603110075,32.502711597748004,-121.47374729981792,392.8038774547956,5.063590377270695,-89.82592428657311,89.13149280603564,0.015279631440784636,12.533299327773216,0.9982535140612407,-3.3166127384524322e-34,-8.570773643178177e-82,0.9776384544841432,1.6663243590699907e-6,0.0,7656.285997489877,24.248351573678082
2696.546350098244,2286.088109589182,32.50271159777446,-121.4737472977616,392.8036805433983,5.062814735254427,-89.82592434706899,89.12928948220184,0.015276739373693874,12.533310694226275,0.9982544193776631,-2.94157162619571e-34,-6.349387005668542e-82,0.9779389200055987,1.665814657584078e-6,0.0,7656.2859984895185,24.246497066973195
2696.946350098244,2284.0630870899186,32.50271159779212,-121.47374729639107,392.803549288003,5.062297803388364,-89.825924387394,89.1278204277503,0.015274811993921606,12.533318271061425,0.9982550228582086,-2.7154128569998392e-34,-5.198439346528136e-82,0.9781392441824183,1.665475006854817e-6,0.0,7656.285999155776,24.245261039584662
2697.5463500982432,2281.0259409779683,32.502711597818674,-121.47374729433577,392.8033524332036,5.06152264967587,-89.82592444786476,89.12561659174435,0.015271921921130945,12.533329635109489,0.9982559279830777,-2.4083551633721486e-34,-3.8510996335638074e-82,0.9784397511883919,1.6649657560014571e-6,0.0,7656.286000154908,24.24340746390562
2697.946350098243,2279.001435248181,32.502711597836395,-121.47374729296594,392.8032212155265,5.061006043182059,-89.82592448817095,89.12414719982704,0.015269995870184062,12.533337210342001,0.9982565313359759,-2.223192023136403e-34,-3.153014274392975e-82,0.9786401030184134,1.6646264055047297e-6,0.0,7656.286000820827,24.24217205692859
2698.5463500982423,2275.9650640441105,32.50271159786305,-121.4737472909117,392.80302441728384,5.060231377282766,-89.82592454861874,89.12194285099567,0.015267107789570208,12.53334857198867,0.9982574362695785,-1.9717944452852116e-34,-2.3358110593029922e-82,0.9789406514995794,1.6641176047167934e-6,0.0,7656.28600181945,24.240319411458962
2698.946350098242,2273.941074758768,32.50271159788084,-121.47374728954259,392.8028932372975,5.059715095834512,-89.82592458890821,89.12047312035473,0.015265183066035075,12.533356145618207,0.998258039494803,-1.8201956873689596e-34,-1.9124006940978265e-82,0.9791410309763243,1.663778554074725e-6,0.0,7656.28600248503,24.239084624349147
2699.5463500982414,2270.9054779764265,32.50271159790758,-121.4737472874894,392.8026964955703,5.0589409172590045,-89.82592464933508,89.11826826727881,0.01526229697548017,12.533367504862982,0.9982589442370992,-1.6143687582248972e-34,-1.416741664435509e-82,0.9794416209228566,1.6632702027860543e-6,0.0,7656.286003483144,24.2372329082737
2699.946350098241,2268.882004810497,32.50271159792545,-121.47374728612098,392.8025653532473,5.058424960530505,-89.82592468961201,89.11679819272253,0.015260373577946443,12.533375076891874,0.9982595473348352,-1.4902501924429069e-34,-1.1599301799830752e-82,0.9796420280398868,1.6629314516218563e-6,0.0,7656.286004148384,24.235998740489187
2700.5463500982405,2265.8471819637343,32.502711597952285,-121.47374728406884,392.80236866799453,5.05765126879006,-89.82592475001799,89.1145928264892,0.015257489475335636,12.533386433734965,0.9982604518858419,-1.3217333549976725e-34,-8.59297645566604e-83,0.9799426594420132,1.662423549267275e-6,0.0,7656.286005145991,24.23414795299391
2700.94635009824,2263.8242245921865,32.50271159797022,-121.4737472827011,392.80223756330736,5.05713563645524,-89.82592479026981,89.11312241520044,0.015255567402392773,12.53339400416233,0.9982610548560195,-1.2201136677157438e-34,-7.035335359310139e-83,0.9801430941929239,1.6620850972040843e-6,0.0,7656.286005810893,24.232914403990957
2701.5463500982396,2260.7901751939207,32.50271159799716,-121.47374728065002,392.80204093448793,5.056362431061645,-89.8259248506507,89.11091654106191,0.015252685285613504,12.533405358604973,0.9982619592158352,-1.0821437498792532e-34,-5.211906039133227e-83,0.9804437670410213,1.6615776432193006e-6,0.0,7656.286006807992,24.231064544262725
2701.9463500982392,2258.767733291723,32.502711598015146,-121.47374727928299,392.80190986740934,5.055847122795835,-89.82592489089626,89.10944579086413,0.01525076453585581,12.533412927435103,0.9982625620587958,-9.989445864163496e-35,-4.2671485294642246e-83,0.9806442294194446,1.6612394898818414e-6,0.0,7656.286007472555,24.229831613501823
2702.5463500982387,2255.7344568558037,32.50271159804218,-121.47374727723296,392.8017132949821,5.05507440326178,-89.82592495125417,89.1072394073391,0.015247884402799335,12.533424279479071,0.9982634662275613,-8.859843711856645e-35,-3.161182240042333e-83,0.9809449437038482,1.6607324837036701e-6,0.0,7656.2860084691465,24.227982680729205
2702.9463500982383,2253.7125301016495,32.50271159806023,-121.47374727586661,392.80158226548474,5.054559418739864,-89.8259249914809,89.10576831711221,0.015245964974821058,12.533431846707547,0.9982640689429534,-8.178666571277318e-35,-2.588157584899288e-83,0.9811454337030855,1.6603946287161151e-6,0.0,7656.286009133371,24.226750367667265
2703.546350098238,2250.6800261409953,32.502711598087366,-121.47374727381762,392.80138574940884,5.053787184578421,-89.82592505181161,89.10356142790184,0.015243086823380526,12.533443196355018,0.9982649729208427,-7.253826546360823e-35,-1.91735481793547e-83,0.9814461894142803,1.6598880697821255e-6,0.0,7656.286010129456,24.224902361039252
2703.9463500982374,2248.658614209853,32.50271159810549,-121.47374727245197,392.8012547574653,5.053272523476221,-89.82592509202581,89.10208999658049,0.015241168715778682,12.533450761984922,0.9982655755089115,-6.696125870614588e-35,-1.5697976384039238e-83,0.9816467070280336,1.6595505127700764e-6,0.0,7656.286010793343,24.22367066513685
2704.546350098237,2245.6268822439015,32.50271159813272,-121.47374727040402,392.80105829769974,5.052500774201386,-89.8259251523377,89.0998825997968,0.015238292543852127,12.533462109231676,0.9982664792955882,-5.938930897197789e-35,-1.1629350093435703e-83,0.9819475041559103,1.6590444005184998e-6,0.0,7656.286011788921,24.22182358384251
2704.9463500982365,2243.6059848098084,32.5027115981509,-121.47374726903905,392.80092734328286,5.051986436195078,-89.825925192531,89.09841083171541,0.015236375755225228,12.53346967326727,0.9982670817566731,-5.48232420093772e-35,-9.521308284767471e-84,0.9821480493780135,1.6587071411081882e-6,0.0,7656.286012452471,24.220592504560972
2705.546350098236,2240.5750243505463,32.50271159817824,-121.47374726699215,392.8007309397868,5.051215171321468,-89.82592525281572,89.09620292268146,0.015233501560712124,12.533481018118907,0.9982679853525833,-4.862385387390551e-35,-7.053560578908179e-84,0.9824488879132566,1.658201474978788e-6,0.0,7656.286013447544,24.218746347792642
2705.9463500982356,2238.5546410940588,32.502711598196484,-121.47374726562792,392.8006000228692,5.050701156087474,-89.82592529300486,89.09473081371732,0.01523158608966123,12.533488580555607,0.9982685876863195,-4.4885474414519645e-35,-5.774968010893084e-84,0.9826494607369322,1.6578645127963374e-6,0.0,7656.286014110758,24.217515884591336
2706.546350098235,2235.524451656267,32.502711598223925,-121.47374726358207,392.80040367560173,5.049930375130126,-89.82592535326657,89.09252240166283,0.015228713870463727,12.533499923013576,0.9982694910915786,-3.9809844675351797e-35,-4.278202688937095e-84,0.9829503406700031,1.6573592922293527e-6,0.0,7656.286015105325,24.21567065154077
2706.9463500982347,2233.504582254216,32.502711598242236,-121.4737472622185,392.8002727961563,5.049416682345722,-89.8259253934285,89.09104995232957,0.015226799715592397,12.533507483853967,0.9982700932981717,-3.674911843177559e-35,-3.5026967439121107e-84,0.9831509410888793,1.657022626902239e-6,0.0,7656.286015768202,24.214440803882464
2707.546350098234,2230.475163356401,32.50271159826976,-121.47374726017371,392.8000765050766,5.048646384820422,-89.8259254536777,89.08884103014485,0.015223929469616494,12.533518823916026,0.9982709965126011,-3.2593544254749983e-35,-2.594862274573633e-84,0.9834518624099235,1.6565178513386296e-6,0.0,7656.286016762264,24.21259649374172
2707.946350098234,2228.455807483755,32.50271159828814,-121.47374725881083,392.79994566307613,5.0481330141629135,-89.82592549382709,89.08736824703008,0.015222016629528644,12.533526383163393,0.9982715985923128,-3.008763354132683e-35,-2.124493929086743e-84,0.9836524904178497,1.656181482494708e-6,0.0,7656.286017424804,24.21136726108903
2708.5463500982332,2225.427158641629,32.50271159831576,-121.47374725676706,392.79974942814357,5.047363199586615,-89.82592555404072,89.08515881758177,0.015219148354684263,12.533537720833934,0.9982725016162624,-2.668533715089049e-35,-1.5738642400971227e-84,0.9839534531173433,1.6556771513771115e-6,0.0,7656.286018418363,24.209523873053993
2708.946350098233,2223.408315980807,32.50271159833421,-121.47374725540489,392.79961862356095,5.0468501507338654,-89.82592559417756,89.08368569604772,0.015217236827987446,12.533545278483109,0.9982731035686813,-2.463367097629274e-35,-1.28857128798578e-84,0.9841541087074636,1.6553410786443612e-6,0.0,7656.286019080566,24.208295254868432
2709.5463500982323,2220.380436712876,32.502711598361934,-121.47374725336215,392.7994224447348,5.046080818623736,-89.82592565437659,89.08147576162415,0.015214370522186568,12.533556613761382,0.9982740064020912,-2.1848106278068184e-35,-9.545973482016507e-85,0.9844551127756598,1.6548371914156881e-6,0.0,7656.2860200736195,24.206452788133664
2709.946350098232,2218.362106940709,32.50271159838044,-121.47374725200068,392.79929167754284,5.045568091254236,-89.82592569449461,89.0800023013277,0.01521246030748982,12.5335641698156,0.9982746082274747,-2.0168344078465117e-35,-7.815583473731535e-85,0.9846557959417099,1.6545014144233677e-6,0.0,7656.286020735487,24.20522478387989
2710.5463500982314,2215.334996761754,32.50271159840827,-121.47374724995899,392.7990955547824,5.044799241127758,-89.82592575466226,89.07779185781273,0.0152095959686456,12.533575502704457,0.9982755108705721,-1.7887716585279628e-35,-5.789928216028278e-85,0.9849568413692865,1.6539979705274432e-6,0.0,7656.286021728038,24.203383237640992
2710.946350098231,2213.317179556936,32.50271159842684,-121.47374724859819,392.79896482495406,5.04428683492051,-89.82592579476774,89.07631805920549,0.015207687064560443,12.53358305716536,0.9982761125690512,-1.6512443608539862e-35,-4.740393147386314e-85,0.9851575521048542,1.653662488905356e-6,0.0,7656.28602238957,24.202155846784116
2711.5463500982305,2210.290837987326,32.502711598454745,-121.47374724655752,392.79876875821867,5.0435184662965185,-89.82592585491659,89.0741071120054,0.015204824690592037,12.533594387664603,0.9982770150218204,-1.4645223735316785e-35,-3.511770571111925e-85,0.9854586388819855,1.653159487787162e-6,0.0,7656.286023381617,24.200315220238622
2711.94635009823,2208.273533026688,32.50271159847339,-121.47374724519744,392.798638065727,5.043006380930457,-89.82592589500955,89.07263297727486,0.015202917095730049,12.533601940534057,0.9982776165935435,-1.3519245450415749e-35,-2.875195085218408e-85,0.9856593771808775,1.6528243011653932e-6,0.0,7656.286024042815,24.199088442243248
2712.5463500982296,2205.247959587723,32.502711598501406,-121.47374724315785,392.79844205497625,5.042238493328112,-89.82592595513538,89.07042151830831,0.015200056684558656,12.533613268641291,0.9982785188557939,-1.1990495110705785e-35,-2.1299974859770433e-85,0.9859605052977017,1.6523217422704472e-6,0.0,7656.286025034359,24.197248734588342
2712.9463500982292,2203.231166551821,32.502711598520115,-121.47374724179845,392.798311399794,5.0417267284830105,-89.8259259952095,89.06894704829487,0.01519815039753522,12.533620819918845,0.9982791203007251,-1.1068622057492594e-35,-1.743894761687031e-85,0.9861612711533914,1.6519868502797932e-6,0.0,7656.286025695221,24.196022568920156
2713.5463500982287,2200.2063607582822,32.50271159854822,-121.47374723975985,392.7981154449873,5.040959321422339,-89.82592605530816,89.06673508845572,0.01519529194708438,12.533632145641498,0.998280022373048,-9.816987135072228e-36,-1.2919093654891063e-85,0.9864624406007435,1.651484733055298e-6,0.0,7656.286026686263,24.194183779356905
2713.9463500982283,2198.190079328604,32.50271159856699,-121.47374723840113,392.79798482708765,5.040447876778411,-89.82592609536765,89.06526027467481,0.01519338696651697,12.533639695325938,0.9982806236910909,-9.062221312643155e-36,-1.0577261193420723e-85,0.9866632340066472,1.6511501353271038e-6,0.0,7656.2860273467895,24.19295822548206
2714.546350098228,2195.1660407008603,32.5027115985952,-121.4737472363636,392.7977889281846,5.03968094977963,-89.8259261554475,89.06304780797322,0.015190530474712693,12.533651018662727,0.9982815255733842,-8.03746930551068e-36,-7.835829946404234e-86,0.9869644447748669,1.6506484592202777e-6,0.0,7656.286028337329,24.191120353209286
2714.9463500982274,2193.1502705560997,32.50271159861403,-121.47374723500558,392.79765834754056,5.039169825017528,-89.82592619548818,89.06157266441117,0.015188626799220215,12.533658566756753,0.9982821267647535,-7.419519312589805e-36,-6.4154361152856264e-86,0.9871652657247124,1.6503141553867469e-6,0.0,7656.286028997522,24.189895410595557
2715.546350098227,2190.126998617314,32.50271159864233,-121.47374723296907,392.79746250450074,5.0384033776020525,-89.82592625554503,89.05935969014945,0.015185772263993534,12.53366988770611,0.9982830284568923,-6.580523326370952e-36,-4.752673259375263e-86,0.9874665178039093,1.649812919846042e-6,0.0,7656.28602998756,24.188058454814314
2715.9463500982265,2188.111739437096,32.50271159866122,-121.47374723161174,392.7973319610854,5.037892572402402,-89.82592629557735,89.05788420753527,0.015183869892195554,12.533677434209382,0.9982836295215612,-6.074588661070454e-36,-3.8911604617376896e-86,0.9876673662913713,1.6494789095394673e-6,0.0,7656.2860306474195,24.186834122928285
2716.546350098226,2185.0892337048426,32.50271159868963,-121.47374722957626,392.79713617386824,5.037126604091706,-89.8259263556112,89.05567073155208,0.015181017311477566,12.533688752774456,0.9982845310237966,-5.387676842413875e-36,-2.8826433530178897e-86,0.9879686596722671,1.6489781140141501e-6,0.0,7656.286031636956,24.18499808284033
2716.9463500982256,2183.0744851687923,32.50271159870859,-121.47374722821962,392.79700566765456,5.036616118136204,-89.82592639562472,89.05419490991713,0.015179116241997496,12.533696297690165,0.9982851319620191,-4.973452571056849e-36,-2.360109190849072e-86,0.9881695356910533,1.6486443968680712e-6,0.0,7656.286032296482,24.183774361151617
2717.546350098225,2180.0527451662347,32.502711598737086,-121.47374722618518,392.79680993622003,5.035850628453371,-89.82592645563555,89.05198092523212,0.015176265613726042,12.533707613872387,0.9982860332744646,-4.411056737989055e-36,-1.748412366515286e-86,0.9884708703638657,1.6481440408088123e-6,0.0,7656.286033285518,24.181939235961575
2717.9463500982247,2178.0385069577023,32.50271159875612,-121.47374722482924,392.79667946718126,5.035340461423913,-89.82592649563863,89.0505047705553,0.015174365845189147,12.533715157198246,0.9982866340860587,-4.0719185868616805e-36,-1.431479232866895e-86,0.9886717739073495,1.6478106164568463e-6,0.0,7656.28603394471,24.18071612393857
2718.546350098224,2175.017532207072,32.50271159878471,-121.47374722279582,392.796483791489,5.0345754498915625,-89.82592655561602,89.04829028697623,0.0151715171673014,12.533726470995283,0.9982875352085288,-3.6114678208949536e-36,-1.0604661864199096e-86,0.9889731498624427,1.6473106993142292e-6,0.0,7656.286034933245,24.178881912848464
2718.946350098224,2173.00380400382,32.502711598803806,-121.47374722144056,392.7963533595983,5.034065601470319,-89.82592659560234,89.04681379635853,0.015169618698333371,12.533734012735657,0.9982881358938419,-3.3338049858000945e-36,-8.68236436718421e-87,0.9891740809245881,1.6469775673909187e-6,0.0,7656.286035592103,24.177659409961436
2719.5463500982232,2169.9835940264165,32.50271159883249,-121.47374721940815,392.79615773960796,5.033301067612426,-89.82592665556722,89.0445988069218,0.01516677196877131,12.533745324150448,0.9982890368265707,-2.9568197817618075e-36,-6.4320554697366605e-87,0.9894754981524727,1.6464780886172235e-6,0.0,7656.28603658014,24.175826112177237
2719.946350098223,2167.9703755145893,32.50271159885165,-121.47374721805359,392.79602734483865,5.032791537482554,-89.82592669553681,89.04312197410214,0.015164874798002902,12.533752864302288,0.9982896373853599,-2.7294886786799874e-36,-5.2661225726324965e-87,0.9896764567264461,1.6461452487575787e-6,0.0,7656.286037238663,24.174604217896654
2720.5463500982223,2164.9509298317134,32.50271159888043,-121.47374721602223,392.7958317805102,5.03202748082359,-89.82592675547657,89.040906483306,0.015162030014710894,12.533764173337612,0.9982905381285688,-2.4208392973169015e-36,-3.901240614322389e-87,0.9899779152176861,1.645646207805861e-6,0.0,7656.286038226201,24.172771832624914
2720.946350098222,2162.938220690936,32.50271159889965,-121.47374721466836,392.79570142283535,5.031518268667576,-89.82592679542527,89.03942931777755,0.01516013414077027,12.53377171190097,0.9982911385608385,-2.2347163312716203e-36,-3.194066244766842e-87,0.9901789012973365,1.645313659644963e-6,0.0,7656.286038884392,24.171550546419986
2721.5463500982214,2159.9195388238877,32.50271159892852,-121.47374721263803,392.7955059141285,5.030754688732745,-89.82592685534833,89.03721332056733,0.015157291301695769,12.533783018560603,0.998292039114828,-1.9820155897164153e-36,-2.366223115215399e-87,0.990480401042549,1.6448150559692812e-6,0.0,7656.28603987143,24.16971907286867
2721.946350098221,2157.90733873751,32.50271159894781,-121.47374721128482,392.79537559352144,5.030245794234725,-89.8259268952824,89.03573581752184,0.015155396723217314,12.533790555537326,0.9982926394207253,-1.8296309928888317e-36,-1.9372999840486088e-87,0.9906814146213924,1.644482799143717e-6,0.0,7656.2860405292895,24.16849839421264
2722.5463500982205,2154.889420213178,32.50271159897679,-121.47374720925552,392.7951801403962,5.029482690549449,-89.82592695518245,89.0335193141444,0.015152555826310336,12.533801859816444,0.9982935397851113,-1.6227371235392913e-36,-1.435187517125797e-87,0.990982955610689,1.643984632198171e-6,0.0,7656.28604151583,24.166667831587606
2722.94635009822,2152.877728862688,32.502711598996136,-121.47374720790299,392.79504985683013,5.028974113393169,-89.82592699510397,89.03204147924187,0.015150662541927522,12.533809395207017,0.9982941399646748,-1.49797516727079e-36,-1.1750323695834017e-87,0.9911839966824615,1.6436526663444869e-6,0.0,7656.286042173358,24.16544775995205
2723.5463500982196,2149.860573203303,32.50271159902521,-121.47374720587474,392.7948544592465,5.028211485484067,-89.82592705497893,89.02982447714567,0.015147823585141716,12.533820697110002,0.9982950401398063,-1.3285847930637822e-36,-8.704856258350802e-88,0.9914855789064724,1.6431549355850182e-6,0.0,7656.2860431594,24.163618107463652
2723.946350098219,2147.8493902701885,32.50271159904462,-121.47374720452291,392.79472421269486,5.027703225354386,-89.82592709488581,89.02834630653088,0.015145931593491955,12.533828230918692,0.9982956401933758,-1.2264383422019854e-36,-7.12693481101139e-88,0.9916866474649442,1.6428232603410424e-6,0.0,7656.286043816594,24.16239864232335
2724.5463500982187,2144.83299700357,32.5027115990738,-121.47374720249567,392.79452887061285,5.02694107274843,-89.8259271547336,89.02612879922845,0.015143094574783935,12.533839530442036,0.9982965401789733,-1.0877532329515314e-36,-5.279764600398718e-88,0.9919882709137954,1.6423259652237679e-6,0.0,7656.286044802139,24.16056989918035
2724.9463500982183,2142.8223221711814,32.50271159909327,-121.47374720114452,392.79439866104883,5.026433129329874,-89.82592719462794,89.0246502951184,0.01514120387450456,12.533847062667359,0.9982971401064307,-1.0041227919442858e-36,-4.3227064304972524e-88,0.9921893669525871,1.6419945802270387e-6,0.0,7656.286045459004,24.159351040007518
2725.5463500982178,2139.8066908195615,32.502711599122534,-121.4737471991183,392.79420337442843,5.025671451554833,-89.82592725445274,89.02243228226345,0.015138368791833216,12.533858359815925,0.9982980399028816,-8.905770275060687e-37,-3.2023405566153185e-88,0.9924910316170142,1.6414977202095986e-6,0.0,7656.286046444051,24.157523205422006
2725.9463500982174,2137.79652377218,32.50271159914208,-121.47374719776784,392.7940732018256,5.025163824532917,-89.82592729433243,89.02095344426549,0.01513647938156529,12.533865890458426,0.9982986397042701,-8.221062132579137e-37,-2.6218551705274516e-88,0.9926921551296901,1.6411666250987386e-6,0.0,7656.286047100584,24.156304951691354
2726.546350098217,2134.781653860584,32.50271159917145,-121.47374719574265,392.79387797062697,5.02440262111704,-89.82592735413841,89.01873492800868,0.015133646232892331,12.533877185233363,0.9982995393116662,-7.291428036205024e-37,-1.9423186101457754e-88,0.9929938610002047,1.6406701996393003e-6,0.0,7656.286048085135,24.15447802487512
2726.9463500982165,2132.771994283423,32.502711599191045,-121.47374719439287,392.7937478349586,5.023895310177516,-89.82592739399931,89.01725575120096,0.015131758111278388,12.533884714291798,0.9983001389868869,-6.7308364205995114e-37,-1.5902362665027854e-88,0.9931950119802668,1.6403393940532726e-6,0.0,7656.286048741337,24.1532603760611
2727.546350098216,2129.7578853378072,32.5027115992205,-121.4737471923687,392.7935526591418,5.023134580649554,-89.8259274537823,89.01503673997136,0.015128926894568087,12.533896006692947,0.9983010384052152,-5.969716393430593e-37,-1.1780763215596375e-88,0.9934967590473391,1.6398434026107002e-6,0.0,7656.286049725392,24.15143435622626
2727.9463500982156,2127.748732915148,32.502711599240165,-121.4737471910196,392.7934225603815,5.022627585478728,-89.82592749363063,89.0135572289212,0.015127040060252736,12.533903534168326,0.9983016379543485,-5.510742795791992e-37,-9.645274886758812e-89,0.9936979374884225,1.6395128861892812e-6,0.0,7656.286050381264,24.150217311804834
2728.546350098215,2124.7353844605386,32.502711599269716,-121.47374718899646,392.79322743990673,5.021867329368505,-89.82592755339063,89.01133771054964,0.01512421077347331,12.533914824199424,0.9983025371839066,-4.887590420016303e-37,-7.145397321376253e-89,0.9939997257426664,1.6390173282238503e-6,0.0,7656.286051364823,24.148392198166444
2728.9463500982147,2122.7267388748005,32.50271159928945,-121.47374718764806,392.7930973780278,5.02136064965274,-89.82592759322016,89.00985786655416,0.015122325225101598,12.533922350093633,0.9983031366071027,-4.51181461912106e-37,-5.850157589836183e-89,0.9942009316386254,1.6386871006072122e-6,0.0,7656.286052020363,24.147175757613528
2729.546350098214,2119.714150439948,32.5027115993191,-121.47374718562594,392.79290231285546,5.020600866490738,-89.82592765295504,89.00763784640957,0.015119497866224779,12.533933637754439,0.9983040356478716,-4.001620602969249e-37,-4.3339045141606536e-89,0.994502761070339,1.6381919755798189e-6,0.0,7656.286053003428,24.145351549386703
2729.9463500982138,2117.706011377275,32.5027115993389,-121.4737471842782,392.7927722878315,5.020094501917203,-89.82592769277412,89.00615766736107,0.015117613602445417,12.533941162066956,0.998304634945089,-3.6939613971566107e-37,-3.548301549487368e-89,0.9947039944146917,1.6378620364088058e-6,0.0,7656.286053658638,24.144135712179203
2730.546350098213,2114.69418249093,32.50271159936864,-121.47374718225709,392.7925772779216,5.019335191233841,-89.8259277524923,89.00393714819401,0.015114788169443623,12.533952447354295,0.9983055337968159,-3.276249864254085e-37,-2.628647154675565e-89,0.9950058650142228,1.6373673437805675e-6,0.0,7656.286054641207,24.142312408577634
2730.946350098213,2112.6865496337414,32.50271159938849,-121.47374718091004,392.7924472897263,5.018829141490042,-89.82592779229047,89.00245663994296,0.015112905188906258,12.53395997008923,0.9983061329683817,-3.024359809876553e-37,-2.1521546544265e-89,0.995207125800894,1.6370376926968467e-6,0.0,7656.286055296088,24.141097174193998
2731.5463500982123,2109.675479821861,32.50271159941833,-121.47374717888995,392.79225233503934,5.018070302817227,-89.82592785197937,89.00023561891794,0.015110081679756766,12.533971253008268,0.9983070316314778,-2.6823665304652553e-37,-1.5943558149947298e-89,0.9955090375589233,1.6365434319308473e-6,0.0,7656.286056278162,24.139274774436394
2731.946350098212,2107.6683528563008,32.50271159943827,-121.47374717754359,392.7921223836461,5.017564567591225,-89.8259278917608,88.99875477331125,0.015108199981113962,12.533978774166089,0.9983076306774296,-2.4761363956421304e-37,-1.3053483735729313e-89,0.9957103257815006,1.6362140685765104e-6,0.0,7656.286056932713,24.138060142355155
2732.5463500982114,2104.6580416476354,32.50271159946819,-121.47374717552452,392.7919274841424,5.016806200460788,-89.82592795143299,88.9965332522714,0.015105378393795181,12.53399005471553,0.9983085291517917,-2.1961359792069283e-37,-9.670261222721029e-90,0.9960122786884832,1.6357202391358132e-6,0.0,7656.286057914294,24.13623864565792
2732.946350098211,2102.6514202607796,32.50271159948819,-121.47374717417884,392.79179756952465,5.016300779440403,-89.82592799121028,88.99505206833803,0.01510349797569952,12.533997574292577,0.998309128071838,-2.0272890248709737e-37,-7.917341687712294e-90,0.9962135943404947,1.6353911631528266e-6,0.0,7656.286058568518,24.135024615355654
2733.5463500982105,2099.641867183149,32.50271159951822,-121.47374717216078,392.79160272516475,5.015542883385547,-89.82592805085316,88.99283004591594,0.015100678308194698,12.534008852476529,0.9983100263577934,-1.7980440720495519e-37,-5.865312575535163e-90,0.99651558838703,1.6348977645021918e-6,0.0,7656.286059549603,24.133204020939235
2733.94635009821,2097.635751059279,32.502711599538266,-121.47374717081574,392.7914728472964,5.015037776259829,-89.82592809060952,88.99134853327352,0.015098799169302552,12.534016370477111,0.9983106251522772,-1.6598038773613253e-37,-4.802112651997318e-90,0.9967169314623204,1.6345689755341426e-6,0.0,7656.286060203495,24.131990591897022
2734.5463500982096,2094.6269556432962,32.5027115995684,-121.47374716879874,392.7912780580406,5.014280350813783,-89.82592815022943,88.98912601424553,0.015095981419596378,12.534027646293714,0.9983115232496778,-1.472113983670549e-37,-3.5574935171245442e-90,0.9970189666387805,1.6340760071384065e-6,0.0,7656.286061184089,24.130170898979916
2734.946350098209,2092.6213444713503,32.502711599588515,-121.47374716745438,392.7911482168952,5.013775557272164,-89.82592818997327,88.9876441677859,0.01509410355856667,12.53403516271645,0.998312121918489,-1.3589324844685264e-37,-2.912629874022269e-90,0.9972203371307625,1.6337475048290588e-6,0.0,7656.2860618376535,24.128958070678017
2735.5463500982087,2089.6133062457666,32.50271159961873,-121.4737471654384,392.7909534827042,5.013018601969027,-89.82592824957226,88.98542114157436,0.015091287724646987,12.534046436167953,0.9983130198275139,-1.205264995784069e-37,-2.1577298671466663e-90,0.9975224134277584,1.6332549661543423e-6,0.0,7656.286062817755,24.127139278481252
2735.9463500982083,2087.608199709095,32.50271159963891,-121.47374716409475,392.7908236782555,5.0125141217006135,-89.82592828930144,88.98393895921708,0.01508941114013724,12.53405395101515,0.9983136183708364,-1.1125998212991233e-37,-1.7666001191201783e-90,0.9977238113304399,1.6329267501477868e-6,0.0,7656.286063470992,24.125927050399646
2736.5463500982078,2084.600918205455,32.50271159966923,-121.47374716207975,392.7906289990897,5.011757636075041,-89.82592834888374,88.98171543936003,0.015086597219994929,12.534065222100487,0.9983145160914009,-9.867875220098921e-38,-1.3087299125537032e-90,0.9980259287383548,1.632434640660802e-6,0.0,7656.286064450603,24.12410915814422
2736.9463500982074,2082.596315992996,32.50271159968946,-121.47374716073675,392.7904992313113,5.011253468770274,-89.82592838859411,88.98023292515686,0.015084721910668257,12.53407273537237,0.9983151145092525,-9.1091969358505e-38,-1.0714976210024163e-90,0.9982273540452176,1.6321067106021612e-6,0.0,7656.286065103512,24.12289752976523
2737.546350098207,2079.5897907372564,32.50271159971988,-121.47374715872276,392.79030460713136,5.010497452357515,-89.82592844814711,88.97800890800228,0.015081909902295848,12.534084004097922,0.9983160120418644,-8.079132945871076e-38,-7.937851767690262e-91,0.9985295125550493,1.6316150297709408e-6,0.0,7656.28606608263,24.121080536674803
2737.9463500982065,2077.585692536086,32.50271159974018,-121.47374715738047,392.7901748759971,5.009993597706576,-89.82592848784284,88.97652606051257,0.015080035866814832,12.534091515794024,0.9983166103342083,-7.457979700124326e-38,-6.498964532990242e-91,0.9987309652597957,1.6312873853054206e-6,0.0,7656.286066735211,24.119869507479585
2738.546350098206,2074.5799230635166,32.50271159977069,-121.4737471553675,392.78998030676377,5.009238050042806,-89.82592854737494,88.97430154070962,0.015077225768210167,12.534102782156504,0.9983175076786058,-6.614634630169666e-38,-4.8145526499714525e-91,0.9990331648616596,1.6307961325984138e-6,0.0,7656.286067713837,24.11805341277716
2738.9463500982056,2072.57632856071,32.502711599791056,-121.47374715402587,392.78985061224745,5.008734507736503,-89.82592858706232,88.97281836091904,0.015075353005239838,12.534110292277827,0.9983181058455216,-6.106077363259169e-38,-3.9418230309789775e-91,0.9992346449580303,1.6304687733720188e-6,0.0,7656.286068366091,24.116842982248357
2739.546350098205,2069.5713144009933,32.50271159982166,-121.47374715201393,392.78965609792124,5.007979428358328,-89.82592864656725,88.97059334427777,0.01507254481440192,12.534121556280528,0.9983190030019673,-5.415604815984668e-38,-2.920175117617745e-91,0.9995368856426518,1.6299779482588299e-6,0.0,7656.286069344225,24.115027785159004
2739.9463500982047,2067.56822328642,32.5027115998421,-121.47374715067296,392.78952643999656,5.007476198088164,-89.82592868623581,88.96910983168435,0.015070673322610476,12.534129064826258,0.9983196010433899,-4.999233340026994e-38,-2.3908376063112784e-91,0.9997383931241363,1.6296508739181962e-6,0.0,7656.286069996151,24.113817952780117
2740.546350098204,2064.563963972032,32.5027115998728,-121.47374714866203,392.78933198053835,5.006721586532696,-89.82592874573238,88.96688431585272,0.015067867037541184,12.534140326468993,0.998320498011869,-4.4339222289234805e-38,-1.7711765427685943e-91,1.0000406748820176,1.6291604758689759e-6,0.0,7656.286070973794,24.112003652528724
2740.9463500982038,2062.5613759290427,32.502711599893296,-121.47374714732177,392.7892023591793,5.006218667990339,-89.82592878537584,88.96540046979148,0.015065996815596729,12.534147833445706,0.9983210959283224,-4.0930260953486494e-38,-1.4501169674105367e-91,1.0002422097428003,1.6288336860616235e-6,0.0,7656.286071625392,24.11079441778507
2741.546350098203,2059.5578709924594,32.50271159992409,-121.47374714531182,392.78900795454973,5.00546452379521,-89.82592884484313,88.96317445471617,0.015063192434300366,12.534159092728252,0.9983219927088167,-3.6301885015897776e-38,-1.074273363514207e-91,1.0005445325644897,1.6283437145472999e-6,0.0,7656.286072602545,24.1089810135972
2741.946350098203,2057.5557857137173,32.50271159994465,-121.47374714397222,392.78887836973007,5.0049619166725074,-89.82592888448242,88.96169027607795,0.015061323480873768,12.534166598129968,0.9983225904998246,-3.351086352195465e-38,-8.795407992667109e-92,1.0007460947978526,1.6280172089203429e-6,0.0,7656.286073253817,24.107772375971127
2742.5463500982023,2054.553034688346,32.502711599975534,-121.47374714196333,392.7886840198901,5.004208239376409,-89.82592894392462,88.95946376633638,0.015058521001358842,12.53417785505373,0.9983234870924463,-2.972146978832827e-38,-6.515800269984194e-92,1.0010484586738608,1.6275276634130823e-6,0.0,7656.286074230482,24.10595986707475
2742.946350098202,2052.551451860927,32.502711599996154,-121.4737471406244,392.7885544715838,5.003705943366156,-89.82592898355139,88.9579792581911,0.015056653315123406,12.53418535888456,0.9983240847583362,-2.7436374648655015e-38,-5.334687028427247e-92,1.0012500482736828,1.6272014416152027e-6,0.0,7656.286074881427,24.104751826052944
2743.5463500982014,2049.549454279244,32.50271160002715,-121.47374713861647,392.78836017649434,5.002952732508315,-89.8259290429685,88.9557522443583,0.015053852735400728,12.534196613452233,0.9983249811632997,-2.43338814497279e-38,-3.9520344262696245e-92,1.0015524531946651,1.6267123215880443e-6,0.0,7656.286075857601,24.10294021167706
2743.946350098201,2047.5483735930175,32.50271160004782,-121.4737471372782,392.7882306646753,5.002450747303416,-89.82592908257853,88.95426740969963,0.01505198631503114,12.534204115711551,0.9983255787040217,-2.2463003776915268e-38,-3.235652708208262e-92,1.0017540701545742,1.6263863832679803e-6,0.0,7656.286076508221,24.101732766744966
2744.5463500982005,2044.5471289893612,32.50271160007889,-121.47374713527131,392.7880364242973,5.001698002423868,-89.82592914197474,88.95203990021318,0.015049187633115132,12.53421536792499,0.9983264749214751,-1.992289717253304e-38,-2.3970311334386817e-92,1.002056516111051,1.6258976881948742e-6,0.0,7656.2860774839055,24.099922046119765
2744.9463500982,2042.5465501323342,32.50271160009964,-121.47374713393373,392.78790694893945,5.001196327717609,-89.82592918157013,88.95055472783508,0.01504732247728747,12.534222868614814,0.9983270723371898,-1.8391152079797303e-38,-1.962523460579097e-92,1.0022581604249032,1.6255720330020753e-6,0.0,7656.2860781342,24.098715196764008
2745.5463500981996,2039.5460580401123,32.502711600130816,-121.47374713192784,392.7877127632337,5.000444048356066,-89.82592924094334,88.94832672192649,0.015044525691192268,12.534234118472858,0.9983279683670404,-1.631148867751895e-38,-1.4538735332064971e-92,1.0025606474075397,1.625083762357004e-6,0.0,7656.286079109397,24.09690536911763
2745.946350098199,2037.5459807030857,32.50271160015163,-121.47374713059091,392.7875833243112,4.999942683842081,-89.8259292805199,88.94684121639425,0.015042661798584721,12.534241617591707,0.99832856565763,-1.5057401858687693e-38,-1.190331188372845e-92,1.002762319068942,1.6247583899412156e-6,0.0,7656.286079759366,24.095699114824466
2746.5463500981987,2034.5462406594306,32.502711600182884,-121.47374712858601,392.78738919323877,4.999190869539894,-89.8259293398743,88.94461271719264,0.015039866906330907,12.534252865094201,0.9983294614998655,-1.3354717467680473e-38,-8.818192726291578e-93,1.0030648470680805,1.6242705431997327e-6,0.0,7656.286080734074,24.09389017938868
2746.9463500981983,2032.5466645304114,32.50271160020375,-121.47374712724978,392.7872597907255,4.998689814912655,-89.82592937943834,88.9431268841927,0.015038004275624252,12.53426036264662,0.9983300586656917,-1.2327958017544186e-38,-7.21972687957074e-93,1.0032665460709564,1.6239454532119235e-6,0.0,7656.286081383717,24.09268451964747
2747.5463500981978,2029.5476760687307,32.50271160023511,-121.47374712524591,392.7870657142475,4.997938465211414,-89.82592943876766,88.94089788577068,0.0150352112752333,12.534271607796748,0.9983309543205658,-1.0933917937691113e-38,-5.348506674203084e-93,1.0035691150773667,1.6234580298503896e-6,0.0,7656.2860823579385,24.090876475654877
2747.9463500981974,2027.5486008403823,32.50271160025605,-121.47374712391033,392.7869363481175,4.997437720165431,-89.82592947831914,88.93941171779647,0.015033349905109817,12.53427910377989,0.9983315513614022,-1.0093278396142738e-38,-4.378987690547634e-93,1.003770841415203,1.6231332219413669e-6,0.0,7656.286083007257,24.089671409952917
2748.546350098197,2024.5503634950146,32.502711600287505,-121.47374712190746,392.786742326195,4.996686834607008,-89.82592953762337,88.93718221860401,0.01503055879460507,12.534290346578569,0.9983324468289878,-8.95193490670887e-39,-3.24403475087408e-93,1.0040734514196132,1.622646221436617e-6,0.0,7656.286083980991,24.087864256635694
2748.9463500981965,2022.5517888572067,32.502711600308494,-121.47374712057254,392.7866129964224,4.99618639883749,-89.82592957715812,88.93569572128007,0.015028698683749215,12.53429784099494,0.9983330437450338,-8.263677458753689e-39,-2.6559914957763353e-93,1.0042752050862138,1.6223216952582796e-6,0.0,7656.2860846299845,24.086659784462896
2749.546350098196,2019.5543021652848,32.50271160034004,-121.47374711857069,392.78641902901654,4.995435976964696,-89.82592963644981,88.93346572935042,0.015025909461158182,12.534309081441723,0.9983339390252954,-7.329224440006642e-39,-1.967607428749572e-93,1.0045778560791219,1.6218351170881061e-6,0.0,7656.286085603231,24.084853521054615
2749.9463500981956,2017.5562278088182,32.50271160036111,-121.47374711723646,392.78628973557534,4.994935850166612,-89.82592967596784,88.93197890432876,0.015024050608254406,12.534316574289795,0.9983345358164294,-6.765726898844978e-39,-1.610941003753771e-93,1.0047796370682336,1.6215108722922252e-6,0.0,7656.286086251899,24.083649641898962
2750.546350098195,2014.5594913074747,32.50271160039275,-121.47374711523558,392.7860958226474,4.9941858915235064,-89.82592973522607,88.92974841293619,0.01502126327160919,12.534327812387971,0.998335430909629,-6.000661471715239e-39,-1.193414772337862e-93,1.0050823290401882,1.6210247159359068e-6,0.0,7656.286087224661,24.081844267636544
2750.9463500981947,2012.5619169231504,32.50271160041388,-121.47374711390204,392.78596656551184,4.99368607339285,-89.82592977473576,88.92826125979875,0.015019405675345602,12.534335303669645,0.9983360275760023,-5.539308703447169e-39,-9.770855523077123e-94,1.0052841373455894,1.6207007521754326e-6,0.0,7656.286087873006,24.080640980988964
2751.546350098194,2009.565930149518,32.50271160044561,-121.47374711190216,392.7857727070229,4.992936577523355,-89.82592983397934,88.92603027339071,0.015016620222678728,12.534346539419298,0.9983369224821462,-4.9129261073761135e-39,-7.238429770207488e-94,1.0055868702871915,1.6202150171123853e-6,0.0,7656.28608884528,24.078836495107684
2751.9463500981938,2007.5688554290682,32.502711600466796,-121.47374711056926,392.78564348616715,4.992437067756521,-89.82592987346393,88.92454278333055,0.015014763881745354,12.534354029135633,0.9983375190238434,-4.5352024063111105e-39,-5.926326130527812e-94,1.0057887059026018,1.6198913340407614e-6,0.0,7656.286089493302,24.077633800459488
2752.546350098193,2004.5736179174855,32.502711600498635,-121.47374710857041,392.78544968207854,4.991688034204708,-89.82592993268662,88.92231130698201,0.015011980311090157,12.534365262538618,0.9983384137430797,-4.0223637094526005e-39,-4.390331572281959e-94,1.0060914798047875,1.6194060197510476e-6,0.0,7656.286090465092,24.07583020219486
2752.946350098193,2002.5770425526425,32.50271160051989,-121.47374710723818,392.78532049747685,4.9911888324985405,-89.82592997215866,88.92082348729511,0.015010125224178942,12.53437275069126,0.9983390101602316,-3.713109697860019e-39,-3.594500125646727e-94,1.0062933427239613,1.6190826170223338e-6,0.0,7656.286091112788,24.07462809903823
2753.5463500981923,1999.582553847693,32.502711600551805,-121.47374710524034,392.78512674775,4.99044026081034,-89.82593003136255,88.91859151308618,0.015007343533576984,12.534383981743312,0.9983399046922209,-3.293232883521293e-39,-2.662871910964644e-94,1.006596157576681,1.618597722987258e-6,0.0,7656.286092084092,24.07282538762823
2753.946350098192,1997.5864775301889,32.502711600573114,-121.47374710390878,392.78499759937654,4.989941366861702,-89.82593007081786,88.91710336650412,0.015005489699380488,12.534391468332338,0.9983405009848336,-3.040037112600776e-39,-2.1801755199934665e-94,1.0067980477934073,1.6182746002557165e-6,0.0,7656.286092731467,24.071623875454645
2754.5463500981914,1994.5927371652797,32.502711600605146,-121.4737471019119,392.7848039039728,4.989193256582905,-89.82593012999665,88.91487089841847,0.015002709886871779,12.534402697040079,0.9983413953301027,-2.6962710506807736e-39,-1.615114188407157e-94,1.0071009035877931,1.617790125957626e-6,0.0,7656.286093702286,24.069822050138985
2754.946350098191,1992.5971595887095,32.50271160062651,-121.47374710058101,392.7846747918018,4.988694670089254,-89.82593016944361,88.91338241984174,0.015000857304085232,12.534410182064532,0.9983419914981003,-2.4889718855643877e-39,-1.3223438953486157e-94,1.0073028210957078,1.617467282878124e-6,0.0,7656.286094349338,24.06862112844075
2755.5463500981905,1989.6041671019047,32.50271160065863,-121.47374709858514,392.7844811506825,4.987947020766444,-89.82593022859312,88.91114945535085,0.014998079367713815,12.534421408430175,0.9983428856568258,-2.2075200375643873e-39,-9.79616717895052e-95,1.0076057178224727,1.6169832278000277e-6,0.0,7656.286095319673,24.066820188459445
2755.94635009819,1987.609087958932,32.50271160068006,-121.47374709725491,392.7843520746883,4.987448741425674,-89.82593026802125,88.90966064966725,0.01499622803503416,12.534428891890753,0.9983434817002638,-2.037797835247507e-39,-8.020424784748481e-95,1.0078076626153356,1.6166606640281075e-6,0.0,7656.286095966401,24.065619856729953
2756.5463500981896,1984.616842892021,32.50271160071227,-121.47374709526007,392.784158487815,4.986701552606059,-89.82593032715823,88.90742718888893,0.014993451972847458,12.534440115912497,0.9983443756723022,-1.8073645507627534e-39,-5.941678432816505e-95,1.0081106002648694,1.61617702765359e-6,0.0,7656.286096936253,24.06381980132302
2756.946350098189,1982.622261875309,32.50271160073376,-121.47374709393048,392.78402944797193,4.986203580116555,-89.82593036656965,88.9059380562138,0.01499160188897366,12.534447597810766,0.9983449715913051,-1.668407763632812e-39,-4.864635739165931e-95,1.0083125723364812,1.6158547428454562e-6,0.0,7656.286097582659,24.06262005905669
2757.5463500981887,1979.6307637654245,32.50271160076608,-121.47374709193664,392.78383591530593,4.985456851347428,-89.82593042568364,88.90370409721616,0.01498882769901936,12.53445881949054,0.99834586537681,-1.479744946260119e-39,-3.603811771899438e-95,1.008615550899692,1.6153715246588263e-6,0.0,7656.286098552027,24.060820887464704
2757.9463500981883,1977.6366805667058,32.50271160078764,-121.47374709060773,392.78370691158824,4.984959185407637,-89.8259304650804,88.90221463339915,0.014986978862650957,12.534466299827827,0.9983464611714836,-1.3659767507860535e-39,-2.950552060505682e-95,1.0088175502439773,1.615049518470992e-6,0.0,7656.2860991981115,24.059621734155684
2758.5463500981878,1974.6459289574996,32.50271160082003,-121.47374708861487,392.78351343309123,4.984212916237684,-89.82593052416931,88.89998018758654,0.014984206542982915,12.534477519163895,0.9983473547703168,-1.2115126995592985e-39,-2.185823321496143e-95,1.009120569711167,1.6145667179576536e-6,0.0,7656.286100166996,24.057823445621157
2758.9463500981874,1972.6523432731628,32.50271160084166,-121.47374708728664,392.7833844654735,4.983715556547081,-89.82593056355354,88.89849039091015,0.01498235895282393,12.534484997939199,0.9983479504405816,-1.1183671787915957e-39,-1.7896010983233405e-95,1.0093225963216148,1.6142449900474358e-6,0.0,7656.286100812758,24.056624880765163
2759.546350098187,1969.6623377008364,32.50271160087415,-121.47374708529475,392.783191041107,4.982969746525165,-89.82593062262362,88.89625545049411,0.014979588501496041,12.534496214937608,0.9983488438532246,-9.919027092493589e-40,-1.3257694616714715e-95,1.0096256566838926,1.6137626066938345e-6,0.0,7656.286101781161,24.054827474532356
2759.9463500981865,1967.6692492216825,32.502711600895836,-121.47374708396718,392.78306210956345,4.98247269278304,-89.82593066199112,88.89476532688492,0.01497774215624949,12.534503692154349,0.9983494393993527,-9.156416065489619e-40,-1.0854484264111628e-95,1.0098277105545908,1.6134411567189983e-6,0.0,7656.286102426602,24.05362949762535
2760.546350098186,1964.6799892326817,32.50271160092842,-121.47374708197631,392.7828687392892,4.9817273414586705,-89.82593072103612,88.89252989638163,0.014974973571320233,12.53451490680899,0.9983503326253191,-8.121012557062855e-40,-8.041201904175791e-96,1.0101308118020762,1.6129591900116442e-6,0.0,7656.286103394522,24.05183297293663
2760.9463500981856,1962.6873976550996,32.50271160095017,-121.4737470806494,392.78273984379433,4.9812305933652965,-89.82593076039109,88.89103944128503,0.014973128469693626,12.534522382466866,0.9983509280472866,-7.49663945386399e-40,-6.583580483395499e-96,1.0103328929265822,1.6126380176306346e-6,0.0,7656.286104039641,24.0506355834757
2761.546350098185,1959.6988827874884,32.50271160098284,-121.47374707865953,392.7825465275739,4.980485700288955,-89.82593081941098,88.88880351676791,0.01497036174922376,12.534533594784605,0.9983518210871233,-6.6489227559305805e-40,-4.877237704826804e-96,1.0106360350502974,1.612156467057927e-6,0.0,7656.28610500708,24.048839939578357
2761.9463500981847,1957.706787805073,32.502711601004656,-121.47374707733329,392.78241766810225,4.9799892575443705,-89.8259308587534,88.88731273580659,0.014968517889923968,12.534541068883987,0.9983524163849596,-6.137729292691882e-40,-3.993145222445399e-96,1.0108381434224856,1.611835571929366e-6,0.0,7656.286105651878,24.047643137059822
2762.546350098184,1954.7190176034346,32.502711601037426,-121.47374707534439,392.7822244058975,4.97924482226677,-89.8259309177524,88.88507631868626,0.014965753031976906,12.53455227886216,0.9983533092384542,-5.443677559134373e-40,-2.9581955425135425e-96,1.0111413264128422,1.6113544369796656e-6,0.0,7656.286106618835,24.045848373198876
2762.9463500981838,1952.727418910712,32.50271160105929,-121.47374707401879,392.78209558242355,4.978748684571816,-89.82593095708228,88.88358520715347,0.014963910413713912,12.534559751404636,0.998353904412286,-5.025147748162127e-40,-2.4219661030580634e-96,1.0113434620265267,1.6110338187630538e-6,0.0,7656.286107263313,24.04465215712092
2763.546350098183,1949.7403929140419,32.502711601092145,-121.47374707203092,392.7819023741961,4.978004706644229,-89.82593101606247,88.88134829280763,0.014961147416354596,12.534570959047944,0.998354797079813,-4.456906247164794e-40,-1.7942371066078162e-96,1.0116466858745539,1.6105530989259809e-6,0.0,7656.28610822979,24.042858272543967
2763.946350098183,1947.7492902083322,32.5027116011141,-121.47374707070598,392.7817735866942,4.9775088736996995,-89.82593105536723,88.87985685613471,0.014959306037839301,12.534578430029692,0.9983553921293358,-4.1142430183302925e-40,-1.4689973636295591e-96,1.0118488487232984,1.6102327572807245e-6,0.0,7656.286108873948,24.04166264240302
2764.5463500981823,1944.763007959351,32.50271160114705,-121.47374706871908,392.7815804324059,4.976765352674106,-89.82593111432652,88.87761945095298,0.014956544899136273,12.534589635339234,0.9983562846109828,-3.6490062242362578e-40,-1.0882603088479403e-96,1.0121521134196987,1.6097524520465495e-6,0.0,7656.286109839944,24.039869636357967
2764.946350098182,1942.7724009333178,32.50271160116904,-121.47374706739481,392.78145168085075,4.976269824181746,-89.82593115362295,88.8761276874441,0.014954704759082152,12.53459710476541,0.9983568795366072,-3.368457299602853e-40,-8.909923436277183e-97,1.0123543034975733,1.609432386633529e-6,0.0,7656.286110483782,24.038674591654537
2765.5463500981814,1939.786861980334,32.5027116012021,-121.4737470654089,392.78125858046354,4.975526759611198,-89.82593121255505,88.87388979112288,0.014951945477108982,12.53460830773821,0.998357771832137,-2.987553627134356e-40,-6.600635420214175e-97,1.012657609032534,1.6089524954933744e-6,0.0,7656.286111449298,24.036882463390363
2765.946350098181,1937.7967503294349,32.502711601224156,-121.47374706408529,392.7811298648297,4.975031535272936,-89.82593125184312,88.87239769792825,0.014950106574231096,12.53461577560978,0.9983583666339401,-2.757859593780768e-40,-5.404144187445974e-97,1.0128598263333617,1.6086327059735988e-6,0.0,7656.2861120928155,24.03568800362404
2766.5463500981805,1934.811954212375,32.50271160125729,-121.47374706210039,392.7809368183054,4.974288926710157,-89.82593131075849,88.8701593065884,0.014947349147059717,12.534626976249255,0.9983592587436251,-2.4460020417947524e-40,-4.003489569210562e-97,1.0131631726979708,1.608153228419209e-6,0.0,7656.28611305785,24.033896752389932
2766.94635009818,1932.8223376339301,32.50271160127941,-121.47374706077743,392.7808081385675,4.973794006228446,-89.82593135002146,88.86866688319745,0.014945511480075587,12.534634442565803,0.9983598534215735,-2.2579444720600613e-40,-3.2777806237702827e-97,1.0133654172154163,1.6078337144542216e-6,0.0,7656.286113701049,24.032702877060892
2767.5463500981796,1929.8382838983089,32.50271160131263,-121.4737470587935,392.78061514586796,4.973051853227007,-89.82593140891593,88.86642801005381,0.014942755905782269,12.534645640870151,0.9983607453452702,-2.0026171025431552e-40,-2.4282402693675367e-97,1.0136688044002453,1.607354649977973e-6,0.0,7656.286114665605,24.030912502106293
2767.946350098179,1927.849162088707,32.50271160133483,-121.4737470574712,392.7804865020006,4.97255723630459,-89.82593144816636,88.8649352548807,0.014940919473410662,12.534653105632271,0.9983613398994113,-1.8486485861730466e-40,-1.9880753445702387e-97,1.0138710761281033,1.6070354112298467e-6,0.0,7656.286115308483,24.029719210715292
2768.5463500981787,1924.865850277245,32.50271160136815,-121.47374705548827,392.780293563088,4.971815538419394,-89.82593150703784,88.86269588890639,0.014938165750076006,12.534664301607464,0.998362231637595,-1.6396042157248807e-40,-1.472802839583972e-97,1.0141745041240589,1.6065567593258959e-6,0.0,7656.286116272561,24.027929711294195
2768.9463500981783,1922.8772229338065,32.502711601390395,-121.47374705416664,392.78016495506586,4.971321224759217,-89.82593154627362,88.86120280705073,0.01493633055103701,12.534671764813966,0.9983628260678342,-1.513545455810792e-40,-1.20582919644627e-97,1.014376803056064,1.6062377954570026e-6,0.0,7656.28611691512,24.0267370033417
2769.5463500981778,1919.894652593881,32.50271160142381,-121.47374705218466,392.7799720699021,4.970579981545208,-89.82593160511792,88.8589629477053,0.014933578676743374,12.534682958457882,0.9983637176203363,-1.3423944002120446e-40,-8.93300482514274e-98,1.0146802718536307,1.605759555619432e-6,0.0,7656.286117878719,24.024948378705723
2769.9463500981774,1917.9065194102004,32.50271160144613,-121.47374705086372,392.77984349769986,4.970085970850893,-89.82593164434327,88.85746954211481,0.014931744709758993,12.534690420114032,0.9983643119270927,-1.2391862163202184e-40,-7.313727092755496e-98,1.01488259798393,1.6054408662932709e-6,0.0,7656.286118520959,24.023756253695023
2770.546350098177,1914.9246900863945,32.50271160147964,-121.47374704888274,392.779650666247,4.969345181863268,-89.82593170316665,88.85522919204172,0.014928994682589822,12.534701611426845,0.998365203293927,-1.0990595830616157e-40,-5.418143763802388e-98,1.0151861075739244,1.604963038016893e-6,0.0,7656.286119484081,24.021968503096417
2770.9463500981765,1912.9370507635176,32.502711601502014,-121.47374704756243,392.77952212983945,4.968851473838874,-89.82593174237945,88.85373545837315,0.01492716194638522,12.534709071529072,0.9983657974769165,-1.014559868567292e-40,-4.436001727686581e-98,1.015388460895938,1.6046446228969578e-6,0.0,7656.286120126001,24.02077696052938
2771.546350098176,1909.9559619994834,32.502711601535616,-121.47374704558244,392.7793293520595,4.968111138634137,-89.82593180118192,88.8514946174637,0.014924413764428523,12.534720260516337,0.9983666886585251,-8.998338840870968e-41,-3.286271799899271e-98,1.0156920112693282,1.6041672056781909e-6,0.0,7656.286121088645,24.01899008322431
2771.9463500981756,1907.9688162347302,32.50271160155806,-121.4737470442628,392.77920085142136,4.967617732983606,-89.825931840378,88.85000055832603,0.014922582257728408,12.53472771906359,0.9983672827176637,-8.306513688990958e-41,-2.6905722729974697e-98,1.0158943917768928,1.6038490644283421e-6,0.0,7656.286121730249,24.017799122602785
2772.546350098175,1904.9884675815701,32.502711601591756,-121.4737470422838,392.77900812727665,4.966877851118732,-89.82593189915958,88.84775922778857,0.014919835919075742,12.53473890572138,0.9983681737137341,-7.367216768136556e-41,-1.9932255055621075e-98,1.0161979829239338,1.6033720577637168e-6,0.0,7656.286122692415,24.016013117845745
2772.9463500981747,1903.0018150685355,32.50271160161425,-121.4737470409648,392.77887966238274,4.966384747547209,-89.82593193833473,88.84626484375893,0.014918005640608313,12.534746362721675,0.9983687676496608,-6.800798238040872e-41,-1.631915314874793e-98,1.0164003906112962,1.6030541900494466e-6,0.0,7656.2861233337,24.014822738676294
2773.546350098174,1900.022206070833,32.50271160164803,-121.47374703898679,392.7786869918355,4.965645318579527,-89.8259319970996,88.8440230187037,0.014915261143351951,12.534757547053578,0.9983696584604786,-6.031766959273447e-41,-1.2089529284050992e-98,1.0167040225229573,1.6025775934366201e-6,0.0,7656.2861242953895,24.01303760572392
2773.9463500981738,1898.0360465114936,32.50271160167059,-121.47374703766843,392.77855856266046,4.965152516791901,-89.82593203626222,88.84252830895934,0.014913432091846654,12.534765002501537,0.9983702522727644,-5.568022687525144e-41,-9.898071208308325e-99,1.0169064573835476,1.6022599989226768e-6,0.0,7656.286124936357,24.011847807508936
2774.546350098173,1895.0571767156944,32.50271160170446,-121.4737470356914,392.7783659456728,4.964413540279082,-89.82593209500197,88.84028599436077,0.014910689434081036,12.534776184508159,0.9983711428983781,-4.938393126741848e-41,-7.332673493394266e-99,1.017210130050663,1.6017838118597506e-6,0.0,7656.28612589757,24.010063545617427
2774.946350098173,1893.071509808302,32.50271160172709,-121.47374703437372,392.77823755219174,4.963921039980836,-89.82593213415207,88.8387909572798,0.014908861608268981,12.534783638404416,0.998371736587074,-4.5587114282228474e-41,-6.0034863789644035e-99,1.0174125920783221,1.6014664902119256e-6,0.0,7656.28612653822,24.008874327861818
2775.5463500981723,1890.093378763646,32.50271160176106,-121.47374703239765,392.778044988726,4.963182515481704,-89.82593219287092,88.8365481586439,0.014906120788093306,12.534794818086166,0.998372627027516,-4.0432143414885383e-41,-4.447493305769974e-99,1.017716305491488,1.600990712198147e-6,0.0,7656.286127498957,24.007090936289604
2775.946350098172,1888.1082042055205,32.50271160178374,-121.47374703108065,392.77791663091364,4.962690316379048,-89.82593223200637,88.83505279118155,0.014904294186708163,12.534802270434586,0.9983732205929294,-3.732357257158849e-41,-3.641300203231314e-99,1.0179187946801853,1.6006736630831838e-6,0.0,7656.286128139291,24.00590229850046
2776.5463500981714,1885.1308114584535,32.5027116018178,-121.47374702910554,392.77772412093213,4.961952243452484,-89.82593229070223,88.83280950034782,0.014901555202222114,12.534813447793272,0.9983741108483438,-3.3103039372655354e-41,-2.69754227059039e-99,1.0182225488303343,1.600198293618339e-6,0.0,7656.286129099552,24.004119776505906
2776.946350098171,1883.1461289478466,32.502711601840545,-121.47374702778917,392.77759579876334,4.961460345251477,-89.82593232982721,88.83131381202966,0.0148997298239978,12.534820898594187,0.9983747042905016,-3.055795681389937e-41,-2.2085612147819325e-99,1.0184250651739801,1.5998815167029338e-6,0.0,7656.2861297395675,24.00293171818876
2777.5463500981705,1880.16947404854,32.50271160187471,-121.4737470258151,392.7774033422284,4.9607227234576055,-89.82593238850008,88.82907003007443,0.014896992673306252,12.534832073630808,0.9983755943609678,-2.710247647430287e-41,-1.6361428340277553e-99,1.0187288600517173,1.5994065552879716e-6,0.0,7656.2861306993545,24.001150065032515
2777.94635009817,1878.185283286497,32.50271160189751,-121.47374702449939,392.7772750556782,4.96023112586481,-89.82593242760416,88.8275740137941,0.014895168516979217,12.534839522881926,0.998376187679687,-2.501873910513484e-41,-1.3395606973329206e-99,1.0189314035439674,1.5990900502392512e-6,0.0,7656.286131339054,23.99996258569313
2778.5463500981696,1875.209365782328,32.502711601931765,-121.47374702252627,392.77708265255234,4.959493954763497,-89.82593248625612,88.82532974592438,0.014892433198186578,12.53485069559722,0.998377077565264,-2.2189631071970628e-41,-9.923712419729714e-100,1.01923523914023,1.5986154963753499e-6,0.0,7656.286132298365,23.998181800634644
2778.946350098169,1873.2256664671004,32.50271160195464,-121.47374702121121,392.7769544015955,4.959002657486191,-89.82593252535185,88.82383340442759,0.014890610262495468,12.534858143301795,0.9983776707608042,-2.0483611198969093e-41,-8.124850014701707e-100,1.019437809775062,1.5982992628615306e-6,0.0,7656.286132937748,23.99699489978149
2779.5463500981687,1870.2504859101027,32.50271160198898,-121.47374701923906,392.7767620518411,4.958265936638729,-89.8259325839829,88.82158864726694,0.014887876773712054,12.534869313695474,0.9983785604614688,-1.8167333438219666e-41,-6.019038566887564e-100,1.0197416860803645,1.5978251160511343e-6,0.0,7656.286133896585,23.99521498208289
2779.9463500981683,1868.2672777436674,32.502711602011914,-121.47374701792465,392.7766338364528,4.957774939384473,-89.82593262305771,88.82009197866874,0.014886055057397546,12.534876759851873,0.9983791535336998,-1.677056249666946e-41,-4.927972871466838e-100,1.0199442838514068,1.597509153740578e-6,0.0,7656.286134535652,23.994028659223616
2780.5463500981677,1865.2928336812183,32.50271160204636,-121.47374701595349,392.77644154003235,4.957038668352411,-89.82593268167203,88.81784673525989,0.014883323396734417,12.534887927928375,0.9983800430498057,-1.487415465290757e-41,-3.6507330863046754e-100,1.0202482008567904,1.5970354134870045e-6,0.0,7656.286135494015,23.99224960814824
2780.9463500981674,1863.310116362758,32.50271160206934,-121.47374701463971,392.7763133601875,4.956547970829155,-89.82593272073223,88.81634974845855,0.014881502898538405,12.53489537253884,0.9983806359989057,-1.373057532301e-41,-2.9889679905438487e-100,1.0204508257579898,1.5967197220488421e-6,0.0,7656.286136132766,23.991063862792
2781.546350098167,1860.3364083468914,32.50271160210387,-121.47374701266956,392.7761211170636,4.955812149174502,-89.82593277931518,88.81410401818914,0.014878773064109624,12.534906538296624,0.9983815253303303,-1.2177927894094555e-41,-2.2142825501667246e-100,1.0207547834540658,1.596246387855736e-6,0.0,7656.286137090656,23.98928567760236
2781.9463500981665,1858.3541815765202,32.502711602126915,-121.47374701135642,392.77599297273747,4.955321751090308,-89.825932818367,88.8126066996242,0.014876953782775025,12.534913981361196,0.9983821181563031,-1.1241644323992823e-41,-1.8129015482661323e-100,1.0209574354793107,1.5959309669593046e-6,0.0,7656.286137729092,23.988100509257716
2782.546350098166,1855.38120915927,32.50271160216153,-121.47374700938722,392.7758007828727,4.954586378375743,-89.82593287692904,88.81036047907773,0.014874225772697454,12.534925144799761,0.998383007303006,-9.970444119644572e-42,-1.3430308642300083e-100,1.0212614338567454,1.5954580383312166e-6,0.0,7656.286138686508,23.98632318921767
2782.9463500981656,1853.3994726352394,32.502711602184654,-121.47374700807475,392.7756726740401,4.954096279439457,-89.82593291597043,88.80886283533404,0.01487240770696975,12.534932586323174,0.9983836000062284,-9.20387996381905e-42,-1.0995808700874495e-100,1.0214641130001456,1.5951428876469282e-6,0.0,7656.286139324628,23.98513859739585
2783.546350098165,1850.4272353658453,32.50271160221937,-121.47374700610652,392.77548053739696,4.953361355228229,-89.82593297451366,88.806616126815,0.014869681519362275,12.534943747445954,0.9983844889684835,-8.163109258608914e-42,-8.145897650408665e-101,1.021768152049938,1.5946703640894334e-6,0.0,7656.286140281573,23.983362141771053
2783.9463500981647,1848.445988792926,32.502711602242535,-121.4737470047947,392.775352464033,4.952871555148466,-89.82593301353621,88.80511815965822,0.014867864667987923,12.534951187421964,0.9983850815484581,-7.535499607258688e-42,-6.66929812608214e-101,1.0219708583049694,1.5943554832871235e-6,0.0,7656.2861409193765,23.982178125979743
2784.546350098164,1845.4744862224907,32.502711602277344,-121.47374700282747,392.7751603805744,4.952137079004558,-89.82593307205227,88.80287096910283,0.014865140300972746,12.534962346231417,0.9983859703264611,-6.683388620241527e-42,-4.9407389136195833e-101,1.0222749380179816,1.5938833643066159e-6,0.0,7656.286141875848,23.980402534036877
2784.9463500981637,1843.493729300797,32.50271160230056,-121.47374700151629,392.7750323426543,4.951647577491049,-89.82593311106439,88.80137267835434,0.014863324662701271,12.534969784663701,0.9983865627834809,-6.1695452954858e-42,-4.045135624360698e-101,1.0224776713786317,1.5935687530577432e-6,0.0,7656.28614251334,23.979219093788508
2785.546350098163,1840.5229609832168,32.50271160233547,-121.47374699955003,392.7748403123428,4.950913548978929,-89.82593316955953,88.79912499165751,0.014860602114403335,12.534980941158754,0.9983874513771465,-5.471895822301637e-42,-2.996710990019641e-101,1.022781791745484,1.5930970381611083e-6,0.0,7656.28614346934,23.977444364794056
2785.946350098163,1838.5426934119314,32.50271160235875,-121.4737469982395,392.7747123098416,4.950424345741432,-89.825933208557,88.79762637589069,0.014858787687984697,12.534988378050688,0.9983880437114802,-5.051196488204434e-42,-2.4534998901127963e-101,1.0229845522058685,1.5927826961373976e-6,0.0,7656.286144106515,23.9762614996007
2786.5463500981623,1835.5726589011028,32.50271160239373,-121.47374699627417,392.7745203326399,4.949690764425767,-89.82593326703753,88.79537821046148,0.014856066956530333,12.534999532228966,0.9983889321206191,-4.480009407120198e-42,-1.817597916973425e-101,1.0232887132172377,1.5923113848319733e-6,0.0,7656.286145062043,23.9744876328208
2786.946350098162,1833.5928803868592,32.50271160241709,-121.4737469949643,392.774392365533,4.949201859174758,-89.8259333060078,88.79387926686879,0.01485425374071849,12.535006967576612,0.9983895243319532,-4.1355699229759434e-42,-1.4881235809577746e-101,1.0234915007707421,1.591997311705418e-6,0.0,7656.286145698905,23.97330534219417
2787.5463500981614,1830.6235792301595,32.50271160245217,-121.47374699299999,392.774200441404,4.948468724621407,-89.82593336446952,88.79163060895992,0.014851534824237256,12.535018119447498,0.9983904125573126,-3.667921491868469e-42,-1.1024293629878804e-101,1.0237957024180178,1.5915264035004598e-6,0.0,7656.286146653963,23.971532336900147
2787.946350098161,1828.6442894702777,32.50271160247558,-121.47374699169077,392.7740725096663,4.9479801170668845,-89.82593340343352,88.79013134830222,0.014849722817783613,12.535025553254588,0.9983910046459444,-3.3859182923812355e-42,-9.025929860957852e-102,1.0239985170590156,1.5912125989435012e-6,0.0,7656.2861472905115,23.97035062035228
2788.5463500981605,1825.6757212271914,32.50271160251075,-121.4737469897274,392.7738806385728,4.947247428841946,-89.82593346187224,88.78788220777126,0.014847005714408688,12.53503670281113,0.9983918926869707,-3.0030401385158646e-42,-6.686575116688106e-102,1.0243027593323994,1.5907420933477862e-6,0.0,7656.286148245096,23.96857847581161
2788.94635009816,1823.6969199264422,32.50271160253423,-121.47374698841882,392.77375274217985,4.946759118695371,-89.82593350081324,88.78638262130387,0.014845194916070883,12.535044135077857,0.9983924846529155,-2.7721554456107672e-42,-5.4745056726066545e-102,1.0245056010545324,1.590428557033852e-6,0.0,7656.28614888133,23.967397332856915
2789.5463500981596,1820.7290841471404,32.5027116025695,-121.47374698645645,392.7735609240845,4.946026876365475,-89.82593355923105,88.78413299526477,0.014842479623936205,12.535055282325096,0.9983933725100103,-2.4586813249766182e-42,-4.055614653616958e-102,1.0248098839452302,1.5899584535576623e-6,0.0,7656.286149835445,23.965626048340706
2789.946350098159,1818.750771008432,32.50271160259304,-121.4737469851485,392.77343306301134,4.9455388633380775,-89.8259335981679,88.7826330832597,0.014840670032471368,12.535062713051271,0.9983939643532529,-2.26964892564636e-42,-3.3204570411122086e-102,1.0250127527423678,1.5896451851602742e-6,0.0,7656.2861504713655,23.964445478492582
2790.5463500981587,1815.7836672486737,32.50271160262839,-121.47374698318708,392.7732412978774,4.944807066470748,-89.82593365656061,88.78038297241498,0.01483795654971531,12.53507385798936,0.9983948520264282,-2.0129980216569274e-42,-2.459855745519446e-102,1.0253170762410608,1.589175483314559e-6,0.0,7656.286151425012,23.962675053272434
2790.9463500981583,1813.805841974914,32.50271160265198,-121.4737469818798,392.7731134720995,4.944319350274348,-89.82593369548071,88.77888273415009,0.01483614816388288,12.535081287176135,0.9983954437470607,-1.8582313823143967e-42,-2.013959911858479e-102,1.0255199721071004,1.588862482507973e-6,0.0,7656.286152060619,23.96149505604569
2791.5463500981577,1810.8394697904587,32.502711602687434,-121.47374697991935,392.7729217598898,4.94358799843742,-89.82593375385252,88.77663213910232,0.014833436488645537,12.535092429804445,0.9983963312362664,-1.648103393486034e-42,-1.4919786038766296e-102,1.0258243362045212,1.5883931818042326e-6,0.0,7656.286153013795,23.959725489393247
2791.9463500981574,1808.862132081762,32.50271160271109,-121.47374697861274,392.77279396938235,4.943100578784216,-89.82593379276219,88.77513157854304,0.014831629307206107,12.53509985745687,0.9983969228346908,-1.5213911857468028e-42,-1.2215289872307514e-102,1.0260272591336854,1.5880804482634608e-6,0.0,7656.28615364909,23.958546064304194
2792.546350098157,1805.8964910292998,32.50271160274662,-121.47374697665323,392.7726023100599,4.942369671546175,-89.825933851111,88.77288049413993,0.014828919437630476,12.535110997774536,0.9983978101398582,-1.3493529384516737e-42,-9.04931176748982e-103,1.0263316638205202,1.5876115482140006e-6,0.0,7656.2861546017975,23.95677735549211
2792.9463500981565,1803.9196405950934,32.50271160277033,-121.47374697534725,392.7724745547984,4.9418825481486675,-89.82593389000183,88.77137961352481,0.014827113459347695,12.535118423885862,0.998398401615537,-1.245609756727511e-42,-7.408951180503125e-103,1.0265346138061036,1.5872990816137675e-6,0.0,7656.286155236779,23.955598502054634
2793.546350098156,1800.9547302238643,32.50271160280596,-121.47374697338874,392.7722829483262,4.941152085078554,-89.82593394833182,88.76912804778391,0.014824405393577909,12.53512956190179,0.9983992887373753,-1.1047567523400014e-42,-5.488687522224089e-103,1.026839059073853,1.5868305817322666e-6,0.0,7656.286156189017,23.95383065035873
2793.9463500981556,1798.9783667670563,32.50271160282974,-121.47374697208339,392.77215522828584,4.940665257649363,-89.82593398721012,88.76762684341439,0.014822600617215173,12.53513698647256,0.9983998800903516,-1.0198190186655813e-42,-4.493758082607764e-103,1.0270420361098582,1.5865183817481046e-6,0.0,7656.286156823686,23.95265236808841
2794.546350098155,1796.0141866384074,32.50271160286546,-121.47374697012584,392.771963674627,4.939935238317047,-89.82593404551504,88.76537478821373,0.014819894353400751,12.535148122182296,0.9984007670285061,-9.044983318013787e-43,-3.329058771612522e-103,1.0273465219488283,1.586050281548329e-6,0.0,7656.286157775456,23.950885372782803
2794.9463500981547,1794.0383098572493,32.50271160288929,-121.4737469688211,392.7718359897833,4.939448706569564,-89.82593408437661,88.76387326321512,0.014818090777723478,12.535155545221144,0.9984013582594679,-8.34957196838613e-43,-2.7256032889167034e-103,1.0275495260297647,1.5857383478570415e-6,0.0,7656.286158409815,23.94970766119867
2795.546350098154,1791.0748595269397,32.50271160292511,-121.47374696686452,392.771644488901,4.938719130545076,-89.82593414266479,88.76162072550393,0.01481538631401422,12.535166678625728,0.9984022450140214,-7.405406036203089e-43,-2.0191771274964923e-103,1.0278540524308872,1.5852706468536063e-6,0.0,7656.286159361118,23.947941521558683
2795.9463500981537,1789.0994691289961,32.50271160294901,-121.47374696556048,392.7715168392293,4.938232894193002,-89.82593418151382,88.76011887332054,0.014813583937790892,12.53517410012964,0.9984028361227283,-6.8360513757118364e-43,-1.6531627096940856e-103,1.0280570835503424,1.5849589791317228e-6,0.0,7656.286159995164,23.94676438017739
2796.546350098153,1786.136748155579,32.50271160298491,-121.47374696360484,392.77132539108663,4.93750376104689,-89.8259342397769,88.75786585594756,0.014810881272339422,12.535185231226839,0.998403722693503,-6.063033687614987e-43,-1.2246933899067636e-103,1.0283616505043087,1.5844916768397655e-6,0.0,7656.286160945998,23.944999095478295
2796.946350098153,1784.161843846552,32.502711603008876,-121.47374696230143,392.7711977765625,4.937017819804223,-89.82593427861549,88.75636368307342,0.014809080094339608,12.535192651195091,0.9984043136798976,-5.596885515606179e-43,-1.0026943230646403e-103,1.0285647086560963,1.5841802747644185e-6,0.0,7656.286161579733,23.943822523817445
2797.5463500981523,1781.1998517820612,32.50271160304486,-121.47374696034679,392.7710063811227,4.936289129108309,-89.82593433685558,88.75411018290318,0.014806379225302006,12.53520377999496,0.9984052000676943,-4.963992158896126e-43,-7.428144261622859e-104,1.0288693161543183,1.5837133707010682e-6,0.0,7656.286162530102,23.942058093340034
2797.946350098152,1779.2254332685843,32.50271160306888,-121.47374695904398,392.77087880172155,4.935803482689624,-89.82593437567743,88.75260768615587,0.014804579244297688,12.535211198426989,0.9984057909317317,-4.582342313297837e-43,-6.081651247094146e-104,1.0290724013321861,1.5834022339500337e-6,0.0,7656.286163163525,23.940882090918304
2798.5463500981514,1776.264169675298,32.502711603104956,-121.4737469570903,392.770687458948,4.935075234015518,-89.8259344339008,88.75035369590469,0.014801880169831947,12.53522232492334,0.9984066771360576,-4.064173056454736e-43,-4.5053992800337817e-104,1.029377049365075,1.582935727631651e-6,0.0,7656.286164113425,23.939118513938457
2798.946350098151,1774.2902366612107,32.50271160312904,-121.47374695578816,392.77055991464533,4.934589882135435,-89.82593447270801,88.7488508777317,0.014800081384595263,12.535229741820725,0.9984072678778633,-3.751704589577543e-43,-3.6887096137371277e-104,1.0295801615630902,1.5826248558831322e-6,0.0,7656.286164746538,23.93794308027482
2799.5463500981505,1771.3297010939568,32.50271160316522,-121.47374695383546,392.7703686245012,4.933862075055406,-89.82593453090631,88.74659640741541,0.014797384102860847,12.535240866017672,0.998408153899046,-3.327463481829054e-43,-2.7326640352693127e-104,1.029884850121869,1.5821587468275496e-6,0.0,7656.286165695973,23.93618035607198
2799.94635009815,1769.356253284961,32.502711603189354,-121.47374695253394,392.7702411152725,4.9333770174290485,-89.82593456970307,88.74509326973602,0.014795586512166291,12.535248281380705,0.9984087445186436,-3.0716359375010217e-43,-2.2373164888364848e-104,1.030087989333944,1.5818481397602564e-6,0.0,7656.286166328773,23.935005490685977
2800.5463500981496,1766.3964453041553,32.502711603225634,-121.47374695058218,392.77004987772114,4.932649651516607,-89.82593462788046,88.74283831671205,0.014792891021328122,12.535259403279316,0.9984096303567682,-2.724296694335227e-43,-1.6574452707770603e-104,1.030392718409311,1.581382427486303e-6,0.0,7656.286167277743,23.93324361854135
2800.946350098149,1764.4234824040905,32.50271160324983,-121.47374694928133,392.7699224035422,4.9321648878598285,-89.8259346666584,88.74133485394486,0.014791094623952564,12.535266817112726,0.9984102208545343,-2.5148428153854704e-43,-1.3570016605748289e-104,1.0305958846295806,1.581072084779954e-6,0.0,7656.286167910233,23.932069320955016
2801.5463500981487,1761.4644015720114,32.50271160328619,-121.47374694733053,392.76973121854695,4.931437962688451,-89.82593472481487,88.73907942210901,0.014788400922176547,12.535277936709251,0.9984111065093021,-2.2304654940003134e-43,-1.0052918288400225e-104,1.0309006542120933,1.5806067688065254e-6,0.0,7656.286168858736,23.930308300148077
2801.9463500981483,1759.4919232884422,32.50271160331045,-121.47374694603032,392.7696037793932,4.930953492717027,-89.82593476358235,88.73757563278248,0.014786605716897787,12.53528534901116,0.9984116968850869,-2.0589791611961878e-43,-8.230634852025292e-105,1.031103847434342,1.580296690140636e-6,0.0,7656.286169490917,23.92913456988134
2802.5463500981477,1756.533569158055,32.502711603346896,-121.47374694408046,392.76941264691754,4.930227007860764,-89.8259348217221,88.73531971344843,0.014783913802350715,12.535296466314037,0.9984125823571701,-1.82615070167313e-43,-6.097405923145274e-105,1.031408657515562,1.579831769988161e-6,0.0,7656.286170438956,23.92737439969536
2802.9463500981474,1754.5615751994774,32.50271160337122,-121.47374694278086,392.7692852427646,4.929742831290748,-89.8259348604708,88.73381560783199,0.014782119787948057,12.535303877081239,0.9984131726107184,-1.6857495666544672e-43,-4.992134647696538e-105,1.0316118777335106,1.5795219550426024e-6,0.0,7656.286171070826,23.926201236268174
2803.546350098147,1751.6039473339915,32.502711603407754,-121.473746940832,392.7690941627719,4.929016786324481,-89.82593491858334,88.7315592073106,0.01477942965880175,12.53531499208803,0.9984140578999227,-1.4951257458102579e-43,-3.698265312123956e-105,1.031916728304,1.5790574302317457e-6,0.0,7656.2861720184,23.924441915985334
2803.9463500981465,1749.6324374051765,32.50271160343215,-121.47374693953306,392.76896679359555,4.928532902872878,-89.82593495731948,88.73005478105227,0.014777636834057214,12.535322401325278,0.9984146480316131,-1.3801750182963363e-43,-3.0278840926347124e-105,1.032119975511787,1.5787478786877616e-6,0.0,7656.2861726499605,23.92326931892152
2804.546350098146,1746.6755353668705,32.50271160346877,-121.47374693758513,392.7687757660494,4.927807297371806,-89.82593501541322,88.72779789875747,0.014774948488485052,12.535333514033928,0.9984155331377748,-1.2241054332134762e-43,-2.2431123155081157e-105,1.0324248665622464,1.5782837487398074e-6,0.0,7656.286173597071,23.921510847824354
2804.9463500981456,1744.7045091744512,32.502711603493225,-121.47374693628683,392.76864843182517,4.927323706755556,-89.82593505413891,88.72629314934008,0.014773156852181299,12.535340921741732,0.9984161231476479,-1.1299917370939723e-43,-1.8365053680314202e-105,1.0326281407538487,1.5779744602785928e-6,0.0,7656.286174228322,23.920338816646225
2805.546350098145,1741.7483325190842,32.50271160352994,-121.47374693433987,392.768457456689,4.926598540295409,-89.82593511220757,88.72403578675868,0.014770470288357892,12.535352032158757,0.998417008071286,-1.0022127676028356e-43,-1.3605170087417289e-105,1.0329330722757042,1.5775107247160978e-6,0.0,7656.286175174968,23.918581194020113
2805.9463500981446,1739.7777897706255,32.502711603554445,-121.47374693304221,392.76833015739265,4.926115242231995,-89.82593515091443,88.7225307183087,0.01476867983927988,12.535359438337723,0.99841759795939,-9.251589899640503e-44,-1.1138973169456507e-105,1.0331363734450398,1.5772016990194623e-6,0.0,7656.286175805912,23.91740972825099
2806.546350098144,1736.8223380632699,32.50271160359126,-121.47374693109619,392.76813923463015,4.925390514389354,-89.82593520897056,88.72027287495669,0.014765995055384765,12.535370546459973,0.9984184827002536,-8.205424175835425e-44,-8.251956526110228e-106,1.033441345428805,1.5767383573653084e-6,0.0,7656.2861767520935,23.915652953380558
2806.9463500981437,1734.852278468199,32.50271160361582,-121.47374692979916,392.76801197023747,4.924907508596739,-89.82593524766487,88.7187674841953,0.014764205792319728,12.535377951109192,0.9984190724665163,-7.574561199115402e-44,-6.756131804987414e-106,1.0336446735696265,1.5764295941155328e-6,0.0,7656.286177382727,23.91448205254423
2807.546350098143,1731.8975512702018,32.50271160365271,-121.47374692785408,392.7678210998123,4.924183218948775,-89.82593530568963,88.71650915583403,0.014761522786534316,12.535389056938834,0.9984199570247779,-6.718033144441649e-44,-5.005066902602745e-106,1.0339496860062467,1.575966645893702e-6,0.0,7656.286178328445,23.912726124716297
2807.946350098143,1729.927974534221,32.50271160367735,-121.47374692655772,392.767693870299,4.9237005051448985,-89.8259353443777,88.71500344440682,0.014759734708269277,12.535396460060468,0.9984205466693714,-6.201526222144152e-44,-4.0978029367665327e-106,1.0341530411127298,1.5756581447735052e-6,0.0,7656.2861789587705,23.911555788336898
2808.5463500981423,1726.9739714059979,32.502711603714324,-121.47374692461361,392.7675030521747,4.922976653268798,-89.82593540238364,88.71274464242951,0.014757053478775643,12.535407563598627,0.9984214310451208,-5.500260359815158e-44,-3.035727905287175e-106,1.0344580939932972,1.5751955895083137e-6,0.0,7656.286179904027,23.909800706837576
2808.946350098142,1725.0048772385344,32.502711603739,-121.47374692331785,392.7673758575166,4.922494231172504,-89.82593544104868,88.71123860892224,0.01475526658410148,12.535414965193153,0.9984220205680829,-5.077380256487064e-44,-2.485444244319876e-106,1.0346614760592596,1.5748873502011453e-6,0.0,7656.2861805340435,23.90863093444069
2809.5463500981414,1722.0515977451578,32.502711603776085,-121.47374692137471,392.767185091657,4.921770816647083,-89.82593549903999,88.70897931788929,0.014752587129088139,12.535426066441081,0.9984229047614198,-4.503232326381796e-44,-1.84126288304896e-106,1.034966569374434,1.574425187418348e-6,0.0,7656.2861814788375,23.906876698559582
2809.946350098141,1720.0829858537763,32.50271160380084,-121.47374692007959,392.76705793182987,4.9212886859769345,-89.8259355376925,88.70747296647703,0.014750801416795082,12.535433466508435,0.9984234941627457,-4.1570073793949683e-44,-1.5074988199645455e-106,1.0351699783939254,1.5741172096077029e-6,0.0,7656.286182108545,23.90570748966966
2810.5463500981405,1717.130429555662,32.502711603837994,-121.4737469181374,392.76686721819857,4.920565708380267,-89.82593559565453,88.7052132013848,0.01474812373444828,12.53544456546711,0.9984243781737479,-3.6869348101280603e-44,-1.1167828969747722e-106,1.0354751121348948,1.5736554388329487e-6,0.0,7656.286183052876,23.903954098693998
2810.94635009814,1715.1622996488586,32.50271160386281,-121.4737469168429,392.7667400931784,4.920083868855944,-89.82593563429869,88.70370652577023,0.01474633920333057,12.535451964010118,0.9984249674536624,-3.4034697972966863e-44,-9.143446679152384e-107,1.035678548101896,1.5733477222034744e-6,0.0,7656.286183682277,23.902785452838547
2811.5463500981396,1712.2104661101475,32.50271160390006,-121.47374691490165,392.76654943173924,4.919361327767182,-89.825935692244,88.70144627889685,0.014743663291841179,12.53546306067906,0.9984258512822918,-3.0186069269617216e-44,-6.773633740501577e-107,1.0359837222595147,1.5728863429633967e-6,0.0,7656.286184626148,23.90103290605733
2811.946350098139,1710.2428178973496,32.50271160392493,-121.4737469136078,392.76642234150165,4.918879779107932,-89.82593573086723,88.69993928469589,0.01474187994069243,12.535470457695679,0.9984264404406322,-2.7865254025112367e-44,-5.545783258156645e-107,1.0361871851679436,1.5725788871994171e-6,0.0,7656.28618525524,23.89986482276133
2812.5463500981386,1707.2917066803202,32.50271160396228,-121.47374691166753,392.76623173221844,4.918157674107159,-89.82593578879164,88.69767855574788,0.014739205798254558,12.535481552079165,0.9984273240872293,-2.471426333460124e-44,-4.1084184020681555e-107,1.0364923997333064,1.572117899021929e-6,0.0,7656.2861861986485,23.898113119466462
2812.9463500981383,1705.324539870955,32.50271160398721,-121.47374691037432,392.7661046767395,4.917676416033291,-89.82593582740233,88.69617124219138,0.014737423625872053,12.535488947571212,0.9984279131241405,-2.28141405133308e-44,-3.363689101679286e-107,1.036695889577115,1.5718107038089433e-6,0.0,7656.286186827435,23.89694559825804
2813.5463500981377,1702.3741505434737,32.50271160402465,-121.47374690843499,392.7659141195762,4.916954746700793,-89.82593588530374,88.69391003790433,0.014734751250682129,12.535500039665266,0.9984287965883888,-2.023432752096644e-44,-2.4918828524086083e-107,1.0370011445407878,1.5713501062219548e-6,0.0,7656.286187770383,23.895194737739445
2813.9463500981374,1700.4074648469687,32.50271160404963,-121.47374690714238,392.76578709883177,4.916473778932798,-89.8259359238998,88.6924024059864,0.014732970255864218,12.535507433633965,0.9984293855039683,-1.8678638525704342e-44,-2.0401814939512774e-107,1.0372046613139594,1.5710431712458e-6,0.0,7656.286188398862,23.894027778146715
2814.546350098137,1697.4577969703823,32.50271160408716,-121.47374690520401,392.7655965937522,4.915752544849388,-89.8259359817824,88.69014071670483,0.014730299646119875,12.535518523443146,0.9984302687862306,-1.6566466282347962e-44,-1.511404034944991e-107,1.0375099566672317,1.5705829637784756e-6,0.0,7656.28618934135,23.89227775969714
2814.9463500981365,1695.4915920952335,32.502711604112214,-121.47374690391207,392.7654696077183,4.9152718671079025,-89.82593602036592,88.6886327679612,0.014728519827665671,12.535525915890052,0.9984308575806022,-1.5292775854083193e-44,-1.2374331879195558e-107,1.0377135003638764,1.570276288725357e-6,0.0,7656.286189969522,23.891111361248306
2815.546350098136,1692.542645235546,32.50271160414983,-121.47374690197462,392.7652791546865,4.9145510678551485,-89.82593607822551,88.68637060057664,0.014725850981568365,12.535537003414627,0.9984317406808999,-1.356347547502106e-44,-9.16713301606452e-108,1.0380188360976021,1.569816470907459e-6,0.0,7656.286190911549,23.889362184160813
2815.9463500981356,1690.5769208930433,32.502711604174934,-121.4737469006833,392.76515220333897,4.914070679861312,-89.82593611679648,88.68486232933752,0.014724072338279477,12.535544394338904,0.9984323293539971,-1.2520665946899422e-44,-7.5054150775535e-108,1.0382224067115788,1.5695100554640084e-6,0.0,7656.286191539414,23.888196346384404
2816.546350098135,1687.6286946153268,32.50271160421264,-121.47374689874682,392.76496180231874,4.913350315021067,-89.82593617463935,88.68259968639929,0.014721405254032104,12.535555479579479,0.9984332122723787,-1.1104834539006102e-44,-5.560149754217032e-108,1.038527782816758,1.5690506268258853e-6,0.0,7656.286192480983,23.886448009952336
2816.9463500981346,1685.663450518623,32.5027116042378,-121.47374689745612,392.76483488563366,4.912870216496399,-89.82593621319569,88.68109109624712,0.014719627784712107,12.53556286897832,0.9984338008239776,-1.0251054304963854e-44,-4.55226642022385e-108,1.0387313803417602,1.5687444706791096e-6,0.0,7656.286193108543,23.885282732377007
2817.546350098134,1682.7159443870187,32.502711604275596,-121.47374689552056,392.7646445365893,4.912150285651528,-89.82593627100928,88.67882797002018,0.014716962460521177,12.535573951939547,0.9984346835608134,-9.091869585034321e-45,-3.372402825959183e-108,1.0390367968095404,1.568285430752389e-6,0.0,7656.286194049652,23.883535235896627
2817.9463500981337,1680.751180242747,32.50271160430083,-121.47374689423053,392.7645176545428,4.911670476317978,-89.82593630954891,88.67731906321626,0.014715186163974298,12.535581339818968,0.9984352719913935,-8.392853447970206e-45,-2.7610904056025468e-108,1.03924042123997,1.5679795335903752e-6,0.0,7656.286194676904,23.88237051805385
2818.546350098133,1677.8043938269839,32.50271160433872,-121.47374689229595,392.7643273574381,4.91095097905119,-89.82593636734997,88.67505545989187,0.01471252259804758,12.535592420495407,0.9984361545462503,-7.443793265079168e-45,-2.0454666372810704e-108,1.0395458780609643,1.567520881906337e-6,0.0,7656.286195617554,23.880623860818147
2818.946350098133,1675.8401093464345,32.502711604364,-121.47374689100653,392.7642005100061,4.9104714586310285,-89.82593640587284,88.6735462306848,0.014710747473080307,12.53559980685573,0.9984367428558372,-6.871487254242358e-45,-1.6746867437375418e-108,1.0397495293907744,1.5672152434172748e-6,0.0,7656.2861962445,23.87945970223849
2819.5463500981323,1672.894042212516,32.50271160440197,-121.47374688907287,392.76401026480534,4.9097523945262695,-89.82593646365301,88.67128214714643,0.014708085663629375,12.535610885250637,0.9984376252289742,-6.094462492559917e-45,-1.2406387908419364e-108,1.0400550265560329,1.5667569795089119e-6,0.0,7656.286197184692,23.87771388354505
2819.946350098132,1670.9302371088415,32.50271160442731,-121.47374688778409,392.76388345196403,4.909273162742015,-89.82593650216543,88.66977260151715,0.014706311709049768,12.53561827008962,0.9984382134173891,-5.625897959249434e-45,-1.0157493155455788e-108,1.0402587047790166,1.5664515993812417e-6,0.0,7656.286197811334,23.876550283758736
2820.5463500981314,1667.984888820909,32.50271160446539,-121.47374688585138,392.7636932586313,4.908554531383334,-89.8259365599184,88.66750804182853,0.014703651654286918,12.535629346206818,0.998439095609111,-4.989723888150542e-45,-7.52485805091252e-109,1.0405642422798298,1.5659937227820278e-6,0.0,7656.286198751067,23.874805302905028
2820.946350098131,1666.0215628053993,32.502711604490784,-121.47374688456323,392.76356648035664,4.908075587958034,-89.8259365984183,88.6659981757543,0.014701878868904788,12.535636729525658,0.9984396836764495,-4.606095693235298e-45,-6.160833814977685e-109,1.0407679473900018,1.5656886007049964e-6,0.0,7656.286199377402,23.87364226144407
2821.5463500981305,1663.0769329313189,32.50271160452894,-121.47374688263146,392.7633763388561,4.907357388930198,-89.82593665615454,88.66373314441341,0.014699220567045866,12.535647803365732,0.9984405656868028,-4.0852404146181385e-45,-4.564059185023264e-109,1.041073525217325,1.565231110949038e-6,0.0,7656.286200316678,23.871898117728037
2821.94635009813,1661.1140857161954,32.50271160455441,-121.47374688134394,392.7632495951245,4.906878733587242,-89.82593669464397,88.66222296032845,0.014697448949672714,12.535655185164758,0.9984411536330908,-3.7711522123076777e-45,-3.7367362906255716e-109,1.0412772572086382,1.5649262466123089e-6,0.0,7656.28620094271,23.87073563412474
2822.5463500981296,1658.1701738247648,32.50271160459264,-121.47374687941311,392.7630595054203,4.906160966475589,-89.82593675235724,88.65995744773264,0.014694792398936165,12.535666256727716,0.9984420354620762,-3.3447119759196286e-45,-2.76824308225577e-109,1.0415828753533745,1.5644691432344219e-6,0.0,7656.286201881529,23.86899232684511
2822.946350098129,1656.2078051213175,32.50271160461816,-121.47374687812622,392.7629327962077,4.9056825989386414,-89.82593679082994,88.65844694391576,0.014693021948384637,12.535673637008294,0.9984426232874228,-3.0875583043746803e-45,-2.2664461540468826e-109,1.041786634219912,1.5641645363281485e-6,0.0,7656.286202507256,23.867830400632364
2823.5463500981286,1653.2646107813343,32.5027116046565,-121.47374687619633,392.7627427582644,4.90496526332907,-89.82593684852438,88.65618095363777,0.014690367146991349,12.535684706294754,0.9984435049350895,-2.7384185669537604e-45,-1.6790250633916498e-109,1.0420922926730127,1.5637078188639187e-6,0.0,7656.2862034456175,23.86608792908886
2823.9463500981283,1651.3027203008533,32.502711604682084,-121.47374687491006,392.76261608354696,4.904487183322142,-89.82593688698036,88.65467013710875,0.014688597862075629,12.535692085058479,0.9984440926396215,-2.527878946864232e-45,-1.3746697036343314e-109,1.0422960784088864,1.5634034690787418e-6,0.0,7656.286204071041,23.864926559800136
2824.5463500981277,1648.3602430820465,32.5027116047205,-121.47374687298112,392.7624260973286,4.90377027880098,-89.82593694465598,88.65240366582398,0.014685944808248651,12.535703152067862,0.9984449741059233,-2.2420275054551613e-45,-1.018380640619212e-109,1.0426017771612592,1.5629471370643337e-6,0.0,7656.286205008945,23.863184923292767
2824.9463500981274,1646.3988305376843,32.502711604746146,-121.4737468716955,392.76229945708275,4.9032924860487235,-89.82593698309314,88.65089252975791,0.014684176687785658,12.535710529315807,0.9984455616897264,-2.0696522429861003e-45,-8.337796998688418e-110,1.042805589760423,1.5626430440915214e-6,0.0,7656.286205634064,23.862024110462634
2825.546350098127,1643.4570700088516,32.50271160478464,-121.4737468697675,392.7621095225537,4.902576012203005,-89.82593704074576,88.64862558418028,0.014681525379750746,12.535721594049988,0.9984464429748127,-1.835616876060412e-45,-6.17679361553451e-110,1.0431113288031155,1.5621870970640759e-6,0.0,7656.286206571512,23.860283308293212
2825.9463500981265,1641.4961351128295,32.50271160481035,-121.4737468684825,392.7619829167555,4.902098506429982,-89.82593707918085,88.647114128103,0.014679758422557462,12.535728969782388,0.9984470304379055,-1.6944879469845333e-45,-5.057131804646939e-110,1.0433151682596493,1.561883260595038e-6,0.0,7656.286207196326,23.859123051455505
2826.546350098126,1638.5550908418372,32.50271160484894,-121.47374686655543,392.7617930338803,4.901382462846916,-89.82593713680838,88.64484670854273,0.014677108858541465,12.535740032243062,0.9984479115419113,-1.5028759939293143e-45,-3.746416403370513e-110,1.0436209475838556,1.5614276980921727e-6,0.0,7656.286208133319,23.857383082925747
2826.9463500981255,1636.594633310102,32.502711604874705,-121.47374686527105,392.761666462506,4.9009052437783795,-89.82593717522673,88.64333493698106,0.014675343063438071,12.535747406457537,0.9984484988841041,-1.3873293990362138e-45,-3.067306878974702e-110,1.043824813891486,1.5611241178188436e-6,0.0,7656.28620875783,23.856223381615028
2827.546350098125,1633.6543048657477,32.5027116049134,-121.4737468633449,392.76147663124897,4.900189630046081,-89.82593723283753,88.64106704362598,0.014672695241671457,12.535758466647623,0.9984493798072619,-1.2304507997205242e-45,-2.272317441875396e-110,1.0441306334883536,1.5606689393792042e-6,0.0,7656.286209694367,23.854484246028647
2827.9463500981246,1631.6943244105205,32.50271160493922,-121.47374686206116,392.76135009427503,4.899712697407777,-89.82593727123498,88.63955494916121,0.014670930607479456,12.53576583934745,0.998449967028816,-1.1358492486507783e-45,-1.8604165074677872e-110,1.0443345266412252,1.5603656149944365e-6,0.0,7656.286210318574,23.853325099781703
2828.546350098124,1628.7547113671899,32.50271160497799,-121.47374686013598,392.7611603146007,4.898997513115182,-89.82593732883116,88.63728657836796,0.01466828452619684,12.535776897264794,0.9984508477709542,-1.0074079143246243e-45,-1.3782308213272284e-110,1.0446403865013647,1.5599108201572487e-6,0.0,7656.286211254658,23.851586796442735
2828.9463500981237,1626.7952076997608,32.502711605003874,-121.47374685885285,392.7610338120033,4.898520866632682,-89.82593736721397,88.63577416837751,0.014666521051737545,12.535784268452057,0.9984514348720355,-9.299547148332725e-46,-1.128400162691118e-110,1.0448443064937536,1.5596077513539572e-6,0.0,7656.286211878562,23.850428204795318
2829.546350098123,1623.8563096253201,32.50271160504274,-121.47374685692859,392.76084408387607,4.897806111368506,-89.82593742478505,88.63350532034723,0.014663876709172498,12.53579532409928,0.9984523154333625,-8.247958439901863e-46,-8.359396279107063e-111,1.0451502066085032,1.5591533396589769e-6,0.0,7656.286212814191,23.848690733007892
2829.946350098123,1621.8972824607044,32.50271160506868,-121.47374685564608,392.7607176156316,4.897329750768114,-89.82593746315949,88.63199259868331,0.014662114393270547,12.535802693773633,0.9984529024139436,-7.61382527362594e-46,-6.844096050805377e-111,1.0453541534343285,1.5588505261306418e-6,0.0,7656.286213437793,23.847532695496646
2830.5463500981223,1618.9590989295393,32.502711605107635,-121.47374685372279,392.7605279390161,4.896615424122216,-89.82593752070967,88.62972327417334,0.01465947178766191,12.535813747148849,0.9984537827943099,-6.752857254646003e-46,-5.070232436382133e-111,1.0456600937943985,1.558396497118445e-6,0.0,7656.286214372967,23.845796054566136
2830.946350098122,1617.0005479827523,32.502711605133634,-121.4737468524409,392.76040150510096,4.896139349130592,-89.82593755906741,88.62821023524012,0.01465771062914349,12.535821115310213,0.998454369654384,-6.233672927578885e-46,-4.151155972978351e-111,1.0458640674476072,1.5580939385590345e-6,0.0,7656.286214996265,23.84463857072829
2831.5463500981214,1614.0630785617977,32.50271160517268,-121.47374685051852,392.76021187996173,4.895425450692779,-89.82593761659668,88.62594043566283,0.014655069758729407,12.535832166418292,0.9984552498541771,-5.528771929913814e-46,-3.0752528173825853e-111,1.0461700480445282,1.5576402917709557e-6,0.0,7656.286215930985,23.84290275996106
2831.946350098121,1612.105003548786,32.50271160519874,-121.47374684923729,392.7600854803523,4.894949661036861,-89.82593765494605,88.6244270750902,0.014653309756422189,12.535839533065452,0.9984558365936479,-5.1036997529527234e-46,-2.517804511227754e-111,1.0463740485190087,1.5573379878747952e-6,0.0,7656.286216553982,23.84174582933395
2832.5463500981205,1609.168247813359,32.50271160523787,-121.47374684731582,392.759895906654,4.89423619039817,-89.82593771244812,88.62215680324422,0.014650670619446655,12.53585058190487,0.9984567166127463,-4.52657562574308e-46,-1.865235964915191e-111,1.0466800693434881,1.5568847228529257e-6,0.0,7656.286217488248,23.840010848037352
2832.94635009812,1607.2106484454125,32.50271160526398,-121.47374684603521,392.75976954132665,4.89376068580539,-89.82593775078495,88.62064312948074,0.014648911772179465,12.535857947043402,0.9984573032320576,-4.17855596065199e-46,-1.5271263228903708e-111,1.046884096633643,1.5565826733153205e-6,0.0,7656.286218110941,23.838854470160793
2833.5463500981195,1604.2746059671044,32.502711605303205,-121.47374684411471,392.75958001903393,4.89304764255694,-89.82593780826822,88.6183723778883,0.014646274366886805,12.53586899361545,0.9984581830705644,-3.706046687277759e-46,-1.1313233127201055e-111,1.0471901576768226,1.556129789602348e-6,0.0,7656.286219044756,23.83712031764257
2833.946350098119,1602.3174819620326,32.50271160532938,-121.4737468428347,392.7594536879653,4.892572422755091,-89.82593784658411,88.6168583867044,0.014644516673491165,12.535876357243167,0.9984587695695422,-3.421112283534837e-46,-9.26249355605237e-112,1.0473942117764068,1.5558279941186008e-6,0.0,7656.286219667147,23.8359644920551
2834.5463500981186,1599.3821523124352,32.502711605368695,-121.47374684091513,392.7592642170428,4.891859806488621,-89.82593790405485,88.61458716330303,0.014641880998128283,12.535887401550088,0.998459649227636,-3.0342544086022547e-46,-6.861825859990794e-112,1.0477003130294777,1.5553754912580358e-6,0.0,7656.286220600508,23.834231167624242
2834.9463500981183,1597.4255033852533,32.50271160539492,-121.47374683963572,392.7591379202092,4.891384871205487,-89.82593794236031,88.61307286106465,0.014640124457435693,12.53589476366673,0.9984602356062595,-2.8009698486188855e-46,-5.617988871642979e-112,1.047904393932568,1.5550739495238077e-6,0.0,7656.286221222599,23.83307589386452
2835.5463500981177,1594.490886138752,32.50271160543432,-121.47374683771712,392.75894850062156,4.890672681513432,-89.82593799980387,88.61080116973721,0.014637490510252791,12.535905805708584,0.9984611150839449,-2.4842374079439655e-46,-4.161909650710729e-112,1.0482105353864748,1.5546218270598367e-6,0.0,7656.286222155507,23.83134339683072
2835.9463500981174,1592.534712006338,32.50271160546061,-121.47374683643832,392.7588222379997,4.8901980304775154,-89.8259380380968,88.60928654386171,0.014635735121097695,12.535913166313822,0.9984617013421881,-2.2932401636247593e-46,-3.407484039897766e-112,1.0484146430869905,1.5543205387714876e-6,0.0,7656.286222777295,23.830188674438805
2836.546350098117,1589.600806735456,32.5027116055001,-121.47374683452065,392.7586328697119,4.889486266953019,-89.82593809551943,88.60701436861622,0.014633102900347493,12.53592420609445,0.998462580639771,-2.033921572802808e-46,-2.5243269494312615e-112,1.0487208247329245,1.5538687962493506e-6,0.0,7656.2862237097515,23.8284570041139
2836.9463500981165,1587.645107110031,32.50271160552645,-121.47374683324252,392.75850664127813,4.889011899892952,-89.82593813379353,88.60549943217931,0.014631348661564418,12.535931565192849,0.9984631667779973,-1.8775462544356976e-46,-2.066744478751946e-112,1.0489249592252943,1.5535677611038703e-6,0.0,7656.286224331239,23.827302832631013
2837.546350098116,1584.7119133919477,32.50271160556602,-121.47374683132573,392.758317324255,4.888300562129041,-89.82593819120572,88.60322679052109,0.014628718165500815,12.53594260270743,0.998464045895094,-1.6652341483483362e-46,-1.5310823834286634e-112,1.049231181054006,1.5531163980685637e-6,0.0,7656.286225263244,23.82557198832402
2837.9463500981155,1582.7566879922524,32.50271160559243,-121.47374683004821,392.7581911299859,4.887826478773994,-89.82593822946518,88.60171153457351,0.014626965075927485,12.535949960296783,0.9984646319131276,-1.5372048656140402e-46,-1.253544459911779e-112,1.0494353423320182,1.5528156157631091e-6,0.0,7656.28622588443,23.824418367290765
2838.546350098115,1579.8242053985596,32.50271160563209,-121.47374682813235,392.75800186419224,4.887115566364705,-89.825938286846,88.59943841597392,0.014624336302807165,12.535960995550393,0.9984655108501423,-1.363378414342752e-46,-9.286488287001629e-113,1.0497416043348875,1.5523646317612502e-6,0.0,7656.286226815983,23.822688348315022
2838.9463500981146,1577.8694539396092,32.50271160565856,-121.47374682685545,392.75787570406436,4.886641766444286,-89.82593832509711,88.59792284711989,0.014622584361282467,12.535968351633846,0.9984660967482338,-1.258556902811263e-46,-7.603134926115428e-113,1.0499457923927449,1.552064101993833e-6,0.0,7656.28622743687,23.821535277274027
2839.546350098114,1574.9376820456237,32.502711605698316,-121.47374682494055,392.7576864894651,4.885931278984033,-89.82593838246541,88.59564925493717,0.014619957309364596,12.535979384626666,0.9984669755051808,-1.1162398408292371e-46,-5.632542418226872e-113,1.0502520945608125,1.551613496572341e-6,0.0,7656.286228367972,23.819806082942165
2839.9463500981137,1572.9834042470902,32.50271160572484,-121.47374682366426,392.75756036345507,4.885457762227845,-89.82593842069977,88.59413336944833,0.014618206514728676,12.535986739200089,0.9984675612830013,-1.0304192453757036e-46,-4.6115365312838255e-113,1.050456309392267,1.5513132190407631e-6,0.0,7656.286228988558,23.818653561433997
2840.546350098113,1570.0523426271975,32.502711605764674,-121.4737468217503,392.75737120001503,4.884747699311541,-89.82593847803878,88.59185930770651,0.014615581182274484,12.535997769933802,0.9984684398600147,-9.138998895293053e-47,-3.416311216106468e-113,1.0507626517167186,1.5508629917473344e-6,0.0,7656.286229919212,23.816925191059738
2840.946350098113,1568.0985382022336,32.502711605791255,-121.47374682047464,392.7572451080996,4.8842744654500105,-89.82593851626899,88.59034310577226,0.014613831533369316,12.536005123003918,0.9984690255180997,-8.436359284740735e-47,-2.797039561447131e-113,1.0509668933162328,1.5505629661508345e-6,0.0,7656.2862305394965,23.81577321862923
2841.5463500981123,1565.1681864345446,32.50271160583119,-121.47374681856158,392.75705599578384,4.883564826673405,-89.82593857358918,88.58806856753424,0.01461120791864388,12.536016151477602,0.998469903915106,-7.482379480929562e-47,-2.0720984341861298e-113,1.0512732757879093,1.5501131165338977e-6,0.0,7656.2862314696995,23.81404567152724
2841.946350098112,1563.2148551037535,32.502711605857826,-121.47374681728652,392.7569299379395,4.883091875436747,-89.82593861179639,88.58655205310842,0.014609459414312562,12.536023503039303,0.9984704894530487,-6.907106820901911e-47,-1.6964910188236892e-113,1.0514775441492006,1.549813342571092e-6,0.0,7656.286232089685,23.81289424771558
2842.5463500981114,1560.2852127626538,32.50271160589784,-121.47374681537441,392.75674087671314,4.882382660395764,-89.82593866909777,88.58427704539291,0.014606837515581566,12.53603452925541,0.9984713676702434,-6.126054214260902e-47,-1.2567917995041356e-113,1.0517839667593833,1.5493638701797607e-6,0.0,7656.286233019437,23.81116752320127
2842.946350098111,1558.3323542401195,32.50271160592454,-121.47374681409997,392.7566148529167,4.881909991514908,-89.82593870729451,88.58276021361422,0.014605090154668689,12.536041879313892,0.9984719530884574,-5.655060794013569e-47,-1.0289742828880038e-113,1.0519882618768803,1.549064347550598e-6,0.0,7656.286233639123,23.81001664755352
2843.5463500981105,1555.4034209027886,32.502711605964635,-121.47374681218876,392.7564258427446,4.881201199806236,-89.825938764575,88.58048473659639,0.014602469970201303,12.536052903273106,0.9984728311258948,-5.015589002363919e-47,-7.622831045288845e-114,1.052294724616605,1.5486152519347248e-6,0.0,7656.286234568427,23.80829074494328
2843.94635009811,1553.4510349100456,32.5027116059914,-121.47374681091496,392.75629985297275,4.88072881301269,-89.8259388027571,88.57896758932102,0.014600723751554941,12.536060251825766,0.998473416424173,-4.629972203008955e-47,-6.2410473329768824e-114,1.0524990464839887,1.5483159803392805e-6,0.0,7656.286235187814,23.80714041700375
2844.5463500981095,1550.5228101508692,32.50271160603159,-121.4737468090047,392.75611089381994,4.88002044423296,-89.82593886001875,88.57669163676817,0.014598105279620396,12.536071273529693,0.9984742942819811,-4.1064169791499216e-47,-4.623482836850593e-114,1.0528055493446271,1.5478672610491001e-6,0.0,7656.286236116667,23.80541533561357
2844.946350098109,1548.5708964029327,32.50271160605841,-121.4737468077315,392.7559849380495,4.879548339258148,-89.82593889818622,88.57517417403919,0.01459636020208774,12.536078620580215,0.9984748794606166,-3.790700645221773e-47,-3.785388270651013e-114,1.0530098979562956,1.5475682401880271e-6,0.0,7656.286236735754,23.80426555492753
2845.5463500981086,1545.6433798018843,32.50271160609869,-121.47374680582216,392.7557960298813,4.878840393005496,-89.82593895542489,88.57289774670713,0.014593743440961433,12.536089640029097,0.9984757571388148,-3.362049880622825e-47,-2.8042853653254507e-114,1.053316440928687,1.5471198967750067e-6,0.0,7656.286237664161,23.802541294076274
2845.9463500981083,1543.6919380184263,32.50271160612557,-121.47374680454958,392.7556701080888,4.878368569581173,-89.82593899357983,88.57137997670398,0.01459199950339193,12.536096985575533,0.9984763421976529,-3.103563207646536e-47,-2.295955084953261e-114,1.0535208162785785,1.5468211263490614e-6,0.0,7656.286238282949,23.80139206018816
2846.5463500981077,1540.7651291536167,32.50271160616594,-121.47374680264117,392.7554812508703,4.877661045453547,-89.82593905080178,88.56910308289449,0.014589384451349096,12.536108002768712,0.9984772196961884,-2.7526136427908225e-47,-1.7008858230206554e-114,1.0538273993538003,1.5463731583648545e-6,0.0,7656.286239210908,23.79966861919354
2846.9463500981074,1538.8141590496525,32.502711606192875,-121.47374680136923,392.7553553630327,4.87718950331206,-89.82593908893787,88.56758499322295,0.014587641652593644,12.5361153468165,0.998477804635662,-2.5409826534307436e-47,-1.3925677830708123e-114,1.0540318014363732,1.5460746380758626e-6,0.0,7656.286239829398,23.798519931650663
2847.546350098107,1535.8880574991927,32.50271160623333,-121.47374679946174,392.75516655672914,4.876482400908178,-89.825939146141,88.56530762406825,0.014585028307912527,12.536126361755137,0.9984786819546277,-2.253649450636506e-47,-1.0316398675841976e-114,1.0543384246055543,1.5456270450730844e-6,0.0,7656.286240756911,23.796797309832236
2847.9463500981064,1533.937558799982,32.502711606260334,-121.47374679819038,392.75504070282324,4.876011139782339,-89.82593918426666,88.5637892255543,0.014583286646825637,12.536133704297894,0.9984792667742284,-2.0803806505787401e-47,-8.446354387138346e-115,1.0545428534142256,1.54532877462268e-6,0.0,7656.286241375104,23.795649168179928
2848.546350098106,1531.0121641391888,32.50271160630086,-121.4737467962838,392.75485194739986,4.875304458701639,-89.82593924144679,88.56151138871003,0.014580675007786873,12.53614471698808,0.9984801439141091,-1.8451321200329406e-47,-6.2572149287425545e-115,1.0548495166688294,1.5448815561550647e-6,0.0,7656.286242302167,23.793927364859705
2848.9463500981055,1529.0621365616098,32.502711606327914,-121.47374679501306,392.7547261274025,4.874833478324396,-89.82593927955571,88.55999267630582,0.014578934483222504,12.536152058029115,0.9984807286141006,-1.7032716242509304e-47,-5.122975218902037e-115,1.0550539721979266,1.5445835352458036e-6,0.0,7656.286242920059,23.79277976864561
2849.546350098105,1526.1374483723193,32.50271160636855,-121.47374679310742,392.7545374228245,4.874127218166269,-89.82593933671913,88.55771436131015,0.014576324548108402,12.536163068466447,0.9984816055745458,-1.5106664168270297e-47,-3.7951944176181446e-115,1.0553606755287868,1.5441366908667687e-6,0.0,7656.2862438466755,23.791058783142528
2849.9463500981046,1524.1878916323185,32.50271160639566,-121.47374679183731,392.75441163671263,4.873656518270755,-89.8259393748155,88.55619533359265,0.014574585158921382,12.536170408009696,0.9984821901552414,-1.3945208657710494e-47,-3.1072429465484715e-115,1.055565157772765,1.5438389192016025e-6,0.0,7656.286244464272,23.78991173191458
2850.546350098104,1521.263909493573,32.50271160643636,-121.47374678993259,392.7542229829454,4.872950678635573,-89.82593943195383,88.55391655616607,0.014571976926017426,12.53618141619604,0.9984830669363998,-1.2368290585545033e-47,-2.3019028164363286e-115,1.0558719011710478,1.5433924484659313e-6,0.0,7656.286245390444,23.788191563550985
2850.9463500981037,1519.3148233136162,32.502711606463535,-121.47374678866309,392.7540972306958,4.872480258955437,-89.82593947004185,88.55239720765974,0.014570238671065704,12.536188754238532,0.998483651397563,-1.141737123652299e-47,-1.8846389678505012e-115,1.056076410123711,1.5430949257479513e-6,0.0,7656.286246007742,23.787045056856417
2851.546350098103,1516.3915468035266,32.50271160650434,-121.47374678675929,392.7539086277047,4.871774839444191,-89.82593952716135,88.55011795736303,0.01456763213865977,12.536199760177979,0.9984845279997601,-1.0126299910061308e-47,-1.3961752662049366e-115,1.0563831935807337,1.5426488282113135e-6,0.0,7656.286246933466,23.78532570495623
2851.946350098103,1514.4429309032857,32.50271160653157,-121.47374678549038,392.75378290929416,4.871304699713485,-89.82593956522845,88.54859830458899,0.0145658950168025,12.536207096720823,0.9984851123414792,-9.34775299188562e-48,-1.1430918342210789e-115,1.0565877292362091,1.5423515541443565e-6,0.0,7656.286247550466,23.784179742343923
2852.5463500981023,1511.5203596036881,32.502711606572454,-121.47374678358749,392.7535943570447,4.870599699927069,-89.82593962233543,88.54631858524591,0.014563290183183506,12.536218100410114,0.9984859887644557,-8.29071318783128e-48,-8.468234888300914e-116,1.0568945527429423,1.5419058293622657e-6,0.0,7656.286248475743,23.782461206228607
2852.946350098102,1509.5722137037665,32.50271160659974,-121.47374678231924,392.75346867245037,4.8701298398804065,-89.8259396603921,88.54479861278055,0.01456155419328215,12.53622543545473,0.9984865729868438,-7.653292880394869e-48,-6.933205583418462e-116,1.0570991150952926,1.5416088036507795e-6,0.0,7656.286249092446,23.781315787248577
2853.5463500981014,1506.6503471927717,32.50271160664072,-121.47374678041726,392.7532801709078,4.869425259420738,-89.82593971746557,88.5425184260142,0.01455895105674216,12.53623643689835,0.9984874492309568,-6.787861881770332e-48,-5.13624641971782e-116,1.0574059786431458,1.5411634511802298e-6,0.0,7656.286250017276,23.779598066243466
2853.946350098101,1504.7026710128412,32.50271160666807,-121.4737467791496,392.7531545201065,4.868955678792733,-89.8259397555118,88.54099814599404,0.014557216197658481,12.536243770445822,0.9984880333341003,-6.265986271133541e-48,-4.205203661060195e-116,1.0576105676865597,1.5408666735288804e-6,0.0,7656.286250633682,23.77845319044533
2854.5463500981004,1501.7815088760108,32.50271160670913,-121.47374677724856,392.7529660692364,4.868251517262399,-89.82593981257067,88.53871748598472,0.014554614756493525,12.536254769640225,0.9984889093990674,-5.557431294766957e-48,-3.1152923403801896e-116,1.057917471266205,1.5404216929271521e-6,0.0,7656.28625155807,23.776736283875024
2854.9463500981,1499.8343021366745,32.50271160673653,-121.47374677598148,392.75284045220536,4.86778221578804,-89.82593985059596,88.53719688848639,0.014552881027091041,12.536262101691001,0.9984894933830019,-5.1301556811724004e-48,-2.5505861059834585e-116,1.0581220869948076,1.5401251630410394e-6,0.0,7656.286252174179,23.775591950808856
2855.5463500980995,1496.9138439493254,32.50271160677768,-121.47374677408136,392.75265205197303,4.867078472789413,-89.82593990764438,88.53491575910336,0.01455028127959546,12.53627309864213,0.9984903692692966,-4.550039929215539e-48,-1.889521174212795e-116,1.0584290305980406,1.5396805538662144e-6,0.0,7656.28625309812,23.77387585799921
2855.946350098099,1494.9671063739806,32.50271160680514,-121.47374677281492,392.75252646868904,4.866609450203832,-89.82593994565505,88.53339485543621,0.014548548678739061,12.536280429192452,0.9984909531337226,-4.2002162427822144e-48,-1.5470093741894375e-116,1.0586336730056933,1.5393842714505083e-6,0.0,7656.286253713933,23.77273206721413
2856.5463500980986,1492.047351717949,32.50271160684638,-121.47374677091572,392.75233811906025,4.865906125340626,-89.82594000267629,88.53111326092592,0.014545950623213016,12.53629142390291,0.9984918288415521,-3.725257634214962e-48,-1.1460530434080487e-116,1.0589406566236754,1.5389400332616653e-6,0.0,7656.286254637431,23.77101678749302
2856.9463500980983,1490.1010830262676,32.50271160687389,-121.47374676964989,392.7522125695005,4.865437381380169,-89.82594004067859,88.52959203799234,0.014544219149771056,12.53629875295846,0.9984924125869226,-3.4388462227134275e-48,-9.383090412888477e-117,1.0591453257046617,1.5386439980231199e-6,0.0,7656.286255252947,23.769873538543038
2857.5463500980977,1487.1820314889774,32.50271160691523,-121.4737467677516,392.7520242704408,4.864734474256286,-89.82594009767264,88.52730997450614,0.01454162278451693,12.536309745422665,0.9984932881158423,-3.0499830017248764e-48,-6.951166233170422e-117,1.0594523493280095,1.5382001303793094e-6,0.0,7656.286256176001,23.768159071236397
2857.9463500980974,1485.2362314006314,32.5027116069428,-121.47374676648639,392.75189875458227,4.864266008656611,-89.82594013566869,88.52578843815577,0.014539892437356162,12.536317072984145,0.9984938717422127,-2.8154891700616614e-48,-5.6911345959083055e-117,1.0596570450766445,1.5379043420241703e-6,0.0,7656.2862567912225,23.76701636367234
2858.546350098097,1482.3178825629875,32.5027116069842,-121.473746764589,392.75171050605724,4.8635635188762505,-89.82594019263973,88.52350590472136,0.014537297760676802,12.536328063203996,0.9984947470923738,-2.4971148908929136e-48,-4.216097350737101e-117,1.059964108696707,1.5374608444854432e-6,0.0,7656.28625771383,23.76530270810813
2858.9463500980964,1480.3725508004427,32.50271160701184,-121.4737467633244,392.7515850238771,4.863095331374035,-89.82594023061905,88.52198406139905,0.014535568538667975,12.536335389272454,0.998495330599828,-2.305127578656224e-48,-3.451849184385489e-117,1.0601688311070445,1.53716530272086e-6,0.0,7656.286258328757,23.764160541483108
2859.546350098096,1477.4549042442814,32.50271160705334,-121.47374676142792,392.75139682585245,4.862393258542258,-89.82594028757337,88.51970105820476,0.014532975548869669,12.536346377250974,0.9984962057714714,-2.0444647641618592e-48,-2.5571934657625105e-117,1.0604759347151196,1.536722174848232e-6,0.0,7656.286259250923,23.76244769699121
2859.9463500980955,1475.5100405300036,32.502711607081025,-121.47374676016389,392.7512713773277,4.861925348874001,-89.82594032554016,88.51817890305857,0.014531247450883458,12.536353701825098,0.9984967891599046,-1.8872788467394935e-48,-2.0936533112939127e-117,1.0606806837812437,1.53642687938133e-6,0.0,7656.286259865552,23.761306070857017
2860.546350098095,1472.5930958380923,32.502711607122606,-121.47374675826836,392.7510832297691,4.861223692596285,-89.82594038247775,88.5158954316041,0.01452865614627459,12.536364687564145,0.9984976641531783,-1.6738661833876566e-48,-1.5510169422902973e-117,1.060987827368578,1.5359841207363615e-6,0.0,7656.286260787276,23.759594036767577
2860.9463500980946,1470.6486998954788,32.50271160715035,-121.47374675700497,392.7509578148771,4.860756060499345,-89.8259404204236,88.51437296070365,0.014526929171184862,12.536372010644456,0.998498247422632,-1.5451732382754793e-48,-1.2698654992577009e-117,1.0611926030845058,1.5356890712751561e-6,0.0,7656.28626140161,23.758452950678237
2861.546350098094,1467.732456650585,32.502711607192026,-121.47374675511033,392.7507697177502,4.860054820381253,-89.82594047734031,88.5120890210377,0.014524339550074764,12.536382994144194,0.998499122237549,-1.3704457269222668e-48,-9.407397553138277e-118,1.0614997866423945,1.5352466814197067e-6,0.0,7656.286262322891,23.756741726320755
2861.9463500980937,1465.7885282021016,32.50271160721984,-121.47374675384755,392.7506443364679,4.859587465592973,-89.8259405152799,88.51056624160644,0.014522613696755641,12.536390315730845,0.9984997053880358,-1.2650808545899485e-48,-7.7021270785678525e-118,1.061704589002271,1.5349518776724151e-6,0.0,7656.28626293693,23.75560117982986
2862.546350098093,1462.8729859888554,32.502711607261595,-121.47374675195384,392.75045628973857,4.858886641241289,-89.8259405721757,88.50828183601193,0.014520025757458305,12.536401296993247,0.9985005800247532,-1.1220260670052255e-48,-5.705877628397178e-118,1.0620118125218567,1.534509856169579e-6,0.0,7656.286263857768,23.75389076453678
2862.946350098093,1460.9295247560367,32.50271160728947,-121.47374675069165,392.7503309420432,4.858419563499449,-89.82594061009856,88.50675874773505,0.014518301024785525,12.536408617088373,0.9985011630564427,-1.0357606053520739e-48,-4.671578334011377e-118,1.062216641519957,1.5342152978450485e-6,0.0,7656.286264471514,23.75275075719915
2863.5463500980923,1458.0146831599995,32.50271160733131,-121.47374674879883,392.7501429456773,4.857719154521111,-89.82594066697344,88.50447387301325,0.014515714765616245,12.536419596112923,0.9985020375149194,-9.186372508647502e-49,-3.4607912896571993e-118,1.0625239049923343,1.5337736442582128e-6,0.0,7656.28626539191,23.75104115030225
2863.946350098092,1456.0716888662428,32.50271160735923,-121.47374674753728,392.7500176315461,4.857252353563976,-89.82594070488794,88.50295046559292,0.014513991152467768,12.536426914717437,0.9985026204278845,-8.480090641692794e-49,-2.8334567721599376e-118,1.0627287606227684,1.5334793310657553e-6,0.0,7656.286266005361,23.749901681673293
2864.5463500980914,1453.1575474720448,32.50271160740117,-121.47374674564537,392.74982968550944,4.856552359566368,-89.82594076174402,88.5006651269566,0.014511406571743716,12.536437891504901,0.9985034947081816,-7.521165715238375e-49,-2.0990769747600754e-118,1.063036064039172,1.5330380449590174e-6,0.0,7656.286266925315,23.748192882505283
2864.946350098091,1451.2150198416784,32.502711607429156,-121.47374674438443,392.74970440491967,4.856085835132246,-89.8259407996397,88.49914141382956,0.014509684076998241,12.536445208617332,0.9985040775023051,-6.942911027870338e-49,-1.718579183666421e-118,1.0632409462959829,1.5327439766080587e-6,0.0,7656.286267538471,23.74705395213964
2865.5463500980904,1448.3015782330185,32.502711607471156,-121.47374674249342,392.74951650917814,4.855386255723256,-89.82594085647277,88.4968556072815,0.014507101173038621,12.536456183170129,0.9985049516046152,-6.157809697225703e-49,-1.2731551189278302e-118,1.063548289647796,1.5323030575462824e-6,0.0,7656.286268457987,23.745345960034395
2865.94635009809,1446.3595169885084,32.502711607499194,-121.47374674123306,392.7493912621071,4.8549200075511685,-89.8259408943517,88.4953315848373,0.014505379795577136,12.536463498793582,0.9985055342801443,-5.6843747994775065e-49,-1.042371438149764e-118,1.0637531985252526,1.5320092337472106e-6,0.0,7656.286269070849,23.744207567489237
2866.5463500980895,1443.446774753742,32.5027116075413,-121.47374673934297,392.74920341662653,4.854220842339471,-89.82594095116805,88.4930453106345,0.014502798566704974,12.536474471110255,0.9985064082043513,-5.0415881929607375e-49,-7.722079639492063e-119,1.0640605818034123,1.531568681295868e-6,0.0,7656.286269989922,23.74250038178117
2866.946350098089,1441.5051796194166,32.502711607569395,-121.47374673808321,392.74907820305145,4.853754870168436,-89.82594098904283,88.49152097561874,0.014501078305409226,12.536481785244073,0.9985069907612341,-4.6539724808840485e-49,-6.322305223972188e-119,1.0642655172956188,1.5312751017590712e-6,0.0,7656.286270602492,23.741362526612463
2867.5463500980886,1438.5931363422424,32.50271160761159,-121.47374673619406,392.7488904077979,4.8530561187627885,-89.82594104583829,88.48923423760127,0.014498498749947703,12.536492755327224,0.9985078645075453,-4.127703316140574e-49,-4.683680179432879e-119,1.064572940491598,1.5308349154842809e-6,0.0,7656.286271521124,23.7396561466367
2867.9463500980883,1436.6520070424303,32.50271160763974,-121.47374673493492,392.7487652276962,4.852590422332281,-89.82594108369632,88.48770958712893,0.014496779603701257,12.536500067971712,0.9985084469458056,-3.810350410887213e-49,-3.834673695205667e-119,1.064777902592691,1.5305415799207235e-6,0.0,7656.2862721333995,23.738518828401435
2868.5463500980877,1433.7406623084098,32.50271160768203,-121.47374673304664,392.7485774826356,4.8518920843423965,-89.82594114047087,88.48542238109633,0.014494201719977402,12.536511035824459,0.9985093205144694,-3.3794776594143345e-49,-2.8407969157716876e-119,1.0650853656978148,1.5301017593895857e-6,0.0,7656.286273051593,23.73681325349511
2868.9463500980874,1431.7999985665083,32.502711607710246,-121.47374673178811,392.7484523359845,4.851426663392111,-89.82594117831218,88.48389742030022,0.014492483687664785,12.536518346980753,0.9985099028341979,-3.119651075158576e-49,-2.3258482195618483e-119,1.0652903544020567,1.5298086675106532e-6,0.0,7656.286273663574,23.735676471750722
2869.546350098087,1428.8893519658595,32.5027116077526,-121.47374672990074,392.74826464108287,4.850728738427861,-89.82594123506371,88.48160975245737,0.01448990747400758,12.536529312599109,0.9985107762248968,-2.766882301308215e-49,-1.7230312078300576e-119,1.0655978574072038,1.5293692122902797e-6,0.0,7656.286274581328,23.73397170124921
2869.9463500980864,1426.9491535071284,32.502711607780874,-121.47374672864282,392.7481395278599,4.850263592698453,-89.82594127289458,88.480084482195,0.01448819055451695,12.536536622269619,0.9985113584262855,-2.5541542853723997e-49,-1.4106988939378028e-119,1.065802872708695,1.5290763638082719e-6,0.0,7656.286275193018,23.732835455555477
2870.546350098086,1424.0392046244815,32.50271160782333,-121.47374672675637,392.74795188308343,4.849566080370507,-89.82594132963358,88.47779634580147,0.014485616009257497,12.53654758565852,0.9985122316394123,-2.2653316402213984e-49,-1.04507172852581e-119,1.0661104156053793,1.528637273467166e-6,0.0,7656.2862761103315,23.73113148879776
2870.9463500980855,1422.0994711741805,32.50271160785165,-121.47374672549903,392.7478268032658,4.849101209601993,-89.825941367454,88.47627076672458,0.014483900201475572,12.536554893840924,0.9985128137222761,-2.0911646707651705e-49,-8.556325183301243e-120,1.0663154574982492,1.5283446680939204e-6,0.0,7656.2862767217275,23.729995778711473
2871.546350098085,1419.190219597891,32.5027116078942,-121.4737467236135,392.7476392085805,4.8484041095211206,-89.8259414241658,88.47398216468666,0.01448132732294658,12.536565854999115,0.9985136867577312,-1.854696687951572e-49,-6.338683320422164e-120,1.0666230402776402,1.5279059422006178e-6,0.0,7656.286277638604,23.728292615034864
2871.9463500980846,1417.2509508831427,32.50271160792256,-121.47374672235676,392.7475141621458,4.847939513454724,-89.8259414619674,88.47245627419572,0.014479612625764447,12.53657316169357,0.9985142687220828,-1.712100833258324e-49,-5.1896759086580004e-120,1.0668281087558493,1.5276135796491138e-6,0.0,7656.286278249708,23.727157440116052
2872.546350098084,1414.342396198772,32.50271160796519,-121.47374672047212,392.7473266175178,4.847242825232563,-89.8259415186583,88.47016721262965,0.01447704141230143,12.536584120625584,0.998515141580227,-1.5184972227564607e-49,-3.844607517349548e-120,1.0671357314094545,1.5271752177733908e-6,0.0,7656.286279166144,23.7254550788609
2872.9463500980837,1412.403591942042,32.50271160799363,-121.47374671921601,392.7472016044435,4.846778503609304,-89.82594155645364,88.46864100870957,0.01447532782460923,12.536591425835628,0.9985157234263481,-1.4017496107426437e-49,-3.1476989782328404e-120,1.067340826467492,1.5268830977569147e-6,0.0,7656.286279776956,23.72432043866959
2873.546350098083,1409.4957337416708,32.50271160803635,-121.47374671733226,392.747014109839,4.846082226857993,-89.82594161312572,88.46635147776033,0.014472758274550983,12.53660238253842,0.9985165961069392,-1.2432403802185964e-49,-2.3318733899891727e-120,1.0676484889861786,1.526445099468747e-6,0.0,7656.286280692954,23.722618879175222
2873.946350098083,1407.5573936691508,32.50271160806485,-121.47374671607673,392.7468891301023,4.845618179419169,-89.82594165090224,88.46482496620571,0.014471045795240778,12.536609686262913,0.9985171778347388,-1.1476555194928092e-49,-1.9091768025510834e-120,1.0678536106181638,1.526153221700703e-6,0.0,7656.286281303474,23.721484773270717
2874.5463500980823,1404.650231540203,32.50271160810763,-121.4737467141939,392.74670168548766,4.844922313751005,-89.82594170755969,88.46253497580894,0.01446847790692646,12.536620640737894,0.998518050337889,-1.0178791372435547e-49,-1.4143533461871478e-120,1.0681613129933352,1.5257155865707791e-6,0.0,7656.286282219035,23.71978401487745
2874.946350098082,1402.7123553762212,32.502711608136195,-121.47374671293899,392.74657673906626,4.844458540238833,-89.82594174532366,88.4610081549727,0.014466766534893183,12.536627942981443,0.9985186319477343,-9.39620871893452e-50,-1.1579747900307494e-120,1.0683664611936228,1.5254239507657274e-6,0.0,7656.286282829263,23.718650442822348
2875.5463500980813,1399.805888907984,32.50271160817907,-121.47374671105705,392.7463893444076,4.843763085266899,-89.82594180195393,88.45871769516397,0.014464200306665287,12.53663889522969,0.9985195042735291,-8.333689562540687e-50,-8.578490566677248e-121,1.0686742034165329,1.5249866783655531e-6,0.0,7656.286283744385,23.716950484871894
2875.946350098081,1397.8684763824567,32.50271160820769,-121.47374670980274,392.7462644312789,4.843299585423369,-89.82594183970954,88.45719056757802,0.014462490040804602,12.5366461959873,0.9985200857650224,-7.692965074467563e-50,-7.023475314360676e-121,1.0688793781789092,1.5246952842375561e-6,0.0,7656.286284354322,23.715817446225678
2876.5463500980804,1394.9627051632851,32.50271160825065,-121.4737467079217,392.7460770865426,4.842604540761528,-89.82594189632727,88.45489964429109,0.014459925471008474,12.536657146012942,0.9985209579137909,-6.823047961555946e-50,-5.203119899348902e-121,1.0691871602409548,1.5242583741396534e-6,0.0,7656.286285269007,23.714118288061922
2876.94635009808,1393.0257560014725,32.50271160827932,-121.47374670666798,392.74595220668425,4.842141314329182,-89.82594193405987,88.4533722066115,0.014458216310217351,12.536664445286922,0.9985215392871157,-6.298467116606219e-50,-4.259955045318724e-121,1.0693923615597356,1.5239672214037924e-6,0.0,7656.286285878652,23.71298578238685
2877.5463500980795,1390.1206796234474,32.50271160832237,-121.47374670478787,392.74576491183655,4.841446679591087,-89.8259419906567,88.45108081656,0.014455653397199012,12.536675393086309,0.9985224112585674,-5.586239220494777e-50,-3.1558531744689726e-121,1.0697001834519664,1.5235306731804198e-6,0.0,7656.2862867929025,23.71128742335088
2877.946350098079,1388.1841935487464,32.502711608351106,-121.47374670353476,392.74564006522604,4.840983726312477,-89.82594202838304,88.4495530708259,0.014453945340374587,12.536682690879875,0.99852299251398,-5.156748748364168e-50,-2.583794514238758e-121,1.069905411321691,1.5232397615520637e-6,0.0,7656.286287402258,23.71015545020914
2878.5463500980786,1385.2798116002232,32.50271160839423,-121.4737467016555,392.7454528202333,4.840289501112698,-89.82594208495686,88.44726121897546,0.014451384082482846,12.536693636456622,0.9985238643084027,-4.573625864045338e-50,-1.914122574813656e-121,1.0702132730355982,1.5228035747768386e-6,0.0,7656.2862883160715,23.708457889645555
2878.9463500980783,1383.343788344413,32.50271160842302,-121.473746700403,392.74532800684824,4.839826820731425,-89.82594212266437,88.44573316807886,0.014449677128527244,12.536700932766653,0.9985244454456546,-4.221988804806831e-50,-1.567151301079237e-121,1.0704185274499525,1.5225129039718572e-6,0.0,7656.286288925134,23.707326448600114
2879.5463500980777,1380.4401004156098,32.50271160846623,-121.47374669852466,392.74514081167695,4.839133004685037,-89.82594217922147,88.44344085032932,0.014447117524113403,12.536711876122522,0.9985253170631885,-3.744568164485398e-50,-1.1609745539026128e-121,1.0707264289768696,1.5220770782189403e-6,0.0,7656.286289838509,23.705629685853857
2879.9463500980773,1378.504539703019,32.50271160849508,-121.47374669727276,392.745016031495,4.838670596944552,-89.82594221691645,88.44191248538226,0.014445411671927505,12.536719170952964,0.9985258980825938,-3.4566720888949157e-50,-9.505257430264053e-122,1.0709317099303568,1.5217866479537656e-6,0.0,7656.286290447281,23.704498776468686
2880.546350098077,1375.6015453869477,32.50271160853838,-121.47374669539533,392.7448288861116,4.83797718966698,-89.82594227345264,88.43961970997859,0.014442853719345056,12.536730112086046,0.9985267695230869,-3.0657931267852697e-50,-7.041669810203186e-122,1.071239651261375,1.5213511827976548e-6,0.0,7656.286291360223,23.702802810884247
2880.9463500980764,1373.66644694563,32.50271160856728,-121.473746694144,392.74470413911035,4.837515054311028,-89.82594231113507,88.43809103735506,0.014441148967831685,12.536737405436337,0.9985273504246013,-2.8300837549690806e-50,-5.765232671112832e-122,1.0714449587481352,1.5210609927888548e-6,0.0,7656.286291968706,23.701672432722667
2881.546350098076,1370.7641458315775,32.502711608610674,-121.47374669226745,392.7445170434812,4.836822055418224,-89.82594236765664,88.43579779520645,0.014438592665435727,12.536748344349956,0.9985282216883182,-2.5100591265469686e-50,-4.270990569883443e-122,1.0717529398747834,1.5206258878050335e-6,0.0,7656.286292881213,23.69997726364661
2881.9463500980755,1368.8295093895867,32.502711608639636,-121.47374669101676,392.74439232963834,4.836360192191016,-89.82594240532443,88.43426881559175,0.014436889013499555,12.536755636220528,0.9985288024719756,-2.317076614201047e-50,-3.4967919591782645e-122,1.0719582738889837,1.5203359377697548e-6,0.0,7656.286293489406,23.69884741627303
2882.546350098075,1365.927901070565,32.502711608683114,-121.4737466891411,392.7442052837301,4.8356676012996465,-89.8259424618188,88.4319751093294,0.014434334359648629,12.536766572914988,0.9985296735589411,-2.0550626080136726e-50,-2.590487901264849e-122,1.0722662948024408,1.5199011925343102e-6,0.0,7656.286294401476,23.697153043052506
2882.9463500980746,1363.9937263568863,32.50271160871212,-121.47374668789098,392.74408060302335,4.835206009945637,-89.82594249947613,88.43044581882165,0.014432631806195646,12.53677386330504,0.9985302542246778,-1.8970618896528183e-50,-2.1209124944845545e-122,1.0724716553381848,1.5196114821900024e-6,0.0,7656.2862950093795,23.696023726031328
2883.546350098074,1361.0928104259074,32.50271160875568,-121.47374668601626,392.74389360680243,4.83451382667282,-89.82594255595589,88.42815165327065,0.014430078799250302,12.536784797780895,0.9985311251349354,-1.682542964103731e-50,-1.5712110473666295e-122,1.072779716029674,1.5191770962796593e-6,0.0,7656.286295921016,23.694330148014224
2883.9463500980737,1359.1590971676633,32.50271160878475,-121.47374668476674,392.7437689592094,4.834052506936825,-89.8259425935965,88.42662205649677,0.01442837734318772,12.536792086692406,0.9985317056829093,-1.5531829164026338e-50,-1.2863990371099385e-122,1.0729851030812918,1.5188876253443908e-6,0.0,7656.286296528629,23.693201360911104
2884.546350098073,1356.2588732149452,32.5027116088284,-121.47374668289288,392.74358201264243,4.83336073089964,-89.82594265005534,88.42432742873788,0.014425825981508591,12.536803018951394,0.9985325764165977,-1.3775496741635693e-50,-9.529881047356192e-123,1.0732932035423803,1.5184535983362553e-6,0.0,7656.286297439831,23.691508577445024
2884.946350098073,1354.3256211392581,32.50271160885754,-121.47374668164395,392.7434573981409,4.832899682526681,-89.8259426876834,88.42279752454259,0.014424125621744678,12.536810306385993,0.9985331568469381,-1.271638624423835e-50,-7.802408100196273e-123,1.0734986171042307,1.5181643665284292e-6,0.0,7656.2862980471555,23.690380319825742
2885.5463500980723,1351.4260887596756,32.50271160890126,-121.47374667977103,392.7432705011945,4.832208313343535,-89.82594274412133,88.42050243150337,0.014421575903697807,12.536821236428883,0.9985340274041186,-1.127842287105581e-50,-5.78016765659661e-123,1.0738067573260364,1.5177306980007184e-6,0.0,7656.2862989579235,23.688688330260877
2885.946350098072,1349.4932975973934,32.50271160893045,-121.47374667852267,392.7431459197623,4.83174753607932,-89.82594278173895,88.41897221751633,0.014419876639143943,12.536828522385775,0.9985346077167625,-1.0411296532103682e-50,-4.7324018757645945e-123,1.0740121973921142,1.5174417050392427e-6,0.0,7656.2862995649575,23.687560601692024
2886.5463500980713,1346.5944563830271,32.502711608974266,-121.47374667665062,392.7429590724031,4.831056573368368,-89.82594283815806,88.41667666725748,0.01441732856309483,12.536839450213426,0.9985354780975033,-9.233991691485879e-51,-3.5058504898793405e-123,1.0743203773660976,1.517008394570357e-6,0.0,7656.286300475292,23.68586940537753
2886.946350098071,1344.6621258649975,32.502711609003505,-121.47374667540288,392.74283452401795,4.830596066958709,-89.82594287575895,88.41514614684161,0.014415630392663146,12.536846734690991,0.9985360582923217,-8.52404868785004e-51,-2.8703481317744553e-123,1.0745258439304304,1.5167196401743796e-6,0.0,7656.286301082037,23.684742205425454
2887.5463500980704,1341.7639754097909,32.50271160904741,-121.47374667353175,392.74264772621274,4.829905510339176,-89.82594293215925,88.41285013605335,0.014413083956981447,12.536857660305396,0.9985369284967816,-7.560153004836584e-51,-2.1264067735751805e-123,1.0748340636478975,1.5162866873437934e-6,0.0,7656.28630199194,23.683051801712928
2887.94635009807,1339.8321052612737,32.502711609076705,-121.4737466722846,392.7425232108524,4.82944527453025,-89.82594296975388,88.41131930483455,0.014411386879584681,12.5368649433094,0.9985375085742337,-6.97890083226326e-51,-1.7409549344855636e-123,1.0750395567051312,1.5159981712333605e-6,0.0,7656.286302598397,23.681925129946336
2888.5463500980695,1336.93464515917,32.502711609120695,-121.47374667041434,392.7423364625679,4.828755123621425,-89.82594302612698,88.40902282833044,0.014408842082640906,12.536875866710862,0.9985383786024369,-6.189729790339723e-51,-1.289731487340759e-123,1.075347816157438,1.5155655756208191e-6,0.0,7656.286303507866,23.680235518186688
2888.946350098069,1335.0032351100817,32.50271160915005,-121.47374666916777,392.7422119802103,4.828295158159444,-89.82594306370278,88.407491695864,0.014407146097193119,12.536883148240143,0.9985389585624301,-5.713840759261237e-51,-1.0559430232025232e-123,1.0755533357017586,1.5152772975158029e-6,0.0,7656.2863041140345,23.679109374172427
2889.5463500980686,1332.106464959681,32.50271160919413,-121.47374666729841,392.7420252814132,4.827605412581584,-89.82594312006337,88.4051947601466,0.014404602937362112,12.536894069426088,0.9985398284141717,-5.067722154949586e-51,-7.822620441720463e-124,1.0758616348798056,1.5148450587018185e-6,0.0,7656.286305023071,23.677420553717816
2889.9463500980683,1330.1755147418007,32.50271160922353,-121.47374666605245,392.7419008320362,4.827145717213721,-89.8259431576308,88.40366331650482,0.014402908042780981,12.536901349480779,0.9985404082567165,-4.6780971684343706e-51,-6.404621085608751e-124,1.076067180905231,1.5145570183229927e-6,0.0,7656.286305628951,23.67629493702511
2890.5463500980677,1327.279434133321,32.50271160926769,-121.47374666418396,392.74171418269333,4.826456376586681,-89.82594321396628,88.40136592261683,0.014400366518435648,12.53691226845491,0.9985412779322913,-4.149099994615003e-51,-4.7446612861561445e-124,1.0763755198008584,1.514125135888538e-6,0.0,7656.286306537555,23.674606907227755
2890.9463500980673,1325.3489434747025,32.50271160929715,-121.47374666293861,392.7415897662748,4.825996951059856,-89.82594325151909,88.39983417193964,0.014398672713637909,12.536919547037035,0.9985418576575491,-3.8301020345801886e-51,-3.884600811681958e-124,1.076581092301829,1.5138373329568536e-6,0.0,7656.2863071431475,23.673481817425348
2891.546350098067,1322.4535520039499,32.5027116093414,-121.47374666107105,392.74140316635305,4.825308015005038,-89.82594330783785,88.39753631378078,0.01439613282315736,12.536930463802097,0.9985427271571757,-3.396995778172348e-51,-2.8777838434147216e-124,1.0768894709063295,1.5134058064841455e-6,0.0,7656.286308051321,23.6717945776406
2891.9463500980664,1320.5235206363723,32.50271160937092,-121.47374665982625,392.7412787828708,4.8248488590665515,-89.8259433453781,88.39600425624863,0.014394440107061961,12.536937740909721,0.9985433067649923,-3.1358223369705756e-51,-2.3561305601712776e-124,1.0770950698769246,1.5131182407207747e-6,0.0,7656.286308656626,23.67067001429695
2892.546350098066,1317.628817900084,32.502711609415236,-121.47374665795957,392.741092232337,4.824160327205202,-89.82594340167597,88.39370593995,0.014391901848825658,12.536948655464416,0.9985441760885672,-2.781224923934743e-51,-1.7454649236148365e-124,1.0774034881815338,1.512687069792018e-6,0.0,7656.286309564367,23.66898356387837
2892.9463500980655,1315.6992455553263,32.50271160944482,-121.47374665671539,392.740967881769,4.823701440603004,-89.82594343920368,88.39217357392675,0.014390210220353906,12.536955931097557,0.9985447555789441,-2.567394194792365e-51,-1.4290660702841665e-124,1.077609113615859,1.5123997409188787e-6,0.0,7656.286310169384,23.667859526563692
2893.546350098065,1312.8052311474457,32.50271160948923,-121.47374665484958,392.74078138059,4.823013312556833,-89.82594349548063,88.38987480018191,0.014387673592742895,12.536966843444421,0.9985456247266696,-2.2770743864973305e-51,-1.0586784711233404e-124,1.0779175716121574,1.5119689251171331e-6,0.0,7656.286311076695,23.66617386486645
2893.9463500980646,1310.8761175526306,32.50271160951888,-121.473746653606,392.74065706291424,4.8225546950390745,-89.8259435329958,88.38834213085939,0.014385983050816363,12.536974117608557,0.9985462041000429,-2.1020045918230817e-51,-8.66772778962203e-125,1.0781232235048457,1.5116818328568183e-6,0.0,7656.286311681424,23.665050353152452
2894.546350098064,1307.982791072689,32.50271160956337,-121.47374665174108,392.74047061105716,4.821866970430904,-89.82594358925184,88.3860428933069,0.01438344805221658,12.536985027746898,0.9985470730718637,-1.864310835495681e-51,-6.42121242344355e-125,1.0784317211838623,1.5112513717659729e-6,0.0,7656.286312588304,23.66336547953324
2894.9463500980637,1306.0541359633207,32.502711609593064,-121.47374665049809,392.7403463262515,4.821408621745776,-89.82594362675029,88.38450991696465,0.014381758595758803,12.536992300435967,0.9985476523277509,-1.720975810028524e-51,-5.257245035566947e-125,1.078637399528684,1.5109645158406244e-6,0.0,7656.286313192748,23.662242492988707
2895.546350098063,1303.1614970061928,32.50271160963765,-121.47374664863406,392.74015992368317,4.820721300198119,-89.82594368298959,88.38221022391633,0.014379225224555151,12.537003208367238,0.9985485211237828,-1.526368621050175e-51,-3.894663971322232e-125,1.0789459368819905,1.510534409044836e-6,0.0,7656.286314099197,23.660558406803535
2895.946350098063,1301.2333001075312,32.502711609667394,-121.47374664739165,392.7400356717257,4.820263220094379,-89.82594372047967,88.3806769380221,0.014377536852490075,12.537010479589464,0.9985491002628384,-1.409015827189313e-51,-3.1886817439150964e-125,1.0791516416738394,1.5102477891780315e-6,0.0,7656.286314703354,23.659435945001718
2896.5463500980622,1298.341348269023,32.50271160971206,-121.47374664552851,392.7398493184132,4.8195763012307316,-89.82594377669808,88.3783767817657,0.014375005107071197,12.537021385317,0.9985499688833471,-1.2496849360998155e-51,-2.362234177791145e-125,1.079460218692952,1.5098180362625124e-6,0.0,7656.286315609374,23.657752645609005
2896.946350098062,1296.4136093212292,32.502711609741866,-121.47374664428672,392.739725099282,4.819118489457607,-89.82594381417563,88.37684319501429,0.014373317818327094,12.537028655063155,0.9985505479048365,-1.1536045943824619e-51,-1.9340341177155957e-125,1.0796659499251577,1.509531652177292e-6,0.0,7656.286316213244,23.65663070811991
2897.5463500980613,1293.5223442008719,32.50271160978662,-121.47374664242444,392.73953879519223,4.818431972901818,-89.82594387037311,88.3745425788611,0.014370787697083956,12.537039558585475,0.9985514163497038,-1.0231554933567142e-51,-1.4327681031825078e-125,1.0799745666012415,1.5091022527275147e-6,0.0,7656.286317118834,23.65494819487737
2897.946350098061,1291.5950629282743,32.50271160981647,-121.47374664118324,392.7394146088654,4.81797442920858,-89.82594390783393,88.37300868620032,0.014369101490587021,12.53704682686489,0.9985519952543703,-9.444915624794611e-52,-1.1730515206247377e-125,1.0801803242688586,1.5088161041482804e-6,0.0,7656.286317722417,23.653826781275185
2898.5463500980604,1288.704484124668,32.502711609861315,-121.47374663932185,392.73922835396564,4.8172883145850545,-89.8259439640147,88.37070761264984,0.014366572991912747,12.53705772818252,0.9985528635236383,-8.376888712871602e-52,-8.690181764353003e-126,1.0804889805932227,1.508387057750514e-6,0.0,7656.286318627578,23.652145053541936
2898.94635009806,1286.7776602637023,32.50271160989123,-121.47374663808122,392.7391042004211,4.816831038721669,-89.82594400146715,88.36917341186292,0.014364887866593703,12.53706499499175,0.9985534423112074,-7.73284291635841e-52,-7.11492034931289e-126,1.0806947646900416,1.5081011444015537e-6,0.0,7656.286319230877,23.651024163399256
2899.5463500980595,1283.8877673707902,32.50271160993615,-121.47374663622074,392.7389179946784,4.81614532565483,-89.82594405762701,88.36687188293209,0.01436236098888135,12.537075894109014,0.9985543104052204,-6.858416434594728e-52,-5.2708640658420427e-126,1.0810034606545358,1.5076724506426341e-6,0.0,7656.286320135609,23.649343220534924
2899.946350098059,1281.9614006495103,32.50271160996613,-121.47374663498073,392.7387938738942,4.815688317370954,-89.82594409505437,88.36533737645578,0.014360676943669026,12.537083159452017,0.9985548890760071,-6.331116332272665e-52,-4.3154192878166676e-126,1.08120927117527,1.5073867722487035e-6,0.0,7656.286320738621,23.648222853425036
2900.5463500980586,1279.0721932714805,32.502711610011126,-121.4737466331211,392.7386077172757,4.815003005486456,-89.82594415119961,88.36303538664964,0.014358151685317675,12.537094056364943,0.9985557569944487,-5.615196477188778e-52,-3.19694210707379e-126,1.081518006770697,1.5069584307160638e-6,0.0,7656.286321642923,23.646542694789865
2900.9463500980582,1277.146283426322,32.50271161004116,-121.47374663188167,392.73848362923025,4.8145462645327,-89.82594418862487,88.36150057291903,0.014356468719145586,12.537101320238913,0.9985563355482299,-5.1834796654120815e-52,-2.6174352930681197e-126,1.0817238437091972,1.5066729870023273e-6,0.0,7656.28632224565,23.645422850286522
2901.5463500980577,1274.2577611599118,32.502711610086244,-121.47374663002293,392.73829752170315,4.813861353456069,-89.82594424474293,88.35919812478062,0.014353945078553346,12.537112214950065,0.9985572032913044,-4.5973340607300734e-52,-1.9390442835009144e-126,1.0820326189272005,1.5062449972840402e-6,0.0,7656.286323149525,23.64374347524156
2901.9463500980573,1272.3323079207912,32.50271161011634,-121.47374662878408,392.73817346637423,4.813404879582933,-89.82594428215775,88.3576630088812,0.014352263190354014,12.537119477358335,0.9985577817283452,-4.243874228748477e-52,-1.5875554740973398e-126,1.0822384822780422,1.5059597879761781e-6,0.0,7656.286323751965,23.642624152919392
2902.546350098057,1269.444470363669,32.50271161016151,-121.47374662692624,392.73798740790585,4.812720368940602,-89.82594433825489,88.35536010475143,0.014349741165922495,12.537130369871777,0.9985586492963763,-3.7639787942968394e-52,-1.1760903411601228e-126,1.0825472971102086,1.505532149661298e-6,0.0,7656.286324655413,23.640945560827827
2902.9463500980564,1267.5194734660909,32.50271161019165,-121.47374662568795,392.73786338527174,4.812264161898936,-89.82594437565716,88.3538246837728,0.014348060354630855,12.537137630811221,0.998559227616428,-3.4745903585991344e-52,-9.629015051532115e-127,1.0827531868674,1.5052471744850378e-6,0.0,7656.28632525757,23.63982676026051
2903.546350098056,1264.6323202205822,32.50271161023691,-121.47374662383102,392.7376773758293,4.811580051317322,-89.82594443173758,88.35152131932749,0.014345539944763048,12.537148521123147,0.9985600950091125,-3.081685206418615e-52,-7.133351735901611e-127,1.083062041304864,1.5048198871624599e-6,0.0,7656.286326160589,23.638148950483206
2903.9463500980555,1262.707779395394,32.502711610267106,-121.47374662259332,392.7375533858683,4.81112411085898,-89.82594446911894,88.34998559123862,0.01434386020931668,12.537155780600317,0.9985606732126968,-2.844753993482586e-52,-5.840295496782564e-127,1.0832679574629436,1.504535145844956e-6,0.0,7656.28632676246,23.63703067124889
2904.546350098055,1259.82131006103,32.50271161031245,-121.47374662073726,392.737367425419,4.810440399965633,-89.82594452517844,88.34768177150475,0.014341341412419127,12.537166668714278,0.9985615404303175,-2.52307046093055e-52,-4.3265984939470435e-127,1.0835768514971849,1.5041082091050515e-6,0.0,7656.286327665055,23.635353643150783
2904.9463500980546,1257.897225042805,32.50271161034271,-121.47374661950018,392.7372434681093,4.809984725841535,-89.82594456254935,88.34614573926495,0.014339662751753877,12.537173926724858,0.9985621185170908,-2.3290875896800277e-52,-3.542319884972187e-127,1.0837827940503193,1.5038237013724357e-6,0.0,7656.28632826664,23.63423588482246
2905.546350098054,1255.0114392200485,32.50271161038813,-121.47374661764498,392.7370575566205,4.809301414263931,-89.82594461860052,88.34384146306823,0.014337145566233707,12.537184812640826,0.9985629855596456,-2.065715387659085e-52,-2.624215827408489e-127,1.0840917276727609,1.5033971148056363e-6,0.0,7656.286329168805,23.632559637767045
2905.9463500980537,1253.087809744291,32.502711610418444,-121.47374661640848,392.7369336319403,4.808846006226751,-89.8259446559526,88.34230512443033,0.014335467979291229,12.537192069187153,0.9985635635297938,-1.9068956446953054e-52,-2.1485265898586998e-127,1.0842976966150488,1.5031128403857516e-6,0.0,7656.286329770108,23.631442399923294
2906.546350098053,1250.2027070336044,32.50271161046395,-121.47374661455413,392.7367477693795,4.808163093593149,-89.82594471198075,88.34000039177985,0.014332952403558545,12.537202952907172,0.9985644303974456,-1.691264722443668e-52,-1.5916680779266936e-127,1.0846066698171595,1.502686603583425e-6,0.0,7656.286330671848,23.629766933276038
2906.946350098053,1248.2795328320935,32.50271161049431,-121.47374661331824,392.73662387730707,4.8077079513946455,-89.82594474932449,88.3384637494092,0.014331275889277581,12.53721020799006,0.9985650082510337,-1.56123411410967e-52,-1.3031478401804754e-127,1.0848126651431251,1.502402562203667e-6,0.0,7656.286331272868,23.62865021549255
2907.5463500980522,1245.3951128339395,32.50271161053991,-121.47374661146478,392.73643806364163,4.807025437333672,-89.82594480532545,88.3361585616678,0.014328761921744225,12.537221089516068,0.9985658749439363,-1.3846904459688902e-52,-9.65395926596743e-128,1.0851216779164188,1.5019766747577288e-6,0.0,7656.286332174181,23.626975528619372
2907.946350098052,1243.4723936440423,32.50271161057033,-121.47374661022944,392.7363142041551,4.806570560726482,-89.82594484265663,88.3346216147321,0.014327086479067486,12.537228343132696,0.9985664526807397,-1.2782303876147749e-52,-7.903994771964733e-128,1.085327699620023,1.501692866146037e-6,0.0,7656.286332774914,23.62585933047285
2908.5463500980513,1240.5886559598148,32.502711610616,-121.47374660837689,392.7361284393525,4.805888444867185,-89.82594489864715,88.33231596731763,0.014324574118147351,12.537239222465637,0.9985673191989689,-1.1336886566091001e-52,-5.855424934472473e-128,1.0856367519559555,1.5012673276489247e-6,0.0,7656.2863336758,23.624185422740034
2908.946350098051,1238.6663915133104,32.50271161064648,-121.47374660714215,392.73600461243046,4.805433833604166,-89.82594493595953,88.3307787188234,0.014322899746017708,12.53724647461985,0.9985678968192937,-1.0465265324756062e-52,-4.79401733471728e-128,1.085842800031782,1.5009837515339907e-6,0.0,7656.28633427625,23.62306974380901
2909.5463500980504,1235.7833357471973,32.50271161069223,-121.47374660529047,392.73581889645806,4.804752115576157,-89.82594499193122,88.3284726143424,0.014320388990127468,12.537257351758157,0.9985687631627244,-9.281857716760918e-53,-3.551496356951547e-128,1.0861518919215571,1.5005585615786662e-6,0.0,7656.286335176712,23.621396614583205
2909.94635009805,1233.8615257786587,32.502711610722756,-121.47374660405629,392.7356951020786,4.80429776941073,-89.82594502923105,88.32693506290194,0.01431871568749036,12.537264602451994,0.998569340666733,-8.568234598295952e-53,-2.907719813667953e-128,1.0863579663639247,1.5002752176896386e-6,0.0,7656.286335776879,23.620281454446875
2910.5463500980495,1230.9791515311226,32.50271161076861,-121.4737466022055,392.735509434904,4.803616448843993,-89.82594508518393,88.32462850263035,0.014316206535047825,12.537275477398653,0.9985702068356029,-7.599342391929747e-53,-2.1540924039830512e-128,1.0866670977991904,1.4998503758698881e-6,0.0,7656.286336676916,23.61860910309629
2910.946350098049,1229.057795775123,32.5027116107992,-121.4737466009719,392.7353856730456,4.803162367529416,-89.82594512247331,88.32309064113764,0.014314534300848636,12.537282726631924,0.9985707842232803,-7.015077196157665e-53,-1.7636220156253995e-128,1.0868731986024436,1.4995672639358945e-6,0.0,7656.2863372768,23.617494461332655
2911.5463500980486,1226.1761026494205,32.502711610845125,-121.47374659912198,392.7352000546362,4.802481444054245,-89.8259451784032,88.32078362934809,0.014312026750273633,12.537293599386043,0.9985716502175187,-6.2218153468887145e-53,-1.306523678622145e-128,1.08718236957459,1.499142769845786e-6,0.0,7656.286338176413,23.615822887224923
2911.9463500980482,1224.255200844258,32.50271161087578,-121.47374659788899,392.7350763252771,4.802027627344531,-89.82594521568421,88.31924546785346,0.014310355583461032,12.537300847156557,0.99857222748869,-5.743459461046786e-53,-1.0696913091069184e-128,1.0873884967327054,1.4988598895965162e-6,0.0,7656.2863387760135,23.61470876341306
2912.5463500980477,1221.3741884445772,32.50271161092178,-121.47374659603994,392.73489075560065,4.8013471005921495,-89.82594527159318,88.31693799877625,0.01430784963317696,12.537311717718966,0.9985730933083631,-5.09399158694175e-53,-7.924470276409614e-129,1.0876977072330691,1.4984357428311201e-6,0.0,7656.286339675202,23.61303796591808
2912.9463500980473,1219.4537403210998,32.502711610952474,-121.47374659480752,392.7347670587194,4.800893548241497,-89.82594530885747,88.31539953406303,0.014306179532699363,12.537318964033407,0.998573670463561,-4.702346910559419e-53,-6.488008692571879e-129,1.087903860740853,1.498153093997126e-6,0.0,7656.286340274519,23.611924359639346
2913.546350098047,1216.5734082516283,32.50271161099857,-121.47374659295934,392.7345815377435,4.80021341784338,-89.82594536474554,88.31309161112262,0.014303675181131001,12.537329832404248,0.9985745361086796,-4.170607586547757e-53,-4.8064363615610243e-129,1.0882131107608157,1.4977292941519459e-6,0.0,7656.286341173282,23.610254338127028
2913.9463500980464,1214.653413549997,32.502711611029326,-121.47374659172752,392.7344578733185,4.799760129606192,-89.82594540200145,88.31155284102707,0.014302006145939397,12.537337077257485,0.9985751131474955,-3.84995604429976e-53,-3.9351779748526345e-129,1.0884192906121024,1.4974468764634103e-6,0.0,7656.2863417723165,23.609141248960217
2914.546350098046,1211.7737614111975,32.502711611075505,-121.47374658988021,392.7342724010107,4.7990803951944745,-89.82594545786861,88.30924445989959,0.014299503391513509,12.53734794344295,0.9985759786185532,-3.4146047051900247e-53,-2.9152523376241187e-129,1.0887285801434887,1.497023423135042e-6,0.0,7656.286342670657,23.607472002803114
2914.9463500980455,1209.8542198669165,32.50271161110632,-121.47374658864895,392.73414876902024,4.798627370825197,-89.825945495112,88.30770539061312,0.014297835420558664,12.537355186834526,0.9985765555409505,-3.152077425371605e-53,-2.3868071742096722e-129,1.088934786332644,1.496741236322667e-6,0.0,7656.28634326941,23.606359430327934
2915.546350098045,1206.9752472648397,32.50271161115257,-121.47374658680255,392.7339633453483,4.797948032032042,-89.82594555096243,88.30539655833826,0.014295334261703657,12.537366050832027,0.998577420837741,-2.79564189407642e-53,-1.7681907244190992e-129,1.089244115366722,1.4963181291075151e-6,0.0,7656.286344167329,23.604690958896157
2915.9463500980446,1205.056158611551,32.50271161118345,-121.47374658557185,392.7338397457711,4.797495271286259,-89.82594558818909,88.30385717968504,0.014293667353939853,12.537373292768374,0.998577997644232,-2.580702735618998e-53,-1.4476723856618195e-129,1.0894503478883382,1.4960361729033345e-6,0.0,7656.2863447658,23.603578902696455
2916.546350098044,1202.1778651503846,32.50271161122979,-121.47374658372631,392.73365437070265,4.796816327744259,-89.82594564402488,88.30154789404726,0.014291167789085735,12.537384154577914,0.9985788627667557,-2.2888780033705975e-53,-1.0724623723206694e-129,1.0897597164166237,1.4956134113985442e-6,0.0,7656.286345663294,23.601911205361368
2916.9463500980437,1200.2592291263863,32.502711611260715,-121.47374658249623,392.73353080351706,4.796363830377104,-89.8259456812369,88.30000821481786,0.014289501943467094,12.537391395056085,0.9985794394571057,-2.1129007035245066e-53,-8.780580848143871e-130,1.0899659752648279,1.495331685533962e-6,0.0,7656.286346261482,23.60079966501739
2917.546350098043,1197.3816144112498,32.50271161130715,-121.47374658065156,392.73334547702,4.795685281719846,-89.82594573704971,88.29769847073007,0.014287003971047624,12.53740225467966,0.9985803044055213,-1.8739748196700065e-53,-6.504816048175705e-130,1.090275383278775,1.4949092693377331e-6,0.0,7656.286347158556,23.59913274115285
2917.946350098043,1195.4634307529777,32.50271161133812,-121.47374657942203,392.7332219422044,4.795233047487084,-89.82594577425336,88.29615849003788,0.014285339186530261,12.537409493700897,0.9985808809798293,-1.729896791806807e-53,-5.325693906604735e-130,1.0904816684479168,1.4946277735450067e-6,0.0,7656.286347756463,23.5980217162471
2918.5463500980422,1192.58649438899,32.502711611384626,-121.47374657757823,392.73303666424647,4.794554893348475,-89.82594583004735,88.29384829461488,0.014282842804980782,12.537420351140275,0.9985817457542777,-1.534280822125858e-53,-3.945372155952207e-130,1.0907911159390318,1.4942057022560398e-6,0.0,7656.286348653112,23.596355565227263
2918.946350098042,1190.6687628338113,32.50271161141567,-121.47374657634931,392.73291316177966,4.794102922006219,-89.82594586723847,88.29230801208475,0.014281179080522427,12.537427588705253,0.9985823222125976,-1.416319709351062e-53,-3.2301981016258705e-130,1.0909974274233971,1.493924436267821e-6,0.0,7656.286349250739,23.595245055342687
2919.5463500980413,1187.7925044279546,32.50271161146226,-121.47374657450636,392.7327279323285,4.793425162020423,-89.82594592301155,88.28999735742575,0.014278684288279988,12.537438443959173,0.9985831868129784,-1.2561628984735902e-53,-2.3929902603976776e-130,1.091306914383022,1.4935027094851125e-6,0.0,7656.286350146967,23.593579676541218
2919.946350098041,1185.8752247123048,32.502711611493346,-121.47374657327802,392.73260446218893,4.792973453324829,-89.82594596018802,88.28845677469475,0.014277021622838768,12.537445680068544,0.9985837631553618,-1.1595845073515231e-53,-1.9592150729517675e-130,1.09151325217702,1.4932216730342884e-6,0.0,7656.286350744312,23.59246968126058
2920.5463500980404,1182.9996438687667,32.50271161154003,-121.47374657143594,392.7324192812127,4.792296087126661,-89.82594601593809,88.28614567137002,0.014274528418342515,12.537456533140672,0.9985846275819671,-1.0284592003928021e-53,-1.4514226187050507e-130,1.0918227785968468,1.4928002903578455e-6,0.0,7656.2863516401185,23.590805074053467
2920.94635009804,1181.0828157318756,32.50271161157117,-121.47374657020816,392.73229584337884,4.791844640834451,-89.82594605310202,88.28460478138979,0.014272866810879112,12.537463767793337,0.9985852038083267,-9.493875011495588e-54,-1.188324548933806e-130,1.0920291426946216,1.4925194831777598e-6,0.0,7656.286352237183,23.589695592960233
2921.5463500980395,1178.2079120567068,32.502711611617926,-121.47374656836698,392.73211071084523,4.791167668058942,-89.82594610883746,88.28229322684243,0.014270375192569778,12.537474618684197,0.9985860680611981,-8.42031179362077e-54,-8.803327171664035e-131,1.0923387085661858,1.492098444207854e-6,0.0,7656.286353132567,23.58803175672285
2921.946350098039,1176.29153523501,32.502711611649126,-121.4737465671398,392.7319873052959,4.790716483927247,-89.82594614598885,88.28075203418868,0.014268714642046064,12.537481851883282,0.9985866441717828,-7.772927472079164e-54,-7.207555990630628e-131,1.0925450989622056,1.4918178660325664e-6,0.0,7656.286353729351,23.5869227894022
2922.5463500980386,1173.4173083361238,32.502711611695965,-121.47374656529945,392.7318022211729,4.790039904210277,-89.82594620170339,88.2784400251733,0.014266224608367838,12.537492700593504,0.9985875082509705,-6.89396824635429e-54,-5.339490255464118e-131,1.0928547042768832,1.4913971703703138e-6,0.0,7656.286354624314,23.585259723511598
2922.9463500980382,1171.5013825679198,32.50271161172722,-121.47374656407283,392.7316788478866,4.789588981996103,-89.82594623884222,88.27689853271826,0.014264565113746023,12.537499932337896,0.9985880842456918,-6.363934790909487e-54,-4.3716056699060247e-131,1.0930611209654495,1.4911168209337617e-6,0.0,7656.286355220818,23.584151269547135
2923.5463500980377,1168.6278320532292,32.502711611774146,-121.47374656223337,392.73149381214216,4.7889127949735455,-89.82594629454631,88.27458606916792,0.014262076663143709,12.537510778866135,0.9985889481510887,-5.644303838932374e-54,-3.238566013991183e-131,1.0933707657146614,1.4906964681804736e-6,0.0,7656.286356115362,23.582488973379483
2923.9463500980373,1166.7123570740223,32.502711611805466,-121.47374656100733,392.73137047109753,4.788462134434452,-89.82594633166424,88.27304427297263,0.01426041822338761,12.537518009159742,0.9985895240302576,-5.2103491468851966e-54,-2.651514071898647e-131,1.0935772086904045,1.4904163472174455e-6,0.0,7656.286356711585,23.58138103235706
2924.546350098037,1163.839482549578,32.502711611852476,-121.47374655916875,392.7311854836996,4.787786339743136,-89.82594638734743,88.27073135667875,0.014257931354309167,12.537528853510016,0.9985903877621837,-4.621165153035649e-54,-1.9642904706578734e-131,1.0938868928658194,1.489996336975656e-6,0.0,7656.286357605708,23.57971950529171
2924.9463500980364,1161.9244581013918,32.50271161188384,-121.47374655794329,392.7310621748754,4.7873359406371945,-89.82594642445699,88.26918926213548,0.014256273968385622,12.537536082350027,0.9985909635255764,-4.265873099646821e-54,-1.6082253076654278e-131,1.0940933621226938,1.4897164442210678e-6,0.0,7656.286358201652,23.57861207679659
2925.546350098036,1159.0522591779009,32.50271161193093,-121.47374655610557,392.730877235792,4.786660537913877,-89.82594648011717,88.2668758949493,0.01425378867928019,12.537546924518205,0.9985918270837028,-3.783490042532924e-54,-1.191402934647061e-131,1.0944030857155185,1.4892967760930938e-6,0.0,7656.286359095355,23.57695131821038
2925.9463500980355,1157.1376849962398,32.50271161196236,-121.47374655488069,392.73075395916686,4.786210399999151,-89.8259465172121,88.26533349696066,0.014252132346155348,12.537554151908571,0.9985924027316341,-3.492601510816053e-54,-9.754383986216397e-132,1.0946095812482162,1.4890171112824668e-6,0.0,7656.286359691017,23.57584440182912
2926.546350098035,1154.2661612778902,32.50271161200953,-121.47374655304381,392.73056906836615,4.785535388881656,-89.82594657285975,88.26301967874238,0.014249648635474786,12.537564991902224,0.9985932661165636,-3.0976596654509045e-54,-7.226227352262389e-132,1.0949193442504064,1.488597784872295e-6,0.0,7656.286360584302,23.574184411103847
2926.9463500980346,1152.352037104778,32.50271161204101,-121.47374655181953,392.7304458239188,4.785085511916542,-89.82594660994214,88.26147697986299,0.014247993354117286,12.53757221783922,0.9985938416487367,-2.859500277765997e-54,-5.916335633884284e-132,1.0951258660529397,1.4883183477411072e-6,0.0,7656.286361179686,23.57307800642173
2927.546350098034,1149.4811882032081,32.50271161208827,-121.4737465499835,392.73026098136876,4.78441089204268,-89.8259466655626,88.25916270926726,0.014245511220315268,12.537583055654661,0.9985947048601758,-2.536149241861765e-54,-4.382930428323493e-132,1.0954356684556898,1.4878993626523577e-6,0.0,7656.286362072551,23.571418782936107
2927.9463500980337,1147.567513776943,32.50271161211979,-121.4737465487598,392.73013776907794,4.7839612757861225,-89.82594670263452,88.25761970936,0.014243856989695172,12.537590280140794,0.9985952802767903,-2.3411608261697456e-54,-3.588440580382175e-132,1.0956422165225088,1.487620152937006e-6,0.0,7656.286362667654,23.570312889540958
2928.546350098033,1144.6973392972723,32.502711612167126,-121.47374654692464,392.7299529747469,4.783287046794329,-89.82594675824244,88.25530498764341,0.01424137643122677,12.537601115783715,0.9985961433151923,-2.076423387867477e-54,-2.658382888203713e-132,1.0959520583177613,1.4872015087745533e-6,0.0,7656.286363560102,23.568654432677004
2928.946350098033,1142.784114359878,32.50271161219872,-121.47374654570149,392.72982979459135,4.7828376910056845,-89.82594679530183,88.25376168494464,0.014239723250316394,12.537608338817671,0.9985967186161439,-1.9167803747422257e-54,-2.176500218341976e-132,1.0961586326429367,1.4869225262116694e-6,0.0,7656.286364154926,23.567549050156494
2929.5463500980322,1139.914613914676,32.50271161224613,-121.47374654386722,392.72964504844737,4.782163852534927,-89.82594685088466,88.25144650784448,0.014237244265640122,12.5376191722854,0.9985975814812958,-1.7000316915569184e-54,-1.6123914572373216e-132,1.0964685138218742,1.4865042225805322e-6,0.0,7656.286365046954,23.565891359295165
2929.946350098032,1138.0018382007256,32.502711612277785,-121.47374654264465,392.72952190040587,4.7817147569731855,-89.82594688793988,88.24990290897308,0.014235592133409877,12.537626393871877,0.9985981566669584,-1.5693270466206587e-54,-1.3201147112036495e-132,1.0966751144003128,1.4862254669070818e-6,0.0,7656.2863656415,23.564786487237182
2930.5463500980313,1135.133011398837,32.502711612325285,-121.47374654081125,392.7293372024172,4.781041308662755,-89.82594694350179,88.24758727836247,0.014233114720985212,12.537637225166081,0.9985990193589933,-1.391868233224857e-54,-9.779652972144282e-133,1.0969850349545642,1.4858075034130465e-6,0.0,7656.28636653311,23.563129561760846
2930.946350098031,1133.220684650354,32.502711612356975,-121.47374653958924,392.72921408646863,4.780592473087766,-89.82594698053398,88.24604337896628,0.014231463636409706,12.537644445303785,0.9985995944292638,-1.2848563203733351e-54,-8.006904093324e-133,1.097191661780399,1.4855289743663802e-6,0.0,7656.286367127377,23.56202519975372
2931.5463500980304,1130.3525311034173,32.50271161240455,-121.47374653775667,392.72902943660335,4.77991941457743,-89.82594703607919,88.24372730117497,0.014228987794698614,12.537655274423209,0.9986004569480816,-1.1395653318005353e-54,-5.931662055531055e-133,1.0975016217013327,1.4851113506156624e-6,0.0,7656.286368018569,23.560369039044794
2931.94635009803,1128.440653060563,32.50271161243631,-121.47374653653527,392.7289063527265,4.77947083874923,-89.82594707309885,88.24218309882923,0.014227337756753118,12.537662493112803,0.9986010319030129,-1.051951387416797e-54,-4.856435021562191e-133,1.0977082747689242,1.4848330479335695e-6,0.0,7656.286368612557,23.559265186677504
2932.5463500980295,1125.5731723764911,32.50271161248398,-121.47374653470357,392.72872175095296,4.778798169679243,-89.8259471286273,88.23986657092792,0.014224863484219025,12.537673320061423,0.9986018942489303,-9.329971864023948e-55,-3.597736529224957e-133,1.0980182740483577,1.4844157635333064e-6,0.0,7656.286369503333,23.557609790120438
2932.946350098029,1123.6617427794263,32.502711612515775,-121.47374653348271,392.72859869912674,4.778349853358172,-89.82594716563862,88.23832206732652,0.014223214491880125,12.53768053730387,0.9986024690885992,-8.612649554205282e-55,-2.9455780715945426e-133,1.0982249533520965,1.4841376869539838e-6,0.0,7656.286370097044,23.556506446982485
2933.5463500980286,1120.794934567064,32.50271161256354,-121.47374653165188,392.7284141454132,4.777677573369151,-89.82594722114408,88.23600509002958,0.014220741786988303,12.537691362084441,0.9986033312618355,-7.638734924125888e-55,-2.1821384988799415e-133,1.0985349919817884,1.483720741511771e-6,0.0,7656.286370987402,23.55485181396191
2933.9463500980282,1118.8839531587437,32.5027116125954,-121.47374653043161,392.72829112561635,4.77722951631577,-89.82594725814076,88.23446028757472,0.014219093839234104,12.537698577877126,0.9986039059860334,-7.05144108661765e-55,-1.7865842201812555e-133,1.0987416975157922,1.483442890773549e-6,0.0,7656.286371580834,23.553748979642247
2934.5463500980277,1116.0178170353174,32.502711612643225,-121.47374652860165,392.72810661993117,4.776557625049189,-89.82594731363159,88.23214285910785,0.014216622700454368,12.537709400484616,0.998604767986188,-6.2540672245815814e-55,-1.3235345027668823e-133,1.0990517754866385,1.4830262838973596e-6,0.0,7656.286372470775,23.55209510954267
2934.9463500980273,1114.1072835521773,32.50271161267515,-121.47374652738195,392.72798363214275,4.776109827024377,-89.8259473506178,88.2305977554546,0.014214975796263268,12.537716614833354,0.9986053425953785,-5.7732316965992685e-55,-1.0836185964926024e-133,1.0992585072457604,1.4827486587394673e-6,0.0,7656.286373063929,23.550992783632722
2935.546350098027,1111.2418191237375,32.50271161272306,-121.47374652555285,392.72779917445433,4.77543832412158,-89.82594740608563,88.22827987591786,0.01421250622206382,12.537727435273915,0.9986062044229412,-5.1203971911698955e-55,-8.027646187047807e-134,1.0995686245499108,1.4823323900381622e-6,0.0,7656.286373953454,23.549339675840542
2935.9463500980264,1109.3317333096638,32.50271161275503,-121.4737465243337,392.7276762186532,4.7749907848864845,-89.82594744305722,88.22673447877148,0.014210860360416643,12.537734648175427,0.9986067789168628,-4.726722355501647e-55,-6.572481998892097e-134,1.099775382528226,1.4820549901996609e-6,0.0,7656.286374546331,23.548237857929994
2936.546350098026,1106.466940190643,32.50271161280302,-121.47374652250545,392.72749180892987,4.77431966998982,-89.82594749850831,88.22441614616905,0.014208392349270663,12.537745466448175,0.9986076405717634,-4.192226666878314e-55,-4.869015743050389e-134,1.100085539156964,1.4816390592826122e-6,0.0,7656.28637543544,23.54658551183202
2936.9463500980255,1104.5573017857969,32.50271161283506,-121.47374652128688,392.7273688850951,4.773872389306541,-89.82594753546945,88.2228704402398,0.014206747529150864,12.537752677907472,0.9986082149508153,-3.8699129707819585e-55,-3.986413648268867e-134,1.1002923233489785,1.4813618845038469e-6,0.0,7656.28637602804,23.545484201514565
2937.546350098025,1101.6931795896962,32.502711612883125,-121.47374651945952,392.7271845233053,4.773201662058026,-89.82594759090173,88.22055166265217,0.01420428107953101,12.537763494009017,0.9986090764327837,-3.432304911187997e-55,-2.9532086683545e-134,1.100602519293734,1.4809462909803785e-6,0.0,7656.286376916733,23.54383261649579
2937.9463500980246,1099.7839883379638,32.502711612915206,-121.47374651824151,392.72706163141567,4.7727546396880935,-89.82594762784404,88.21900566095253,0.014202637299921366,12.537770704022256,0.9986096506966599,-3.1684167748915757e-55,-2.417883195082631e-134,1.1008093296935808,1.4806693410010227e-6,0.0,7656.286377509056,23.542731813361378
2938.546350098024,1096.9205366736278,32.50271161296337,-121.47374651641499,392.72687731752796,4.77208429973118,-89.82594768325961,88.21668643435605,0.014200172410304399,12.537781517960568,0.9986105120063309,-2.8101335971267036e-55,-1.791212413164281e-134,1.1011195649463335,1.480254084482322e-6,0.0,7656.2863783973335,23.541080988812585
2938.9463500980237,1095.0117923161015,32.50271161299549,-121.47374651519758,392.7267544575626,4.771637535436647,-89.82594772019355,88.21514013290809,0.014198529670189199,12.537788726528799,0.9986110861551148,-2.594080263615301e-55,-1.4665209536400558e-134,1.1013264015484756,1.4799773590428636e-6,0.0,7656.286378989379,23.539980692453327
2939.546350098023,1092.1490107988939,32.50271161304373,-121.47374651337188,392.7265701915455,4.770967582414782,-89.8259477755882,88.21282045605184,0.014196066339053553,12.537799538301794,0.9986119472923224,-2.3007428063746793e-55,-1.0864257387072887e-134,1.1016366761005363,1.4795624391398276e-6,0.0,7656.2863798772405,23.53833062776252
2939.946350098023,1090.240713073872,32.502711613075924,-121.47374651215503,392.7264473634832,4.770521075958039,-89.82594781251171,88.21127385627251,0.014194424637418027,12.537806745430018,0.9986125213264125,-2.1238532971435576e-55,-8.894903243627695e-135,1.1018435388997712,1.4792859379813977e-6,0.0,7656.2863804690105,23.537230837772
2940.5463500980222,1087.3786013163626,32.502711613124234,-121.4737465103302,392.7262631453052,4.769851509514904,-89.82594786788337,88.20895372945552,0.014191962863242983,12.537817555038407,0.9986133822912134,-1.883688898811512e-55,-6.589508184797426e-135,1.1021538527428012,1.478871354305534e-6,0.0,7656.286381356458,23.53558153232801
2940.946350098022,1085.4707499714568,32.50271161315647,-121.47374650911391,392.7261403491252,4.769405260658867,-89.82594790479432,88.20740683265366,0.014190322199075856,12.537824760721598,0.9986139562102094,-1.7388640170682472e-55,-5.395033975963058e-135,1.1023607417329448,1.4785950771692011e-6,0.0,7656.286381947951,23.534482248298495
2941.5463500980213,1082.6093075871468,32.50271161320488,-121.47374650728995,392.7259561787549,4.768736080438902,-89.82594796015134,88.20508625766136,0.01418786198034371,12.537835568166992,0.9986148170027318,-1.5422340374919263e-55,-3.996740556715693e-135,1.1026710948585465,1.4781808293328455e-6,0.0,7656.286382834983,23.53283370149182
2941.946350098021,1080.7019023615867,32.502711613237175,-121.47374650607426,392.72583341443624,4.768290088946465,-89.82594799704346,88.2035390581249,0.014186222352632682,12.53784277240905,0.9986153908069443,-1.4236614524747676e-55,-3.272254998686757e-135,1.1028780100343496,1.4779047759603923e-6,0.0,7656.2863834262,23.53173492301734
2942.5463500980204,1077.8411289649084,32.50271161328566,-121.47374650425112,392.7256492918421,4.767621294594436,-89.82594805238585,88.20121803382632,0.014183763687827455,12.537853577691722,0.99861625142721,-1.2626744405083676e-55,-2.4241467845125895e-135,1.1031884024340697,1.4774908635763028e-6,0.0,7656.286384312819,23.530087134238563
2942.94635009802,1075.9341696007177,32.502711613318006,-121.473746503036,392.72552655936386,4.767175560228812,-89.82594808926963,88.19967053678052,0.014182125095562026,12.537860780493515,0.9986168251167081,-1.1655954182546162e-55,-1.984723882025055e-135,1.1033953437900117,1.4772150337097323e-6,0.0,7656.28638490376,23.528988860912953
2943.5463500980195,1073.074064807035,32.50271161336658,-121.47374650121372,392.7253424845146,4.766507151389853,-89.82594814458064,88.19734906167142,0.014179667983169598,12.53787158361256,0.998617685564645,-1.0337904001301521e-55,-1.4703200143898527e-135,1.1037057754553348,1.4768014563911282e-6,0.0,7656.286385789965,23.527341829552878
2943.946350098019,1071.1675510490313,32.502711613398986,-121.47374649999915,392.72521978385566,4.766061673914861,-89.82594818146025,88.19580126886,0.014178030425341938,12.537878784973419,0.9986182591393754,-9.543088187816426e-56,-1.2037964307370548e-135,1.10391274298562,1.4765258497729288e-6,0.0,7656.286386380631,23.52624406097084
2944.5463500980186,1068.308114470914,32.50271161344764,-121.47374649817775,392.72503575672,4.765393650234726,-89.82594823675453,88.19347935034301,0.014175574863850173,12.537889585932758,0.9986191194152959,-8.463959965571015e-56,-8.917945722292749e-136,1.1042232139083814,1.4761126071339977e-6,0.0,7656.286387266423,23.524597786422518
2944.9463500980182,1066.4020460620522,32.5027116134801,-121.47374649696376,392.72491308785976,4.764948429414249,-89.82594827361322,88.19193125299535,0.014173938339452734,12.537896785853375,0.9986196928753139,-7.813219813167428e-56,-7.301397739904754e-136,1.1044302076074466,1.4758372235069765e-6,0.0,7656.286387856812,23.52350052217895
2945.5463500980177,1063.5432773139328,32.50271161352883,-121.47374649514319,392.72472910840634,4.764280790539239,-89.82594832889286,88.18960888783707,0.014171484327352036,12.53790758465558,0.9986205529794226,-6.929704347203237e-56,-5.409009952079206e-136,1.10474071777932,1.475424315162467e-6,0.0,7656.286388742191,23.52185500383608
2945.9463500980173,1061.637653999962,32.502711613561345,-121.4737464939298,392.72460647132385,4.763835826137645,-89.8259483657432,88.18806049407763,0.01416984883537958,12.537914783134454,0.9986211263246084,-6.39692336981748e-56,-4.428523593781186e-136,1.104947737641324,1.4751491542698042e-6,0.0,7656.286389332305,23.520758243526295
2946.546350098017,1058.7795526990667,32.50271161361016,-121.47374649211005,392.7244225395214,4.763168571713984,-89.82594842100613,88.18573768047972,0.014167396371161175,12.537925579776351,0.9986219862566529,-5.673562083821571e-56,-3.280731860539963e-136,1.105258287053725,1.474736579834377e-6,0.0,7656.28639021727,23.519113480780618
2946.9463500980164,1056.874374218285,32.50271161364274,-121.47374649089723,392.7242999341958,4.762723863495694,-89.82594845783973,88.18418898830262,0.014165761910607795,12.537932776820181,0.9986225594875402,-5.2373579110566565e-56,-2.6860365534520874e-136,1.1054653330736661,1.4744616414199662e-6,0.0,7656.28639080711,23.518017224001714
2947.546350098016,1054.0169399818406,32.50271161369162,-121.47374648907835,392.7241160500132,4.762056993170427,-89.82594851307967,88.18186572840166,0.01416331099276596,12.537943571300959,0.9986234192474556,-4.645119778013195e-56,-1.9898653609658578e-136,1.1057759217180494,1.4740494005092293e-6,0.0,7656.286391691664,23.51637321624714
2947.9463500980155,1052.1122060809284,32.502711613724244,-121.47374648786605,392.72399347642363,4.761612540900528,-89.82594854990072,88.18031673949143,0.014161677562629505,12.537950766908372,0.9986239923639348,-4.287986005574173e-56,-1.6291642606606497e-136,1.105982993890046,1.4737746843171012e-6,0.0,7656.2863922812285,23.515277462595694
2948.546350098015,1049.2554385215044,32.50271161377323,-121.47374648604804,392.72380963982954,4.7609460543212085,-89.82594860512391,88.17799303065804,0.014159228189659864,12.537961559233768,0.9986248519521781,-3.8031024307670083e-56,-1.2069148967633379e-136,1.1062936217584183,1.4733627765476602e-6,0.0,7656.286393165369,23.513634209228535
2948.9463500980146,1047.3511489462107,32.5027116138059,-121.47374648483631,392.72368709795546,4.760501857764334,-89.82594864193243,88.17644374390902,0.014157595788937079,12.53796875340085,0.9986254249539378,-3.5107060270185634e-56,-9.881385213476786e-137,1.106500720076717,1.4730882823216137e-6,0.0,7656.28639375466,23.51253895829914
2949.546350098014,1044.4950476810336,32.50271161385495,-121.47374648301917,392.7235033089187,4.759835754578808,-89.82594869713891,88.1741195877217,0.01415514795933749,12.5379795435705,0.9986262843704802,-3.1137169309102893e-56,-7.320312201033645e-137,1.1068113871606216,1.4726767073101955e-6,0.0,7656.2863946383895,23.510896458714576
2949.9463500980137,1042.5912021743134,32.50271161388769,-121.473746481808,392.7233807987391,4.759391813500775,-89.82594873393907,88.17257000402452,0.014153516587028585,12.537986736301736,0.9986268572578775,-2.87432300201598e-56,-5.993365806927446e-137,1.1070185116197993,1.4724024347954548e-6,0.0,7656.286395227406,23.50980171010645
2950.546350098013,1039.7357668206096,32.50271161393682,-121.47374647999169,392.7231970572287,4.758726093357722,-89.82594878911625,88.17024540159912,0.014151070299299974,12.537997524317767,0.998627716502888,-2.549295818961694e-56,-4.439995799563806e-137,1.1073292179108238,1.471991192159744e-6,0.0,7656.286396110724,23.508159963701914
2950.9463500980128,1037.832365129143,32.502711613969616,-121.4737464787811,392.7230745787229,4.7582824075240735,-89.82594882590804,88.16869551711169,0.01414943995440535,12.538004715610361,0.9986282892757002,-2.353296646411137e-56,-3.635161763216838e-137,1.1075363685050834,1.471717141101134e-6,0.0,7656.2863966994655,23.507065717011617
2951.546350098012,1034.977595304139,32.50271161401882,-121.47374647696563,392.7228908847076,4.757617070071969,-89.82594888107691,88.16637047137368,0.014146995207048638,12.538015501471907,0.9986291483491101,-2.087186894884382e-56,-2.692994801145317e-137,1.1078471139948554,1.4713062304588116e-6,0.0,7656.286397582373,23.50542472318293
2951.946350098012,1033.0746371699497,32.50271161405167,-121.47374647575559,392.7227684378549,4.757173639248719,-89.82594891784777,88.16482029256417,0.014145365888569732,12.538022691330001,0.998629721007667,-1.9267163440315102e-56,-2.2048380610240504e-137,1.108054290718934,1.4710324006020524e-6,0.0,7656.286398170841,23.504330978009545
2952.5463500980113,1030.2205324908718,32.50271161410096,-121.47374647394098,392.72258479130375,4.756508684136793,-89.82594897299572,88.1624947988161,0.014142922680088682,12.538033475038285,0.9986305799095736,-1.7088441058015034e-56,-1.6333846531359735e-137,1.108365075399126,1.4706218215716835e-6,0.0,7656.286399053337,23.502690736154474
2952.946350098011,1028.3180176606402,32.50271161413386,-121.47374647273152,392.72246237608334,4.756065508090134,-89.82594900975823,88.16094432199331,0.014141294387028618,12.538040663459997,0.9986311524537256,-1.5774619302753198e-56,-1.3373024894051504e-137,1.1085722782472842,1.470348212662452e-6,0.0,7656.28639964153,23.501597492095843
2953.5463500980104,1025.4645777465776,32.502711614183234,-121.47374647091775,392.72227877696525,4.755400934968575,-89.82594906488944,88.15861838119467,0.014138852715930739,12.538051445017068,0.9986320111842923,-1.399083227807589e-56,-9.906983199393703e-138,1.1088831021094052,1.4699379648635393e-6,0.0,7656.286400523616,23.499958001614317
2953.94635009801,1023.5625059632584,32.50271161421618,-121.47374646970884,392.7221563933566,4.754958013464956,-89.82594910162895,88.15706760665074,0.014137225447293192,12.538058632005164,0.9986325836142594,-1.2915165998234985e-56,-8.111153285056182e-138,1.1090903310763367,1.4696645766481368e-6,0.0,7656.286401111537,23.49886525826974
2954.5463500980095,1020.7097304295748,32.50271161426565,-121.47374646789594,392.72197284164054,4.7542938219832,-89.82594915674554,88.15474122107128,0.014134785312083745,12.538069411411858,0.9986334421735525,-1.1454724697747677e-56,-6.00889177724499e-138,1.1094011941123492,1.469254659699943e-6,0.0,7656.286401993214,23.497226518559145
2954.946350098009,1018.8081014445052,32.50271161429865,-121.4737464666876,392.72185048962297,4.753851154790069,-89.82594919347878,88.15319014999704,0.014133159066877125,12.538076596962789,0.9986340144890522,-1.0574043630507942e-56,-4.919665381236394e-138,1.1096084491918623,1.4689814919251177e-6,0.0,7656.286402580862,23.496134275528643
2955.5463500980086,1015.955989911221,32.5027116143482,-121.4737464648755,392.721666985278,4.753187344598882,-89.82594924857027,88.15086332241668,0.014130720466066672,12.538087374219284,0.9986348728770861,-9.378335419459085e-57,-3.6445787445013677e-138,1.10991935139326,1.4685719054479803e-6,0.0,7656.286403462128,23.49449628598909
2955.946350098008,1014.0548034645617,32.50271161438125,-121.47374646366775,392.7215446648308,4.752744931483133,-89.82594928529305,88.14931195212475,0.014129095243296318,12.538094558339077,0.9986354450785984,-8.657294742875612e-57,-2.9839292407316636e-138,1.110126632580409,1.4682989578608952e-6,0.0,7656.286404049502,23.49340454287329
2956.5463500980077,1011.2033555526286,32.50271161443088,-121.47374646185652,392.721361207826,4.752081502233711,-89.82594934036781,88.14698467529914,0.01412665817539744,12.538105333444845,0.9986363032953308,-7.6783316544635e-57,-2.2105497514820032e-138,1.1104375739386323,1.4678897014756727e-6,0.0,7656.286404930359,23.491767302905394
2956.9463500980073,1009.3026113919914,32.50271161446399,-121.47374646064928,392.72123891892863,4.75163934296275,-89.82594937707596,88.14543300781928,0.014125033974071818,12.538112516131802,0.9986368753827205,-7.087993475720262e-57,-1.8098453906342224e-138,1.1106448812276883,1.4676169738235483e-6,0.0,7656.2864055174605,23.490676059304107
2957.5463500980068,1006.4518267186359,32.50271161451369,-121.4737464588389,392.72105550923305,4.750976294306416,-89.82594943212982,88.1431052896143,0.014122598437597467,12.538123289089635,0.9986377334283741,-6.286486285573334e-57,-1.3407668063557499e-138,1.1109558617346211,1.4672080471516659e-6,0.0,7656.286406397908,23.489039568309174
2957.9463500980064,1004.5515245888382,32.50271161454686,-121.47374645763226,392.72093325186484,4.750534388647944,-89.8259494688296,88.14155333168092,0.014120975256725857,12.538130470345823,0.9986383054018058,-5.803158261788068e-57,-1.0977272159432222e-138,1.1111631951201904,1.4669355391823223e-6,0.0,7656.2864069847365,23.487948823823565
2958.546350098006,1001.701402775012,32.50271161459665,-121.47374645582272,392.72074988944763,4.749871720236447,-89.82594952386465,88.13922516465287,0.014118541250191442,12.53814124115428,0.9986391632762656,-5.146939673506842e-57,-8.132165439028039e-139,1.1114742147673529,1.466526941845512e-6,0.0,7656.286407864774,23.486313081202553
2958.9463500980055,999.8015424227342,32.50271161462986,-121.47374645461663,392.7206276635881,4.749430067958685,-89.82594956055189,88.13767290781617,0.014116919088785367,12.538148420980928,0.9986397351358369,-4.751224154863797e-57,-6.6580551402801794e-139,1.1116815742438644,1.4662546533072373e-6,0.0,7656.286408451332,23.48522283543461
2959.546350098005,996.9520830875263,32.50271161467973,-121.47374645280792,392.7204443484184,4.748767779444379,-89.82594961556603,88.13534429447294,0.014114486610708384,12.538159189642236,0.9986405928392804,-4.213957813526466e-57,-4.932409902619192e-139,1.111992633023027,1.465846384928112e-6,0.0,7656.286409330963,23.48358784059044
2959.9463500980046,995.0526642622426,32.502711614713,-121.47374645160241,392.720322154047,4.748326380315764,-89.82594965224072,88.13379174411601,0.014112865467780854,12.538166368037052,0.9986411645848092,-3.88997334751399e-57,-4.038316405676525e-139,1.1122000185846355,1.465574315569315e-6,0.0,7656.286409917246,23.482498093141587
2960.546350098004,992.2038670256734,32.502711614762944,-121.47374644979453,392.7201388860941,4.747664471351531,-89.82594970724232,88.13146268910255,0.014110434516681106,12.538177134553138,0.9986420221173898,-3.4500968693269734e-57,-2.991659187194751e-139,1.1125111164875041,1.465166375771088e-6,0.0,7656.286410796468,23.480863845478027
2960.9463500980037,990.3048894731328,32.50271161479628,-121.47374644858958,392.72001672319016,4.747223325140573,-89.8259497438961,88.12990984128751,0.01410881439124514,12.538184311517531,0.998642593748988,-3.1848408223128727e-57,-2.4493638230322476e-139,1.112718528128797,1.4648945253406346e-6,0.0,7656.28641138248,23.479774595950467
2961.546350098003,987.4567539542913,32.50271161484631,-121.47374644678257,392.7198335024232,4.746561795379522,-89.82594979888097,88.1275803409789,0.014106384965643539,12.538195075890837,0.9986434511109005,-2.824700420476819e-57,-1.8145338422855215e-139,1.1130296651472258,1.4644869137469822e-6,0.0,7656.286412261294,23.478141094871557
2961.9463500980028,985.5582174248993,32.502711614879686,-121.47374644557816,392.7197113709664,4.74612090185516,-89.82594983552639,88.12602719677055,0.014104765856714569,12.538202251421508,0.9986440226283053,-2.6075271363884473e-57,-1.4856149283265712e-139,1.1132371028623116,1.46421528199392e-6,0.0,7656.286412847035,23.477052342867196
2962.546350098002,982.7107432447374,32.5027116149298,-121.47374644377199,392.7195281973547,4.7454597509508725,-89.82594989049454,88.12369725624093,0.014102337955134324,12.538213013652811,0.9986448798196113,-2.3126691126786843e-57,-1.1005709069042833e-139,1.113548278987994,1.4638079982290022e-6,0.0,7656.286413725442,23.475419587777363
2962.946350098002,980.8126474795863,32.50271161496323,-121.47374644256816,392.7194060973244,4.745019109882301,-89.82594992712532,88.12214381233086,0.014100719861727428,12.538220187757997,0.9986454512234789,-2.1348626654642254e-57,-9.01071410671238e-140,1.1137557427720242,1.4635365849034062e-6,0.0,7656.286414310911,23.474331332901176
2963.5463500980013,977.9658342637122,32.502711615013425,-121.4737464407628,392.71922297083717,4.744358337488756,-89.82594998207047,88.11981342625292,0.01409829348269427,12.538230947842539,0.9986463082437994,-1.8934533325963034e-57,-6.675303005638417e-140,1.1140669579961842,1.4631296285915946e-6,0.0,7656.28641518891,23.47269932320413
2963.946350098001,976.0681790150702,32.5027116150469,-121.4737464395595,392.71910090221303,4.743917948645644,-89.8259500186908,88.11825969326593,0.014096676403828138,12.538238120518061,0.9986468795337972,-1.747877725524103e-57,-5.465276846966191e-140,1.1142744478431232,1.462858433443301e-6,0.0,7656.286415774109,23.47161156505909
2964.5463500980004,973.2220263816416,32.502711615097176,-121.47374643775501,392.7189178228196,4.74325755441762,-89.82595007361712,88.1159288666493,0.014094251545869537,12.538248878462628,0.9986477363836727,-1.5502284797531947e-57,-4.048777769569066e-140,1.1145857021578434,1.4624518042104253e-6,0.0,7656.2864166517,23.469980300162835
2964.946350098,971.3248113952577,32.502711615130714,-121.47374643655228,392.71879578558116,4.742817417569705,-89.82595011023119,88.1143748310173,0.014092635480562391,12.538256049711373,0.9986483075600303,-1.4310412528194104e-57,-3.314859472872868e-140,1.1147932180623912,1.4621808269899156e-6,0.0,7656.286417236628,23.468893038353475
2965.5463500979995,968.4793189670891,32.50271161518106,-121.47374643474862,392.7186127532509,4.742157401161511,-89.8259501651387,88.11204356266,0.014090212142205781,12.538266805512674,0.9986491642391988,-1.2692197362702476e-57,-2.4557089638493335e-140,1.1151045114592864,1.4617745244612177e-6,0.0,7656.286418113813,23.467262517662096
2965.946350097999,966.5825439896435,32.50271161521466,-121.47374643354648,392.7184907473777,4.741717516078763,-89.82595020173395,88.11048923220191,0.014088597089477075,12.538273975336395,0.998649735302056,-1.1716374877750043e-57,-2.010564813563773e-140,1.1153120534160703,1.4615037649192459e-6,0.0,7656.286418698469,23.466175751793
2966.5463500979986,963.7377113914117,32.50271161526509,-121.47374643174363,392.71830776208014,4.741057877146622,-89.82595025662263,88.10815751597261,0.014086175269256443,12.53828472899712,0.9986505918107316,-1.0391492350820343e-57,-1.4894634525154063e-140,1.115623385886596,1.461097788721783e-6,0.0,7656.286419575249,23.464545974716316
2966.946350097998,961.8413761751726,32.50271161529874,-121.47374643054205,392.7181857875518,4.740618243599613,-89.82595029320952,88.10660289527516,0.014084561228128716,12.538291897392657,0.9986511627598366,-9.592556469320418e-58,-1.2194697550896038e-140,1.1158309538896631,1.4608272466093782e-6,0.0,7656.286420159633,23.46345970439214
2967.5463500979977,958.9972030250356,32.502711615349256,-121.47374642874004,392.71800284925615,4.739958981798581,-89.82595034808358,88.10427073635965,0.014082140924574119,12.538302648915474,0.9986520190982319,-8.507834395522311e-58,-9.03405659643643e-141,1.1161423254260285,1.4604215963697773e-6,0.0,7656.286421036009,23.4618306703367
2967.9463500979973,957.1013073176146,32.50271161538295,-121.473746427539,392.7178809060523,4.739519599557637,-89.82595038465163,88.10271582174042,0.0140805278940688,12.538309815882826,0.9986525899335847,-7.85372101671533e-58,-7.396461300555476e-141,1.1163499194699602,1.460151271438194e-6,0.0,7656.286421620123,23.46074489516197
2968.5463500979968,954.2577932402492,32.50271161543355,-121.47374642573783,392.7176980147282,4.7388607145446695,-89.82595043950478,88.10038322130045,0.01407810910571757,12.538320565270567,0.9986534461019252,-6.965625692436591e-58,-5.479434789070287e-141,1.1166613300637034,1.4597459467845486e-6,0.0,7656.286422496092,23.459116603538646
2968.9463500979964,952.3623367901891,32.5027116154673,-121.47374642453737,392.71757610282845,4.738421583381125,-89.82595047606658,88.09882800594843,0.01407649708485964,12.538327730812707,0.9986540168237628,-6.430082950845099e-58,-4.4861825840522823e-141,1.116868950143009,1.4594758387860269e-6,0.0,7656.286423079938,23.458031323120817
2969.546350097996,949.5194814084098,32.50271161551796,-121.47374642273704,392.7173932584452,4.737763074811794,-89.82595053089882,88.096494968534,0.014074079810245273,12.538338478061322,0.9986548728217258,-5.702971993985786e-58,-3.3234467027267775e-141,1.1171803997859142,1.4590708393454655e-6,0.0,7656.2864239555,23.45640377333508
2969.9463500979955,947.6244639642537,32.502711615551775,-121.47374642153711,392.71727137782926,4.737324194496706,-89.82595056744806,88.094939461297,0.014072468798059259,12.538345642178509,0.9986554434300685,-5.264506679922911e-58,-2.721008514699124e-141,1.1173880458951306,1.458800948032108e-6,0.0,7656.286424539075,23.45531898728002
2970.546350097995,944.7822669046,32.50271161560252,-121.47374641973762,392.7170885803565,4.736666062029029,-89.82595062226358,88.09260597778113,0.0140700530357237,12.538356387290479,0.9986562992578519,-4.669198576016118e-58,-2.015773234111173e-141,1.117699534578618,1.4583962734339308e-6,0.0,7656.286425414234,23.453692178744504
2970.9463500979946,942.887688213028,32.50271161563638,-121.47374641853823,392.7169667310041,4.7362274323339255,-89.82595065880238,88.09105017738699,0.014068443031235625,12.538363549986524,0.9986568697530033,-4.310213537651236e-58,-1.6503758369944324e-141,1.1179072067125146,1.4581265985585282e-6,0.0,7656.286425997539,23.452607886659827
2971.546350097994,940.046149100177,32.502711615687204,-121.47374641673959,392.7167839804113,4.735569675625034,-89.82595071359698,88.08871624782948,0.014066028779718466,12.53837429296007,0.9986577254104654,-3.822816483276121e-58,-1.2226288232710885e-141,1.1182187344282486,1.4577222484315295e-6,0.0,7656.286426872292,23.450981818783603
2971.9463500979937,938.1520089115947,32.502711615721125,-121.47374641554077,392.71666216230204,4.735131296321567,-89.82595075011696,88.08716015532332,0.014064419781955695,12.538381454233637,0.998658295792319,-3.5289043911753614e-58,-1.0010039985620009e-141,1.1184264325812154,1.45745278974684e-6,0.0,7656.286427455327,23.449898020275757
2972.546350097993,935.3111273655668,32.50271161577203,-121.47374641374297,392.7164794585588,4.734473915029302,-89.82595080489483,88.08482578627762,0.014062007039798454,12.538392195074586,0.9986591512799238,-3.1298574320384953e-58,-7.415622026315708e-142,1.118737999321412,1.457048763720977e-6,0.0,7656.286428329678,23.44827269247103
2972.9463500979928,933.4174254341051,32.50271161580599,-121.47374641254468,392.7163576716725,4.7340357858899385,-89.82595084140854,88.08326939518965,0.01406039904779177,12.538399354922824,0.9986597215482527,-2.889222562472589e-58,-6.071398906093502e-142,1.1189457234874567,1.4567795209803623e-6,0.0,7656.2864289124445,23.447189387147862
2973.546350097992,930.5772010823712,32.50271161585699,-121.4737464107477,392.7161750147485,4.733378779672804,-89.8259508961697,88.08093458415112,0.01405798781353972,12.53841009362956,0.9986605768658714,-2.5625105436637406e-58,-4.4978041569518646e-142,1.11925732924356,1.4563758186858552e-6,0.0,7656.286429786392,23.445564798826357
2973.946350097992,928.6839371547103,32.50271161589101,-121.47374640955,392.7160532590648,4.732940900469612,-89.82595093266877,88.0793779020572,0.014056380826317891,12.538417252055467,0.9986611470209144,-2.3654953748181203e-58,-3.682491251769978e-142,1.1194650794175378,1.4561067916429601e-6,0.0,7656.286430368887,23.444481986295845
2974.5463500979913,925.8443696219474,32.50271161594208,-121.47374640775385,392.71587064892964,4.7322842689864,-89.8259509874153,88.0770426531932,0.01405397109851728,12.538427988629467,0.9986620021686647,-2.0980061964391347e-58,-2.728057358169377e-142,1.1197767241813381,1.4557034127106697e-6,0.0,7656.286431242429,23.442858136870324
2974.946350097991,923.9515434484929,32.50271161597616,-121.4737464065567,392.71574892442834,4.731846639492165,-89.82595102389763,88.07548567721777,0.014052365115112198,12.538435145633983,0.9986625722104966,-1.9367038181708122e-58,-2.2335448599419673e-142,1.1199845003577198,1.4554346011196522e-6,0.0,7656.286431824656,23.441775816741472
2975.5463500979904,921.1126323575154,32.502711616027305,-121.47374640476139,392.7155663610517,4.731190382401673,-89.82595107861697,88.07314998856823,0.01404995689230956,12.53844588007721,0.998663427188535,-1.7177022007502803e-58,-1.6546511786110498e-142,1.120296184121256,1.4550315451807528e-6,0.0,7656.286432697795,23.44015270562444
2975.94635009799,919.2202436877415,32.502711616061426,-121.47374640356479,392.71544466771263,4.730753002389412,-89.82595111509514,88.07159271542237,0.014048351911754032,12.53845303566248,0.9986639971173265,-1.5856389825348094e-58,-1.3547140509771387e-142,1.1205039862946466,1.4547629487961725e-6,0.0,7656.286433279754,23.439070877506857
2976.5463500979895,916.381988670677,32.502711616112656,-121.4737464017703,392.7152621510642,4.73009711935204,-89.82595116980193,88.06925658945978,0.014045945192502742,12.538463767972104,0.9986648519254273,-1.4063356225878303e-58,-1.003597125507707e-142,1.1208157090489754,1.4543602154828314e-6,0.0,7656.286434152491,23.437448504113274
2976.946350097989,914.4900372559205,32.50271161614684,-121.47374640057426,392.71514048886723,4.729659988594698,-89.82595120626755,88.06769901857285,0.014044341213830046,12.53847092213635,0.9986654217410372,-1.2982114040074015e-58,-8.216759792156461e-143,1.1210235372138018,1.454091834059164e-6,0.0,7656.286434734182,23.43636716761521
2977.5463500979886,911.6524379337206,32.502711616198155,-121.47374639878059,392.7149580189167,4.7290044792700385,-89.82595126094925,88.06536244997496,0.014041935996679846,12.538481652317143,0.9986662763795807,-1.1514102284410068e-58,-6.087127023188075e-143,1.1213352989512475,1.4536894230037757e-6,0.0,7656.2864356065165,23.43474553135943
2977.946350097988,909.7609235262498,32.50271161623239,-121.47374639758512,392.7148363878417,4.728567597541564,-89.82595129739606,88.06380458677117,0.014040333018926763,12.538488805061542,0.9986668460821023,-1.0628856051461703e-58,-4.9837189946691155e-143,1.121543153101862,1.453421256296473e-6,0.0,7656.286436187939,23.433664686092044
2978.5463500979877,906.9239795263857,32.50271161628378,-121.47374639579228,392.7146539645588,4.727912461590009,-89.8259513520694,88.06146758129904,0.014037929302431395,12.53849953311271,0.9986677005510252,-9.426949675917593e-59,-3.69203084132807e-143,1.1218549538140785,1.453019167131883e-6,0.0,7656.286437059872,23.432043786388714
2978.9463500979873,905.032901876606,32.50271161631807,-121.47374639459736,392.7145323645855,4.727475828663892,-89.82595138850783,88.0599094289947,0.014036327324633438,12.538506684437099,0.9986682701404458,-8.702171357759077e-59,-3.022779738740206e-143,1.1220628339450673,1.4527512148962275e-6,0.0,7656.286437641026,23.430963431961477
2979.5463500979868,902.1966128256172,32.50271161636953,-121.47374639280535,392.7143499879403,4.726821065746705,-89.82595144316237,88.05757197830988,0.014033925107349646,12.538517410361726,0.9986691244399938,-7.71813364143968e-59,-2.239330916110652e-143,1.1223746736238476,1.452349447256324e-6,0.0,7656.286438512556,23.429343268227917
2979.9463500979864,900.3059716839343,32.50271161640387,-121.47374639161096,392.71422841904865,4.7263846813969295,-89.82595147958197,88.0560135302047,0.014032324128544162,12.538524560267295,0.998669693916408,-7.124735340581475e-59,-1.8334094194941574e-143,1.1225825797298217,1.4520817092481657e-6,0.0,7656.286439093442,23.42826340425156
2980.546350097986,897.4703372102231,32.502711616455414,-121.47374638981981,392.7140460890107,4.725730291174971,-89.8259515342135,88.05367564176439,0.014029923409028365,12.538535284062304,0.9986705480463359,-6.3190733964880955e-59,-1.358223473031757e-143,1.1228944583668032,1.4516802627665138e-6,0.0,7656.2864399645705,23.426643975902273
2980.9463500979855,895.5801323289052,32.50271161648981,-121.47374638862595,392.7139245511806,4.725294155176261,-89.82595157063105,88.05211690189073,0.014028323428255583,12.538542432550722,0.9986711174098768,-5.8332399566080785e-59,-1.1120195283864176e-143,1.1231023904422006,1.4514127387423749e-6,0.0,7656.286440545188,23.425564601989237
2981.546350097985,892.7451520580798,32.50271161654145,-121.47374638683563,392.7137422677198,4.7246401373117,-89.82595162524375,88.04977857594929,0.014025924205068204,12.538553154221487,0.9986719713706128,-5.173619743484416e-59,-8.238045522537198e-144,1.1234143080293617,1.451011613054113e-6,0.0,7656.286441415913,23.42394590844355
2981.9463500979846,890.8553831884637,32.502711616575894,-121.47374638564233,392.71362076093106,4.72420424943858,-89.82595166164664,88.04821954047351,0.01402432522136799,12.538560301293243,0.998672540621319,-4.775852963626292e-59,-6.744742436492602e-144,1.123622266068747,1.4507443027705102e-6,0.0,7656.286441996266,23.42286702420523
2982.546350097984,888.0210567517206,32.50271161662761,-121.47374638385283,392.71343852401753,4.723550603593522,-89.82595171624054,88.04588077420439,0.014021927493070732,12.538571020836182,0.9986733944125777,-4.2358016074077385e-59,-4.9966294486068274e-144,1.1239342225974982,1.450343497510501e-6,0.0,7656.2864428665935,23.421249064879838
2982.9463500979837,886.1317236451432,32.502711616662104,-121.4737463826601,392.7133170482502,4.723114963620593,-89.8259517526288,88.04432145147983,0.01402032950548355,12.53857816649098,0.9986739635504261,-3.9101377107484736e-59,-4.090894932450882e-144,1.124142206595466,1.4500764007241395e-6,0.0,7656.286443446678,23.42017066992739
2983.546350097983,883.2980506662279,32.50271161671388,-121.4737463808714,392.7131348578536,4.722461689457256,-89.82595180720806,88.04198224659142,0.01401793327063781,12.53858888391044,0.9986748171725538,-3.467981055220361e-59,-3.030610328430877e-144,1.12445420205808,1.4496759155280525e-6,0.0,7656.286444316604,23.418553444240732
2983.9463500979828,881.4091530749574,32.50271161674844,-121.47374637967923,392.71301341308765,4.72202629716002,-89.82595184358377,88.04042262557921,0.014016336278207338,12.538596028150414,0.998675386197714,-3.201350006682007e-59,-2.4812543260073033e-144,1.1246622120091498,1.449409031996519e-6,0.0,7656.286444896419,23.41747553818786
2984.546350097982,878.5761331869289,32.50271161680031,-121.47374637789135,392.71283126917814,4.721373394341945,-89.82595189814421,88.03808298290554,0.014013941535380513,12.538606743444474,0.9986762396505574,-2.839342753526091e-59,-1.8381589143763262e-144,1.124974246396912,1.449008866500753e-6,0.0,7656.286445765945,23.41585904555981
2984.946350097982,876.6876708641648,32.50271161683491,-121.47374637669974,392.7127098553934,4.720938249495791,-89.82595193451365,88.03652306998495,0.014012345537150606,12.538613886268804,0.9986768085629645,-2.621043713399318e-59,-1.5049575048952636e-144,1.1251822822955284,1.448742195981579e-6,0.0,7656.286446345496,23.41478162801898
2985.5463500979813,873.8553036917001,32.50271161688685,-121.47374637491272,392.7125277579409,4.720285717686036,-89.82595198904481,88.03418298678575,0.014009952284907869,12.53862459944146,0.9986776618468421,-2.3246572410958173e-59,-1.1149002439553389e-144,1.1254943556006891,1.4483423498228584e-6,0.0,7656.286447214621,23.41316586786921
2985.946350097981,871.9672763925046,32.502711616921516,-121.47374637372161,392.71240637511755,4.719850820066907,-89.82595202539963,88.03262278562062,0.014008357279924711,12.538631740848775,0.9986782306463866,-2.14592910278819e-59,-9.128032817116025e-145,1.1257024174411208,1.4480758920740692e-6,0.0,7656.286447793904,23.412088938453884
2986.5463500979804,869.1355615667999,32.502711616973535,-121.47374637193542,392.7122243240921,4.719198658929469,-89.82595207992034,88.03028226270254,0.014005965516835637,12.538642451899221,0.9986790837612343,-1.9032683820465556e-59,-6.76221486755086e-145,1.1260145296552562,1.4476763648896935e-6,0.0,7656.286448662631,23.410473910202892
2986.94635009798,867.2479690397158,32.502711617008245,-121.47374637074488,392.7121029722101,4.718764008313095,-89.82595211626051,88.02872176816723,0.014004371504144108,12.538649591893797,0.9986796524482567,-1.756938158128212e-59,-5.536434274012661e-145,1.1262226174325138,1.4474101196696974e-6,0.0,7656.286449241648,23.40939746852707
2987.5463500979795,864.4169061901048,32.502711617060356,-121.47374636895948,392.7119209675817,4.71811221751236,-89.8259521707645,88.0263808109869,0.014001981228779685,12.53866030082378,0.9986805053942135,-1.5582643626165471e-59,-4.101492502387295e-145,1.1265347685474483,1.4470109110976317e-6,0.0,7656.286450109974,23.407783171596535
2987.946350097979,862.529748189263,32.502711617095116,-121.47374636776952,392.71179964662116,4.717677813675301,-89.82595220709212,88.0248200218849,0.014000388207428391,12.538667439406234,0.9986810739687632,-1.438459307661309e-59,-3.358018653590527e-145,1.1267428822559564,1.446744878165316e-6,0.0,7656.286450688725,23.406707217275155
2988.5463500979786,859.6993369478732,32.502711617147305,-121.47374636598495,392.71161768835987,4.717026392875784,-89.82595226158148,88.02247862705195,0.013997999418361008,12.538678146212911,0.9986819267456026,-1.2757989607276304e-59,-2.4876820800034534e-145,1.1270550722632424,1.4463459878436178e-6,0.0,7656.2864515566525,23.40509365108562
2988.946350097978,857.8126132292673,32.502711617182115,-121.4737463647955,392.71149639830077,4.716592235594583,-89.82595229789865,88.0209175483821,0.013996407387399188,12.538685283380339,0.9986824952074481,-1.1777108774288776e-59,-2.0367421917734023e-145,1.1272632118972514,1.446080166957845e-6,0.0,7656.2864521351385,23.404018183732514
2989.5463500979777,854.9828532189131,32.50271161723438,-121.4737463630118,392.71131448637664,4.715941184461262,-89.82595235236292,88.01857571217501,0.013994020083201665,12.538695988072972,0.998683347815908,-1.0445358485004584e-59,-1.508856136532792e-145,1.127575440789514,1.4456815945258289e-6,0.0,7656.286453002667,23.40240534770811
2989.9463500979773,853.0965635357425,32.502711617269256,-121.4737463618229,392.71119322719915,4.715507273512919,-89.82595238867592,88.0170143446437,0.013992429041679836,12.538703123827045,0.9986839161651824,-9.64228117839029e-60,-1.2353471447558446e-145,1.1277836063436038,1.4454159854461867e-6,0.0,7656.286453580886,23.401330366939053
2990.5463500979768,850.2674543941393,32.50271161732159,-121.47374636004,392.7110113615826,4.714856591711767,-89.82595244312346,88.01467207195377,0.013990043220930903,12.538713826400125,0.9986847686048239,-8.551936256322922e-60,-9.151679224016852e-146,1.1280958741118665,1.445017730543202e-6,0.0,7656.286454448017,23.399718260502553
2990.9463500979764,848.3815984986722,32.50271161735651,-121.47374635885163,392.7108901332668,4.714422926873149,-89.82595247941762,88.01311041047572,0.013988453167899406,12.538720960741808,0.9986853368416041,-7.894432165398279e-60,-7.4927625804601675e-146,1.1283040655807515,1.4447523330293439e-6,0.0,7656.286455025971,23.398643765932572
2991.546350097976,845.5531398532912,32.502711617408934,-121.47374635706956,392.71070831392774,4.713772614069485,-89.82595253384424,88.01076770248332,0.013986068829174766,12.53873166119706,0.9986861891125648,-7.001733242301298e-60,-5.550776551285973e-146,1.1286163722172053,1.4443543952950334e-6,0.0,7656.286455892703,23.397032388506442
2991.9463500979755,843.6677174977958,32.50271161744391,-121.47374635588176,392.71058711645367,4.713339195118246,-89.82595257012169,88.00920575088334,0.01398447976368666,12.538738794130294,0.9986867572371647,-6.463414420411996e-60,-4.544592289339041e-146,1.1288245895956273,1.4440892091074474e-6,0.0,7656.286456470391,23.39595837975296
2992.546350097975,840.8399089807644,32.5027116174964,-121.4737463541005,392.7104053433625,4.71268925097898,-89.82595262454205,88.00686260235851,0.013982096905568037,12.53874949247045,0.9986876093396619,-5.73253435560873e-60,-3.366717688426868e-146,1.1291369350919949,1.4436915881827611e-6,0.0,7656.286457336725,23.39434773076346
2992.9463500979746,838.9549199230969,32.50271161753143,-121.47374635291324,392.71028417671033,4.712256077692522,-89.82595266080277,88.00530035945073,0.01398050882667689,12.538756623989725,0.9986881773516426,-5.291796179222997e-60,-2.7564358078260964e-146,1.1293451783741018,1.4434266130814195e-6,0.0,7656.286457914148,23.393274207440804
2993.546350097974,836.1277611665428,32.50271161758402,-121.47374635113279,392.71010244983717,4.711606501884078,-89.82595271520223,88.00295677356912,0.013978127447745133,12.538767320213113,0.9986890292855434,-4.693402190717205e-60,-2.04201842550127e-146,1.1296575627221446,1.4430293086070323e-6,0.0,7656.286458780086,23.391664286311585
2993.9463500979737,834.2432051589713,32.50271161761909,-121.47374634994608,392.70998131398716,4.711173574040737,-89.82595275145667,88.00139423885534,0.013976540354506763,12.538774450323649,0.9986895971853207,-4.3325562900628777e-60,-1.671863586198826e-146,1.1298658319027368,1.4427645443532832e-6,0.0,7656.286459357244,23.390591248038675
2994.546350097973,831.4166957940906,32.50271161767174,-121.47374634816644,392.70979963330234,4.710524366230446,-89.82595280583732,87.99905022107534,0.01397416045334581,12.538785144432765,0.9986904489508237,-3.842632727054967e-60,-1.2385473437290442e-146,1.1301782550943607,1.442367555970938e-6,0.0,7656.286460222784,23.38898205419623
2994.9463500979728,829.5325725926086,32.50271161770688,-121.4737463469803,392.70967852823463,4.710091683608444,-89.8259528420813,87.99748739767806,0.013972574344816665,12.538792273133346,0.9986910167383009,-3.547197089763875e-60,-1.014036983165597e-146,1.1303865501678496,1.4421030023258699e-6,0.0,7656.286460799678,23.387909500589927
2995.546350097972,826.7067122505978,32.50271161775962,-121.47374634520148,392.7094968937084,4.709442843463853,-89.82595289643476,87.99514294009238,0.013970195920011653,12.53880296513006,0.9986918683355549,-3.146081600302297e-60,-7.512172777195725e-147,1.130699012195002,1.4417063296776807e-6,0.0,7656.286461664819,23.386301033460764
2995.946350097972,824.8230216084048,32.50271161779481,-121.4737463440159,392.70937581940325,4.709010405841486,-89.82595293267458,87.99357982018256,0.013968610795248325,12.538810092422109,0.9986924360108451,-2.9041993574298593e-60,-6.150447989392949e-147,1.1309073331561352,1.4414419864027622e-6,0.0,7656.28646224145,23.385228964138484
2996.5463500979713,821.9978099241853,32.502711617847616,-121.47374634223789,392.7091942310059,4.708361933030618,-89.82595298701548,87.99123493324836,0.013966233845386953,12.538820782304475,0.9986932874396954,-2.5757937692230253e-60,-4.5563651741024e-147,1.1312198340103938,1.4410456291311892e-6,0.0,7656.286463106196,23.383621223149028
2996.946350097971,820.1145515972748,32.50271161788285,-121.47374634105282,392.7090731874435,4.707929740186868,-89.82595302323439,87.98967152392561,0.013964649703448887,12.538827908188445,0.9986938550028347,-2.3777573374862736e-60,-3.730436966128903e-147,1.1314281808536382,1.4407814959884353e-6,0.0,7656.286463682561,23.38254963772942
2997.5463500979704,817.2899882029742,32.50271161793574,-121.47374633927562,392.7088916451455,4.707281634378226,-89.82595307755437,87.98732619888884,0.013962274227120383,12.538838595958705,0.9986947062634598,-2.1088815817525672e-60,-2.7635764266224747e-147,1.1317407205269299,1.4403854537367449e-6,0.0,7656.286464546912,23.38094262230788
2997.94635009797,815.4071619445458,32.50271161797104,-121.4737463380911,392.7087706323061,4.706849686092093,-89.82595311376284,87.9857625017531,0.013960691067066988,12.53884572043739,0.9986952737146709,-1.94674306414461e-60,-2.2626254188736818e-147,1.1319490932470888,1.4401215304884976e-6,0.0,7656.286465123013,23.379871520409917
2998.5463500979695,812.5832464722916,32.502711618024,-121.47374633631473,392.70858913607776,4.706201946954377,-89.8259531680661,87.98341674031352,0.01395831706286172,12.538856406097048,0.9986961248071906,-1.7266062131972393e-60,-1.676194592389755e-147,1.1322616717313818,1.4397258029003075e-6,0.0,7656.286465986967,23.378265229984454
2998.946350097969,810.7008520439267,32.502711618059344,-121.47374633513077,392.7084681539417,4.7057702430055075,-89.82595320427039,87.98185275060804,0.013956734883756044,12.538863529165216,0.9986966921460567,-1.5938584219875307e-60,-1.3723523095595457e-147,1.132470070322358,1.4394620893090243e-6,0.0,7656.286466562805,23.3771946112266
2999.5463500979686,807.877584126778,32.50271161811239,-121.47374633335524,392.7082867037535,4.705122870207887,-89.82595325855483,87.97950655507549,0.013954362350266473,12.538874212715369,0.9986975430705582,-1.4136256114361037e-60,-1.0166638723975744e-147,1.1327826876095586,1.4390666760284876e-6,0.0,7656.286467426363,23.375589045226057
2999.946350097968,805.9956212798133,32.50271161814779,-121.47374633217179,392.70816575230094,4.704691410375554,-89.8259532947382,87.97794227622846,0.013952781151169177,12.538881334377189,0.9986981102974114,-1.3049409118900934e-60,-8.323741286752348e-148,1.1329911120664176,1.4388031718571203e-6,0.0,7656.286468001937,23.374518909227792
3000.5463500979677,803.1730005508289,32.50271161820093,-121.47374633039706,392.70798434812343,4.704044403587749,-89.82595334900383,87.97559563952723,0.013950410086989941,12.538892015820078,0.9986989610540734,-1.1573787665270132e-60,-6.1663808851979264e-148,1.133303768148474,1.438408072529064e-6,0.0,7656.2864688651,23.37291406708228
3000.9463500979673,801.2914690421894,32.50271161823636,-121.47374632921415,392.7078634273347,4.703613187651846,-89.82595338517675,87.97403107525979,0.013948829866964791,12.538899136074985,0.9986995281688685,-1.0683952602271163e-60,-5.048606580552368e-148,1.1335122184656894,1.4381447775408515e-6,0.0,7656.28646944041,23.371844413463275
3001.5463500979668,798.4694951381534,32.502711618289574,-121.47374632744027,392.7076820691382,4.702966546544043,-89.82595343942984,87.9716840063372,0.013946460270693068,12.538909815408987,0.9987003787575617,-9.475815932952467e-61,-3.740100760309567e-148,1.1338249133341751,1.4377499918104373e-6,0.0,7656.286470303178,23.370240294602784
3001.9463500979664,796.5883947210386,32.502711618325066,-121.47374632625792,392.7075611789937,4.702535574284941,-89.82595347558602,87.97011914795887,0.013944881028805013,12.53891693426233,0.9987009457607251,-8.747280598494299e-61,-3.0621360668384535e-148,1.1340333895066608,1.4374869057694308e-6,0.0,7656.286470878225,23.369171122985016
3002.546350097966,793.767067277804,32.50271161837836,-121.4737463244848,392.70737986674885,4.70188929852752,-89.82595352982658,87.96777164427064,0.013942512899038946,12.538927611486255,0.9987017961813545,-7.758141949038438e-61,-2.268486808988156e-148,1.1343461231532979,1.4370924332822343e-6,0.0,7656.286471740599,23.367567726839745
3002.9463500979655,791.8863977110013,32.502711618413905,-121.473746323303,392.7072590072289,4.701458569725523,-89.8259535659744,87.96620649776656,0.013940934634354002,12.538934728935013,0.9987023630726454,-7.16166766338232e-61,-1.8572802499510607e-148,1.1345546251753749,1.4368295559521441e-6,0.0,7656.2864723153825,23.366499036842832
3003.546350097965,789.0657163606957,32.502711618467266,-121.4737463215307,392.7070777409062,4.700812658989159,-89.82595362018778,87.96385855920909,0.013938567969692565,12.538945404052004,0.9987032133254615,-6.3518294284423e-61,-1.3759074239826977e-148,1.1348673975923356,1.4364353963544386e-6,0.0,7656.286473177363,23.36489636284435
3003.9463500979646,787.1854774011299,32.502711618502865,-121.47374632034946,392.70695691199114,4.700382173424889,-89.82595365632095,87.96229312392256,0.013936990681277748,12.538952520095915,0.9987037801048587,-5.8634775852011234e-61,-1.1264979254889054e-148,1.1350759254585574,1.4361727274995063e-6,0.0,7656.286473751885,23.363828154089084
3004.546350097964,784.3654417768121,32.502711618556305,-121.47374631857798,392.70677569156106,4.699736627381016,-89.82595371051758,87.95994475099786,0.013934625480322859,12.538963193110279,0.9987046301902047,-5.200438114312434e-61,-8.34530415548291e-149,1.1353887366379545,1.4357788804383668e-6,0.0,7656.28647461347,23.36222620167074
3004.9463500979637,782.4856331823394,32.50271161859197,-121.47374631739726,392.70665489323136,4.699306384835675,-89.82595374664241,87.9583790249651,0.013933049167247425,12.538970307749937,0.998705196857756,-4.8006094401647784e-61,-6.832558393727848e-149,1.135597290342804,1.4355164198234185e-6,0.0,7656.28647518773,23.361158473779316
3005.546350097963,779.6662429226562,32.502711618645485,-121.4737463156266,392.7064737186646,4.698661203156023,-89.82595380082023,87.9560302219647,0.013930685428603321,12.538980978658918,0.9987060467754122,-4.257758632448946e-61,-5.061685127472366e-149,1.1359101402761687,1.4351228849459639e-6,0.0,7656.286476048921,23.35955724237318
3005.9463500979627,777.7868644492701,32.5027116186812,-121.4737463144464,392.7063529509007,4.6982312034108205,-89.8259538369346,87.95446420365411,0.013929110089936617,12.538988091895973,0.9987066133312489,-3.930406599517799e-61,-4.14415802705006e-149,1.1361187198143556,1.4348606323360698e-6,0.0,7656.286476622919,23.358489994967808
3006.546350097962,774.9681191900745,32.502711618734786,-121.47374631267657,392.70617182216785,4.697586385767463,-89.8259538910957,87.95211496671914,0.01392674781220865,12.538998760700338,0.9987074630812763,-3.485957946947004e-61,-3.0700686101227397e-149,1.1364316084935717,1.4344674092900984e-6,0.0,7656.286477483716,23.35688948400725
3006.946350097962,773.0891705946997,32.50271161877054,-121.47374631149694,392.70605108495016,4.697156628604025,-89.82595392719753,87.95054866040266,0.013925173447021762,12.539005872536421,0.9987080295255282,-3.217944769321375e-61,-2.513560040544824e-149,1.1366402138597356,1.4342053644507604e-6,0.0,7656.286478057452,23.35582271671092
3007.5463500979613,770.2710699709132,32.502711618824215,-121.47374630972789,392.705870002022,4.696512174669395,-89.82595398133772,87.94819898758392,0.013922812628816748,12.53901653923822,0.9987088791080903,-2.854060987692374e-61,-1.8620915828416326e-149,1.1369531412768306,1.4338124528846332e-6,0.0,7656.286478917857,23.354222925630133
3007.946350097961,768.3925510123372,32.50271161886003,-121.4737463085488,392.7057492953309,4.696082659869214,-89.82595401743328,87.94663239581514,0.013921239236181033,12.539023649670733,0.9987094454405505,-2.634630355972134e-61,-1.5245519201209206e-149,1.137161772465427,1.4335506155812076e-6,0.0,7656.286479491329,23.353156638064267
3008.5463500979604,765.5750946607441,32.502711618913786,-121.47374630678055,392.705568258178,4.6954385693164085,-89.82595407155465,87.94428228895646,0.013918879876108596,12.539034314271548,0.9987102948557731,-2.336707512091914e-61,-1.1294161477228458e-149,1.1374747386122641,1.433158015143932e-6,0.0,7656.286480351342,23.35155756629862
3008.94635009796,763.6970050949603,32.502711618949654,-121.47374630560199,392.70544758199406,4.695009296661813,-89.82595410763138,87.94271540709553,0.0139173074550978,12.53904142330464,0.9987108610767721,-2.157052904942704e-61,-9.246879006879001e-150,1.137683395618088,1.4328963851428506e-6,0.0,7656.286480924553,23.35049175808805
3009.5463500979595,760.8801926523447,32.50271161900348,-121.47374630383457,392.70526659058726,4.694365569163722,-89.82595416173812,87.94036486815041,0.013914949551767492,12.539052085803146,0.9987117103245499,-1.913134309537506e-61,-6.850258314311919e-150,1.137996400486568,1.4325040954834068e-6,0.0,7656.286481784173,23.348893405071337
3009.946350097959,759.0025322381407,32.502711619039395,-121.47374630265658,392.7051459448909,4.69393653843696,-89.8259541978023,87.93879769857476,0.013913378101455934,12.539059193435941,0.9987122764340179,-1.7660455570834438e-61,-5.608518164542256e-150,1.1382050833041313,1.4322426725509416e-6,0.0,7656.286482357122,23.34782807583927
3010.5463500979586,756.1863633422181,32.5027116190933,-121.47374630088994,392.70496499920085,4.6932931736676915,-89.82595425189231,87.93644672641224,0.013911021653481612,12.539069853834453,0.9987131255145351,-1.5663419008966585e-61,-4.1548935764211356e-150,1.1385181268860938,1.4318506933195296e-6,0.0,7656.286483216351,23.346230441008807
3010.946350097958,754.30913183745,32.50271161912927,-121.47374629971247,392.70484438397267,4.692864384651186,-89.82595428794814,87.93487926729863,0.013909451172944341,12.539076960066977,0.998713691512474,-1.4459158152994008e-61,-3.4017397630703144e-150,1.1387268355100386,1.4315894772222903e-6,0.0,7656.286483789038,23.345165590378855
3011.5463500979577,751.4936061240733,32.50271161918326,-121.47374629794666,392.70466348397025,4.692221382284529,-89.82595434201724,87.93252786014047,0.013907096178939154,12.539087618366633,0.9987145404258215,-1.2824122897558953e-61,-2.5200714833364104e-150,1.1390399177975714,1.4311978080691124e-6,0.0,7656.286484647874,23.343568673170505
3011.9463500979573,749.6168032884598,32.502711619219276,-121.47374629676975,392.70454289919076,4.691792834761495,-89.82595437805634,87.93096011408558,0.013905526667254222,12.539094723199701,0.9987151063122965,-1.1838157495696747e-61,-2.063260397160205e-150,1.1392486522223604,1.430936798574413e-6,0.0,7656.286485220301,23.34250430076819
3012.5463500979567,746.8019203962758,32.50271161927334,-121.47374629500472,392.7043620448467,4.6911501944723435,-89.8259544321129,87.92860827724462,0.013903173125835581,12.539105379402361,0.9987159550586221,-1.049950384380008e-61,-1.5285013116017465e-150,1.1395617732072805,1.4305454391506532e-6,0.0,7656.286486078745,23.34090810062037
3012.9463500979564,744.9255459867418,32.50271161930941,-121.47374629382833,392.7042414904963,4.690721888225657,-89.82595446814364,87.9270402420113,0.013901604582079952,12.53911248283723,0.9987165208337332,-9.692263644263577e-62,-1.2514312566483333e-150,1.1397705334277128,1.4302846360258039e-6,0.0,7656.286486650911,23.33984420607022
3013.546350097956,742.11130555626,32.50271161936355,-121.47374629206413,392.7040606817816,4.690079609688641,-89.8259545221772,87.92468797371193,0.013899252491865327,12.539123136939308,0.9987173694127514,-8.596266726900796e-62,-9.270833287931692e-151,1.1400836931016698,1.42989358598244e-6,0.0,7656.2864875089645,23.338248722419067
3013.9463500979555,740.2353593325242,32.50271161939966,-121.47374629088827,392.7039401578411,4.6896515445020945,-89.82595455819329,87.92311965160025,0.013897684915119479,12.539130238977556,0.9987179350766243,-7.935354347503934e-62,-7.590317694615383e-151,1.140292479112263,1.429632988995504e-6,0.0,7656.286488080869,23.337185305347724
3014.546350097955,737.4217609986663,32.5027116194539,-121.47374628912486,392.7037593947265,4.6890096273925925,-89.82595461221432,87.92076695192473,0.013895334274728202,12.539140890984612,0.9987187834887781,-7.03802796202193e-62,-5.6230471770125846e-151,1.1406056774675717,1.429242247984757e-6,0.0,7656.286488938531,23.335590537632974
3014.9463500979546,735.5462427195162,32.502711619490064,-121.47374628794957,392.70363890117636,4.688581803049465,-89.82595464821786,87.91919833907777,0.013893767664071313,12.539147991625033,0.9987193490413165,-6.496918669532752e-62,-4.6037624838853835e-151,1.140814489262972,1.4289818569035015e-6,0.0,7656.286489510176,23.334527597664913
3015.546350097954,732.7332861199975,32.502711619544364,-121.47374628618701,392.70345818363273,4.6879402470429055,-89.82595470222007,87.9168452065509,0.013891418472123844,12.539158641537663,0.9987201972866532,-5.762249958949443e-62,-3.410552058580193e-151,1.1411277262916721,1.4285914245776028e-6,0.0,7656.286490367447,23.332933545324924
3015.9463500979537,730.8581955460832,32.50271161958059,-121.47374628501218,392.70333772045365,4.687512663327217,-89.82595473821317,87.9152763049334,0.013889852826637931,12.539165740779591,0.9987207627278046,-5.3192271384579525e-62,-2.7923243612143027e-151,1.1413365638663469,1.4283312391704547e-6,0.0,7656.286490938832,23.33187108208633
3016.546350097953,728.0458803260699,32.502711619634965,-121.4737462832504,392.70315704845206,4.68687146810028,-89.82595479219864,87.91292274030603,0.01388750508176017,12.53917638859428,0.9987216108060442,-4.717731269125837e-62,-2.0686053269902262e-151,1.1416498395596935,1.4279411151824292e-6,0.0,7656.286491795714,23.330277744561243
3016.9463500979527,726.1712172133848,32.502711619671246,-121.47374628207618,392.7030366156246,4.686444124796381,-89.82595482817919,87.91135355560864,0.013885940400527852,12.539183486443333,0.9987221761362557,-4.355014860074037e-62,-1.6936311040204785e-151,1.1418587029086533,1.4276811352185497e-6,0.0,7656.2864923668385,23.32921575768036
3017.546350097952,723.3595430059358,32.502711619725694,-121.47374628031518,392.70285598913597,4.685803290025062,-89.82595488214167,87.90899956138036,0.013883594101342265,12.53919413216596,0.9987230240478665,-3.8625516918300298e-62,-1.2546731219325634e-151,1.1421720172592886,1.4272913192218022e-6,0.0,7656.286493223331,23.32762313441043
3017.946350097952,721.4853071179241,32.50271161976203,-121.4737462791415,392.7027355866408,4.685376186917077,-89.82595491811176,87.90743008570169,0.013882030383447035,12.53920122861631,0.9987235892666739,-3.56558461178328e-62,-1.0272396560900415e-151,1.1423809063767445,1.427031544469739e-6,0.0,7656.286493794195,23.32656162351202
3018.5463500979513,718.6742735644802,32.50271161981655,-121.47374627738132,392.7025550056361,4.684735712278524,-89.8259549720596,87.90507566011682,0.013879685528581386,12.539211872246943,0.9987244370116615,-3.16238986940506e-62,-7.60998061041657e-152,1.1426942593764182,1.4266420361183094e-6,0.0,7656.286494650297,23.32496971393866
3018.946350097951,716.8004646599293,32.50271161985293,-121.47374627620815,392.70243463345395,4.684308849151562,-89.82595500801925,87.90350589746618,0.01387812277310926,12.53921896730253,0.9987250021193785,-2.9192537872464556e-62,-6.230526284850443e-152,1.1429031742571238,1.4263824663479405e-6,0.0,7656.286495220903,23.32390867865197
3019.5463500979504,713.990071403794,32.50271161990754,-121.47374627444877,392.70225409790436,4.68366873432351,-89.825955061942,87.90115103974875,0.013875779361193878,12.539229608840346,0.9987258496976772,-2.5891458507258286e-62,-4.615688650579766e-152,1.143216565897416,1.425993265296437e-6,0.0,7656.286496076616,23.32231748221748
3019.94635009795,712.1166892424226,32.502711619943966,-121.47374627327613,392.7021337560159,4.683242110962605,-89.8259550978933,87.89958099081633,0.01387421756723116,12.539236702502443,0.9987264146944056,-2.390082862201547e-62,-3.7790069294997693e-152,1.1434255065360501,1.4257339002776181e-6,0.0,7656.28649664696,23.3212569221707
3020.5463500979495,709.3069359194487,32.502711619998664,-121.47374627151757,392.7019532658922,4.682602355621899,-89.82595515180978,87.89722570224309,0.013871875596893079,12.539247341949256,0.9987272621061597,-2.11981334154474e-62,-2.799557950243535e-152,1.1437389368094144,1.425345006180519e-6,0.0,7656.286497502284,23.319666438315405
3020.946350097949,707.4339802600443,32.50271162003514,-121.47374627034544,392.7018329542781,4.682175971811796,-89.82595518773805,87.89565536671971,0.01387031476352543,12.539254434217552,0.9987278269918746,-1.956834350321343e-62,-2.292084604141923e-152,1.1439479032007847,1.4250858456830134e-6,0.0,7656.28649807237,23.318606353135408
3021.5463500979486,704.6248665135354,32.502711620089904,-121.47374626858769,392.7016525095516,4.681536575637072,-89.82595524163153,87.89329964918917,0.013867974233398707,12.539265071573906,0.9987286742371275,-1.7355563811638348e-62,-1.6980184995336137e-152,1.1442613720988821,1.4246972581960768e-6,0.0,7656.286498927304,23.317016581303434
3021.946350097948,702.7523371204734,32.50271162012643,-121.47374626741613,392.70153222819255,4.6811104311639715,-89.82595527755355,87.89172902577106,0.013866414359717335,12.539272162447922,0.9987292390117906,-1.60212046835498e-62,-1.3902202167276436e-152,1.1444703642372014,1.424438301990699e-6,0.0,7656.286499497132,23.315956970620427
3022.5463500979477,699.9438625909388,32.50271162018127,-121.47374626565914,392.70135182883433,4.680471393833639,-89.8259553314303,87.88937287769792,0.013864075268435453,12.539282797714876,0.9987300860906269,-1.4209533892278943e-62,-1.0299007471903082e-152,1.1447838717520478,1.4240500207698357e-6,0.0,7656.286500351678,23.314367910255104
3022.9463500979473,698.0717592202127,32.50271162021786,-121.47374626448814,392.70123157771116,4.680045488482901,-89.82595536734395,87.8878019654759,0.013862516353528094,12.539289887198722,0.9987306507545655,-1.3117053033643204e-62,-8.432115671060915e-153,1.144992889632491,1.4237912686273227e-6,0.0,7656.286500921246,23.31330877369802
3023.5463500979467,695.2639235472307,32.50271162027278,-121.47374626273196,392.7010512236924,4.679406809675561,-89.82595542120188,87.88544538951842,0.01386017869972548,12.539300520377726,0.9987314976671006,-1.1633782435833397e-62,-6.246666625566748e-153,1.1453064357562426,1.4234032933288423e-6,0.0,7656.286501775405,23.311720424242875
3023.9463500979464,693.3922459641472,32.50271162030942,-121.47374626156147,392.7009310027859,4.678981143233511,-89.82595545710089,87.88387419242447,0.013858620742684569,12.539307608468153,0.9987320622200561,-1.073933475577355e-62,-5.114338997134601e-153,1.1455154793729723,1.4231447450202737e-6,0.0,7656.286502344714,23.310661761441104
3024.546350097946,690.5850487919524,32.50271162036441,-121.4737462598061,392.70075069407767,4.678342822628947,-89.8259555109442,87.8815171830112,0.013856284525000418,12.539318239559604,0.9987329089663214,-9.524935496853152e-63,-3.7887965454363414e-153,1.145829064097308,1.422757075301405e-6,0.0,7656.286503198485,23.309074122342
3024.9463500979455,688.7137967562303,32.5027116204011,-121.47374625863613,392.7006305033687,4.677917394881593,-89.82595554682857,87.87994570266014,0.01385472752491692,12.539325326257343,0.998733473408352,-8.792623670938413e-63,-3.1020048108899817e-153,1.1460381334451355,1.4224987305980681e-6,0.0,7656.2865037675365,23.308015932924828
3025.546350097945,685.9072377253324,32.502711620456175,-121.47374625688157,392.7004502399422,4.677279432159082,-89.82595560065513,87.87758826399916,0.013852392741988864,12.539335955261775,0.9987343199883902,-7.798357646759112e-63,-2.2980223090435777e-153,1.1463517567621913,1.4221113661159993e-6,0.0,7656.28650462092,23.306429003626043
3025.9463500979446,684.036410998553,32.50271162049291,-121.47374625571213,392.70033007941146,4.676854242893307,-89.82595563653116,87.87601649621425,0.013850836697956974,12.539343040568802,0.9987348843196532,-7.198791431395127e-63,-1.8814618765349205e-153,1.1465608518357469,1.4218532247899557e-6,0.0,7656.286505189714,23.305371287224983
3026.546350097944,681.2304897494614,32.50271162054806,-121.47374625395837,392.70014986123795,4.6762166377329715,-89.82595569033474,87.8736586307982,0.013848503348425687,12.539353667489538,0.9987357307337289,-6.384755257067953e-63,-1.3938216184299743e-153,1.146874513737697,1.4214661652028066e-6,0.0,7656.28650604271,23.303785067173177
3026.9463500979437,679.3600880932063,32.502711620584854,-121.47374625278945,392.70002973086633,4.67579168673545,-89.82595572620029,87.87208657344209,0.013846948259539336,12.539360751405587,0.9987362949542031,-5.893871955877421e-63,-1.1411648300566912e-153,1.1470836345316378,1.4212082270260364e-6,0.0,7656.2865066112445,23.302727823418458
3027.546350097943,676.5548042720184,32.502711620640085,-121.4737462510365,392.69984955791716,4.675154438818087,-89.82595577998504,87.86972827950834,0.013844616342048893,12.53937137624104,0.9987371412021901,-5.22739550289775e-63,-8.453959286458401e-154,1.147397335010074,1.4208214719923172e-6,0.0,7656.286507463853,23.30114231206048
3027.9463500979427,674.6848274460062,32.502711620676926,-121.47374624986811,392.69972945768546,4.674729725876065,-89.82595581583806,87.86815593913245,0.013843062207403764,12.539378458770067,0.9987377053121906,-4.825494246267691e-63,-6.921517707053825e-154,1.1476064815192946,1.42056373673756e-6,0.0,7656.28650803213,23.300085540584497
3028.546350097942,671.8801806941628,32.50271162073222,-121.47374624811597,392.69954932993187,4.674092834882007,-89.82595586960818,87.86579721119915,0.013840731720596657,12.539389081520097,0.9987385513940777,-4.279829475603781e-63,-5.1275878255928243e-154,1.147920220566365,1.4201772859158383e-6,0.0,7656.286508884353,23.298500737366012
3028.946350097942,670.0106284627691,32.50271162076913,-121.47374624694811,392.69942925982104,4.673668359782576,-89.82595590545493,87.86422458349928,0.013839178539289058,12.539396162658385,0.9987391153933085,-3.9507805556485133e-63,-4.1981146024873267e-154,1.1481293927852656,1.4199197533554772e-6,0.0,7656.286509452371,23.29744443779875
3029.5463500979413,667.2066184235737,32.5027116208245,-121.47374624519675,392.6992491772343,4.67303182539343,-89.82595595920623,87.86186543167564,0.013836849481812368,12.539406783325754,0.9987399613093155,-3.5040280250639415e-63,-3.110040635194763e-154,1.1484431703929545,1.4195336064055167e-6,0.0,7656.286510304207,23.295860342168908
3029.946350097941,665.3374905474484,32.502711620861454,-121.47374624402944,392.69912913722516,4.672607587924507,-89.82595599503207,87.86029252009399,0.013835297252940817,12.539413863077396,0.9987405251981026,-3.2346255538410387e-63,-2.546286372663075e-154,1.1486523683163756,1.4192762763130488e-6,0.0,7656.286510871969,23.294804514143987
3030.5463500979404,662.5341168651357,32.502711620916905,-121.47374624227886,392.69894909977677,4.671971409821857,-89.82595604876664,87.85793293623918,0.013832969623442241,12.539424481661884,0.9987413709482121,-2.8688555164224966e-63,-1.886335852559362e-154,1.1489661844766021,1.4188904328946899e-6,0.0,7656.286511723419,23.29322112555084
3030.94635009794,660.6654131086543,32.50271162095391,-121.47374624111208,392.6988290898501,4.671547409771201,-89.8259560845904,87.8563597411957,0.013831418346105727,12.539431560024443,0.9987419347263614,-2.6482874273040957e-63,-1.5444014529208533e-154,1.1491754080989938,1.41863330504332e-6,0.0,7656.286512290923,23.29216576869973
3031.5463500979395,657.8626754265279,32.50271162100944,-121.47374623936231,392.69864909751135,4.670911587637186,-89.82595613830615,87.85399973017488,0.013829092143234965,12.53944217652823,0.9987427803107469,-2.3488202477939947e-63,-1.1441210472891528e-154,1.1494892628038207,1.4182477648171294e-6,0.0,7656.2865131419885,23.290583086592896
3031.946350097939,655.9943955522031,32.50271162104649,-121.47374623819604,392.6985291176484,4.67048782479292,-89.825956174109,87.85242624578265,0.0138275418165336,12.539449253502408,0.9987433439783142,-2.1682343692884863e-63,-9.367272563649107e-155,1.149698512119873,1.4179908389806302e-6,0.0,7656.286513709235,23.28952820054846
3032.5463500979386,653.1922935135663,32.5027116211021,-121.4737462364471,392.6983491703907,4.669852358309699,-89.8259562278122,87.85006580914536,0.013825217038940945,12.539459867926078,0.9987441893970226,-1.9230513788044529e-63,-6.939448079057459e-155,1.1500124053614027,1.4176056016073549e-6,0.0,7656.286514559914,23.287946224376896
3032.946350097938,651.3244372820482,32.5027116211392,-121.47374623528138,392.6982292205723,4.66942883246034,-89.8259562636004,87.84849203939976,0.013823667661976076,12.53946694351579,0.9987447529543199,-1.7752001658481646e-63,-5.6815405810285835e-155,1.1502216803660368,1.4173488775600926e-6,0.0,7656.286515126905,23.28689180877349
3033.5463500979376,648.5229705339298,32.50271162119489,-121.47374623353318,392.69804931836705,4.668793721310837,-89.8259563172869,87.8461311744803,0.013821344308315196,12.539477555857788,0.9987455982072269,-1.5744613105217298e-63,-4.208989927773249e-155,1.1505356121359942,1.4169639427010788e-6,0.0,7656.286515977199,23.28531053798719
3033.9463500979373,646.6555377095938,32.50271162123203,-121.473746232368,392.6979293985741,4.668370432245006,-89.82595635306464,87.84455712430535,0.013819795880189402,12.539484630061834,0.9987461616541583,-1.4534109750605388e-63,-3.446030117575619e-155,1.1507449128237413,1.4167074202173628e-6,0.0,7656.286516543933,23.28425659245801
3034.5463500979367,643.8547058952972,32.502711621287794,-121.47374623062058,392.6977495413928,4.667735676112506,-89.8259564067323,87.84219583063661,0.013817473949114959,12.539495240325381,0.9987470067415208,-1.289059900142104e-63,-2.552882593870903e-155,1.1510588831143085,1.4163227875347e-6,0.0,7656.286517393843,23.282676026508625
3034.9463500979364,641.9876962425187,32.50271162132499,-121.47374622945593,392.6976296516064,4.667312623619174,-89.82595644250169,87.84062149285252,0.013815926468932208,12.539502313143343,0.9987475700780533,-1.1899522673924217e-63,-2.09012386726425e-155,1.1512682094797297,1.4160664663892667e-6,0.0,7656.28651796032,23.281622550687672
3035.546350097936,639.1874990062788,32.50271162138083,-121.47374622770933,392.6974498394206,4.666678222187178,-89.82595649615055,87.8382597749101,0.01381360595910018,12.539512921330013,0.9987484149999963,-1.0553929874616868e-63,-1.5484022651337007e-155,1.1515822182830255,1.4156821355453386e-6,0.0,7656.286518809845,23.28004268902666
3035.9463500979355,637.3209122866392,32.502711621418094,-121.47374622654519,392.6973299796216,4.666255406055426,-89.82595653190947,87.8366851505813,0.01381205942596467,12.539519992764259,0.9987489782263186,-9.742505203068151e-64,-1.2677247822723941e-155,1.1517915703210138,1.4154260155133173e-6,0.0,7656.286519376066,23.27898968254862
3036.546350097935,634.521349273622,32.502711621474006,-121.4737462247994,392.6971502124029,4.665621359007844,-89.82595658553741,87.83432300256665,0.013809740336032906,12.539530598874979,0.9987498229829161,-8.64082699229504e-64,-9.391538727348218e-156,1.1521056176290922,1.4150419861709732e-6,0.0,7656.286520225206,23.277410524627943
3036.9463500979346,632.6551852533594,32.5027116215113,-121.47374622363577,392.6970303825724,4.665198779027084,-89.8259566212859,87.83274809667192,0.013808194749050894,12.539537668922943,0.9987503860988236,-7.976488656961272e-64,-7.689142967833512e-156,1.1523149953340541,1.4147860670275865e-6,0.0,7656.286520791172,23.276357987126953
3037.546350097934,629.8562561105937,32.5027116215673,-121.47374622189074,392.6968506602922,4.664565086048264,-89.82595667489922,87.83038551939468,0.01380587707767936,12.539548272957019,0.9987512306900205,-7.074510821826453e-64,-5.696258759971875e-156,1.152629081138798,1.4144023388501043e-6,0.0,7656.286521639929,23.274779532398938
3037.9463500979336,627.9905145522207,32.502711621604654,-121.47374622072768,392.6967308604113,4.664142742008325,-89.82595671063515,87.82881032707023,0.013804332435958097,12.539555341621718,0.9987517936957534,-6.530596593840666e-64,-4.663703069195021e-156,1.1528384845055772,1.414146620371311e-6,0.0,7656.286522205637,23.273727463511225
3038.546350097933,625.1922189258039,32.502711621660715,-121.47374621898346,392.69655118304127,4.6635094027833395,-89.82595676422963,87.8264473241417,0.01380201618180926,12.53956594358181,0.9987526381217615,-5.792119598363405e-64,-3.454957148403105e-156,1.153152608799016,1.4137631930228493e-6,0.0,7656.286523054011,23.27214971143043
3038.9463500979327,623.326899593696,32.50271162169813,-121.4737462178209,392.696431413091,4.663087294473982,-89.82595679995093,87.82487184772992,0.013800472484456431,12.539573010862558,0.9987532010172654,-5.346800290910309e-64,-2.828680180432041e-156,1.153362037822279,1.4135076749845273e-6,0.0,7656.286523619466,23.27109811079096
3039.546350097932,620.5292371287942,32.50271162175428,-121.47374621607747,392.69625178060267,4.662454308687434,-89.82595685353498,87.82250842038667,0.013798157646191755,12.539583610748236,0.9987540452780502,-4.742186461605279e-64,-2.095538387613672e-156,1.1536762005965842,1.4131245481290406e-6,0.0,7656.286524467455,23.269521060809694
3039.946350097932,618.6643397882581,32.50271162179174,-121.47374621491545,392.69613204056407,4.662032435899109,-89.82595688924371,87.82093266308017,0.013796614892317581,12.539590676645725,0.9987546080633803,-4.377589848045676e-64,-1.715682033022341e-156,1.1538856552709138,1.4128692303077324e-6,0.0,7656.286525032654,23.268469928055236
3040.5463500979313,615.8673101319,32.50271162184796,-121.47374621317282,392.6959524529292,4.6613998032368755,-89.82595694280685,87.81856880404003,0.013794301468603097,12.539601274459486,0.9987554521591407,-3.882573910073715e-64,-1.2710088563593832e-156,1.1541998565180906,1.412486403610364e-6,0.0,7656.28652588026,23.266893579629322
3040.946350097931,614.0028345454484,32.50271162188546,-121.4737462120113,392.6958327427834,4.660978165759742,-89.82595697850724,87.81699276200169,0.013792759657316842,12.5396083389752,0.9987560148344151,-3.58406744876756e-64,-1.0406142266624447e-156,1.1544093368384154,1.4122312857826482e-6,0.0,7656.286526445204,23.26584291439587
3041.5463500979304,611.2064373465255,32.502711621941764,-121.47374621026945,392.6956531999736,4.660345885907705,-89.82595703204736,87.8146284829955,0.01379044764681941,12.53961893471555,0.9987568587650324,-3.1787826752983176e-64,-7.709061893080483e-157,1.1547235765502946,1.4118487589085722e-6,0.0,7656.286527292429,23.264267266979854
3041.94635009793,609.3423832803965,32.50271162197932,-121.47374620910847,392.6955335197019,4.659924483532857,-89.8259570677352,87.81305215406165,0.013788906777234025,12.539625997850285,0.9987574213303143,-2.934386254356367e-64,-6.311647192718357e-157,1.1549330825111475,1.4115938408517224e-6,0.0,7656.286527857117,23.263217068905323
3042.5463500979295,606.5466181840748,32.50271162203569,-121.47374620736741,392.6953540216889,4.65929255617718,-89.8259571212628,87.81068744961068,0.013786596178621269,12.539636591520186,0.9987582650960243,-2.6025671450990827e-64,-4.675784513537775e-157,1.1552473606800238,1.4112116134667865e-6,0.0,7656.286528703958,23.261642121955145
3042.946350097929,604.682985403575,32.5027116220733,-121.47374620620697,392.6952343712723,4.658871388695607,-89.82595715693809,87.80911083909854,0.013785056249849605,12.539643653274211,0.9987588275513353,-2.4024722784490266e-64,-3.828209269550167e-157,1.155456892276069,1.4109568949581519e-6,0.0,7656.286529268392,23.260592390676855
3043.5463500979286,601.8878520587459,32.50271162212975,-121.47374620446669,392.6950549180278,4.658239813522895,-89.82595721044686,87.80674570447381,0.013782747061791547,12.539654244872734,0.9987596711520638,-2.1308017680427098e-64,-2.8360079501584364e-157,1.1557712088938545,1.4105749667285027e-6,0.0,7656.286530114852,23.25901814364829
3043.946350097928,600.0246403282508,32.50271162216741,-121.47374620330676,392.69493529744733,4.657818880725598,-89.82595724611171,87.80516881200522,0.013781208072946676,12.539661305246392,0.9987602334974311,-1.9669779464605858e-64,-2.3219273454285082e-157,1.1559807661198886,1.4103204475456108e-6,0.0,7656.286530679032,23.25796887880336
3044.5463500979276,597.2301383819431,32.502711622223934,-121.47374620156728,392.6947558889432,4.657187657422881,-89.82595729960583,87.80280325352696,0.013778900294114821,12.539671894775472,0.9987610769333326,-1.7445529439053464e-64,-1.7201265520417308e-157,1.1562951211787431,1.4099388181380645e-6,0.0,7656.286531525108,23.25639533115356
3044.9463500979273,595.3673474667594,32.502711622261636,-121.4737462004079,392.6946362981802,4.656766959101341,-89.82595733526024,87.80122607442368,0.013777362244311725,12.539678953769446,0.9987616391688108,-1.6104253424976164e-64,-1.408320762485951e-157,1.1565047040294842,1.4096844980589197e-6,0.0,7656.286532089032,23.255346532380152
3045.5463500979267,592.5734765687957,32.50271162231824,-121.47374619866918,392.6944569343881,4.656136087356295,-89.82595738873346,87.79886009210313,0.013775055873380439,12.539689541229459,0.998762482439915,-1.4283191518488583e-64,-1.0433099649363376e-157,1.156819097521296,1.4093031671408473e-6,0.0,7656.286532934729,23.253773683567168
3045.9463500979264,590.7111062342301,32.502711622356,-121.47374619751028,392.6943373734238,4.655715623302372,-89.82595742437321,87.79728262837776,0.013773518761735562,12.539696598845353,0.9987630445656317,-1.3185047592553339e-64,-8.541901080384507e-158,1.1570287059914874,1.4090490459439023e-6,0.0,7656.286533498399,23.252725350504374
3046.546350097926,587.9178660335019,32.502711622412676,-121.47374619577238,392.6941580543155,4.655085102802419,-89.82595747782761,87.79491622591623,0.013771213797378825,12.539707184234734,0.9987638876718139,-1.1694088199875983e-64,-6.3279976792606066e-158,1.157343137908286,1.4086680131826604e-6,0.0,7656.286534343715,23.251153199984824
3046.9463500979255,586.0559160457924,32.50271162245049,-121.47374619461405,392.69403852313116,4.654664872808234,-89.8259575134632,87.79333847806693,0.013769677623009872,12.539714240473312,0.99876444968783,-1.0795003992440828e-64,-5.180927244037695e-158,1.1575527719925944,1.4084140906466438e-6,0.0,7656.286534907133,23.250105332271954
3047.546350097925,583.2633061893284,32.50271162250725,-121.4737461928769,392.6938592486786,4.6540347032419,-89.82595756689669,87.79097164617089,0.01376737406390515,12.539724823797064,0.9987652926294889,-9.574309680680489e-65,-3.838126345430916e-158,1.1578672423266598,1.4080333557108782e-6,0.0,7656.286535752069,23.248533879506386
3047.9463500979246,581.4017763128504,32.5027116225451,-121.47374619171909,392.69373974725534,4.653614707099281,-89.82595760251971,87.78939362037792,0.013765838825929,12.539731878658646,0.9987658545358298,-8.838201787199351e-65,-3.1423926425057298e-158,1.1580769020199848,1.4077796316144832e-6,0.0,7656.286536315231,23.247486476781678
3048.546350097924,578.6097964532673,32.50271162260193,-121.47374618998275,392.69356051743046,4.652984888155335,-89.82595765594067,87.78702636259368,0.013763536670755866,12.539742459914617,0.9987666973127937,-7.838781809645006e-65,-2.3279423587292054e-158,1.1583914107630089,1.4073991941728315e-6,0.0,7656.286537159783,23.24591572122924
3048.9463500979236,576.7486864570528,32.502711622639836,-121.47374618882544,392.6934410457495,4.652565125657005,-89.82595769154906,87.78544805159544,0.013762002368293124,12.539749513397584,0.9987672591093306,-7.236107637009937e-65,-1.9059583457841544e-158,1.1586010960597546,1.4071456682953512e-6,0.0,7656.286537722691,23.244868783132492
3049.546350097923,573.9573362385854,32.50271162269675,-121.47374618708987,392.6932618605241,4.651935657023809,-89.82595774495329,87.78308037202972,0.013759701615729132,12.539760092589928,0.9987681017219306,-6.417851762536068e-65,-1.4119690541237922e-158,1.158915643204408,1.406765528016808e-6,0.0,7656.286538566862,23.243298724252423
3049.9463500979227,572.0966458888724,32.502711622734715,-121.47374618593312,392.6931424185668,4.651516127962766,-89.82595778054704,87.78150177729124,0.013758168247901117,12.539767144696459,0.998768663408837,-5.9244238811372224e-65,-1.1560226964405028e-158,1.1591253540993207,1.406512200138079e-6,0.0,7656.286539129516,23.242252250424762
3050.546350097922,569.3059249641374,32.5027116227917,-121.47374618419832,392.6929632779129,4.650887009330022,-89.82595783393664,87.77913367252324,0.013755868896629612,12.539777721824725,0.9987695058570372,-5.254492629863443e-65,-8.564029097745998e-159,1.1594399396373738,1.40613235669244e-6,0.0,7656.286539973308,23.24068288767823
3050.946350097922,567.4456540262327,32.502711622829715,-121.47374618304207,392.69284386566056,4.650467713498996,-89.82595786952204,87.777554796607,0.013754336462557038,12.539784772555528,0.9987700674343694,-4.850508047153974e-65,-7.011635262866934e-159,1.1596496761253263,1.4058792265922202e-6,0.0,7656.286540535709,23.239636877759548
3051.5463500979213,564.655562045984,32.50271162288676,-121.47374618130809,392.69266476955005,4.649838944556026,-89.82595792288653,87.77518627206683,0.013752038511260459,12.539795347617797,0.9987709097180167,-4.302014726868519e-65,-5.194348571084896e-159,1.159964300048796,1.4054996796492153e-6,0.0,7656.2865413791205,23.238068210606084
3051.946350097921,562.7957102879882,32.502711622924814,-121.47374618015235,392.69254538698397,4.649419881748519,-89.82595795846565,87.77360711306142,0.013750507010067099,12.539802396973252,0.9987714711858052,-3.971260123775824e-65,-4.2527736878226036e-159,1.1601740621243748,1.4052467471078766e-6,0.0,7656.28654194127,23.237022664237887
3052.5463500979204,560.0062469001859,32.502711622981955,-121.47374617841912,392.6923663353889,4.648791462185835,-89.82595801181552,87.7712381602483,0.013748210457431468,12.539812969975777,0.998772313305398,-3.5221917726192718e-65,-3.15053309254087e-159,1.160488724425633,1.4048674963386617e-6,0.0,7656.286542784306,23.235454692141545
3052.94635009792,558.1468140901998,32.50271162302006,-121.47374617726392,392.6922469824905,4.648372632195171,-89.82595804737792,87.76965871933427,0.013746679888240913,12.53982001795423,0.9987728746635106,-3.2513928061505904e-65,-2.579438798766207e-159,1.1606985120834523,1.404614761136519e-6,0.0,7656.286543346204,23.234409608964196
3053.5463500979195,555.3579789474607,32.502711623077275,-121.47374617553149,392.6920679753828,4.6477445617031865,-89.82595810071524,87.76728934398601,0.0137443847329532,12.539830588895414,0.9987737166189214,-2.8837267352027924e-65,-1.9108957805505955e-159,1.1610132127543864,1.4042358062119968e-6,0.0,7656.28654418886,23.23284233138661
3053.946350097919,553.4989648498595,32.50271162311543,-121.47374617437681,392.69194865213325,4.647325964323098,-89.82595813626509,87.76570961886665,0.013742855094889992,12.539837635500797,0.9987742778676718,-2.6620152924751017e-65,-1.5645094249035888e-159,1.1612230259895027,1.4039832681300878e-6,0.0,7656.286544750505,23.231797711042546
3054.5463500979185,550.7107576038688,32.502711623172715,-121.47374617264516,392.6917696894851,4.6466982425924535,-89.8259581895815,87.76333982241725,0.013740561335638193,12.53984820437973,0.9987751196588281,-2.3609957719988842e-65,-1.1590174033630468e-159,1.1615377650221421,1.403604608721584e-6,0.0,7656.28654559278,23.23023112744574
3054.946350097918,548.8521619867533,32.50271162321093,-121.47374617149099,392.69165039586596,4.64627987761711,-89.82595822512299,87.76175981393126,0.013739032627829094,12.539855249612733,0.9987756807982712,-2.179473794727678e-65,-9.489233634009584e-160,1.1617476038292216,1.4033522675411943e-6,0.0,7656.286546154171,23.22918696957752
3055.5463500979176,546.0645822910592,32.50271162326828,-121.47374616976012,392.69147147764926,4.645652504339004,-89.82595827841848,87.75938959926562,0.013736740263303656,12.539865816427593,0.998776522425028,-1.9330198549498158e-65,-7.029799086747482e-160,1.162062381215425,1.4029739033205658e-6,0.0,7656.286546996067,23.227621079424345
3055.9463500979173,544.2064049215987,32.50271162330655,-121.47374616860648,392.69135221364184,4.645234371562622,-89.82595831395162,87.7578093092188,0.01373521248487575,12.539872860289172,0.9987770834552396,-1.7844022291427517e-65,-5.7555137429976e-160,1.1622722455892633,1.402721758823188e-6,0.0,7656.286547557208,23.226577383674467
3056.5463500979167,541.4194524232298,32.502711623363986,-121.47374616687638,392.6911733398288,4.644607346428901,-89.82595836723038,87.75543866696476,0.013732921513768514,12.539883425047961,0.9987779249182344,-1.5826228085392658e-65,-4.263790608893574e-160,1.1625870613216658,1.4023436894634798e-6,0.0,7656.286548398729,23.22501218643133
3056.9463500979164,539.561693072319,32.5027116234023,-121.47374616572324,392.69105410541454,4.644189445645822,-89.82595840274679,87.75385809626891,0.013731394663850179,12.539890467534123,0.9987784858388966,-1.4609449873048226e-65,-3.4908971286269394e-160,1.162796951256665,1.4020917414305675e-6,0.0,7656.286548959616,23.22396895244123
3057.546350097916,536.7753674248233,32.50271162345981,-121.47374616399394,392.69087527597725,4.6435627683484055,-89.82595845601092,87.75148703119979,0.01372910508485473,12.539901030235578,0.9987793271380285,-1.2957419695897225e-65,-2.5861209021978513e-160,1.1631118053272012,1.4017139666045936e-6,0.0,7656.286549800757,23.222404447572224
3057.9463500979155,534.918025857769,32.50271162349817,-121.47374616284132,392.6907560711375,4.643145099353513,-89.82595849151687,87.74990618122749,0.0137275791625754,12.53990807135096,0.9987798879495107,-1.1961205949380934e-65,-2.1173370974019913e-160,1.1633217208184194,1.4014622148185752e-6,0.0,7656.286550361392,23.221361674986458
3058.546350097915,532.1323267156258,32.502711623555754,-121.47374616111279,392.6905772860482,4.6425187695845835,-89.82595854476219,87.74753469449175,0.013725290974386743,12.53991863199253,0.9987807290845768,-1.0608638032367887e-65,-1.5685623273418973e-160,1.163636613218962,1.4010847341994825e-6,0.0,7656.286551202157,23.219797861955694
3058.9463500979145,530.2754027023911,32.50271162359418,-121.47374615996071,392.69045811076455,4.642101332173204,-89.82595858026187,87.74595356114503,0.01372376597887823,12.539925671737393,0.9987812897868998,-9.793007197857927e-66,-1.2842304481765169e-160,1.163846554260958,1.4008331784429718e-6,0.0,7656.2865517625405,23.21875555041869
3059.546350097914,527.490329714492,32.502711623651834,-121.47374615823293,392.6902793699954,4.6414753496253605,-89.82595863349046,87.7435816539133,0.013721479180192224,12.539936230323894,0.9987821307582835,-8.685618243687632e-66,-9.513815741039925e-161,1.1641614849840465,1.4004559917048133e-6,0.0,7656.286552602926,23.21719242869268
3059.9463500979136,525.6338230231777,32.502711623690296,-121.47374615708137,392.6901602242492,4.64105814359245,-89.82595866896922,87.74200024075596,0.013719955110585292,12.539943268697673,0.9987826913514022,-8.017836193369847e-66,-7.789254937474588e-161,1.164371451571615,1.400204631760317e-6,0.0,7656.286553163059,23.21615057784752
3060.546350097913,522.8493758449331,32.502711623748034,-121.4737461553544,392.68998152777243,4.640432507959027,-89.82595872218737,87.73962790907423,0.013717669700101496,12.539953825228334,0.9987835321590421,-7.11118279697219e-66,-5.770423551344806e-161,1.1646864206090937,1.3998277385775223e-6,0.0,7656.286554003069,23.214588146892975
3060.9463500979127,520.9932862436399,32.502711623786546,-121.47374615420334,392.6898624115453,4.640015533099959,-89.82595875765567,87.73804621351809,0.013716146555528464,12.539960862231625,0.9987840926430042,-6.564449093611714e-66,-4.724424075688388e-161,1.1648964127370562,1.3995765742280258e-6,0.0,7656.286554562948,23.213546756383813
3061.546350097912,518.2094645276666,32.50271162384435,-121.47374615247715,392.689683759333,4.63939024407437,-89.82595881085501,87.73567346045084,0.013713862531946733,12.539971416707862,0.9987849332870132,-5.82214407232378e-66,-3.4999403886158438e-161,1.165211420081123,1.3991999742754373e-6,0.0,7656.286555402583,23.21198501566781
3061.946350097912,516.3537917863578,32.50271162388292,-121.4737461513266,392.6895646726063,4.638973500185168,-89.82595884631284,87.73409148309179,0.01371234031154247,12.539978452341403,0.9987854936618771,-5.374516373663697e-66,-2.8655093492395908e-161,1.1654214377441143,1.3989490053044887e-6,0.0,7656.286555962212,23.21094408514024
3062.5463500979113,513.5705951852724,32.5027116239408,-121.47374614960118,392.6893860646308,4.63834855746115,-89.82595889949546,87.7317183077452,0.01371005767356411,12.539989004764763,0.9987863341423783,-4.766768421890067e-66,-2.122822114333295e-161,1.1657364833870087,1.3985726982573944e-6,0.0,7656.2865568014695,23.209383034130347
3062.946350097911,511.71533907298,32.50271162397941,-121.47374614845117,392.68926700738615,4.637932044337594,-89.82595893493658,87.7301360515283,0.013708536376462957,12.539996039028019,0.9987868944081016,-4.4002818574508317e-66,-1.7380200631932203e-161,1.1659465265797948,1.3983219244484855e-6,0.0,7656.286557360849,23.208342563228825
3063.5463500979104,508.9327672421932,32.502711624037374,-121.47374614672653,392.6890884436199,4.637307447609284,-89.82595898809826,87.72776245862124,0.01370625512279139,12.540006589397109,0.9987877347249843,-3.902699917018595e-66,-1.2875572806211887e-161,1.1662616105134727,1.397945909982493e-6,0.0,7656.286558199729,23.20678220139259
3063.94635009791,507.0779275270179,32.50271162407604,-121.47374614557702,392.6889694158387,4.6368911650477065,-89.8259590235394,87.72617991912729,0.013704734748129499,12.540013622292621,0.9987882948817693,-3.602646094798653e-66,-1.0541629329751658e-161,1.1664716792309562,1.397695331119782e-6,0.0,7656.286558758858,23.20574218976344
3064.5463500979095,504.2959801182151,32.50271162413407,-121.47374614385316,392.6887908962539,4.636266914009807,-89.82595907668437,87.7238059074687,0.013702454877469744,12.540024170612085,0.9987891350354031,-3.195260456193442e-66,-7.809433205387956e-162,1.1667868014478395,1.397319608911419e-6,0.0,7656.286559597361,23.20418251657088
3064.946350097909,502.4415565710515,32.50271162417278,-121.47374614270416,392.6886718979179,4.635850861806893,-89.82595911210876,87.72222308686767,0.013700935424385073,12.54003120213974,0.9987896950832411,-2.949597163279674e-66,-6.393824287719182e-162,1.166996895684626,1.3970692247792895e-6,0.0,7656.28656015624,23.203142963860472
3065.5463500979085,499.66023324243724,32.50271162423089,-121.47374614098105,392.68849342248706,4.635226956154272,-89.8259591652349,87.71984864815624,0.013698656935444135,12.540041748405512,0.9987905350733021,-2.6160580111199146e-66,-4.736662819380928e-162,1.167312056176436,1.3966937945049388e-6,0.0,7656.286560994367,23.20158397877966
3065.946350097908,497.8062256332487,32.502711624269665,-121.47374613983258,392.6883744535776,4.6348111341064655,-89.82595920065305,87.71826554838873,0.01369713840307413,12.540048778563998,0.9987910950120882,-2.4149259174217435e-66,-3.878052219769217e-162,1.1675221759272654,1.3964436048877243e-6,0.0,7656.286561552995,23.200544884633242
3066.5463500979076,495.02552603557706,32.50271162432785,-121.47374613811027,392.6881960222729,4.634187573534439,-89.82595925376455,87.71589069366901,0.013694861294559685,12.540059322781895,0.9987919348390399,-2.1418471549883448e-66,-2.872932525887596e-162,1.1678373746866062,1.3960684662248318e-6,0.0,7656.286562390749,23.19898658713532
3066.9463500979073,493.1719341315329,32.50271162436667,-121.47374613696232,392.6880770827718,4.633771981438862,-89.82595928916805,87.7143073103778,0.013693343682043673,12.54006635157583,0.9987924946691422,-1.9771741237202585e-66,-2.352158636599286e-162,1.1680475199465583,1.3958184709077636e-6,0.0,7656.286562949127,23.19794795120099
3067.5463500979067,490.3918579239398,32.50271162442492,-121.47374613524077,392.68789869556576,4.633148765643077,-89.82595934225864,87.71193203636385,0.013691067952666166,12.540076893741606,0.9987933343326463,-1.7535961419172767e-66,-1.7425224494619248e-162,1.1683627569651218,1.3954436235336542e-6,0.0,7656.286563786505,23.19639034075526
3067.9463500979064,488.53868149779737,32.502711624463785,-121.47374613409333,392.6877797854546,4.632733403297214,-89.8259593776475,87.71034837631149,0.01368955125914576,12.54008392116975,0.998793894053966,-1.6187732664207707e-66,-1.4266569757685883e-162,1.1685729277286738,1.3951938223020185e-6,0.0,7656.286564344633,23.195352162680443
3068.546350097906,485.7592283328995,32.502711624522114,-121.47374613237258,392.6876014423197,4.632110531973823,-89.82595943072765,87.70797267668297,0.013687276907616612,12.540094461288213,0.9987947335544056,-1.4357230962000603e-66,-1.0568937695258581e-162,1.1688882029989291,1.3948192658950661e-6,0.0,7656.286565181636,23.193795238759225
3068.9463500979055,483.9064671546221,32.50271162456103,-121.47374613122564,392.68748256158005,4.631695399174952,-89.82595946610606,87.70638873661869,0.013685761132232698,12.540101487350505,0.9987952931669376,-1.3253394613257257e-66,-8.653115886145552e-163,1.1690983992608988,1.3945696585342485e-6,0.0,7656.286565739514,23.192757518190874
3069.546350097905,481.12763668969274,32.502711624619444,-121.47374612950566,392.6873042624886,4.631072872020281,-89.82595951916319,87.70401262177432,0.013683488157265061,12.540112025420116,0.9987961325041901,-1.1754706569487464e-66,-6.410387656167671e-163,1.1694137127748263,1.3941953927728184e-6,0.0,7656.286566576144,23.19120128026511
3069.9463500979045,479.2752905283123,32.502711624658396,-121.47374612835922,392.6871854111022,4.630657968566195,-89.82595955453324,87.70242840282485,0.013681973299160233,12.540119050119301,0.9987966920081534,-1.0850961800419235e-66,-5.2483824640976545e-163,1.1696239345301602,1.3939459790688313e-6,0.0,7656.286567133772,23.19016401685188
3070.546350097904,476.4970824206248,32.50271162471687,-121.47374612664,392.6870071560269,4.63003578527709,-89.82595960757993,87.7000518634661,0.013679701699469287,12.540129586139734,0.9987975311821925,-9.623939804301795e-67,-3.888098415111478e-163,1.1699392862797802,1.393572003631909e-6,0.0,7656.286567970027,23.188608464393763
3070.9463500979036,474.64515104703605,32.5027116247559,-121.4737461254941,392.6868883339753,4.629621110965573,-89.82595964293326,87.69846736594435,0.013678187757786732,12.54013660947519,0.9987980905775374,-8.884016165668208e-67,-3.183306320160432e-163,1.1701495335232408,1.3933227833707326e-6,0.0,7656.286568527406,23.1875716577833
3071.546350097903,471.867564949207,32.502711624814445,-121.47374612377567,392.68671012288854,4.62899927123913,-89.82595969595904,87.69609040953776,0.013675917532088163,12.540147143451513,0.9987989295887671,-7.879415518312078e-67,-2.358251964847627e-163,1.1704649235011404,1.3929490979379928e-6,0.0,7656.286569363288,23.186016790266553
3071.9463500979027,470.01604813709855,32.50271162485352,-121.47374612263026,392.6865913301535,4.6285848258685425,-89.82595973130609,87.69450563343223,0.01367440450597353,12.540154165421262,0.9987994888753359,-7.273617277761011e-67,-1.9307737569227577e-163,1.1706751962271995,1.3927000709060367e-6,0.0,7656.286569920418,23.184980440107395
3072.546350097902,467.2390837073326,32.502711624912145,-121.47374612091255,392.6864131630279,4.62796332940251,-89.82595978431515,87.69212825382273,0.013672135652986306,12.540164697353623,0.998800327723768,-6.45111982958017e-67,-1.430352767844803e-163,1.170990624425366,1.3923266751575126e-6,0.0,7656.286570755926,23.183426257005898
3072.946350097902,465.3879812248051,32.50271162495125,-121.47374611976771,392.68629439959113,4.627549112771208,-89.82595981964754,87.6905431988893,0.013670623541584692,12.540171717961405,0.9988008869018588,-5.955134177692508e-67,-1.1710740109465002e-163,1.1712009226291573,1.3920778411416611e-6,0.0,7656.286571312808,23.182390362947668
3073.5463500979013,462.61163811944425,32.50271162500996,-121.47374611805077,392.6861162763992,4.626927959262957,-89.82595987264615,87.68816540449207,0.013668356060026874,12.54018224784863,0.9988017255873995,-5.2817302195680643e-67,-8.675532008359763e-164,1.1715163890398348,1.3917047347573245e-6,0.0,7656.286572147942,23.18083686373372
3073.946350097901,460.7609497429803,32.50271162504912,-121.47374611690643,392.6859975422425,4.626513971169796,-89.82595990796601,87.68658006961215,0.013666844862486477,12.540189267089575,0.9988022846566244,-4.875651511490848e-67,-7.102926141383162e-164,1.1717267127155606,1.3914560935444436e-6,0.0,7656.286572704573,23.179801425425083
3074.5463500979004,457.9852276183665,32.50271162510791,-121.47374611519028,392.6858194629569,4.625893160318202,-89.82595996093742,87.68420185058851,0.013664578751081055,12.540199794936955,0.9988031231796954,-4.324314979297787e-67,-5.261978535650389e-164,1.172042217331025,1.3910832762057649e-6,0.0,7656.286573539334,23.178248609575896
3074.9463500979,456.1349531142041,32.502711625147114,-121.47374611404642,392.6857007580618,4.625479400561926,-89.82595999625102,87.68261623725024,0.013663068466548479,12.540206812817022,0.9988036821405288,-3.991845851358155e-67,-4.308144429673383e-164,1.1722525664740822,1.3908348275834123e-6,0.0,7656.286574095719,23.17721362666751
3075.5463500978994,453.35985162947327,32.502711625205976,-121.47374611233106,392.6855227226551,4.624858932064978,-89.8259600492099,87.68023760402065,0.01366080372401675,12.540217338620106,0.9988045205007757,-3.540449675165058e-67,-3.1915527581437986e-164,1.1725681092863358,1.390462298971029e-6,0.0,7656.286574930107,23.175661493655497
3075.946350097899,451.5099907722324,32.502711625245226,-121.47374611118774,392.6854040470036,4.624445400445016,-89.82596008450676,87.67865171099302,0.013659294351642249,12.54022435513766,0.9988050793530875,-3.2682469744710805e-67,-2.6130228665606756e-164,1.1727784838911903,1.3902140427269116e-6,0.0,7656.286575486242,23.17462696579776
3076.5463500978985,448.7355095865205,32.502711625304165,-121.47374610947313,392.6852260554486,4.623825274002213,-89.825960137451,87.67627266179507,0.01365703097671045,12.540234878898534,0.998805917550676,-2.8986750415696705e-67,-1.9357754766584737e-164,1.1730940648922705,1.3898418025229677e-6,0.0,7656.286576320259,23.173075515100287
3076.946350097898,446.8860621433705,32.50271162534347,-121.47374610833029,392.68510740902235,4.62341197031795,-89.82596017274159,87.67468648793292,0.013655522515643318,12.540241894059713,0.9988064762949552,-2.675814318457511e-67,-1.5848792009247055e-164,1.1733044649542632,1.3895937384453542e-6,0.0,7656.286576876146,23.172041441945055
3077.5463500978976,444.1122009130195,32.50271162540248,-121.47374610661645,392.68492946129146,4.622792185628037,-89.82596022566493,87.67230701890003,0.013653260507035515,12.540252415778196,0.9988073143298712,-2.3732344101818673e-67,-1.1741077086915278e-164,1.1736200841365663,1.3892217863316511e-6,0.0,7656.286577709791,23.170490673036742
3077.9463500978973,442.26316666044295,32.50271162544185,-121.47374610547415,392.6848108440724,4.62237910967928,-89.82596026093877,87.67072056561362,0.01365175295642806,12.540259429579034,0.9988078729658019,-2.1907714817118368e-67,-9.612782626850412e-165,1.1738305096500046,1.3889739142086621e-6,0.0,7656.28657826543,23.169457054234375
3078.5463500978967,439.48992504552007,32.50271162550092,-121.47374610376107,392.68463294013867,4.621759666442413,-89.82596031384958,87.66834067943854,0.01364949231287356,12.540269949256425,0.9988087108381487,-1.943040004450221e-67,-7.12132645666366e-165,1.1741461670055369,1.3886022498681678e-6,0.0,7656.2865790987025,23.167906966593385
3078.9463500978964,437.64130375534296,32.502711625540336,-121.47374610261927,392.6845143521084,4.621346818028866,-89.82596034911298,87.66675395105261,0.013647985671877385,12.540276961696991,0.9988092693657363,-1.7936519929561352e-67,-5.830450029072414e-165,1.1743566179652833,1.388354569488242e-6,0.0,7656.286579654095,23.16687380179469
3079.546350097896,434.8686814112589,32.50271162559948,-121.47374610090696,392.6843364919444,4.620727715944927,-89.82596040200076,87.66437364246335,0.013645726392104433,12.540287479337199,0.9988101070758254,-1.5908266131218764e-67,-4.319304790094147e-165,1.1746723134866233,1.3879831926041404e-6,0.0,7656.286580486995,23.165324394898757
3079.9463500978954,433.02047285530716,32.502711625638945,-121.47374609976569,392.684217933085,4.6203150948666405,-89.8259604372579,87.6627866344598,0.013644220659872492,12.540294490418368,0.9988106654951395,-1.4685180534309547e-67,-3.5363483042421144e-165,1.1748827898875651,1.3877357037561273e-6,0.0,7656.286581042139,23.164291683755373
3080.546350097895,430.2484694439918,32.50271162569817,-121.47374609805414,392.6840401166634,4.619696333636177,-89.82596049013107,87.66040591381619,0.013641962742612803,12.540305006019386,0.9988115030428111,-1.3024586767233774e-67,-2.619791970395184e-165,1.1751985235665872,1.387364614011909e-6,0.0,7656.286581874669,23.162742957082212
3080.9463500978945,428.4006733968854,32.502711625737675,-121.47374609691336,392.68392158695667,4.6192839396939265,-89.82596052537356,87.65881862540897,0.013640457918300946,12.540312015741502,0.9988120613538793,-1.2023208970980027e-67,-2.144904641418505e-165,1.1754090254033185,1.387117316485222e-6,0.0,7656.286582429566,23.161710699247255
3081.546350097894,425.6292885746807,32.50271162579698,-121.47374609520259,392.6837438142505,4.618665519017575,-89.82596057823626,87.65643748609638,0.013638201362286108,12.540322529306986,0.9988128987394242,-1.0663629779507892e-67,-1.5889848717986587e-165,1.17572479723257,1.3867465135649801e-6,0.0,7656.2865832617235,23.160162652275766
3081.9463500978936,423.7819048091769,32.50271162583653,-121.47374609406232,392.68362531367814,4.6182533520117905,-89.82596061346622,87.65484992202707,0.013636697445049197,12.540329537669733,0.9988134569422212,-9.843770978648802e-68,-1.3009510164086104e-165,1.175935324499924,1.3864994071489425e-6,0.0,7656.286583816373,23.15913084740111
3082.546350097893,421.0111382380128,32.502711625895905,-121.4737460923523,392.6834475846601,4.617635271590892,-89.82596066630383,87.65246836305901,0.013634442249014238,12.540340049198791,0.998814294165569,-8.730641678435257e-68,-9.637684790766551e-166,1.1762511344713555,1.3861288907371767e-6,0.0,7656.286584648162,23.15758347961058
3082.9463500978927,419.164166524075,32.50271162593551,-121.47374609121253,392.68332911320414,4.617223331322382,-89.8259607015275,87.65088052010977,0.013632939238008134,12.54034705620624,0.998814852260419,-8.059398062029187e-68,-7.890670356213604e-166,1.1764616871645093,1.3858819752217396e-6,0.0,7656.286585202564,23.156552127349826
3083.546350097892,416.39401786495,32.502711625994955,-121.47374608950328,392.68315142784706,4.61660559085813,-89.82596075434839,87.64849854830521,0.01363068540068798,12.540357565696697,0.998815689321396,-7.148044867771882e-68,-5.845553961821633e-166,1.1767775352702128,1.3855117450030233e-6,0.0,7656.286586033983,23.155005438218552
3083.946350097892,414.54745797719806,32.502711626034625,-121.47374608836404,392.68303298548943,4.616193877128148,-89.82596078955744,87.64691042864861,0.01362918329507091,12.5403645713486,0.9988162473082794,-6.598477073788615e-68,-4.785935664381102e-166,1.1769881133838371,1.3852650201783219e-6,0.0,7656.286586588139,23.15397453822521
3084.5463500978913,411.7779268864542,32.50271162609415,-121.4737460866556,392.6828553437663,4.615576476322718,-89.82596084236577,87.64452803489537,0.013626930815203135,12.540375078807726,0.9988170842074647,-5.85232418344276e-68,-3.5455093066859663e-166,1.177303999616479,1.3848950758385744e-6,0.0,7656.286587419187,23.152428527235788
3084.946350097891,409.93177860137075,32.50271162613385,-121.47374608551682,392.6827369304888,4.615164988932326,-89.82596087756228,87.64293963804403,0.013625429614133374,12.540382083099473,0.9988176420860142,-5.402376127622554e-68,-2.9028180306072496e-166,1.1775146031450563,1.3846485414945432e-6,0.0,7656.286587973095,23.15139807916166
3085.5463500978904,407.16286474186927,32.50271162619344,-121.47374608380912,392.6825593323724,4.614547927487893,-89.8259609303497,87.64055683478281,0.013623178490457051,12.540392588524979,0.9988184788232255,-4.791477807103489e-68,-2.1504610727910294e-166,1.1778305274965928,1.3842788827193875e-6,0.0,7656.286588803774,23.149852745794142
3085.94635009789,405.31712783221155,32.5027116262332,-121.47374608267089,392.68244094815725,4.614136666239333,-89.82596096554622,87.63896815519333,0.013621678193096088,12.540399591461876,0.9988190365938638,-4.423091494890754e-68,-1.760648932565251e-166,1.1780411564350604,1.3840325386473736e-6,0.0,7656.286589357435,23.148822749296052
3086.5463500978894,402.54883086588234,32.50271162629286,-121.4737460809639,392.6822633936206,4.61351994385828,-89.82596101831064,87.63658493348981,0.013619428424351243,12.540410094852168,0.9988198731689742,-3.9229302506717176e-68,-1.304321163921047e-166,1.1783571188975925,1.3836631651228298e-6,0.0,7656.286590187743,23.147278093030856
3086.946350097889,400.703505102545,32.502711626332676,-121.4737460798262,392.68214503844945,4.613108908552784,-89.82596105348622,87.63499598052125,0.013617929029857622,12.540417096435197,0.9988204308317796,-3.6213210465196595e-68,-1.067888042260328e-166,1.1785677732411222,1.3834170111134888e-6,0.0,7656.286590741159,23.146248547761875
3087.5463500978885,397.9358246875927,32.502711626392426,-121.47374607812,392.6819675274656,4.612492524938302,-89.82596110624439,87.63261233955573,0.013615680614786562,12.540427597796029,0.9988212672452472,-3.211823652573348e-68,-7.911111343412233e-167,1.1788837738072167,1.3830479225267009e-6,0.0,7656.286591571098,23.1447045680828
3087.946350097888,396.0909098479897,32.502711626432266,-121.47374607698279,392.6818492013204,4.612081715378051,-89.82596114141371,87.63102311146412,0.013614182122322955,12.540434598022365,0.9988218247999945,-2.9648869206333566e-68,-6.477071321317106e-167,1.1790944535502614,1.3828019583712035e-6,0.0,7656.286592124268,23.143675473697286
3088.5463500978876,393.32384564820677,32.50271162649208,-121.47374607527735,392.6816717338622,4.611465670233313,-89.82596119414468,87.62863905923511,0.013611935059669279,12.54044509735099,0.9988226610516008,-2.6296188094252353e-68,-4.798333755447222e-167,1.1794104922118824,1.3824331544090651e-6,0.0,7656.286592953838,23.142132170085794
3088.9463500978873,391.4793415032327,32.50271162653199,-121.47374607414065,392.6815534367253,4.6110550862209605,-89.82596122930146,87.62704954849671,0.013610437468399066,12.540452096227263,0.998823218498818,-2.427444112029526e-68,-3.928544120845341e-167,1.179621197349667,1.382187379899541e-6,0.0,7656.286593506762,23.141103526241242
3089.5463500978867,388.71289318148047,32.50271162659188,-121.47374607243594,392.6813760127657,4.610439379249473,-89.82596128202408,87.62466508010522,0.013608191756907686,12.540462593522328,0.9988240545884552,-2.1529497976461763e-68,-2.9103378563666498e-167,1.179937274098925,1.3818188602494564e-6,0.0,7656.286594335965,23.13956089817963
3089.9463500978864,386.8687995066866,32.50271162663184,-121.47374607129974,392.681257744619,4.610029020587257,-89.82596131716831,87.62307529177365,0.013606695065994058,12.540469591046172,0.9988246119279541,-1.9874231546638773e-68,-2.3827835365398008e-167,1.1801480046261656,1.3815732751774453e-6,0.0,7656.286594888643,23.13853270453021
3090.546350097886,384.1029667230323,32.5027116266918,-121.4737460695958,392.68108036413116,4.609413651493358,-89.82596136987,87.62069040706007,0.01360445070441239,12.540480086312645,0.9988254478560178,-1.7626862169417783e-68,-1.7652099395098007e-167,1.180464119455527,1.3812050395278955e-6,0.0,7656.2865957174745,23.136990751503976
3090.9463500978854,382.2592832967639,32.5027116267318,-121.47374606846012,392.6809621249566,4.6090035179841715,-89.82596140500378,87.6191003473868,0.013602954913021218,12.540487082480835,0.9988260050875414,-1.6271644632805756e-68,-1.4452319249461314e-167,1.1806748753666476,1.3809596436854358e-6,0.0,7656.286596269907,23.135963007705076
3091.546350097885,379.49406571127474,32.50271162679183,-121.47374606675697,392.6807847879135,4.608388486471934,-89.82596145769296,87.61671504619717,0.013600711900096376,12.540497575720664,0.9988268408541867,-1.4431654202032368e-68,-1.0706544340643175e-167,1.1809910282686156,1.380591691724809e-6,0.0,7656.286597098373,23.134421729198042
3091.9463500978845,377.6507923062891,32.502711626831875,-121.47374606562177,392.6806665776932,4.607978577918686,-89.82596149281419,87.61512470773688,0.013599217007393031,12.540504570535784,0.9988273979779408,-1.3322095922802861e-68,-8.76577869896077e-168,1.1812018095587025,1.3803464849044222e-6,0.0,7656.286597650561,23.13339443490621
3092.546350097884,374.88618958275765,32.502711626891994,-121.47374606391936,392.6804892840681,4.607363883692925,-89.82596154548452,87.61273899264978,0.013596975341875355,12.540515061748884,0.998828233583161,-1.1815639165113969e-68,-6.493850343375656e-168,1.181518000525397,1.3799788163216685e-6,0.0,7656.286598478659,23.131853830403255
3092.9463500978836,373.04332597367465,32.50271162693209,-121.47374606278468,392.680371102784,4.606954199899188,-89.8259615805932,87.61114837821184,0.013595481347027776,12.540522055213806,0.9988287905993745,-1.0907209675569079e-68,-5.316715945229237e-168,1.1817288071893484,1.3797337983164438e-6,0.0,7656.286599030601,23.130826985276556
3093.546350097883,370.27933777775615,32.50271162699227,-121.47374606108306,392.68019385254996,4.6063398426650695,-89.82596163324891,87.60876225042787,0.01359324102766942,12.540532544398163,0.9988296260430091,-9.673827194426147e-69,-3.9387211167732235e-168,1.1820450362127113,1.379366412800847e-6,0.0,7656.286599858332,23.129287054262665
3093.9463500978827,368.43688373919576,32.50271162703242,-121.47374605994885,392.6800757001844,4.605930383434064,-89.82596166834715,87.60717135643185,0.013591747929844817,12.540539536512822,0.9988301829516767,-8.930068031051828e-69,-3.224752690323573e-168,1.182255868245452,1.379121583403654e-6,0.0,7656.28660041003,23.12826065795738
3094.546350097882,365.67350973188877,32.50271162709268,-121.473746058248,392.6798984933144,4.605316362896646,-89.82596172099032,87.60478481482772,0.01358950895539736,12.540550023669883,0.998831018233841,-7.920259858977864e-69,-2.388956199389562e-168,1.1825721353179937,1.3787544806448552e-6,0.0,7656.2866012373925,23.12672139991774
3094.946350097882,363.83146503940225,32.502711627132875,-121.47374605711433,392.6797803698493,4.604907128032316,-89.82596175606972,87.6031936447068,0.013588016753765544,12.540557014435965,0.9988315750350969,-7.311321356353513e-69,-1.9559122625462654e-168,1.1827829927143672,1.3785098396492457e-6,0.0,7656.2866017888455,23.12569545209216
3095.5463500978813,361.0687048844993,32.50271162719321,-121.4737460554142,392.6796032063167,4.60429344389755,-89.82596180869825,87.60080668584514,0.013585779122984108,12.540567499567095,0.9988324101558997,-6.484560347519959e-69,-1.4489758359122775e-168,1.1830992978283172,1.378143019337645e-6,0.0,7656.286602615841,23.124156866513857
3095.946350097881,359.22706931550056,32.50271162723347,-121.47374605428104,392.67948511173415,4.603884433203512,-89.8259618437672,87.59921523894681,0.013584287816714521,12.540574488981221,0.998832966849475,-5.986003666488834e-69,-1.1863212922523337e-168,1.1833101805829809,1.377898566536849e-6,0.0,7656.286603167049,23.12313136682405
3096.5463500978803,356.4649226758629,32.50271162729387,-121.47374605258167,392.67930799151213,4.603271085177772,-89.82596189637691,87.59682786619108,0.013582051528355807,12.540584972089674,0.9988338018091754,-5.309109000125003e-69,-8.788486677127719e-169,1.183626523730715,1.3775320283634312e-6,0.0,7656.286603993678,23.121593453195338
3096.94635009788,354.62369600776583,32.50271162733416,-121.47374605144898,392.67918992579445,4.60286229845861,-89.82596193143542,87.59523614770367,0.01358056111662106,12.540591960152632,0.9988343583951327,-4.900925311411689e-69,-7.195405619161596e-169,1.1838374318383453,1.3772877635516396e-6,0.0,7656.286604544643,23.120568401300552
3097.5463500978794,351.86216254811734,32.50271162739464,-121.47374604975037,392.67901284885613,4.60224928624835,-89.8259619840263,87.59284836139027,0.01357832616944276,12.540602441238274,0.9988351931937199,-4.3467308290204106e-69,-5.3304890364457e-169,1.1841538130120637,1.3769215072074814e-6,0.0,7656.286605370905,23.11903115910878
3097.946350097879,350.0213445527479,32.50271162743499,-121.4737460486182,392.6788948119854,4.601840723308291,-89.82596201908063,87.59125636592158,0.013576836651413862,12.540609427954697,0.9988357496724283,-4.012538288691767e-69,-4.364236093745321e-169,1.1843647464680074,1.3766774301790348e-6,0.0,7656.286605921625,23.11800655466804
3098.5463500978785,347.26042393781245,32.50271162749554,-121.47374604692034,392.6787177783042,4.601228046620213,-89.8259620716569,87.58886816476713,0.013574603044174875,12.540619907017177,0.9988365843098747,-3.5588022207703035e-69,-3.2331064962089927e-169,1.1846811656599474,1.3763114553555758e-6,0.0,7656.286606747522,23.116469983400798
3098.946350097878,345.42001439630985,32.50271162753593,-121.4737460457887,392.67859977026257,4.600819707264087,-89.82596210669868,87.58727589500941,0.013573114419026368,12.54062689238264,0.9988371406809815,-3.285188509346982e-69,-2.647044195983591e-169,1.1848921244585089,1.3760675659048305e-6,0.0,7656.286607297997,23.115445826072335
3099.5463500978776,342.6597062908113,32.50271162759656,-121.47374604409157,392.67842277981174,4.600207365805597,-89.82596215924984,87.58488728228234,0.013570882150488128,12.540637369423845,0.998837975157437,-2.913700835120235e-69,-1.9609791042359403e-169,1.1852085816609426,1.3757018722942821e-6,0.0,7656.286608123528,23.113909925219176
3099.9463500978773,340.81970497313887,32.502711627637,-121.47374604296041,392.67830480058143,4.599799249838234,-89.82596219428115,87.58329473511178,0.013569394417393143,12.54064435344642,0.9988385314215854,-2.689684874125944e-69,-1.605514189649912e-169,1.1854195657977296,1.375458170216431e-6,0.0,7656.286608673759,23.112886214663877
3100.5463500978767,338.0600090418011,32.5027116276977,-121.47374604126406,392.6781278533343,4.599187243316552,-89.82596224681559,87.58090570944489,0.013567163486317023,12.540654828465726,0.9988393657370007,-2.3855364895053856e-69,-1.1893944884769474e-169,1.1857360610029708,1.375092757510984e-6,0.0,7656.286609498924,23.11135098371298
3100.9463500978763,336.220415731892,32.50271162773818,-121.47374604013342,392.67800990289754,4.598779350543091,-89.82596228184065,87.57931288694644,0.013565676644452063,12.540661811137198,0.9988399218935364,-2.2021277322499604e-69,-9.737940216783567e-170,1.1859470704720174,1.3748492426006642e-6,0.0,7656.286610048913,23.110327719588557
3101.546350097876,333.46133163943887,32.502711627798945,-121.47374603843782,392.6778329988273,4.598167678666398,-89.82596233436045,87.57692344726333,0.01356344704960272,12.540672284137626,0.9988407560481517,-1.953112095163622e-69,-7.21404550493941e-170,1.1862636036724152,1.3744841104935097e-6,0.0,7656.286610873713,23.108793158031034
3101.9463500978754,331.6221461072564,32.502711627839496,-121.47374603730766,392.6777150771663,4.597760008892048,-89.82596236936668,87.57533034717184,0.013561961098142662,12.54067926546609,0.9988413120977194,-1.802949704552371e-69,-5.906361979044748e-170,1.1864746384693825,1.3742407825464439e-6,0.0,7656.286611423458,23.107770339998897
3102.546350097875,328.86367352027446,32.50271162790034,-121.47374603561283,392.67753821624643,4.597148671368111,-89.82596242187603,87.57294049506086,0.0135597328382843,12.540689736444595,0.9988421460912924,-1.5990729435731067e-69,-4.375541761083683e-170,1.1867912096571098,1.3738759307304207e-6,0.0,7656.286612247894,23.1062364473231
3102.9463500978745,327.0248955488205,32.502711627940926,-121.4737460344832,392.6774203233435,4.59674122439878,-89.82596245687391,87.57134712174211,0.013558247776408395,12.540696716425071,0.9988427020334952,-1.4761303758816237e-69,-3.5823912501927346e-170,1.187002269776186,1.3736327895421844e-6,0.0,7656.286612797395,23.105214075043193
3103.546350097874,324.26703413110226,32.502711628001855,-121.47374603278905,392.6772435055473,4.596130220936899,-89.82596250936234,87.56895685660157,0.013556020850309769,12.540707185388834,0.998843535866598,-1.3092102010936266e-69,-2.653901432958608e-170,1.1873188789437767,1.3732682177118324e-6,0.0,7656.286613621464,23.103680850743345
3103.9463500978736,322.4286634940654,32.50271162804249,-121.47374603165993,392.6771256413846,4.595722996578052,-89.82596254434347,87.56736321118456,0.013554536677194844,12.540714164024214,0.9988440917016667,-1.2085533396182047e-69,-2.1728311124495397e-170,1.1875299643802453,1.3730252630783189e-6,0.0,7656.286614170723,23.102658923876106
3104.546350097873,319.67141291312873,32.50271162810348,-121.47374602996658,392.67694886668556,4.595112326886504,-89.82596259682356,87.56497253511543,0.013552311083622735,12.540724630968736,0.9988449253739404,-1.0718906586072518e-69,-1.6096733159999317e-170,1.1878466115198398,1.372660970927154e-6,0.0,7656.286614994429,23.101126367440862
3104.9463500978727,317.83344939071685,32.50271162814416,-121.47374602883794,392.67683103124546,4.594705324944591,-89.82596263179633,87.56337861011212,0.013550827798449832,12.540731608258325,0.9988454811018193,-9.8947979024547e-70,-1.3178892849782114e-170,1.18805772226826,1.3724182026447976e-6,0.0,7656.286615543445,23.100104885648147
3105.546350097872,315.07680931314826,32.502711628205226,-121.47374602714535,392.6766542996171,4.594094988733031,-89.82596268424714,87.56098752190148,0.013548603536175407,12.540742073186223,0.9988463146134731,-8.775898500101301e-70,-9.76316660469819e-171,1.1883744073721443,1.3720541898677744e-6,0.0,7656.286616366786,23.098572996570937
3105.946350097872,313.23925267904997,32.502711628245955,-121.4737460260172,392.6765364928819,4.593688209014265,-89.82596271921365,87.55939332602779,0.01354712113812418,12.540749049134929,0.9988468702345532,-8.101175373968337e-70,-7.993406194843947e-171,1.1885855434278496,1.3718116077333262e-6,0.0,7656.2866169155595,23.097551959515094
3106.5463500978713,310.483222771436,32.502711628307104,-121.47374602432537,392.6763598042975,4.593078205992131,-89.82596277164981,87.55700182270593,0.01354489820591843,12.54075951204611,0.9988477035855792,-7.185098019619892e-70,-5.921662563678731e-171,1.1889022664883495,1.371447874025344e-6,0.0,7656.286617738538,23.09602073728785
3106.946350097871,308.6460728077218,32.50271162834788,-121.47374602319772,392.6762420262495,4.592671648302902,-89.82596280661005,87.55540734961532,0.013543416694170649,12.540766486648604,0.998848259099436,-6.632681444005013e-70,-4.848248128584333e-171,1.1891134278457354,1.3712054778352496e-6,0.0,7656.2866182870675,23.095000144629097
3107.5463500978703,305.89065273385495,32.502711628409095,-121.47374602150664,392.6760653806827,4.592061978180257,-89.82596285903158,87.55301543554684,0.01354119509080644,12.540776947548178,0.9988490922902413,-5.882660738493018e-70,-3.5916715280880087e-171,1.1894301888555303,1.3708420228920915e-6,0.0,7656.286619109681,23.0934695887462
3107.94635009787,304.0539092179388,32.50271162844993,-121.4737460203795,392.6759476313042,4.59165564232748,-89.82596289397091,87.55142069128335,0.013539714464545018,12.540783920806629,0.9988496476970476,-5.430380297531918e-70,-2.940612467746659e-171,1.1896413755095527,1.3705998124436704e-6,0.0,7656.28661965797,23.092449440147583
3108.5463500978694,301.29909864999354,32.50271162851122,-121.47374601868913,392.67577102872855,4.5910463048147205,-89.82596294637989,87.54902836847299,0.013537494188797955,12.540794379689856,0.9988504807272548,-4.816315277775144e-70,-2.1784598880730686e-171,1.1899581744603989,1.3702366359610044e-6,0.0,7656.28662048022,23.09091955010167
3108.946350097869,299.46276135835797,32.5027116285521,-121.47374601756249,392.6756533080019,4.590640190605455,-89.82596298130667,87.54743334752496,0.013536014447206401,12.540801351607312,0.9988510360272536,-4.446019370111115e-70,-1.783572427839422e-171,1.190169386406146,1.3699946110518573e-6,0.0,7656.286621028267,23.089899845226586
3109.5463500978685,296.7085599610582,32.50271162861345,-121.4737460158729,392.67547674839085,4.590031185413065,-89.82596303369475,87.54504060816105,0.013533795497851666,12.540811808477432,0.9988518688971204,-3.9432654518289794e-70,-1.32130331151681e-171,1.1904862232906932,1.3696317127260642e-6,0.0,7656.286621850154,23.088370620512023
3109.946350097868,294.8726286729798,32.50271162865437,-121.47374601474677,392.67535905629853,4.58962529265429,-89.82596306861736,87.54344531557246,0.013532316640113982,12.54081877905209,0.9988524240901678,-3.640092803148112e-70,-1.081791851269221e-171,1.1906974605229554,1.3693898731536304e-6,0.0,7656.286622397959,23.087351359022346
3110.5463500978676,292.1190361138433,32.5027116287158,-121.4737460130579,392.67518253962584,4.589016619493594,-89.82596312099288,87.54105216850516,0.013530099015930117,12.540829233912017,0.9988532567999266,-3.2284727072042695e-70,-8.014113321909972e-172,1.1910143353335723,1.3690272526817958e-6,0.0,7656.286623219484,23.08582279913522
3110.9463500978673,290.28351060766727,32.502711628756785,-121.47374601193228,392.6750648761502,4.588610947993143,-89.82596315589876,87.53945660135615,0.013528621041232997,12.540836203146835,0.9988538118862583,-2.9802559351421636e-70,-6.561402224019189e-172,1.1912255978472717,1.3687855982444323e-6,0.0,7656.286623767047,23.084803980695842
3111.5463500978667,287.53052655793726,32.50271162881828,-121.47374601024417,392.67488840238923,4.588002606575158,-89.82596320825965,87.53706304320583,0.013526404740998678,12.540846655991702,0.9988546444355214,-2.6432499025213777e-70,-4.8608076417129133e-172,1.1915425105759294,1.3684232553232581e-6,0.0,7656.28662458821,23.083276085129356
3111.9463500978663,285.6954066110775,32.50271162885931,-121.47374600911901,392.67477076751265,4.587597156140347,-89.82596324315926,87.5354672011362,0.013524927648527448,12.540853623886962,0.9988551994151598,-2.4400271969078966e-70,-3.979693422062002e-172,1.191753798366124,1.3681817858190163e-6,0.0,7656.286625135531,23.08225770940305
3112.546350097866,282.9430307364091,32.502711628920885,-121.47374600743169,392.674594336637,4.586989146177029,-89.82596329549716,87.53307323007442,0.013522712671023724,12.540864074722315,0.998856031804369,-2.1641099928112885e-70,-2.948230200980439e-172,1.1920707490054776,1.3678197201465547e-6,0.0,7656.286625956332,23.080730477654836
3112.9463500978654,281.10831613093615,32.502711628961954,-121.47374600630702,392.67447673034206,4.586583916616033,-89.8259633303863,87.53147711516743,0.013521236459967263,12.540871041276276,0.9988565866771755,-1.997725313267836e-70,-2.413807170001844e-172,1.1922820620667098,1.367578435374035e-6,0.0,7656.286626503411,23.07971254430585
3113.546350097865,278.3565480997786,32.5027116290236,-121.47374600462044,392.6743003423255,4.585976237819259,-89.82596338270328,87.52908273677043,0.013519022803975834,12.540881490102317,0.9988574189063468,-1.771823411974115e-70,-1.7881928186958946e-172,1.192599050609132,1.3672166466482236e-6,0.0,7656.28662732385,23.078185975871815
3113.9463500978645,276.5222386131063,32.50271162906473,-121.47374600349625,392.6741827645945,4.585571228940118,-89.82596341758408,87.52748634681454,0.013517547473522218,12.540888455317134,0.9988579736724931,-1.635599157389932e-70,-1.4640487183390728e-172,1.1928103889365054,1.3669755464063067e-6,0.0,7656.286627870688,23.07716848456474
3114.546350097864,273.7710780957714,32.502711629126445,-121.4737460018104,392.6740064194107,4.58496388102246,-89.8259634698885,87.52509155825915,0.013515335137827577,12.540898902134087,0.9988588057416443,-1.4506463228060833e-70,-1.0845942612527988e-172,1.1931274153741906,1.3666140343257179e-6,0.0,7656.286628690765,23.075642578942205
3114.9463500978636,271.937173509039,32.50271162916761,-121.47374600068675,392.6738888702261,4.5845590926334525,-89.82596350475676,87.5234948963987,0.01351386068716646,12.540905866007689,0.9988593604009653,-1.3391153357708854e-70,-8.879908371755499e-173,1.193338778962406,1.3663731184133445e-6,0.0,7656.286629237363,23.074625529341052
3115.546350097863,269.18662017583847,32.5027116292294,-121.47374599900164,392.67371256784895,4.5839520753078595,-89.82596355704446,87.52109969229811,0.013511649670554671,12.540916310816248,0.9988601923101518,-1.1876887615601474e-70,-6.578399707478956e-173,1.1936558432875808,1.366011882677024e-6,0.0,7656.286630057077,23.073100286028083
3115.9463500978627,267.35312026552856,32.50271162927061,-121.47374599787847,392.6735950471932,4.58354750721775,-89.82596359190016,87.51950275788802,0.013510176098876735,12.540923273353888,0.9988607468630659,-1.0963749121504713e-70,-5.385939122314857e-173,1.1938672321319024,1.3657711508939705e-6,0.0,7656.286630603434,23.072083677799558
3116.546350097862,264.6031737839803,32.502711629332474,-121.4737459961941,392.67341878759623,4.5829408201968205,-89.82596364417115,87.51710714973909,0.013507966400132857,12.540933716154761,0.998861578612344,-9.723973184639856e-71,-3.9900029215877e-173,1.1941843343371588,1.3654101912009769e-6,0.0,7656.286631422788,23.070559096293028
3116.946350097862,262.7700783321634,32.502711629373735,-121.47374599507144,392.67330129545195,4.5825364722145325,-89.82596367901847,87.51550993894314,0.013506493706630414,12.540940677354714,0.9988621330587137,-8.976358614405525e-71,-3.266738688605069e-173,1.1943957484322267,1.3651696433468828e-6,0.0,7656.286631968904,23.06954292910242
3117.5463500978613,260.0207383725792,32.50271162943567,-121.47374599338784,392.6731250786089,4.581930115211848,-89.82596373127693,87.51311392097672,0.013504285324543286,12.540951118149044,0.9988629646481746,-7.961315923490487e-71,-2.4200602003826035e-173,1.1947128885098686,1.3648089593971033e-6,0.0,7656.286632787898,23.068019008901448
3117.946350097861,258.1880471603945,32.502711629476984,-121.47374599226563,392.67300761495846,4.581525987146268,-89.82596376611171,87.51151644018155,0.013502813508408693,12.540958078009522,0.998863518987858,-7.349220880690293e-71,-1.981378069316639e-173,1.1949243278504578,1.3645685952717287e-6,0.0,7656.286633333772,23.067003282413726
3118.5463500978603,255.43931339215487,32.502711629538986,-121.47374599058278,392.6728314408433,4.580919959875783,-89.82596381834715,87.50912001046211,0.013500606441768577,12.540968516800115,0.9988643504177248,-6.5181742102850784e-71,-1.4678413746988925e-173,1.1952415057929344,1.364208186765586e-6,0.0,7656.286634152405,23.065480023018452
3118.94635009786,253.60702619608492,32.50271162958035,-121.4737459894611,392.6727140056693,4.580516051536121,-89.82596385316938,87.50752225732002,0.01349913550219474,12.540975475325737,0.9988649046510893,-6.017033172727266e-71,-1.2017670918286134e-173,1.195452970374382,1.3639680061693788e-6,0.0,7656.286634698041,23.06446473690066
3119.5463500978594,250.858898290433,32.502711629642434,-121.47374598777897,392.67253787425557,4.579910353711667,-89.82596390539646,87.505125419406,0.01349692974979226,12.54098591211093,0.99886573592123,-5.336629703421954e-71,-8.902912005814178e-174,1.1957701861739638,1.3636078728071963e-6,0.0,7656.286635516314,23.062942137809554
3119.946350097859,249.02701489441097,32.50271162968383,-121.47374598665778,392.67242046754063,4.579506664907647,-89.82596394021034,87.503527390979,0.013495459685975042,12.540992869299084,0.9988662900480677,-4.926330122533987e-71,-7.289089171660766e-174,1.1959816759907718,1.3633678755406643e-6,0.0,7656.286636061709,23.06192729172816
3120.5463500978585,246.27949252258986,32.502711629745995,-121.47374598497639,392.6722443788023,4.578901296243646,-89.82596399241652,87.5011301432422,0.013493255246603036,12.541003304078947,0.9988671211584875,-4.369262875255355e-71,-5.399891537975601e-174,1.1962989296397668,1.3630080170234328e-6,0.0,7656.286636879621,23.06040535244127
3120.946350097858,244.44801270589232,32.50271162978744,-121.4737459838557,392.67212700052886,4.578497826785049,-89.82596402721576,87.49953184403608,0.013491786057738058,12.541010259931953,0.9988676751789832,-4.033337988925487e-71,-4.421058066382745e-174,1.1965104446869967,1.3627682028875325e-6,0.0,7656.286637424778,23.05939094606381
3121.5463500978576,241.7010955363512,32.502711629849664,-121.47374598217503,392.67195095444,4.57789278699669,-89.8259640794052,87.49713418778504,0.013489582930191635,12.541020692712635,0.9988685061301722,-3.5772499000340076e-71,-3.2752012603132433e-174,1.1968277361780746,1.362408618917249e-6,0.0,7656.286638242331,23.05786966608419
3121.9463500978572,239.8700190782547,32.502711629891174,-121.47374598105486,392.67183360459063,4.577489536693253,-89.82596411419608,87.49553561312274,0.013488114615474696,12.541027647231585,0.9988690600444128,-3.3022178636582543e-71,-2.681508480143148e-174,1.1970392764508169,1.3621689877129878e-6,0.0,7656.2866387872455,23.056855699077595
3122.5463500978567,237.1237067868933,32.50271162995347,-121.47374597937495,392.6716576011249,4.576884825495112,-89.8259641663709,87.49313755118011,0.013485912798548752,12.541038078005304,0.998869890835751,-2.9288045175229766e-71,-1.986510880842423e-174,1.1973566057758194,1.3618096779907445e-6,0.0,7656.286639604439,23.055335077903244
3122.9463500978563,235.29303347039968,32.50271162999502,-121.47374597825527,392.6715402796823,4.576481794157005,-89.82596420114713,87.49153870487483,0.013484445357177795,12.541045031188123,0.9988704446435713,-2.7036273302671485e-71,-1.626417844125441e-174,1.1975681712687558,1.3615702295193639e-6,0.0,7656.286640149115,23.054321549934592
3123.546350097856,232.54732572380453,32.50271163005739,-121.47374597657608,392.6713643188134,4.5758774112650835,-89.8259642533094,87.48914023306611,0.013482244849670463,12.541055459964706,0.9988712752758414,-2.397902338827782e-71,-1.2048803007995666e-174,1.1978855384206408,1.3612111937482778e-6,0.0,7656.286640965951,23.052801587070835
3123.9463500978554,230.717055327259,32.50271163009899,-121.47374597545688,392.6712470257602,4.575474598702848,-89.82596428807517,87.48754111507873,0.01348077828084411,12.541062411815982,0.9988718289776068,-2.213542849916561e-71,-9.864727347602628e-175,1.1980971291290163,1.3609719278117459e-6,0.0,7656.286641510388,23.05178849780947
3124.546350097855,227.97195180132985,32.502711630161436,-121.47374597377846,392.6710711074624,4.574870543832428,-89.82596434021862,87.48514223577482,0.013478579081553277,12.54107283858851,0.9988726594502577,-1.9632363963364582e-71,-7.307971747122841e-175,1.1984145340997008,1.3606131656938135e-6,0.0,7656.286642326863,23.050269192755643
3124.9463500978545,226.14208410866559,32.50271163020308,-121.47374597265976,392.67095384278116,4.574467949856675,-89.82596437497814,87.48354284772982,0.013477113384471521,12.541079789105465,0.998873213045747,-1.8122956124772486e-71,-5.983262295973292e-175,1.19862615001814,1.3603740820938861e-6,0.0,7656.2866428710595,23.049256541869173
3125.546350097854,223.39758447371423,32.50271163026558,-121.47374597098208,392.67077796702847,4.573864222724457,-89.82596442710278,87.481143559008,0.013474915492198843,12.541090213880052,0.9988740433592657,-1.6073620203332971e-71,-4.4325109325220786e-175,1.1989435928002237,1.3600155933328744e-6,0.0,7656.2866436871755,23.047737894130883
3125.9463500978536,221.56811926700175,32.50271163030729,-121.47374596986384,392.67066073070185,4.573461847146267,-89.82596446184974,87.47954389656661,0.013473450666063062,12.54109716306371,0.9988745968485606,-1.4837821581489112e-71,-3.629033671276859e-175,1.1991552339235905,1.3597766918719363e-6,0.0,7656.286644231133,23.046725681288766
3126.546350097853,218.82422319613397,32.502711630369866,-121.4737459681869,392.670484897468,4.572858447468276,-89.82596451395764,87.4771442016228,0.013471254079609089,12.541107585837922,0.998875427002753,-1.3159967231817566e-71,-2.6884549977444635e-175,1.1994727145093904,1.3594184761709625e-6,0.0,7656.286645046891,23.045207690367636
3126.9463500978527,216.99516025464982,32.50271163041162,-121.47374596706918,392.6703676894788,4.572456290098633,-89.82596454869625,87.47554426397105,0.01346979012362026,12.541114533691168,0.9988759803860829,-1.214818089103926e-71,-2.2011211836934627e-175,1.1996843808328956,1.3591797566515876e-6,0.0,7656.2866455906105,23.04419591523931
3127.546350097852,214.25186741817743,32.50271163047427,-121.47374596539295,392.67019189873787,4.571853217591703,-89.82596460078324,87.47314416623868,0.013467594841787948,12.541124954468795,0.9988768103812514,-1.0774469929717575e-71,-1.6306311219371553e-175,1.2000018992150816,1.3588218137148048e-6,0.0,7656.286646406012,23.042678580640107
3127.946350097852,212.4232065267861,32.502711630516075,-121.47374596427574,392.67007471906857,4.571451278241662,-89.82596463550719,87.47154396352317,0.013466131755148408,12.54113190098714,0.998877363658259,-9.946089333323855e-72,-1.335048088324692e-175,1.2002135907333156,1.3585832759393549e-6,0.0,7656.286646949492,23.041667242893286
3128.5463500978512,209.68051659781486,32.5027116305788,-121.47374596260028,392.66989897079475,4.570848532623325,-89.82596468758793,87.46914345007013,0.013463937776743637,12.541142319771012,0.9988781934946286,-8.821389918488031e-72,-9.890282180883874e-176,1.2005311469042792,1.3582256054714947e-6,0.0,7656.286647764536,23.040150564122015
3128.946350097851,207.8522575367242,32.50271163062064,-121.47374596148352,392.6697818194282,4.570446811104602,-89.82596472229726,87.46754297503855,0.013462475558657259,12.541149264958205,0.9988787466656126,-8.14316924597554e-72,-8.097479645117226e-176,1.2007428636123936,1.3579872492433138e-6,0.0,7656.286648307778,23.039139663427758
3129.5463500978503,205.11017019022256,32.50271163068343,-121.47374595980878,392.6696061135954,4.56984439209203,-89.82596477435916,87.46514205391445,0.013460282882485592,12.541159681745372,0.9988795763429483,-7.222343243018547e-72,-5.9987620928824006e-176,1.201060457564342,1.357629850948798e-6,0.0,7656.286649122463,23.037623639987874
3129.94635009785,203.28231274243444,32.502711630725315,-121.47374595869252,392.66948899051437,4.569442888216514,-89.82596480906432,87.46354130413357,0.01345882153215748,12.541166625601747,0.998880129407935,-6.667063118609802e-72,-4.9113718956272506e-176,1.2012721994571898,1.3573916760712924e-6,0.0,7656.286649665468,23.036613176016687
3130.5463500978494,200.5408276533708,32.50271163078819,-121.47374595701852,392.6693133270968,4.568840795527471,-89.8259648611074,87.46113998280065,0.013456630157026667,12.541177040391,0.9988809589261408,-5.913154548429277e-72,-3.6384347775795125e-176,1.201589831182367,1.3570345496552047e-6,0.0,7656.286650479795,23.035097807413223
3130.946350097849,198.71337159816176,32.50271163083013,-121.47374595590279,392.66919623228375,4.568439509107022,-89.8259648957979,87.45953896457938,0.013455169673661567,12.541183982920275,0.9988815118854266,-5.458529631997357e-72,-2.9788989851555232e-176,1.2018015982552617,1.3567965559320898e-6,0.0,7656.286651022561,23.034087779836103
3131.5463500978485,195.9724884396419,32.50271163089307,-121.47374595422951,392.6690206112555,4.56783774245973,-89.82596494782635,87.45713723313646,0.013452979598380866,12.541194395713712,0.9988823412446693,-4.84128149785861e-72,-2.2068232454838243e-176,1.2021192677461665,1.3564397011001788e-6,0.0,7656.286651836531,23.032573065575694
3131.946350097848,194.14543356187642,32.50271163093505,-121.47374595311425,392.6689035446935,4.567436673306674,-89.8259649825106,87.45553594279846,0.013451519981186058,12.541201336914343,0.9988828940981312,-4.4690660960183156e-72,-1.8067943850192376e-176,1.2023310599937922,1.3562018883353064e-6,0.0,7656.286652379058,23.031563474063407
3132.5463500978476,191.4051520070061,32.50271163099807,-121.47374595144171,392.66872796602877,4.566835232419862,-89.82596503452233,87.45313380482666,0.013449331204566666,12.541211747715348,0.9988837232986806,-3.963706064089597e-72,-1.3385065651905402e-176,1.2026487672429602,1.355845304793908e-6,0.0,7656.28665319267,23.030049413653956
3132.9463500978472,189.57849809061736,32.50271163104009,-121.47374595032694,392.6686109277004,4.566434380346479,-89.82596506918983,87.45153224425776,0.01344787245274944,12.541218687585694,0.9988842760461878,-3.658961866489334e-72,-1.0958766866566346e-176,1.2028605846601355,1.3556076727912396e-6,0.0,7656.286653734963,23.029040257876915
3133.5463500978467,186.83881781250238,32.50271163110319,-121.47374594865516,392.6684353913731,4.5658332649386475,-89.82596512118901,87.44912969942048,0.013445684973602334,12.541229096394865,0.9988851050880913,-3.245208065147606e-72,-8.118456377168471e-177,1.2031783296601355,1.3552513602466172e-6,0.0,7656.286654548222,23.02752685082479
3133.9463500978463,185.01256464142352,32.50271163114525,-121.47374594754088,392.66831838126126,4.565432629757766,-89.82596515584817,87.44752786874673,0.013444227086371892,12.541236034935354,0.9988856577296779,-2.9957046176495487e-72,-6.6468311077064615e-177,1.2033901722417073,1.355013908810696e-6,0.0,7656.286655090275,23.026518130455067
3134.546350097846,182.27348531596363,32.50271163120843,-121.47374594586984,392.66814288724584,4.564831839548049,-89.82596520782225,87.4451249178706,0.013442040903510775,12.541246441751925,0.9988864866128745,-2.6569516547937983e-72,-4.924094932519441e-177,1.2037079549848233,1.354657866969629e-6,0.0,7656.286655903177,23.025005376267615
3134.9463500978454,180.4476326694712,32.50271163125054,-121.47374594475603,392.66802590533325,4.5644314210722685,-89.82596524247514,87.44352281899222,0.01344058388007524,12.54125337896628,0.998887039148837,-2.452675508427027e-72,-4.03150868271159e-177,1.2039198227261965,1.3544205959051824e-6,0.0,7656.286656444992,23.023997090977243
3135.546350097845,177.70915397349745,32.50271163131377,-121.4737459430857,392.66785045360393,4.563830955780659,-89.82596529443458,87.4411194623461,0.013438398992316941,12.541263783791592,0.9988878678734339,-2.1753280388172623e-72,-2.986615900610447e-177,1.2042376432046398,1.3540648244752896e-6,0.0,7656.286657257536,23.022484989164155
3135.9463500978445,175.8837016383186,32.502711631355936,-121.47374594197241,392.66773349987346,4.5634307538236545,-89.82596532907282,87.43951708828352,0.013436942831889022,12.541270719679503,0.9988884203037475,-2.0080808749287406e-72,-2.4452347284610303e-177,1.204449536100384,1.3538277335876066e-6,0.0,7656.286657799115,23.021477138626754
3136.546350097844,173.14582324307412,32.502711631419245,-121.4737459403028,392.66755809040444,4.562830613169197,-89.82596538102182,87.43711332847067,0.013434759238047161,12.541281122514961,0.9988892488698563,-1.781007971269166e-72,-1.8114749329609788e-177,1.204767394307053,1.3534722322761595e-6,0.0,7656.286658611307,23.01996568869503
3136.9463500978436,171.32077100221068,32.50271163146147,-121.47374593918998,392.66744116483886,4.562430627543794,-89.82596541564332,87.43551068788855,0.013433303939836796,12.541288057074949,0.9988898011944034,-1.6440775742245112e-72,-1.4831105047379686e-177,1.204979312352193,1.3532353213701057e-6,0.0,7656.286659152648,23.018958272581603
3137.546350097843,168.58349258825183,32.50271163152483,-121.47374593752114,392.6672657976044,4.561830811247366,-89.82596546757978,87.43310651731443,0.013431121638732255,12.541298457919279,0.9988906296019224,-1.4581660039875817e-72,-1.0987155837733522e-177,1.2052972082789395,1.3528800898855324e-6,0.0,7656.286659964481,23.017447474041948
3137.9463500978427,166.7588402237743,32.50271163156711,-121.4737459364088,392.66714890018665,4.561431041767309,-89.8259655021971,87.4315036033486,0.013429667201952251,12.541305391155023,0.9988911818209961,-1.3460568764013914e-72,-8.995524002918509e-178,1.2055091514686294,1.3526433587669391e-6,0.0,7656.286660505587,23.016440492026796
3138.546350097842,164.02216146234423,32.502711631630554,-121.47374593474069,392.666973575161,4.560831549549033,-89.82596555410848,87.42909903048452,0.013427486192402714,12.541315790012563,0.9988920100702712,-1.193845355823941e-72,-6.664049896915808e-178,1.2058270851084225,1.352288396817734e-6,0.0,7656.286661317067,23.01493034438898
3138.946350097842,162.19790876004845,32.50271163167286,-121.47374593362882,392.6668567058739,4.560431996027878,-89.82596558871326,87.4274958493512,0.013426032616266173,12.54132272192127,0.9988925621836489,-1.1020581649634777e-72,-5.456063579118107e-178,1.2060390534374144,1.3520518452921123e-6,0.0,7656.286661857935,23.01392379614423
3139.5463500978412,159.46182932890952,32.50271163173638,-121.47374593196145,392.6666814230315,4.559832827608513,-89.82596564061626,87.4250908736783,0.013423852897092626,12.541333118790543,0.9988933902745621,-9.774379115442126e-73,-4.0419524110203743e-178,1.2063570247825068,1.3516971525870486e-6,0.0,7656.286662669059,23.012414298917996
3139.946350097841,157.6379760717973,32.502711631778745,-121.47374593085009,392.666564581858,4.559433489860588,-89.8259656752085,87.42348742015908,0.013422400180814795,12.541340049376005,0.9988939422825459,-9.022889153166042e-73,-3.309271340915876e-178,1.2065690182458961,1.3514607804608642e-6,0.0,7656.286663209692,23.011408184119038
3140.5463500978403,154.90249564871192,32.502711631842324,-121.47374592918342,392.6663893411731,4.558834644961518,-89.8259657270906,87.42108203758978,0.013420221750840513,12.541350444257427,0.9988947702151306,-8.002584809357879e-73,-2.451569172751021e-178,1.2068870272885701,1.3511063567093976e-6,0.0,7656.286664020461,23.00989933681583
3140.94635009784,153.0790416225791,32.50271163188473,-121.47374592807257,392.666272528096,4.558435522800699,-89.82596576167238,87.41947831454277,0.013418769893636027,12.541357373516629,0.9988953221174804,-7.38731686389887e-73,-2.007175438666218e-178,1.207099045881155,1.3508701637886232e-6,0.0,7656.286664560856,23.008893655135143
3141.5463500978394,150.34415988065302,32.50271163194839,-121.47374592640662,392.66609732954305,4.557837001143127,-89.82596581354193,87.41707252647603,0.01341659275168347,12.541367766413808,0.9988961498920239,-6.551962316439029e-73,-1.4869525411522294e-178,1.2074170926142749,1.3505160087004866e-6,0.0,7656.286665371272,23.007385457266373
3141.946350097839,148.52110486850142,32.50271163199085,-121.47374592529626,392.6659805445454,4.5574380943839,-89.82596584811535,87.41546853186793,0.013415141752768638,12.541374694349468,0.9988967016889561,-6.048223525886462e-73,-1.2174139943658788e-178,1.207629136331202,1.350279994791906e-6,0.0,7656.28666591143,23.00638020837909
3142.5463500978385,145.78682148829103,32.50271163205457,-121.47374592363104,392.6658053880986,4.556839895689765,-89.82596589996817,87.41306234389978,0.01341296589766402,12.541385085259584,0.9988975293052338,-5.364293065140489e-73,-9.01882714228281e-179,1.2079472207468012,1.3499261080771338e-6,0.0,7656.286666721493,23.004872659456243
3142.946350097838,143.9641652731225,32.50271163209708,-121.47374592252116,392.6656886311633,4.556441204146939,-89.82596593452696,87.4114580829728,0.013411515756256372,12.541392011875185,0.9988980809970257,-4.951866623977434e-73,-7.383992475828359e-179,1.2081592895832391,1.3496902729879028e-6,0.0,7656.2866672614155,23.00386784303827
3143.5463500978376,141.2304799305275,32.502711632160874,-121.47374592085669,392.66551351679726,4.55584332813837,-89.82596598635885,87.4090514866133,0.01340934118682619,12.541402400800616,0.9988989084552269,-4.391911720327753e-73,-5.470197654011734e-179,1.208477411673929,1.3493366543571325e-6,0.0,7656.286668071124,23.002360942574207
3143.9463500978372,139.40822230186313,32.50271163220343,-121.47374591974729,392.66539678790724,4.555444851626727,-89.82596602091347,87.40744695496142,0.01340789190214448,12.541409326090667,0.9988994600414413,-4.054245508075487e-73,-4.478619856139381e-179,1.208689505624314,1.3491009978940507e-6,0.0,7656.286668610811,23.001356558299136
3144.5463500978367,136.67513467278332,32.50271163226729,-121.47374591808355,392.6652217155963,4.5548472980260675,-89.82596607272237,87.40503995902549,0.0134057186172163,12.541419713033482,0.9989002873417311,-3.595793206098279e-73,-3.3178440945683176e-179,1.2090076653827415,1.348747647058241e-6,0.0,7656.286669420167,22.999850305806877
3144.9463500978363,134.8532754117623,32.5027116323099,-121.47374591697462,392.66510501473454,4.554449036360576,-89.82596610726652,87.40343515893306,0.013404270188478836,12.54142663700269,0.9989008388227427,-3.3193354926324385e-73,-2.7164214862713222e-179,1.2092197844425125,1.3485121690289053e-6,0.0,7656.286669959618,22.998846353350896
3145.546350097836,132.12078517582268,32.502711632373845,-121.47374591531162,392.66492998445335,4.553851804890873,-89.82596615906915,87.40102775330095,0.013402098186883293,12.54143702196289,0.998901665965121,-2.943986492528507e-73,-2.012375078949615e-179,1.2095379818609286,1.3481590856995298e-6,0.0,7656.28667076862,22.99734074834445
3145.9463500978354,130.29932407010347,32.502711632416485,-121.47374591420316,392.66481331160287,4.5534537578868814,-89.82596619359867,87.399422682473,0.013400650613310795,12.541443944609124,0.9989022173407603,-2.7176420595899158e-73,-1.6475936623558918e-179,1.2097501260247823,1.3479237859115367e-6,0.0,7656.2866713078365,22.99633722738294
3146.546350097835,127.56743090413511,32.50271163248049,-121.47374591254088,392.6646383233258,4.552856848271163,-89.82596624539296,87.39701487752156,0.013398479893878492,12.541454327588497,0.9989030443253694,-2.4103322887121035e-73,-1.220567737045633e-179,1.210068361095799,1.3475709698003642e-6,0.0,7656.2866721164855,22.99483226937638
3146.9463500978345,125.74636773765087,32.50271163252319,-121.47374591143293,392.6645216784695,4.552459015744341,-89.82596627990365,87.39540953771076,0.013397033174692336,12.54146124891497,0.9989035955958924,-2.225017139859792e-73,-9.993165235787578e-180,1.210280530358895,1.3473358480619253e-6,0.0,7656.286672655467,22.99382917958656
3147.546350097834,123.01507131941617,32.50271163258728,-121.47374590977141,392.664346732171,4.551862427705664,-89.82596633167911,87.39300132727858,0.013394863736254526,12.541471629912872,0.998904422422681,-1.9734131786108637e-73,-7.403120900773181e-180,1.2105988030750514,1.3469832988808206e-6,0.0,7656.286673463762,22.992324868093174
3147.9463500978336,121.19440587889403,32.50271163263002,-121.47374590866391,392.664230115292,4.551464809471523,-89.82596636618771,87.39139571872377,0.01339341787067635,12.541478549917596,0.998904973587929,-1.821689966564947e-73,-6.061163848309477e-180,1.21081099743225,1.3467483549999152e-6,0.0,7656.286674002507,22.991322209150454
3148.546350097833,118.46370588801801,32.50271163269418,-121.4737459070031,392.66405521094663,4.550868542733909,-89.82596641794227,87.38898710774323,0.01339124971206785,12.541488928934967,0.9989058002569723,-1.6156940649854874e-73,-4.490221837595213e-180,1.211129307785903,1.3463960724616087e-6,0.0,7656.286674810452,22.989818543686017
3148.9463500978327,116.64343795832247,32.50271163273697,-121.47374590589612,392.663938622028,4.550471138608486,-89.82596645243622,87.3873812317207,0.013389804699320839,12.54149584762006,0.9989063513171142,-1.491473604779743e-73,-3.676283372608357e-180,1.2113415272322998,1.3461613062468863e-6,0.0,7656.2866753489625,22.988816315267883
3149.546350097832,113.91333407443017,32.502711632801194,-121.47374590423603,392.6637637596105,4.549875192896251,-89.82596650417614,87.38497221776652,0.013387637819377763,12.541506224658033,0.998907177828502,-1.3228184244046165e-73,-2.7234584469248907e-180,1.211659875215845,1.3458092900645008e-6,0.0,7656.286676156554,22.98731329534866
3149.946350097832,112.09346344228834,32.502711632844026,-121.47374590312953,392.6636471986352,4.549478002695821,-89.82596653866803,87.38336607292749,0.013386193658686372,12.541513142023748,0.998907728783558,-1.2211153130240253e-73,-2.2297795891932814e-180,1.2118721197463471,1.3455747013247902e-6,0.0,7656.286676694831,22.98631149713257
3150.5463500978312,109.36395534407347,32.50271163290832,-121.47374590147014,392.66347237812016,4.548882377733406,-89.82596659038283,87.380956653986,0.013384028056245497,12.541523517083807,0.9989085551374088,-1.083032129575861e-73,-1.651861796676601e-180,1.2121905053523245,1.345222951211751e-6,0.0,7656.28667750207,22.984809122274918
3150.946350097831,107.54448179341853,32.50271163295121,-121.47374590036414,392.66335584507124,4.548485401274295,-89.82596662485798,87.37935023840895,0.0133825847468342,12.541530433133062,0.9989091059876113,-9.997646642375333e-74,-1.352430297791581e-180,1.2124027749621868,1.3449885397561942e-6,0.0,7656.286678040113,22.983807753938855
3151.5463500978303,104.81556916050613,32.50271163301557,-121.47374589870547,392.66318106643314,4.547890096785973,-89.82596667656443,87.37694041677577,0.013380420420732382,12.541540806213163,0.9989099321837622,-8.867117149668959e-74,-1.0019052790765422e-180,1.2127211981830626,1.3446370554258438e-6,0.0,7656.286678847,22.982306023657596
3151.94635009783,102.99649248179048,32.5027116330585,-121.47374589759995,392.6630645612939,4.547493333884762,-89.82596671103123,87.37533373833858,0.013378977961827678,12.54154772094144,0.9989104829287512,-8.18538080062814e-74,-8.202908122620178e-181,1.2129334928668034,1.3444028210634732e-6,0.0,7656.286679384808,22.9813050848783
3152.5463500978294,100.26817499287426,32.50271163312293,-121.473745895942,392.66288982450743,4.546898349596061,-89.82596676272514,87.37292351687172,0.013376814910905758,12.54155809204614,0.9989113089675652,-7.259781533604633e-74,-6.076865451220124e-181,1.2132519536951887,1.3440516022304609e-6,0.0,7656.286680191344,22.97980399869264
3152.946350097829,98.44949496909976,32.50271163316591,-121.47374589483695,392.66277334726084,4.546501800069613,-89.825966797171,87.3713165643918,0.013375373301734139,12.541565005458516,0.9989118596077452,-6.701623016691573e-74,-4.97531752860195e-181,1.2134642734482217,1.3438175447711272e-6,0.0,7656.286680728918,22.97880348914955
3153.5463500978285,95.72177230380476,32.50271163323042,-121.47374589317975,392.6625986523007,4.545907135705684,-89.82596684885239,87.368905936976,0.013373211524832415,12.54157537458769,0.9989126854892123,-5.943806428409992e-74,-3.6858068804936967e-181,1.2137827718766543,1.3434665911498331e-6,0.0,7656.2866815351035,22.97730304657635
3153.946350097828,93.90348872262985,32.50271163327344,-121.47374589207521,392.6624822029298,4.545510799371,-89.82596688329409,87.36729872129116,0.013371770764621767,12.541582286683376,0.9989132360245205,-5.486824883504965e-74,-3.0176839896759624e-181,1.21399511669387,1.3432327104032935e-6,0.0,7656.286682072443,22.97630296594771
3154.5463500978276,91.17636056337506,32.502711633338016,-121.47374589041873,392.66230754977073,4.544916454657755,-89.82596693495455,87.36488769538845,0.01336961026058364,12.54159265383633,0.9989140617485853,-4.866377134749183e-74,-2.2355558913299653e-181,1.2143136527146006,1.3428820217087256e-6,0.0,7656.286682878277,22.97480316650535
3154.9463500978272,89.35847321338952,32.50271163338109,-121.47374588931464,392.66219112825877,4.5445203313320945,-89.82596696938788,87.36328020978249,0.013368170348563042,12.541599564613918,0.9989146121789095,-4.492232288695865e-74,-1.830318690052635e-181,1.2145260225908088,1.3426483174849944e-6,0.0,7656.286683415383,22.973803514469715
3155.5463500978267,86.63193923793733,32.50271163344573,-121.47374588765886,392.6620165168754,4.543926305995393,-89.82596702102951,87.36086878269549,0.013366011116231475,12.541609929793761,0.9989154377458198,-3.9842526338706264e-74,-1.355933803724056e-181,1.214844596196662,1.3422978934325396e-6,0.0,7656.286684220867,22.97230435767699
3155.9463500978263,84.81444790493697,32.50271163348886,-121.47374588655529,392.66190012320556,4.543530395496239,-89.8259670554524,87.35926102995387,0.01336457205163052,12.541616839255457,0.9989159880713357,-3.677928740949844e-74,-1.1101449053702016e-181,1.2150569911270213,1.3420643655420944e-6,0.0,7656.28668475774,22.97130513391411
3156.546350097826,82.08850779477507,32.50271163355357,-121.47374588490024,392.66172555357264,4.542936689262305,-89.8259671070773,87.35684919741169,0.013362414089850548,12.541627202461413,0.9989168134810297,-3.2620301737718055e-74,-8.224157969889995e-182,1.2153756023104272,1.341714205847353e-6,0.0,7656.286685562873,22.969806619289557
3156.9463500978254,80.27141226548702,32.50271163359673,-121.47374588379712,392.66160918772795,4.542540991407304,-89.82596714148764,87.35524117773174,0.013360975871899742,12.54163411060825,0.9989173637018196,-3.0112333811286406e-74,-6.733372267995431e-182,1.2155880222900113,1.3414808541008424e-6,0.0,7656.286686099512,22.96880782347912
3157.546350097825,77.54606570210308,32.50271163366153,-121.47374588214282,392.6614346598203,4.541947604003098,-89.8259671931,87.35282894296587,0.013358819179518996,12.541644471842154,0.9989181889544434,-2.6707244325168057e-74,-4.988206218322867e-182,1.215906671043435,1.3411309584801957e-6,0.0,7656.286686904295,22.967309950543434
3157.9463500978245,75.72936576325446,32.50271163370474,-121.47374588104019,392.6613183217841,4.541552118610019,-89.82596722750617,87.35122065551494,0.013357381807449498,12.541651378674842,0.9989187390705637,-2.4653893847007187e-74,-4.0839985735277426e-182,1.2161191160673388,1.340897782688462e-6,0.0,7656.286687440701,22.966311582365172
3158.546350097824,73.00461243093014,32.5027116337696,-121.47374587938658,392.66114383557647,4.540959049762279,-89.82596727909552,87.34880802472108,0.013355226383315792,12.541661737932499,0.9989195641657831,-2.1866042355441393e-74,-3.0255013786958825e-182,1.2164378023829554,1.3405481508580423e-6,0.0,7656.286688245134,22.9648143506368
3158.9463500978236,71.18830787111074,32.50271163381285,-121.47374587828443,392.661027525332,4.540563776649464,-89.82596731349122,87.34719947025735,0.013353789856361004,12.541668643451732,0.9989201141772894,-2.0184901164707594e-74,-2.4770714709855322e-182,1.2166502724460828,1.3403151508323996e-6,0.0,7656.286688781308,22.963816409771685
3159.546350097823,68.46414744667709,32.50271163387779,-121.47374587663155,392.6608530807992,4.539971026085938,-89.82596736506595,87.34478643526884,0.013351635699324441,12.541679000742041,0.9989209391158133,-1.7902401403479437e-74,-1.835060178319638e-182,1.2169689963169719,1.3399657825098425e-6,0.0,7656.286689585392,22.96231981877433
3159.9463500978227,66.64823805447668,32.50271163392108,-121.47374587552986,392.6607367983295,4.539575965071563,-89.82596739944701,87.34317761518892,0.01335020001671756,12.541685904946625,0.9989214890226102,-1.6525999404287744e-74,-1.5024204739303512e-182,1.2171814914142505,1.3397329580615441e-6,0.0,7656.286690121332,22.961322304902282
3160.546350097822,63.924670222215354,32.50271163398608,-121.47374587387773,392.6605623954465,4.538983532519535,-89.8259674510113,87.34076417797807,0.013348047125628426,12.5416962602655,0.9989223138041131,-1.4657246647633367e-74,-1.1130207646793446e-182,1.2175002528326564,1.3393838529637205e-6,0.0,7656.286690925066,22.9598263541552
3160.946350097822,62.109155784361064,32.50271163402944,-121.47374587277652,392.6604461407349,4.538588683422192,-89.82596748537352,87.33915508762392,0.013346612286603877,12.541703163157841,0.9989228636063924,-1.3530343997325944e-74,-9.112644939497935e-183,1.217712772959256,1.3391512039045939e-6,0.0,7656.286691460773,22.958829266957817
3161.5463500978212,59.3861802238971,32.502711634094496,-121.47374587112512,392.66027177947643,4.537996568609581,-89.82596753692526,87.33674125307468,0.01334446066031405,12.541713516508905,0.9989236882311628,-1.2000338638804355e-74,-6.750815244335877e-183,1.2180315719180064,1.338802361749367e-6,0.0,7656.286692264159,22.957333955983348
3161.946350097821,57.57106053084135,32.5027116341379,-121.4737458700244,392.6601555525062,4.537601931248005,-89.82596757128752,87.33513189887347,0.013343026664107534,12.541720418086744,0.9989242379287444,-1.1077708779202537e-74,-5.527101050222166e-183,1.218244117068684,1.3385698878912122e-6,0.0,7656.286692799634,22.956337295141324
3162.5463500978203,54.84867692645639,32.502711634203045,-121.47374586837367,392.65998123284714,4.537010133903255,-89.82596762281415,87.33271766334995,0.013340876301471552,12.541730769469414,0.9989250623967361,-9.825046334280866e-75,-4.094578278266637e-183,1.218562953560093,1.3382213083967332e-6,0.0,7656.28669360267,22.954842623461854
3162.94635009782,53.03395176399499,32.502711634246495,-121.47374586727345,392.6598650336015,4.536615708096241,-89.82596765716384,87.33110803906334,0.013339443147318516,12.541737669735445,0.9989256119898346,-9.069660891184563e-75,-3.3523577646436955e-183,1.2187755237301723,1.337989009551784e-6,0.0,7656.286694137913,22.953846388656967
3163.5463500978194,50.312159799039364,32.50271163431171,-121.47374586562346,392.6596907555169,4.536024227947898,-89.82596770867794,87.3286934049893,0.013337294047191521,12.541748019149464,0.9989264363010272,-8.044067619777083e-75,-2.483488389186738e-183,1.219094397746704,1.3376406924364872e-6,0.0,7656.286694940602,22.952352355794936
3163.946350097819,48.49782895576209,32.50271163435521,-121.47374586452369,392.6595745839792,4.535630013514903,-89.82596774301928,87.32708351290886,0.013335861734330072,12.54175491810576,0.9989269857898078,-7.425610324358466e-75,-2.0333086875108136e-183,1.2193069929312084,1.3374085684174723e-6,0.0,7656.286695475611,22.9513565467103
3164.5463500978185,45.776628313586116,32.502711634420486,-121.47374586287441,392.65940034744386,4.5350388502918815,-89.82596779451875,87.32466847708206,0.013333713895568696,12.541765265551401,0.9989278099442226,-6.58592556920316e-75,-1.5063125333230468e-183,1.2196259044653566,1.3370605134002397e-6,0.0,7656.286696277953,22.949863152188893
3164.946350097818,43.96269158180803,32.50271163446403,-121.47374586177513,392.65928420359734,4.534644847052178,-89.82596782884545,87.32305832430241,0.013332282423237238,12.541772163193555,0.9989283593283343,-6.079575559744815e-75,-1.23326461820711e-183,1.2198385246588965,1.3368285640195683e-6,0.0,7656.286696812729,22.94886776850548
3165.5463500978176,41.242081941105425,32.50271163452937,-121.47374586012656,392.6591100085864,4.534054000483972,-89.82596788032608,87.32064288839236,0.01333013584469955,12.54178250867854,0.9989291833265866,-5.392099824775711e-75,-9.136251483700763e-184,1.2201574737037417,1.3364807708202245e-6,0.0,7656.286697614722,22.947375011850756
3165.9463500978172,39.42853910662234,32.50271163457296,-121.47374585902777,392.65899389241434,4.533660208257063,-89.82596791464023,87.31903246840018,0.013328705212136464,12.5417894050103,0.9989297326063281,-4.977535498382045e-75,-7.480131412724515e-184,1.2203701189017124,1.3362489958910121e-6,0.0,7656.286698149268,22.94638005325178
3166.5463500978167,36.70852015726268,32.50271163463839,-121.47374585737994,392.6588197389028,4.533069678072993,-89.8259679661146,87.31661663422483,0.013326559892682126,12.54179974852644,0.9989305564477654,-4.414677969684986e-75,-5.541419149536015e-184,1.2206891054490572,1.3359014642286328e-6,0.0,7656.286698950914,22.944887933985424
3166.9463500978163,34.89537100866437,32.502711634682015,-121.47374585628161,392.6587036503887,4.532676096678929,-89.82596800041412,87.3150059433653,0.013325130099128108,12.541806643550302,0.9989311056233353,-4.075261405040147e-75,-4.536931095369476e-184,1.2209017756465539,1.3356698635643855e-6,0.0,7656.2866994852275,22.943893400155005
3167.546350097816,32.175942429341376,32.502711634747506,-121.47374585463449,392.6585295383513,4.5320858826087616,-89.82596805187384,87.31258971078482,0.013322986037616835,12.54181698510395,0.9989319293084639,-3.6144326346615125e-75,-3.36104213479969e-184,1.2212207996895486,1.3353225931592897e-6,0.0,7656.286700286525,22.94240191780287
3167.9463500978154,30.36318675801158,32.50271163479119,-121.47374585353666,392.6584134774784,4.5316925118673375,-89.82596808616081,87.31097875531577,0.013321557082312528,12.541823878816631,0.9989324783796006,-3.336541853856826e-75,-2.751789056688937e-184,1.2214334948813588,1.335091166573189e-6,0.0,7656.2867008206085,22.94140780842296
3168.546350097815,27.644348235800862,32.50271163485675,-121.47374585189024,392.65823940689035,4.531102613641359,-89.82596813759545,87.30856212310792,0.013319414277607243,12.541834218405462,0.9989333019082356,-2.959247165980346e-75,-2.0385760266564078e-184,1.2217525564122045,1.33474415714574e-6,0.0,7656.28670162156,22.93991696250992
3168.9463500978145,25.831985828466713,32.50271163490048,-121.47374585079288,392.65812337364207,4.530709453373002,-89.82596817188661,87.3069508987163,0.013317986159794735,12.541841110811902,0.9989338508753325,-2.7317294367350356e-75,-1.6690451878895722e-184,1.221965276593691,1.334512904451914e-6,0.0,7656.286702155411,22.938923277265758
3169.546350097814,23.11373704764992,32.50271163496609,-121.47374584914719,392.6579493444785,4.530119870721699,-89.82596822330453,87.30453387134096,0.013315844610758954,12.541851448436672,0.9989346742475337,-2.4228266714349228e-75,-1.2364594223410123e-184,1.2222843756049544,1.3341661557229583e-6,0.0,7656.286702956017,22.93743306731761
3169.9463500978136,21.301767696626484,32.50271163500987,-121.47374584805027,392.65783333883815,4.529726920746713,-89.82596825758314,87.30292238363796,0.013314417329681083,12.54185833953336,0.9989352231103114,-2.2365509088095884e-75,-1.012327537405508e-184,1.2224971207708408,1.333935076735147e-6,0.0,7656.286703489636,22.936439805891993
3170.546350097813,18.584108338691294,32.50271163507557,-121.4737458464053,392.6576593510741,4.529137653400908,-89.82596830898014,87.300504956687,0.01331227703517931,12.541868675198584,0.9989360463264384,-1.9836427140318876e-75,-7.499508888090867e-185,1.2228162572554486,1.3335885884261308e-6,0.0,7656.286704289892,22.934950231435952
3170.9463500978127,16.772531831637025,32.50271163511939,-121.4737458453089,392.6575433730251,4.528744913539868,-89.8259683432504,87.2988932049058,0.013310850590079299,12.54187556498826,0.9989365950851152,-1.8311330179446978e-75,-6.140079672050819e-185,1.2230290274010356,1.3333576829587e-6,0.0,7656.286704823281,22.933957393513595
3171.546350097812,14.055461585521698,32.50271163518516,-121.47374584366462,392.6573694266356,4.528155961230918,-89.82596839464112,87.29647537513682,0.013308711548979144,12.54188589869106,0.9989374181449387,-1.6240693002613266e-75,-4.5486841336101965e-185,1.2233482013510792,1.3330114547911923e-6,0.0,7656.286705623192,22.932468454076233
3171.946350097812,12.244277713820338,32.50271163522903,-121.47374584256868,392.6572534761615,4.527763431304808,-89.82596842889255,87.2948633562924,0.013307285939102256,12.541892787173248,0.9989379667994767,-1.4992049213813464e-75,-3.724148260922984e-185,1.2235609964712506,1.332780722658712e-6,0.0,7656.286706156351,22.931476039341955
3172.5463500978112,9.527796261012554,32.502711635294865,-121.47374584092515,392.65707957112176,4.52717479376374,-89.82596848026446,87.29244513061873,0.013305148150269662,12.541903118916442,0.9989387897032214,-1.3296754871194582e-75,-2.7589176379553953e-185,1.2238802078797286,1.332434754354591e-6,0.0,7656.286706955916,22.92998773445003
3172.946350097811,7.7170048132538795,32.502711635338784,-121.47374583982969,392.65696364820576,4.526782473593507,-89.82596851450124,87.2908328468894,0.01330372337486091,12.541910006092884,0.9989393382537589,-1.2274451797154633e-75,-2.2588111246288226e-185,1.2240930279697193,1.3322041953718608e-6,0.0,7656.286707488844,22.92899574258887
3173.5463500978103,5.001111842691898,32.50271163540469,-121.47374583818684,392.65678978449097,4.526194150552509,-89.82596856586689,87.28841422311757,0.013301586837166772,12.541920335875337,0.9989401610013343,-1.088646217721052e-75,-1.67336889294623e-185,1.224412276828791,1.331858486653679e-6,0.0,7656.286708288063,22.92750807177088
3173.94635009781,3.1907126111909747,32.50271163544864,-121.47374583709187,392.6566738891167,4.525802039959556,-89.82596860009741,87.28680167641112,0.013300162895473342,12.541927221744864,0.9989407094477787,-1.0049471207835593e-75,-1.3700388221070455e-185,1.2246251218834225,1.3316281006357443e-6,0.0,7656.28670882076,22.92651650246816
3174.5463500978094,0.47540780529379845,32.50271163551461,-121.47374583544973,392.656500066702,4.525214031150384,-89.82596865143378,87.28438265436444,0.013298027607786719,12.541937549569505,0.998941532039418,-8.913081416021309e-76,-1.0149499982736936e-185,1.2249444081860517,1.3312826512262153e-6,0.0,7656.286709619632,22.92502946525214
3174.6514099122624,-4.931353032588959e-6,32.50271163552617,-121.47374583516223,392.65646963298684,4.525111089488092,-89.82596866042857,87.28395903870441,0.013297653794079845,12.541939352923473,0.9989416756731404,-8.727753945832458e-76,-9.630108934555775e-186,1.2250003174297672,1.331222178353344e-6,0.0,7656.2867097594935,22.924769121213444
